Conversion Type,Average Deaths,Average Critical Injuries,Average Major Injuries,AverageMinorInjuries
"New Religion: Faith of the Seven, Current Religion: Old Gods, Population: 1000, Control: 85, Own Province: True",0.01,0.03,0.04,0.05
"New Religion: Faith of the Seven, Current Religion: Old Gods, Population: 1000, Control: 85, Own Province: False",0.01,0.03,0.04,0.06
"New Religion: Faith of the Seven, Current Religion: Old Gods, Population: 1000, Control: 90, Own Province: True",0.01,0.01,0.02,0.03
"New Religion: Faith of the Seven, Current Religion: Old Gods, Population: 1000, Control: 90, Own Province: False",0.02,0.05,0.07,0.1
"New Religion: Faith of the Seven, Current Religion: Old Gods, Population: 1000, Control: 95, Own Province: True",0.0,0.0,0.0,0.0
"New Religion: Faith of the Seven, Current Religion: Old Gods, Population: 1000, Control: 95, Own Province: False",0.04,0.07,0.11,0.14
"New Religion: Faith of the Seven, Current Religion: Old Gods, Population: 1000, Control: 100, Own Province: True",0.0,0.0,0.0,0.0
"New Religion: Faith of the Seven, Current Religion: Old Gods, Population: 1000, Control: 100, Own Province: False",0.05,0.09,0.14,0.2
"New Religion: Faith of the Seven, Current Religion: Old Gods, Population: 50000, Control: 85, Own Province: True",0.02,0.05,0.07,0.1
"New Religion: Faith of the Seven, Current Religion: Old Gods, Population: 50000, Control: 85, Own Province: False",0.02,0.05,0.07,0.1
"New Religion: Faith of the Seven, Current Religion: Old Gods, Population: 50000, Control: 90, Own Province: True",0.01,0.03,0.04,0.06
"New Religion: Faith of the Seven, Current Religion: Old Gods, Population: 50000, Control: 90, Own Province: False",0.04,0.07,0.11,0.14
"New Religion: Faith of the Seven, Current Religion: Old Gods, Population: 50000, Control: 95, Own Province: True",0.01,0.01,0.02,0.03
"New Religion: Faith of the Seven, Current Religion: Old Gods, Population: 50000, Control: 95, Own Province: False",0.05,0.1,0.14,0.19
"New Religion: Faith of the Seven, Current Religion: Old Gods, Population: 50000, Control: 100, Own Province: True",0.0,0.0,0.0,0.0
"New Religion: Faith of the Seven, Current Religion: Old Gods, Population: 50000, Control: 100, Own Province: False",0.06,0.11,0.18,0.24
"New Religion: Faith of the Seven, Current Religion: Old Gods, Population: 100000, Control: 85, Own Province: True",0.03,0.07,0.11,0.14
"New Religion: Faith of the Seven, Current Religion: Old Gods, Population: 100000, Control: 85, Own Province: False",0.03,0.07,0.11,0.14
"New Religion: Faith of the Seven, Current Religion: Old Gods, Population: 100000, Control: 90, Own Province: True",0.02,0.05,0.07,0.1
"New Religion: Faith of the Seven, Current Religion: Old Gods, Population: 100000, Control: 90, Own Province: False",0.05,0.1,0.15,0.19
"New Religion: Faith of the Seven, Current Religion: Old Gods, Population: 100000, Control: 95, Own Province: True",0.01,0.03,0.04,0.06
"New Religion: Faith of the Seven, Current Religion: Old Gods, Population: 100000, Control: 95, Own Province: False",0.06,0.12,0.19,0.25
"New Religion: Faith of the Seven, Current Religion: Old Gods, Population: 100000, Control: 100, Own Province: True",0.01,0.01,0.02,0.02
"New Religion: Faith of the Seven, Current Religion: Old Gods, Population: 100000, Control: 100, Own Province: False",0.07,0.15,0.22,0.3
"New Religion: Faith of the Seven, Current Religion: Old Gods, Population: 150000, Control: 85, Own Province: True",0.05,0.1,0.14,0.2
"New Religion: Faith of the Seven, Current Religion: Old Gods, Population: 150000, Control: 85, Own Province: False",0.05,0.1,0.14,0.19
"New Religion: Faith of the Seven, Current Religion: Old Gods, Population: 150000, Control: 90, Own Province: True",0.03,0.07,0.1,0.14
"New Religion: Faith of the Seven, Current Religion: Old Gods, Population: 150000, Control: 90, Own Province: False",0.06,0.12,0.19,0.24
"New Religion: Faith of the Seven, Current Religion: Old Gods, Population: 150000, Control: 95, Own Province: True",0.03,0.05,0.07,0.1
"New Religion: Faith of the Seven, Current Religion: Old Gods, Population: 150000, Control: 95, Own Province: False",0.08,0.15,0.22,0.3
"New Religion: Faith of the Seven, Current Religion: Old Gods, Population: 150000, Control: 100, Own Province: True",0.01,0.03,0.04,0.06
"New Religion: Faith of the Seven, Current Religion: Old Gods, Population: 150000, Control: 100, Own Province: False",0.07,0.14,0.23,0.29
"New Religion: Faith of the Seven, Current Religion: Old Gods, Population: 200000, Control: 85, Own Province: True",0.06,0.13,0.18,0.25
"New Religion: Faith of the Seven, Current Religion: Old Gods, Population: 200000, Control: 85, Own Province: False",0.06,0.12,0.18,0.24
"New Religion: Faith of the Seven, Current Religion: Old Gods, Population: 200000, Control: 90, Own Province: True",0.05,0.09,0.15,0.19
"New Religion: Faith of the Seven, Current Religion: Old Gods, Population: 200000, Control: 90, Own Province: False",0.07,0.14,0.23,0.29
"New Religion: Faith of the Seven, Current Religion: Old Gods, Population: 200000, Control: 95, Own Province: True",0.04,0.07,0.11,0.13
"New Religion: Faith of the Seven, Current Religion: Old Gods, Population: 200000, Control: 95, Own Province: False",0.07,0.15,0.22,0.3
"New Religion: Faith of the Seven, Current Religion: Old Gods, Population: 200000, Control: 100, Own Province: True",0.02,0.05,0.07,0.1
"New Religion: Faith of the Seven, Current Religion: Old Gods, Population: 200000, Control: 100, Own Province: False",0.07,0.15,0.22,0.3
"New Religion: Faith of the Seven, Current Religion: Old Gods, Population: 250000, Control: 85, Own Province: True",0.08,0.15,0.22,0.29
"New Religion: Faith of the Seven, Current Religion: Old Gods, Population: 250000, Control: 85, Own Province: False",0.07,0.15,0.22,0.3
"New Religion: Faith of the Seven, Current Religion: Old Gods, Population: 250000, Control: 90, Own Province: True",0.06,0.13,0.18,0.24
"New Religion: Faith of the Seven, Current Religion: Old Gods, Population: 250000, Control: 90, Own Province: False",0.08,0.15,0.22,0.3
"New Religion: Faith of the Seven, Current Religion: Old Gods, Population: 250000, Control: 95, Own Province: True",0.05,0.1,0.15,0.19
"New Religion: Faith of the Seven, Current Religion: Old Gods, Population: 250000, Control: 95, Own Province: False",0.07,0.15,0.22,0.3
"New Religion: Faith of the Seven, Current Religion: Old Gods, Population: 250000, Control: 100, Own Province: True",0.03,0.07,0.11,0.14
"New Religion: Faith of the Seven, Current Religion: Old Gods, Population: 250000, Control: 100, Own Province: False",0.07,0.15,0.22,0.3
"New Religion: Faith of the Seven, Current Religion: Old Gods, Population: 300000, Control: 85, Own Province: True",0.08,0.15,0.22,0.3
"New Religion: Faith of the Seven, Current Religion: Old Gods, Population: 300000, Control: 85, Own Province: False",0.07,0.15,0.22,0.3
"New Religion: Faith of the Seven, Current Religion: Old Gods, Population: 300000, Control: 90, Own Province: True",0.08,0.15,0.22,0.3
"New Religion: Faith of the Seven, Current Religion: Old Gods, Population: 300000, Control: 90, Own Province: False",0.07,0.14,0.23,0.3
"New Religion: Faith of the Seven, Current Religion: Old Gods, Population: 300000, Control: 95, Own Province: True",0.06,0.13,0.18,0.25
"New Religion: Faith of the Seven, Current Religion: Old Gods, Population: 300000, Control: 95, Own Province: False",0.07,0.15,0.23,0.29
"New Religion: Faith of the Seven, Current Religion: Old Gods, Population: 300000, Control: 100, Own Province: True",0.05,0.1,0.14,0.2
"New Religion: Faith of the Seven, Current Religion: Old Gods, Population: 300000, Control: 100, Own Province: False",0.08,0.14,0.23,0.3
"New Religion: Faith of the Seven, Current Religion: Skagosi Old Gods, Population: 1000, Control: 85, Own Province: True",0.02,0.05,0.07,0.09
"New Religion: Faith of the Seven, Current Religion: Skagosi Old Gods, Population: 1000, Control: 85, Own Province: False",0.02,0.05,0.07,0.1
"New Religion: Faith of the Seven, Current Religion: Skagosi Old Gods, Population: 1000, Control: 90, Own Province: True",0.01,0.03,0.04,0.06
"New Religion: Faith of the Seven, Current Religion: Skagosi Old Gods, Population: 1000, Control: 90, Own Province: False",0.04,0.07,0.11,0.14
"New Religion: Faith of the Seven, Current Religion: Skagosi Old Gods, Population: 1000, Control: 95, Own Province: True",0.01,0.01,0.02,0.02
"New Religion: Faith of the Seven, Current Religion: Skagosi Old Gods, Population: 1000, Control: 95, Own Province: False",0.05,0.09,0.14,0.19
"New Religion: Faith of the Seven, Current Religion: Skagosi Old Gods, Population: 1000, Control: 100, Own Province: True",0.0,0.0,0.0,0.0
"New Religion: Faith of the Seven, Current Religion: Skagosi Old Gods, Population: 1000, Control: 100, Own Province: False",0.06,0.12,0.19,0.24
"New Religion: Faith of the Seven, Current Religion: Skagosi Old Gods, Population: 50000, Control: 85, Own Province: True",0.04,0.07,0.11,0.14
"New Religion: Faith of the Seven, Current Religion: Skagosi Old Gods, Population: 50000, Control: 85, Own Province: False",0.03,0.07,0.1,0.14
"New Religion: Faith of the Seven, Current Religion: Skagosi Old Gods, Population: 50000, Control: 90, Own Province: True",0.02,0.05,0.07,0.1
"New Religion: Faith of the Seven, Current Religion: Skagosi Old Gods, Population: 50000, Control: 90, Own Province: False",0.05,0.1,0.14,0.19
"New Religion: Faith of the Seven, Current Religion: Skagosi Old Gods, Population: 50000, Control: 95, Own Province: True",0.02,0.03,0.04,0.05
"New Religion: Faith of the Seven, Current Religion: Skagosi Old Gods, Population: 50000, Control: 95, Own Province: False",0.06,0.12,0.19,0.25
"New Religion: Faith of the Seven, Current Religion: Skagosi Old Gods, Population: 50000, Control: 100, Own Province: True",0.01,0.01,0.02,0.02
"New Religion: Faith of the Seven, Current Religion: Skagosi Old Gods, Population: 50000, Control: 100, Own Province: False",0.08,0.15,0.22,0.3
"New Religion: Faith of the Seven, Current Religion: Skagosi Old Gods, Population: 100000, Control: 85, Own Province: True",0.05,0.1,0.14,0.2
"New Religion: Faith of the Seven, Current Religion: Skagosi Old Gods, Population: 100000, Control: 85, Own Province: False",0.05,0.09,0.14,0.19
"New Religion: Faith of the Seven, Current Religion: Skagosi Old Gods, Population: 100000, Control: 90, Own Province: True",0.03,0.07,0.11,0.14
"New Religion: Faith of the Seven, Current Religion: Skagosi Old Gods, Population: 100000, Control: 90, Own Province: False",0.06,0.12,0.19,0.24
"New Religion: Faith of the Seven, Current Religion: Skagosi Old Gods, Population: 100000, Control: 95, Own Province: True",0.03,0.05,0.07,0.1
"New Religion: Faith of the Seven, Current Religion: Skagosi Old Gods, Population: 100000, Control: 95, Own Province: False",0.08,0.15,0.22,0.29
"New Religion: Faith of the Seven, Current Religion: Skagosi Old Gods, Population: 100000, Control: 100, Own Province: True",0.01,0.03,0.04,0.06
"New Religion: Faith of the Seven, Current Religion: Skagosi Old Gods, Population: 100000, Control: 100, Own Province: False",0.07,0.15,0.22,0.3
"New Religion: Faith of the Seven, Current Religion: Skagosi Old Gods, Population: 150000, Control: 85, Own Province: True",0.06,0.12,0.19,0.24
"New Religion: Faith of the Seven, Current Religion: Skagosi Old Gods, Population: 150000, Control: 85, Own Province: False",0.06,0.12,0.18,0.25
"New Religion: Faith of the Seven, Current Religion: Skagosi Old Gods, Population: 150000, Control: 90, Own Province: True",0.05,0.09,0.14,0.19
"New Religion: Faith of the Seven, Current Religion: Skagosi Old Gods, Population: 150000, Control: 90, Own Province: False",0.07,0.14,0.23,0.3
"New Religion: Faith of the Seven, Current Religion: Skagosi Old Gods, Population: 150000, Control: 95, Own Province: True",0.04,0.07,0.11,0.15
"New Religion: Faith of the Seven, Current Religion: Skagosi Old Gods, Population: 150000, Control: 95, Own Province: False",0.07,0.15,0.22,0.3
"New Religion: Faith of the Seven, Current Religion: Skagosi Old Gods, Population: 150000, Control: 100, Own Province: True",0.03,0.04,0.07,0.09
"New Religion: Faith of the Seven, Current Religion: Skagosi Old Gods, Population: 150000, Control: 100, Own Province: False",0.07,0.15,0.22,0.29
"New Religion: Faith of the Seven, Current Religion: Skagosi Old Gods, Population: 200000, Control: 85, Own Province: True",0.07,0.15,0.23,0.3
"New Religion: Faith of the Seven, Current Religion: Skagosi Old Gods, Population: 200000, Control: 85, Own Province: False",0.08,0.15,0.23,0.29
"New Religion: Faith of the Seven, Current Religion: Skagosi Old Gods, Population: 200000, Control: 90, Own Province: True",0.06,0.12,0.18,0.25
"New Religion: Faith of the Seven, Current Religion: Skagosi Old Gods, Population: 200000, Control: 90, Own Province: False",0.08,0.15,0.22,0.29
"New Religion: Faith of the Seven, Current Religion: Skagosi Old Gods, Population: 200000, Control: 95, Own Province: True",0.05,0.09,0.14,0.19
"New Religion: Faith of the Seven, Current Religion: Skagosi Old Gods, Population: 200000, Control: 95, Own Province: False",0.07,0.15,0.22,0.3
"New Religion: Faith of the Seven, Current Religion: Skagosi Old Gods, Population: 200000, Control: 100, Own Province: True",0.03,0.07,0.11,0.13
"New Religion: Faith of the Seven, Current Religion: Skagosi Old Gods, Population: 200000, Control: 100, Own Province: False",0.07,0.15,0.22,0.29
"New Religion: Faith of the Seven, Current Religion: Skagosi Old Gods, Population: 250000, Control: 85, Own Province: True",0.07,0.15,0.23,0.3
"New Religion: Faith of the Seven, Current Religion: Skagosi Old Gods, Population: 250000, Control: 85, Own Province: False",0.08,0.15,0.22,0.3
"New Religion: Faith of the Seven, Current Religion: Skagosi Old Gods, Population: 250000, Control: 90, Own Province: True",0.07,0.15,0.22,0.3
"New Religion: Faith of the Seven, Current Religion: Skagosi Old Gods, Population: 250000, Control: 90, Own Province: False",0.07,0.15,0.22,0.29
"New Religion: Faith of the Seven, Current Religion: Skagosi Old Gods, Population: 250000, Control: 95, Own Province: True",0.06,0.12,0.18,0.25
"New Religion: Faith of the Seven, Current Religion: Skagosi Old Gods, Population: 250000, Control: 95, Own Province: False",0.07,0.14,0.22,0.3
"New Religion: Faith of the Seven, Current Religion: Skagosi Old Gods, Population: 250000, Control: 100, Own Province: True",0.04,0.1,0.14,0.19
"New Religion: Faith of the Seven, Current Religion: Skagosi Old Gods, Population: 250000, Control: 100, Own Province: False",0.08,0.14,0.22,0.3
"New Religion: Faith of the Seven, Current Religion: Skagosi Old Gods, Population: 300000, Control: 85, Own Province: True",0.08,0.15,0.22,0.3
"New Religion: Faith of the Seven, Current Religion: Skagosi Old Gods, Population: 300000, Control: 85, Own Province: False",0.08,0.14,0.22,0.29
"New Religion: Faith of the Seven, Current Religion: Skagosi Old Gods, Population: 300000, Control: 90, Own Province: True",0.07,0.15,0.22,0.3
"New Religion: Faith of the Seven, Current Religion: Skagosi Old Gods, Population: 300000, Control: 90, Own Province: False",0.08,0.15,0.22,0.3
"New Religion: Faith of the Seven, Current Religion: Skagosi Old Gods, Population: 300000, Control: 95, Own Province: True",0.07,0.15,0.22,0.29
"New Religion: Faith of the Seven, Current Religion: Skagosi Old Gods, Population: 300000, Control: 95, Own Province: False",0.07,0.16,0.22,0.31
"New Religion: Faith of the Seven, Current Religion: Skagosi Old Gods, Population: 300000, Control: 100, Own Province: True",0.06,0.13,0.19,0.24
"New Religion: Faith of the Seven, Current Religion: Skagosi Old Gods, Population: 300000, Control: 100, Own Province: False",0.07,0.15,0.23,0.3
"New Religion: Faith of the Seven, Current Religion: DrownedGod, Population: 1000, Control: 85, Own Province: True",0.04,0.07,0.1,0.14
"New Religion: Faith of the Seven, Current Religion: DrownedGod, Population: 1000, Control: 85, Own Province: False",0.03,0.07,0.1,0.15
"New Religion: Faith of the Seven, Current Religion: DrownedGod, Population: 1000, Control: 90, Own Province: True",0.02,0.05,0.07,0.1
"New Religion: Faith of the Seven, Current Religion: DrownedGod, Population: 1000, Control: 90, Own Province: False",0.05,0.09,0.14,0.2
"New Religion: Faith of the Seven, Current Religion: DrownedGod, Population: 1000, Control: 95, Own Province: True",0.01,0.03,0.04,0.06
"New Religion: Faith of the Seven, Current Religion: DrownedGod, Population: 1000, Control: 95, Own Province: False",0.06,0.12,0.18,0.25
"New Religion: Faith of the Seven, Current Religion: DrownedGod, Population: 1000, Control: 100, Own Province: True",0.0,0.01,0.02,0.02
"New Religion: Faith of the Seven, Current Religion: DrownedGod, Population: 1000, Control: 100, Own Province: False",0.08,0.15,0.22,0.3
"New Religion: Faith of the Seven, Current Religion: DrownedGod, Population: 50000, Control: 85, Own Province: True",0.05,0.09,0.14,0.2
"New Religion: Faith of the Seven, Current Religion: DrownedGod, Population: 50000, Control: 85, Own Province: False",0.05,0.1,0.14,0.19
"New Religion: Faith of the Seven, Current Religion: DrownedGod, Population: 50000, Control: 90, Own Province: True",0.04,0.07,0.1,0.14
"New Religion: Faith of the Seven, Current Religion: DrownedGod, Population: 50000, Control: 90, Own Province: False",0.06,0.12,0.18,0.24
"New Religion: Faith of the Seven, Current Religion: DrownedGod, Population: 50000, Control: 95, Own Province: True",0.03,0.05,0.08,0.1
"New Religion: Faith of the Seven, Current Religion: DrownedGod, Population: 50000, Control: 95, Own Province: False",0.07,0.15,0.22,0.3
"New Religion: Faith of the Seven, Current Religion: DrownedGod, Population: 50000, Control: 100, Own Province: True",0.01,0.03,0.04,0.05
"New Religion: Faith of the Seven, Current Religion: DrownedGod, Population: 50000, Control: 100, Own Province: False",0.07,0.15,0.22,0.3
"New Religion: Faith of the Seven, Current Religion: DrownedGod, Population: 100000, Control: 85, Own Province: True",0.06,0.12,0.18,0.25
"New Religion: Faith of the Seven, Current Religion: DrownedGod, Population: 100000, Control: 85, Own Province: False",0.06,0.12,0.19,0.24
"New Religion: Faith of the Seven, Current Religion: DrownedGod, Population: 100000, Control: 90, Own Province: True",0.05,0.09,0.15,0.2
"New Religion: Faith of the Seven, Current Religion: DrownedGod, Population: 100000, Control: 90, Own Province: False",0.07,0.15,0.22,0.3
"New Religion: Faith of the Seven, Current Religion: DrownedGod, Population: 100000, Control: 95, Own Province: True",0.04,0.07,0.1,0.14
"New Religion: Faith of the Seven, Current Religion: DrownedGod, Population: 100000, Control: 95, Own Province: False",0.08,0.15,0.22,0.3
"New Religion: Faith of the Seven, Current Religion: DrownedGod, Population: 100000, Control: 100, Own Province: True",0.02,0.05,0.07,0.1
"New Religion: Faith of the Seven, Current Religion: DrownedGod, Population: 100000, Control: 100, Own Province: False",0.07,0.14,0.22,0.3
"New Religion: Faith of the Seven, Current Religion: DrownedGod, Population: 150000, Control: 85, Own Province: True",0.07,0.15,0.23,0.3
"New Religion: Faith of the Seven, Current Religion: DrownedGod, Population: 150000, Control: 85, Own Province: False",0.07,0.15,0.21,0.3
"New Religion: Faith of the Seven, Current Religion: DrownedGod, Population: 150000, Control: 90, Own Province: True",0.06,0.12,0.19,0.24
"New Religion: Faith of the Seven, Current Religion: DrownedGod, Population: 150000, Control: 90, Own Province: False",0.08,0.15,0.22,0.3
"New Religion: Faith of the Seven, Current Religion: DrownedGod, Population: 150000, Control: 95, Own Province: True",0.05,0.1,0.15,0.19
"New Religion: Faith of the Seven, Current Religion: DrownedGod, Population: 150000, Control: 95, Own Province: False",0.07,0.15,0.22,0.3
"New Religion: Faith of the Seven, Current Religion: DrownedGod, Population: 150000, Control: 100, Own Province: True",0.03,0.07,0.1,0.14
"New Religion: Faith of the Seven, Current Religion: DrownedGod, Population: 150000, Control: 100, Own Province: False",0.08,0.15,0.22,0.3
"New Religion: Faith of the Seven, Current Religion: DrownedGod, Population: 200000, Control: 85, Own Province: True",0.08,0.15,0.23,0.29
"New Religion: Faith of the Seven, Current Religion: DrownedGod, Population: 200000, Control: 85, Own Province: False",0.08,0.15,0.22,0.29
"New Religion: Faith of the Seven, Current Religion: DrownedGod, Population: 200000, Control: 90, Own Province: True",0.08,0.15,0.22,0.3
"New Religion: Faith of the Seven, Current Religion: DrownedGod, Population: 200000, Control: 90, Own Province: False",0.08,0.15,0.22,0.3
"New Religion: Faith of the Seven, Current Religion: DrownedGod, Population: 200000, Control: 95, Own Province: True",0.07,0.12,0.19,0.25
"New Religion: Faith of the Seven, Current Religion: DrownedGod, Population: 200000, Control: 95, Own Province: False",0.07,0.15,0.22,0.29
"New Religion: Faith of the Seven, Current Religion: DrownedGod, Population: 200000, Control: 100, Own Province: True",0.05,0.09,0.14,0.19
"New Religion: Faith of the Seven, Current Religion: DrownedGod, Population: 200000, Control: 100, Own Province: False",0.08,0.16,0.22,0.29
"New Religion: Faith of the Seven, Current Religion: DrownedGod, Population: 250000, Control: 85, Own Province: True",0.07,0.15,0.23,0.3
"New Religion: Faith of the Seven, Current Religion: DrownedGod, Population: 250000, Control: 85, Own Province: False",0.07,0.15,0.22,0.3
"New Religion: Faith of the Seven, Current Religion: DrownedGod, Population: 250000, Control: 90, Own Province: True",0.07,0.15,0.23,0.29
"New Religion: Faith of the Seven, Current Religion: DrownedGod, Population: 250000, Control: 90, Own Province: False",0.08,0.15,0.23,0.29
"New Religion: Faith of the Seven, Current Religion: DrownedGod, Population: 250000, Control: 95, Own Province: True",0.07,0.15,0.22,0.29
"New Religion: Faith of the Seven, Current Religion: DrownedGod, Population: 250000, Control: 95, Own Province: False",0.08,0.15,0.22,0.3
"New Religion: Faith of the Seven, Current Religion: DrownedGod, Population: 250000, Control: 100, Own Province: True",0.06,0.12,0.19,0.25
"New Religion: Faith of the Seven, Current Religion: DrownedGod, Population: 250000, Control: 100, Own Province: False",0.08,0.14,0.22,0.29
"New Religion: Faith of the Seven, Current Religion: DrownedGod, Population: 300000, Control: 85, Own Province: True",0.08,0.15,0.22,0.3
"New Religion: Faith of the Seven, Current Religion: DrownedGod, Population: 300000, Control: 85, Own Province: False",0.08,0.15,0.21,0.3
"New Religion: Faith of the Seven, Current Religion: DrownedGod, Population: 300000, Control: 90, Own Province: True",0.07,0.15,0.22,0.3
"New Religion: Faith of the Seven, Current Religion: DrownedGod, Population: 300000, Control: 90, Own Province: False",0.07,0.14,0.23,0.3
"New Religion: Faith of the Seven, Current Religion: DrownedGod, Population: 300000, Control: 95, Own Province: True",0.07,0.16,0.21,0.29
"New Religion: Faith of the Seven, Current Religion: DrownedGod, Population: 300000, Control: 95, Own Province: False",0.07,0.14,0.22,0.3
"New Religion: Faith of the Seven, Current Religion: DrownedGod, Population: 300000, Control: 100, Own Province: True",0.08,0.15,0.22,0.29
"New Religion: Faith of the Seven, Current Religion: DrownedGod, Population: 300000, Control: 100, Own Province: False",0.08,0.15,0.22,0.3
"New Religion: Faith of the Seven, Current Religion: DrownedGodII, Population: 1000, Control: 85, Own Province: True",0.03,0.05,0.08,0.1
"New Religion: Faith of the Seven, Current Religion: DrownedGodII, Population: 1000, Control: 85, Own Province: False",0.02,0.05,0.07,0.09
"New Religion: Faith of the Seven, Current Religion: DrownedGodII, Population: 1000, Control: 90, Own Province: True",0.01,0.03,0.04,0.06
"New Religion: Faith of the Seven, Current Religion: DrownedGodII, Population: 1000, Control: 90, Own Province: False",0.04,0.07,0.09,0.15
"New Religion: Faith of the Seven, Current Religion: DrownedGodII, Population: 1000, Control: 95, Own Province: True",0.01,0.01,0.02,0.02
"New Religion: Faith of the Seven, Current Religion: DrownedGodII, Population: 1000, Control: 95, Own Province: False",0.05,0.1,0.15,0.19
"New Religion: Faith of the Seven, Current Religion: DrownedGodII, Population: 1000, Control: 100, Own Province: True",0.0,0.0,0.0,0.0
"New Religion: Faith of the Seven, Current Religion: DrownedGodII, Population: 1000, Control: 100, Own Province: False",0.06,0.12,0.18,0.25
"New Religion: Faith of the Seven, Current Religion: DrownedGodII, Population: 50000, Control: 85, Own Province: True",0.04,0.07,0.11,0.14
"New Religion: Faith of the Seven, Current Religion: DrownedGodII, Population: 50000, Control: 85, Own Province: False",0.04,0.07,0.1,0.14
"New Religion: Faith of the Seven, Current Religion: DrownedGodII, Population: 50000, Control: 90, Own Province: True",0.03,0.05,0.07,0.1
"New Religion: Faith of the Seven, Current Religion: DrownedGodII, Population: 50000, Control: 90, Own Province: False",0.05,0.1,0.14,0.19
"New Religion: Faith of the Seven, Current Religion: DrownedGodII, Population: 50000, Control: 95, Own Province: True",0.01,0.03,0.04,0.05
"New Religion: Faith of the Seven, Current Religion: DrownedGodII, Population: 50000, Control: 95, Own Province: False",0.07,0.12,0.18,0.25
"New Religion: Faith of the Seven, Current Religion: DrownedGodII, Population: 50000, Control: 100, Own Province: True",0.01,0.01,0.02,0.02
"New Religion: Faith of the Seven, Current Religion: DrownedGodII, Population: 50000, Control: 100, Own Province: False",0.08,0.15,0.21,0.3
"New Religion: Faith of the Seven, Current Religion: DrownedGodII, Population: 100000, Control: 85, Own Province: True",0.04,0.1,0.14,0.19
"New Religion: Faith of the Seven, Current Religion: DrownedGodII, Population: 100000, Control: 85, Own Province: False",0.05,0.1,0.15,0.19
"New Religion: Faith of the Seven, Current Religion: DrownedGodII, Population: 100000, Control: 90, Own Province: True",0.03,0.07,0.11,0.14
"New Religion: Faith of the Seven, Current Religion: DrownedGodII, Population: 100000, Control: 90, Own Province: False",0.06,0.12,0.19,0.25
"New Religion: Faith of the Seven, Current Religion: DrownedGodII, Population: 100000, Control: 95, Own Province: True",0.02,0.05,0.07,0.1
"New Religion: Faith of the Seven, Current Religion: DrownedGodII, Population: 100000, Control: 95, Own Province: False",0.07,0.15,0.22,0.3
"New Religion: Faith of the Seven, Current Religion: DrownedGodII, Population: 100000, Control: 100, Own Province: True",0.01,0.03,0.04,0.05
"New Religion: Faith of the Seven, Current Religion: DrownedGodII, Population: 100000, Control: 100, Own Province: False",0.07,0.15,0.22,0.3
"New Religion: Faith of the Seven, Current Religion: DrownedGodII, Population: 150000, Control: 85, Own Province: True",0.06,0.12,0.18,0.25
"New Religion: Faith of the Seven, Current Religion: DrownedGodII, Population: 150000, Control: 85, Own Province: False",0.06,0.12,0.18,0.24
"New Religion: Faith of the Seven, Current Religion: DrownedGodII, Population: 150000, Control: 90, Own Province: True",0.05,0.1,0.14,0.19
"New Religion: Faith of the Seven, Current Religion: DrownedGodII, Population: 150000, Control: 90, Own Province: False",0.08,0.14,0.22,0.3
"New Religion: Faith of the Seven, Current Religion: DrownedGodII, Population: 150000, Control: 95, Own Province: True",0.03,0.07,0.11,0.14
"New Religion: Faith of the Seven, Current Religion: DrownedGodII, Population: 150000, Control: 95, Own Province: False",0.07,0.15,0.22,0.3
"New Religion: Faith of the Seven, Current Religion: DrownedGodII, Population: 150000, Control: 100, Own Province: True",0.02,0.04,0.07,0.1
"New Religion: Faith of the Seven, Current Religion: DrownedGodII, Population: 150000, Control: 100, Own Province: False",0.08,0.14,0.22,0.29
"New Religion: Faith of the Seven, Current Religion: DrownedGodII, Population: 200000, Control: 85, Own Province: True",0.07,0.14,0.23,0.3
"New Religion: Faith of the Seven, Current Religion: DrownedGodII, Population: 200000, Control: 85, Own Province: False",0.07,0.15,0.23,0.29
"New Religion: Faith of the Seven, Current Religion: DrownedGodII, Population: 200000, Control: 90, Own Province: True",0.06,0.12,0.18,0.24
"New Religion: Faith of the Seven, Current Religion: DrownedGodII, Population: 200000, Control: 90, Own Province: False",0.08,0.14,0.22,0.29
"New Religion: Faith of the Seven, Current Religion: DrownedGodII, Population: 200000, Control: 95, Own Province: True",0.05,0.09,0.14,0.19
"New Religion: Faith of the Seven, Current Religion: DrownedGodII, Population: 200000, Control: 95, Own Province: False",0.08,0.15,0.22,0.29
"New Religion: Faith of the Seven, Current Religion: DrownedGodII, Population: 200000, Control: 100, Own Province: True",0.04,0.07,0.1,0.14
"New Religion: Faith of the Seven, Current Religion: DrownedGodII, Population: 200000, Control: 100, Own Province: False",0.07,0.15,0.22,0.3
"New Religion: Faith of the Seven, Current Religion: DrownedGodII, Population: 250000, Control: 85, Own Province: True",0.08,0.15,0.21,0.3
"New Religion: Faith of the Seven, Current Religion: DrownedGodII, Population: 250000, Control: 85, Own Province: False",0.07,0.14,0.22,0.3
"New Religion: Faith of the Seven, Current Religion: DrownedGodII, Population: 250000, Control: 90, Own Province: True",0.08,0.14,0.22,0.3
"New Religion: Faith of the Seven, Current Religion: DrownedGodII, Population: 250000, Control: 90, Own Province: False",0.07,0.16,0.22,0.29
"New Religion: Faith of the Seven, Current Religion: DrownedGodII, Population: 250000, Control: 95, Own Province: True",0.06,0.12,0.18,0.24
"New Religion: Faith of the Seven, Current Religion: DrownedGodII, Population: 250000, Control: 95, Own Province: False",0.07,0.15,0.22,0.29
"New Religion: Faith of the Seven, Current Religion: DrownedGodII, Population: 250000, Control: 100, Own Province: True",0.06,0.09,0.14,0.2
"New Religion: Faith of the Seven, Current Religion: DrownedGodII, Population: 250000, Control: 100, Own Province: False",0.07,0.15,0.23,0.29
"New Religion: Faith of the Seven, Current Religion: DrownedGodII, Population: 300000, Control: 85, Own Province: True",0.07,0.15,0.22,0.29
"New Religion: Faith of the Seven, Current Religion: DrownedGodII, Population: 300000, Control: 85, Own Province: False",0.08,0.14,0.22,0.29
"New Religion: Faith of the Seven, Current Religion: DrownedGodII, Population: 300000, Control: 90, Own Province: True",0.08,0.15,0.22,0.29
"New Religion: Faith of the Seven, Current Religion: DrownedGodII, Population: 300000, Control: 90, Own Province: False",0.07,0.15,0.22,0.3
"New Religion: Faith of the Seven, Current Religion: DrownedGodII, Population: 300000, Control: 95, Own Province: True",0.08,0.14,0.22,0.3
"New Religion: Faith of the Seven, Current Religion: DrownedGodII, Population: 300000, Control: 95, Own Province: False",0.07,0.15,0.22,0.3
"New Religion: Faith of the Seven, Current Religion: DrownedGodII, Population: 300000, Control: 100, Own Province: True",0.06,0.12,0.19,0.23
"New Religion: Faith of the Seven, Current Religion: DrownedGodII, Population: 300000, Control: 100, Own Province: False",0.08,0.15,0.23,0.28
"New Religion: Faith of the Seven, Current Religion: Mother Rhoyne, Population: 1000, Control: 85, Own Province: True",0.02,0.04,0.07,0.09
"New Religion: Faith of the Seven, Current Religion: Mother Rhoyne, Population: 1000, Control: 85, Own Province: False",0.02,0.04,0.07,0.09
"New Religion: Faith of the Seven, Current Religion: Mother Rhoyne, Population: 1000, Control: 90, Own Province: True",0.01,0.03,0.04,0.06
"New Religion: Faith of the Seven, Current Religion: Mother Rhoyne, Population: 1000, Control: 90, Own Province: False",0.03,0.07,0.11,0.15
"New Religion: Faith of the Seven, Current Religion: Mother Rhoyne, Population: 1000, Control: 95, Own Province: True",0.01,0.01,0.02,0.03
"New Religion: Faith of the Seven, Current Religion: Mother Rhoyne, Population: 1000, Control: 95, Own Province: False",0.05,0.1,0.15,0.19
"New Religion: Faith of the Seven, Current Religion: Mother Rhoyne, Population: 1000, Control: 100, Own Province: True",0.0,0.0,0.0,0.0
"New Religion: Faith of the Seven, Current Religion: Mother Rhoyne, Population: 1000, Control: 100, Own Province: False",0.06,0.13,0.18,0.24
"New Religion: Faith of the Seven, Current Religion: Mother Rhoyne, Population: 50000, Control: 85, Own Province: True",0.03,0.07,0.11,0.14
"New Religion: Faith of the Seven, Current Religion: Mother Rhoyne, Population: 50000, Control: 85, Own Province: False",0.03,0.07,0.1,0.14
"New Religion: Faith of the Seven, Current Religion: Mother Rhoyne, Population: 50000, Control: 90, Own Province: True",0.03,0.05,0.07,0.1
"New Religion: Faith of the Seven, Current Religion: Mother Rhoyne, Population: 50000, Control: 90, Own Province: False",0.05,0.09,0.15,0.2
"New Religion: Faith of the Seven, Current Religion: Mother Rhoyne, Population: 50000, Control: 95, Own Province: True",0.01,0.03,0.04,0.06
"New Religion: Faith of the Seven, Current Religion: Mother Rhoyne, Population: 50000, Control: 95, Own Province: False",0.06,0.12,0.18,0.25
"New Religion: Faith of the Seven, Current Religion: Mother Rhoyne, Population: 50000, Control: 100, Own Province: True",0.01,0.01,0.02,0.02
"New Religion: Faith of the Seven, Current Religion: Mother Rhoyne, Population: 50000, Control: 100, Own Province: False",0.07,0.15,0.22,0.3
"New Religion: Faith of the Seven, Current Religion: Mother Rhoyne, Population: 100000, Control: 85, Own Province: True",0.05,0.1,0.14,0.19
"New Religion: Faith of the Seven, Current Religion: Mother Rhoyne, Population: 100000, Control: 85, Own Province: False",0.05,0.1,0.15,0.19
"New Religion: Faith of the Seven, Current Religion: Mother Rhoyne, Population: 100000, Control: 90, Own Province: True",0.03,0.07,0.11,0.14
"New Religion: Faith of the Seven, Current Religion: Mother Rhoyne, Population: 100000, Control: 90, Own Province: False",0.06,0.12,0.18,0.25
"New Religion: Faith of the Seven, Current Religion: Mother Rhoyne, Population: 100000, Control: 95, Own Province: True",0.02,0.05,0.08,0.1
"New Religion: Faith of the Seven, Current Religion: Mother Rhoyne, Population: 100000, Control: 95, Own Province: False",0.07,0.15,0.23,0.29
"New Religion: Faith of the Seven, Current Religion: Mother Rhoyne, Population: 100000, Control: 100, Own Province: True",0.01,0.03,0.04,0.06
"New Religion: Faith of the Seven, Current Religion: Mother Rhoyne, Population: 100000, Control: 100, Own Province: False",0.08,0.15,0.22,0.3
"New Religion: Faith of the Seven, Current Religion: Mother Rhoyne, Population: 150000, Control: 85, Own Province: True",0.06,0.12,0.18,0.25
"New Religion: Faith of the Seven, Current Religion: Mother Rhoyne, Population: 150000, Control: 85, Own Province: False",0.06,0.12,0.19,0.25
"New Religion: Faith of the Seven, Current Religion: Mother Rhoyne, Population: 150000, Control: 90, Own Province: True",0.05,0.1,0.15,0.19
"New Religion: Faith of the Seven, Current Religion: Mother Rhoyne, Population: 150000, Control: 90, Own Province: False",0.08,0.15,0.21,0.3
"New Religion: Faith of the Seven, Current Religion: Mother Rhoyne, Population: 150000, Control: 95, Own Province: True",0.04,0.07,0.11,0.14
"New Religion: Faith of the Seven, Current Religion: Mother Rhoyne, Population: 150000, Control: 95, Own Province: False",0.08,0.15,0.22,0.3
"New Religion: Faith of the Seven, Current Religion: Mother Rhoyne, Population: 150000, Control: 100, Own Province: True",0.02,0.05,0.07,0.09
"New Religion: Faith of the Seven, Current Religion: Mother Rhoyne, Population: 150000, Control: 100, Own Province: False",0.07,0.14,0.22,0.3
"New Religion: Faith of the Seven, Current Religion: Mother Rhoyne, Population: 200000, Control: 85, Own Province: True",0.07,0.15,0.22,0.3
"New Religion: Faith of the Seven, Current Religion: Mother Rhoyne, Population: 200000, Control: 85, Own Province: False",0.08,0.15,0.23,0.3
"New Religion: Faith of the Seven, Current Religion: Mother Rhoyne, Population: 200000, Control: 90, Own Province: True",0.07,0.12,0.18,0.25
"New Religion: Faith of the Seven, Current Religion: Mother Rhoyne, Population: 200000, Control: 90, Own Province: False",0.07,0.15,0.22,0.31
"New Religion: Faith of the Seven, Current Religion: Mother Rhoyne, Population: 200000, Control: 95, Own Province: True",0.05,0.1,0.14,0.19
"New Religion: Faith of the Seven, Current Religion: Mother Rhoyne, Population: 200000, Control: 95, Own Province: False",0.07,0.16,0.22,0.29
"New Religion: Faith of the Seven, Current Religion: Mother Rhoyne, Population: 200000, Control: 100, Own Province: True",0.03,0.07,0.11,0.13
"New Religion: Faith of the Seven, Current Religion: Mother Rhoyne, Population: 200000, Control: 100, Own Province: False",0.07,0.15,0.22,0.29
"New Religion: Faith of the Seven, Current Religion: Mother Rhoyne, Population: 250000, Control: 85, Own Province: True",0.08,0.15,0.22,0.29
"New Religion: Faith of the Seven, Current Religion: Mother Rhoyne, Population: 250000, Control: 85, Own Province: False",0.07,0.14,0.22,0.3
"New Religion: Faith of the Seven, Current Religion: Mother Rhoyne, Population: 250000, Control: 90, Own Province: True",0.08,0.15,0.22,0.29
"New Religion: Faith of the Seven, Current Religion: Mother Rhoyne, Population: 250000, Control: 90, Own Province: False",0.07,0.15,0.23,0.3
"New Religion: Faith of the Seven, Current Religion: Mother Rhoyne, Population: 250000, Control: 95, Own Province: True",0.06,0.13,0.18,0.25
"New Religion: Faith of the Seven, Current Religion: Mother Rhoyne, Population: 250000, Control: 95, Own Province: False",0.07,0.15,0.22,0.3
"New Religion: Faith of the Seven, Current Religion: Mother Rhoyne, Population: 250000, Control: 100, Own Province: True",0.05,0.09,0.14,0.2
"New Religion: Faith of the Seven, Current Religion: Mother Rhoyne, Population: 250000, Control: 100, Own Province: False",0.07,0.14,0.21,0.3
"New Religion: Faith of the Seven, Current Religion: Mother Rhoyne, Population: 300000, Control: 85, Own Province: True",0.08,0.15,0.23,0.29
"New Religion: Faith of the Seven, Current Religion: Mother Rhoyne, Population: 300000, Control: 85, Own Province: False",0.07,0.15,0.22,0.3
"New Religion: Faith of the Seven, Current Religion: Mother Rhoyne, Population: 300000, Control: 90, Own Province: True",0.07,0.15,0.22,0.3
"New Religion: Faith of the Seven, Current Religion: Mother Rhoyne, Population: 300000, Control: 90, Own Province: False",0.08,0.14,0.23,0.29
"New Religion: Faith of the Seven, Current Religion: Mother Rhoyne, Population: 300000, Control: 95, Own Province: True",0.07,0.15,0.22,0.3
"New Religion: Faith of the Seven, Current Religion: Mother Rhoyne, Population: 300000, Control: 95, Own Province: False",0.07,0.15,0.22,0.29
"New Religion: Faith of the Seven, Current Religion: Mother Rhoyne, Population: 300000, Control: 100, Own Province: True",0.06,0.12,0.18,0.24
"New Religion: Faith of the Seven, Current Religion: Mother Rhoyne, Population: 300000, Control: 100, Own Province: False",0.07,0.15,0.23,0.29
"New Religion: Faith of the Seven, Current Religion: Gods of Valyria, Population: 1000, Control: 85, Own Province: True",0.03,0.05,0.08,0.09
"New Religion: Faith of the Seven, Current Religion: Gods of Valyria, Population: 1000, Control: 85, Own Province: False",0.02,0.05,0.07,0.1
"New Religion: Faith of the Seven, Current Religion: Gods of Valyria, Population: 1000, Control: 90, Own Province: True",0.01,0.03,0.04,0.05
"New Religion: Faith of the Seven, Current Religion: Gods of Valyria, Population: 1000, Control: 90, Own Province: False",0.03,0.07,0.1,0.14
"New Religion: Faith of the Seven, Current Religion: Gods of Valyria, Population: 1000, Control: 95, Own Province: True",0.0,0.02,0.02,0.02
"New Religion: Faith of the Seven, Current Religion: Gods of Valyria, Population: 1000, Control: 95, Own Province: False",0.05,0.09,0.15,0.19
"New Religion: Faith of the Seven, Current Religion: Gods of Valyria, Population: 1000, Control: 100, Own Province: True",0.0,0.0,0.0,0.0
"New Religion: Faith of the Seven, Current Religion: Gods of Valyria, Population: 1000, Control: 100, Own Province: False",0.06,0.13,0.19,0.25
"New Religion: Faith of the Seven, Current Religion: Gods of Valyria, Population: 50000, Control: 85, Own Province: True",0.04,0.07,0.1,0.15
"New Religion: Faith of the Seven, Current Religion: Gods of Valyria, Population: 50000, Control: 85, Own Province: False",0.03,0.07,0.1,0.14
"New Religion: Faith of the Seven, Current Religion: Gods of Valyria, Population: 50000, Control: 90, Own Province: True",0.02,0.05,0.07,0.1
"New Religion: Faith of the Seven, Current Religion: Gods of Valyria, Population: 50000, Control: 90, Own Province: False",0.05,0.09,0.15,0.2
"New Religion: Faith of the Seven, Current Religion: Gods of Valyria, Population: 50000, Control: 95, Own Province: True",0.01,0.03,0.04,0.05
"New Religion: Faith of the Seven, Current Religion: Gods of Valyria, Population: 50000, Control: 95, Own Province: False",0.06,0.13,0.18,0.24
"New Religion: Faith of the Seven, Current Religion: Gods of Valyria, Population: 50000, Control: 100, Own Province: True",0.01,0.01,0.02,0.03
"New Religion: Faith of the Seven, Current Religion: Gods of Valyria, Population: 50000, Control: 100, Own Province: False",0.08,0.15,0.22,0.29
"New Religion: Faith of the Seven, Current Religion: Gods of Valyria, Population: 100000, Control: 85, Own Province: True",0.05,0.1,0.14,0.19
"New Religion: Faith of the Seven, Current Religion: Gods of Valyria, Population: 100000, Control: 85, Own Province: False",0.05,0.1,0.15,0.19
"New Religion: Faith of the Seven, Current Religion: Gods of Valyria, Population: 100000, Control: 90, Own Province: True",0.03,0.07,0.11,0.14
"New Religion: Faith of the Seven, Current Religion: Gods of Valyria, Population: 100000, Control: 90, Own Province: False",0.06,0.12,0.18,0.25
"New Religion: Faith of the Seven, Current Religion: Gods of Valyria, Population: 100000, Control: 95, Own Province: True",0.02,0.05,0.07,0.09
"New Religion: Faith of the Seven, Current Religion: Gods of Valyria, Population: 100000, Control: 95, Own Province: False",0.08,0.14,0.22,0.3
"New Religion: Faith of the Seven, Current Religion: Gods of Valyria, Population: 100000, Control: 100, Own Province: True",0.01,0.03,0.04,0.06
"New Religion: Faith of the Seven, Current Religion: Gods of Valyria, Population: 100000, Control: 100, Own Province: False",0.07,0.14,0.22,0.3
"New Religion: Faith of the Seven, Current Religion: Gods of Valyria, Population: 150000, Control: 85, Own Province: True",0.06,0.12,0.18,0.25
"New Religion: Faith of the Seven, Current Religion: Gods of Valyria, Population: 150000, Control: 85, Own Province: False",0.06,0.12,0.19,0.24
"New Religion: Faith of the Seven, Current Religion: Gods of Valyria, Population: 150000, Control: 90, Own Province: True",0.05,0.09,0.14,0.2
"New Religion: Faith of the Seven, Current Religion: Gods of Valyria, Population: 150000, Control: 90, Own Province: False",0.07,0.15,0.23,0.29
"New Religion: Faith of the Seven, Current Religion: Gods of Valyria, Population: 150000, Control: 95, Own Province: True",0.03,0.07,0.1,0.14
"New Religion: Faith of the Seven, Current Religion: Gods of Valyria, Population: 150000, Control: 95, Own Province: False",0.08,0.15,0.22,0.3
"New Religion: Faith of the Seven, Current Religion: Gods of Valyria, Population: 150000, Control: 100, Own Province: True",0.02,0.05,0.07,0.1
"New Religion: Faith of the Seven, Current Religion: Gods of Valyria, Population: 150000, Control: 100, Own Province: False",0.07,0.15,0.23,0.29
"New Religion: Faith of the Seven, Current Religion: Gods of Valyria, Population: 200000, Control: 85, Own Province: True",0.07,0.15,0.22,0.3
"New Religion: Faith of the Seven, Current Religion: Gods of Valyria, Population: 200000, Control: 85, Own Province: False",0.08,0.15,0.23,0.3
"New Religion: Faith of the Seven, Current Religion: Gods of Valyria, Population: 200000, Control: 90, Own Province: True",0.06,0.12,0.19,0.25
"New Religion: Faith of the Seven, Current Religion: Gods of Valyria, Population: 200000, Control: 90, Own Province: False",0.07,0.15,0.22,0.3
"New Religion: Faith of the Seven, Current Religion: Gods of Valyria, Population: 200000, Control: 95, Own Province: True",0.05,0.09,0.14,0.2
"New Religion: Faith of the Seven, Current Religion: Gods of Valyria, Population: 200000, Control: 95, Own Province: False",0.08,0.15,0.22,0.29
"New Religion: Faith of the Seven, Current Religion: Gods of Valyria, Population: 200000, Control: 100, Own Province: True",0.03,0.07,0.11,0.15
"New Religion: Faith of the Seven, Current Religion: Gods of Valyria, Population: 200000, Control: 100, Own Province: False",0.07,0.15,0.23,0.29
"New Religion: Faith of the Seven, Current Religion: Gods of Valyria, Population: 250000, Control: 85, Own Province: True",0.07,0.15,0.22,0.31
"New Religion: Faith of the Seven, Current Religion: Gods of Valyria, Population: 250000, Control: 85, Own Province: False",0.08,0.15,0.23,0.3
"New Religion: Faith of the Seven, Current Religion: Gods of Valyria, Population: 250000, Control: 90, Own Province: True",0.07,0.15,0.22,0.3
"New Religion: Faith of the Seven, Current Religion: Gods of Valyria, Population: 250000, Control: 90, Own Province: False",0.07,0.15,0.21,0.3
"New Religion: Faith of the Seven, Current Religion: Gods of Valyria, Population: 250000, Control: 95, Own Province: True",0.06,0.12,0.19,0.25
"New Religion: Faith of the Seven, Current Religion: Gods of Valyria, Population: 250000, Control: 95, Own Province: False",0.07,0.15,0.22,0.29
"New Religion: Faith of the Seven, Current Religion: Gods of Valyria, Population: 250000, Control: 100, Own Province: True",0.05,0.09,0.14,0.19
"New Religion: Faith of the Seven, Current Religion: Gods of Valyria, Population: 250000, Control: 100, Own Province: False",0.07,0.14,0.23,0.29
"New Religion: Faith of the Seven, Current Religion: Gods of Valyria, Population: 300000, Control: 85, Own Province: True",0.07,0.15,0.22,0.29
"New Religion: Faith of the Seven, Current Religion: Gods of Valyria, Population: 300000, Control: 85, Own Province: False",0.07,0.15,0.23,0.3
"New Religion: Faith of the Seven, Current Religion: Gods of Valyria, Population: 300000, Control: 90, Own Province: True",0.07,0.15,0.22,0.29
"New Religion: Faith of the Seven, Current Religion: Gods of Valyria, Population: 300000, Control: 90, Own Province: False",0.07,0.15,0.22,0.3
"New Religion: Faith of the Seven, Current Religion: Gods of Valyria, Population: 300000, Control: 95, Own Province: True",0.07,0.15,0.23,0.3
"New Religion: Faith of the Seven, Current Religion: Gods of Valyria, Population: 300000, Control: 95, Own Province: False",0.07,0.14,0.22,0.3
"New Religion: Faith of the Seven, Current Religion: Gods of Valyria, Population: 300000, Control: 100, Own Province: True",0.06,0.12,0.2,0.24
"New Religion: Faith of the Seven, Current Religion: Gods of Valyria, Population: 300000, Control: 100, Own Province: False",0.08,0.15,0.22,0.3
"New Religion: Faith of the Seven, Current Religion: R'hllor, Population: 1000, Control: 85, Own Province: True",0.03,0.05,0.07,0.09
"New Religion: Faith of the Seven, Current Religion: R'hllor, Population: 1000, Control: 85, Own Province: False",0.03,0.05,0.07,0.09
"New Religion: Faith of the Seven, Current Religion: R'hllor, Population: 1000, Control: 90, Own Province: True",0.01,0.03,0.04,0.06
"New Religion: Faith of the Seven, Current Religion: R'hllor, Population: 1000, Control: 90, Own Province: False",0.04,0.07,0.11,0.15
"New Religion: Faith of the Seven, Current Religion: R'hllor, Population: 1000, Control: 95, Own Province: True",0.01,0.01,0.02,0.02
"New Religion: Faith of the Seven, Current Religion: R'hllor, Population: 1000, Control: 95, Own Province: False",0.05,0.1,0.14,0.19
"New Religion: Faith of the Seven, Current Religion: R'hllor, Population: 1000, Control: 100, Own Province: True",0.0,0.0,0.0,0.0
"New Religion: Faith of the Seven, Current Religion: R'hllor, Population: 1000, Control: 100, Own Province: False",0.06,0.12,0.19,0.25
"New Religion: Faith of the Seven, Current Religion: R'hllor, Population: 50000, Control: 85, Own Province: True",0.03,0.07,0.11,0.14
"New Religion: Faith of the Seven, Current Religion: R'hllor, Population: 50000, Control: 85, Own Province: False",0.03,0.07,0.1,0.14
"New Religion: Faith of the Seven, Current Religion: R'hllor, Population: 50000, Control: 90, Own Province: True",0.03,0.05,0.07,0.1
"New Religion: Faith of the Seven, Current Religion: R'hllor, Population: 50000, Control: 90, Own Province: False",0.05,0.09,0.15,0.2
"New Religion: Faith of the Seven, Current Religion: R'hllor, Population: 50000, Control: 95, Own Province: True",0.01,0.03,0.04,0.06
"New Religion: Faith of the Seven, Current Religion: R'hllor, Population: 50000, Control: 95, Own Province: False",0.06,0.13,0.19,0.24
"New Religion: Faith of the Seven, Current Religion: R'hllor, Population: 50000, Control: 100, Own Province: True",0.01,0.01,0.02,0.02
"New Religion: Faith of the Seven, Current Religion: R'hllor, Population: 50000, Control: 100, Own Province: False",0.07,0.15,0.22,0.3
"New Religion: Faith of the Seven, Current Religion: R'hllor, Population: 100000, Control: 85, Own Province: True",0.05,0.1,0.14,0.19
"New Religion: Faith of the Seven, Current Religion: R'hllor, Population: 100000, Control: 85, Own Province: False",0.05,0.1,0.14,0.2
"New Religion: Faith of the Seven, Current Religion: R'hllor, Population: 100000, Control: 90, Own Province: True",0.04,0.07,0.11,0.14
"New Religion: Faith of the Seven, Current Religion: R'hllor, Population: 100000, Control: 90, Own Province: False",0.06,0.12,0.19,0.24
"New Religion: Faith of the Seven, Current Religion: R'hllor, Population: 100000, Control: 95, Own Province: True",0.02,0.05,0.07,0.09
"New Religion: Faith of the Seven, Current Religion: R'hllor, Population: 100000, Control: 95, Own Province: False",0.07,0.15,0.22,0.31
"New Religion: Faith of the Seven, Current Religion: R'hllor, Population: 100000, Control: 100, Own Province: True",0.01,0.03,0.04,0.05
"New Religion: Faith of the Seven, Current Religion: R'hllor, Population: 100000, Control: 100, Own Province: False",0.07,0.14,0.22,0.3
"New Religion: Faith of the Seven, Current Religion: R'hllor, Population: 150000, Control: 85, Own Province: True",0.06,0.13,0.18,0.24
"New Religion: Faith of the Seven, Current Religion: R'hllor, Population: 150000, Control: 85, Own Province: False",0.06,0.12,0.19,0.25
"New Religion: Faith of the Seven, Current Religion: R'hllor, Population: 150000, Control: 90, Own Province: True",0.05,0.09,0.14,0.19
"New Religion: Faith of the Seven, Current Religion: R'hllor, Population: 150000, Control: 90, Own Province: False",0.07,0.15,0.22,0.3
"New Religion: Faith of the Seven, Current Religion: R'hllor, Population: 150000, Control: 95, Own Province: True",0.03,0.07,0.1,0.14
"New Religion: Faith of the Seven, Current Religion: R'hllor, Population: 150000, Control: 95, Own Province: False",0.08,0.15,0.22,0.29
"New Religion: Faith of the Seven, Current Religion: R'hllor, Population: 150000, Control: 100, Own Province: True",0.02,0.05,0.07,0.1
"New Religion: Faith of the Seven, Current Religion: R'hllor, Population: 150000, Control: 100, Own Province: False",0.08,0.15,0.23,0.29
"New Religion: Faith of the Seven, Current Religion: R'hllor, Population: 200000, Control: 85, Own Province: True",0.07,0.15,0.22,0.31
"New Religion: Faith of the Seven, Current Religion: R'hllor, Population: 200000, Control: 85, Own Province: False",0.07,0.15,0.23,0.29
"New Religion: Faith of the Seven, Current Religion: R'hllor, Population: 200000, Control: 90, Own Province: True",0.06,0.12,0.19,0.24
"New Religion: Faith of the Seven, Current Religion: R'hllor, Population: 200000, Control: 90, Own Province: False",0.07,0.14,0.22,0.3
"New Religion: Faith of the Seven, Current Religion: R'hllor, Population: 200000, Control: 95, Own Province: True",0.05,0.1,0.14,0.2
"New Religion: Faith of the Seven, Current Religion: R'hllor, Population: 200000, Control: 95, Own Province: False",0.07,0.15,0.23,0.29
"New Religion: Faith of the Seven, Current Religion: R'hllor, Population: 200000, Control: 100, Own Province: True",0.03,0.07,0.11,0.14
"New Religion: Faith of the Seven, Current Religion: R'hllor, Population: 200000, Control: 100, Own Province: False",0.08,0.15,0.22,0.3
"New Religion: Faith of the Seven, Current Religion: R'hllor, Population: 250000, Control: 85, Own Province: True",0.07,0.15,0.22,0.31
"New Religion: Faith of the Seven, Current Religion: R'hllor, Population: 250000, Control: 85, Own Province: False",0.08,0.15,0.22,0.3
"New Religion: Faith of the Seven, Current Religion: R'hllor, Population: 250000, Control: 90, Own Province: True",0.08,0.14,0.22,0.29
"New Religion: Faith of the Seven, Current Religion: R'hllor, Population: 250000, Control: 90, Own Province: False",0.08,0.15,0.22,0.29
"New Religion: Faith of the Seven, Current Religion: R'hllor, Population: 250000, Control: 95, Own Province: True",0.06,0.12,0.19,0.25
"New Religion: Faith of the Seven, Current Religion: R'hllor, Population: 250000, Control: 95, Own Province: False",0.07,0.15,0.22,0.3
"New Religion: Faith of the Seven, Current Religion: R'hllor, Population: 250000, Control: 100, Own Province: True",0.04,0.1,0.14,0.19
"New Religion: Faith of the Seven, Current Religion: R'hllor, Population: 250000, Control: 100, Own Province: False",0.08,0.15,0.22,0.29
"New Religion: Faith of the Seven, Current Religion: R'hllor, Population: 300000, Control: 85, Own Province: True",0.07,0.15,0.22,0.29
"New Religion: Faith of the Seven, Current Religion: R'hllor, Population: 300000, Control: 85, Own Province: False",0.08,0.15,0.22,0.3
"New Religion: Faith of the Seven, Current Religion: R'hllor, Population: 300000, Control: 90, Own Province: True",0.07,0.15,0.22,0.3
"New Religion: Faith of the Seven, Current Religion: R'hllor, Population: 300000, Control: 90, Own Province: False",0.08,0.15,0.22,0.29
"New Religion: Faith of the Seven, Current Religion: R'hllor, Population: 300000, Control: 95, Own Province: True",0.08,0.15,0.23,0.3
"New Religion: Faith of the Seven, Current Religion: R'hllor, Population: 300000, Control: 95, Own Province: False",0.07,0.15,0.22,0.29
"New Religion: Faith of the Seven, Current Religion: R'hllor, Population: 300000, Control: 100, Own Province: True",0.06,0.12,0.19,0.24
"New Religion: Faith of the Seven, Current Religion: R'hllor, Population: 300000, Control: 100, Own Province: False",0.07,0.15,0.22,0.29
"New Religion: Old Gods, Current Religion: Faith of the Seven, Population: 1000, Control: 85, Own Province: True",0.02,0.05,0.08,0.1
"New Religion: Old Gods, Current Religion: Faith of the Seven, Population: 1000, Control: 85, Own Province: False",0.02,0.05,0.08,0.09
"New Religion: Old Gods, Current Religion: Faith of the Seven, Population: 1000, Control: 90, Own Province: True",0.01,0.03,0.04,0.05
"New Religion: Old Gods, Current Religion: Faith of the Seven, Population: 1000, Control: 90, Own Province: False",0.03,0.07,0.11,0.14
"New Religion: Old Gods, Current Religion: Faith of the Seven, Population: 1000, Control: 95, Own Province: True",0.01,0.02,0.02,0.02
"New Religion: Old Gods, Current Religion: Faith of the Seven, Population: 1000, Control: 95, Own Province: False",0.05,0.09,0.15,0.19
"New Religion: Old Gods, Current Religion: Faith of the Seven, Population: 1000, Control: 100, Own Province: True",0.0,0.0,0.0,0.0
"New Religion: Old Gods, Current Religion: Faith of the Seven, Population: 1000, Control: 100, Own Province: False",0.06,0.13,0.2,0.25
"New Religion: Old Gods, Current Religion: Faith of the Seven, Population: 50000, Control: 85, Own Province: True",0.03,0.07,0.11,0.14
"New Religion: Old Gods, Current Religion: Faith of the Seven, Population: 50000, Control: 85, Own Province: False",0.03,0.07,0.1,0.14
"New Religion: Old Gods, Current Religion: Faith of the Seven, Population: 50000, Control: 90, Own Province: True",0.02,0.05,0.07,0.09
"New Religion: Old Gods, Current Religion: Faith of the Seven, Population: 50000, Control: 90, Own Province: False",0.05,0.1,0.14,0.2
"New Religion: Old Gods, Current Religion: Faith of the Seven, Population: 50000, Control: 95, Own Province: True",0.01,0.03,0.04,0.06
"New Religion: Old Gods, Current Religion: Faith of the Seven, Population: 50000, Control: 95, Own Province: False",0.07,0.12,0.18,0.25
"New Religion: Old Gods, Current Religion: Faith of the Seven, Population: 50000, Control: 100, Own Province: True",0.01,0.01,0.02,0.02
"New Religion: Old Gods, Current Religion: Faith of the Seven, Population: 50000, Control: 100, Own Province: False",0.08,0.15,0.22,0.3
"New Religion: Old Gods, Current Religion: Faith of the Seven, Population: 100000, Control: 85, Own Province: True",0.05,0.09,0.15,0.19
"New Religion: Old Gods, Current Religion: Faith of the Seven, Population: 100000, Control: 85, Own Province: False",0.05,0.1,0.14,0.2
"New Religion: Old Gods, Current Religion: Faith of the Seven, Population: 100000, Control: 90, Own Province: True",0.03,0.07,0.1,0.14
"New Religion: Old Gods, Current Religion: Faith of the Seven, Population: 100000, Control: 90, Own Province: False",0.06,0.12,0.19,0.25
"New Religion: Old Gods, Current Religion: Faith of the Seven, Population: 100000, Control: 95, Own Province: True",0.03,0.05,0.07,0.1
"New Religion: Old Gods, Current Religion: Faith of the Seven, Population: 100000, Control: 95, Own Province: False",0.08,0.14,0.22,0.3
"New Religion: Old Gods, Current Religion: Faith of the Seven, Population: 100000, Control: 100, Own Province: True",0.01,0.03,0.04,0.06
"New Religion: Old Gods, Current Religion: Faith of the Seven, Population: 100000, Control: 100, Own Province: False",0.07,0.14,0.23,0.29
"New Religion: Old Gods, Current Religion: Faith of the Seven, Population: 150000, Control: 85, Own Province: True",0.06,0.12,0.19,0.25
"New Religion: Old Gods, Current Religion: Faith of the Seven, Population: 150000, Control: 85, Own Province: False",0.06,0.12,0.18,0.24
"New Religion: Old Gods, Current Religion: Faith of the Seven, Population: 150000, Control: 90, Own Province: True",0.05,0.1,0.14,0.19
"New Religion: Old Gods, Current Religion: Faith of the Seven, Population: 150000, Control: 90, Own Province: False",0.07,0.15,0.21,0.3
"New Religion: Old Gods, Current Religion: Faith of the Seven, Population: 150000, Control: 95, Own Province: True",0.04,0.07,0.11,0.14
"New Religion: Old Gods, Current Religion: Faith of the Seven, Population: 150000, Control: 95, Own Province: False",0.07,0.15,0.22,0.3
"New Religion: Old Gods, Current Religion: Faith of the Seven, Population: 150000, Control: 100, Own Province: True",0.02,0.05,0.07,0.1
"New Religion: Old Gods, Current Religion: Faith of the Seven, Population: 150000, Control: 100, Own Province: False",0.07,0.16,0.22,0.29
"New Religion: Old Gods, Current Religion: Faith of the Seven, Population: 200000, Control: 85, Own Province: True",0.08,0.15,0.22,0.3
"New Religion: Old Gods, Current Religion: Faith of the Seven, Population: 200000, Control: 85, Own Province: False",0.08,0.15,0.22,0.29
"New Religion: Old Gods, Current Religion: Faith of the Seven, Population: 200000, Control: 90, Own Province: True",0.06,0.12,0.19,0.25
"New Religion: Old Gods, Current Religion: Faith of the Seven, Population: 200000, Control: 90, Own Province: False",0.07,0.15,0.22,0.3
"New Religion: Old Gods, Current Religion: Faith of the Seven, Population: 200000, Control: 95, Own Province: True",0.05,0.09,0.15,0.2
"New Religion: Old Gods, Current Religion: Faith of the Seven, Population: 200000, Control: 95, Own Province: False",0.07,0.15,0.22,0.29
"New Religion: Old Gods, Current Religion: Faith of the Seven, Population: 200000, Control: 100, Own Province: True",0.03,0.07,0.1,0.14
"New Religion: Old Gods, Current Religion: Faith of the Seven, Population: 200000, Control: 100, Own Province: False",0.07,0.15,0.23,0.3
"New Religion: Old Gods, Current Religion: Faith of the Seven, Population: 250000, Control: 85, Own Province: True",0.08,0.15,0.23,0.29
"New Religion: Old Gods, Current Religion: Faith of the Seven, Population: 250000, Control: 85, Own Province: False",0.08,0.15,0.22,0.3
"New Religion: Old Gods, Current Religion: Faith of the Seven, Population: 250000, Control: 90, Own Province: True",0.08,0.14,0.22,0.3
"New Religion: Old Gods, Current Religion: Faith of the Seven, Population: 250000, Control: 90, Own Province: False",0.07,0.15,0.22,0.3
"New Religion: Old Gods, Current Religion: Faith of the Seven, Population: 250000, Control: 95, Own Province: True",0.06,0.12,0.18,0.25
"New Religion: Old Gods, Current Religion: Faith of the Seven, Population: 250000, Control: 95, Own Province: False",0.07,0.15,0.22,0.3
"New Religion: Old Gods, Current Religion: Faith of the Seven, Population: 250000, Control: 100, Own Province: True",0.05,0.09,0.14,0.2
"New Religion: Old Gods, Current Religion: Faith of the Seven, Population: 250000, Control: 100, Own Province: False",0.07,0.15,0.22,0.29
"New Religion: Old Gods, Current Religion: Faith of the Seven, Population: 300000, Control: 85, Own Province: True",0.07,0.15,0.22,0.3
"New Religion: Old Gods, Current Religion: Faith of the Seven, Population: 300000, Control: 85, Own Province: False",0.07,0.15,0.22,0.3
"New Religion: Old Gods, Current Religion: Faith of the Seven, Population: 300000, Control: 90, Own Province: True",0.07,0.15,0.22,0.29
"New Religion: Old Gods, Current Religion: Faith of the Seven, Population: 300000, Control: 90, Own Province: False",0.08,0.15,0.22,0.29
"New Religion: Old Gods, Current Religion: Faith of the Seven, Population: 300000, Control: 95, Own Province: True",0.07,0.15,0.22,0.3
"New Religion: Old Gods, Current Religion: Faith of the Seven, Population: 300000, Control: 95, Own Province: False",0.07,0.14,0.22,0.3
"New Religion: Old Gods, Current Religion: Faith of the Seven, Population: 300000, Control: 100, Own Province: True",0.06,0.12,0.18,0.25
"New Religion: Old Gods, Current Religion: Faith of the Seven, Population: 300000, Control: 100, Own Province: False",0.07,0.15,0.22,0.3
"New Religion: Old Gods, Current Religion: Skagosi Old Gods, Population: 1000, Control: 85, Own Province: True",0.03,0.05,0.07,0.1
"New Religion: Old Gods, Current Religion: Skagosi Old Gods, Population: 1000, Control: 85, Own Province: False",0.02,0.05,0.07,0.09
"New Religion: Old Gods, Current Religion: Skagosi Old Gods, Population: 1000, Control: 90, Own Province: True",0.01,0.03,0.04,0.05
"New Religion: Old Gods, Current Religion: Skagosi Old Gods, Population: 1000, Control: 90, Own Province: False",0.04,0.07,0.11,0.13
"New Religion: Old Gods, Current Religion: Skagosi Old Gods, Population: 1000, Control: 95, Own Province: True",0.01,0.01,0.02,0.02
"New Religion: Old Gods, Current Religion: Skagosi Old Gods, Population: 1000, Control: 95, Own Province: False",0.05,0.09,0.15,0.2
"New Religion: Old Gods, Current Religion: Skagosi Old Gods, Population: 1000, Control: 100, Own Province: True",0.0,0.0,0.0,0.0
"New Religion: Old Gods, Current Religion: Skagosi Old Gods, Population: 1000, Control: 100, Own Province: False",0.06,0.12,0.18,0.25
"New Religion: Old Gods, Current Religion: Skagosi Old Gods, Population: 50000, Control: 85, Own Province: True",0.04,0.07,0.11,0.13
"New Religion: Old Gods, Current Religion: Skagosi Old Gods, Population: 50000, Control: 85, Own Province: False",0.03,0.07,0.1,0.14
"New Religion: Old Gods, Current Religion: Skagosi Old Gods, Population: 50000, Control: 90, Own Province: True",0.02,0.05,0.07,0.1
"New Religion: Old Gods, Current Religion: Skagosi Old Gods, Population: 50000, Control: 90, Own Province: False",0.05,0.1,0.14,0.2
"New Religion: Old Gods, Current Religion: Skagosi Old Gods, Population: 50000, Control: 95, Own Province: True",0.01,0.03,0.04,0.06
"New Religion: Old Gods, Current Religion: Skagosi Old Gods, Population: 50000, Control: 95, Own Province: False",0.06,0.13,0.18,0.24
"New Religion: Old Gods, Current Religion: Skagosi Old Gods, Population: 50000, Control: 100, Own Province: True",0.01,0.01,0.02,0.02
"New Religion: Old Gods, Current Religion: Skagosi Old Gods, Population: 50000, Control: 100, Own Province: False",0.07,0.15,0.22,0.29
"New Religion: Old Gods, Current Religion: Skagosi Old Gods, Population: 100000, Control: 85, Own Province: True",0.05,0.1,0.14,0.19
"New Religion: Old Gods, Current Religion: Skagosi Old Gods, Population: 100000, Control: 85, Own Province: False",0.05,0.1,0.14,0.19
"New Religion: Old Gods, Current Religion: Skagosi Old Gods, Population: 100000, Control: 90, Own Province: True",0.04,0.07,0.11,0.14
"New Religion: Old Gods, Current Religion: Skagosi Old Gods, Population: 100000, Control: 90, Own Province: False",0.06,0.12,0.18,0.25
"New Religion: Old Gods, Current Religion: Skagosi Old Gods, Population: 100000, Control: 95, Own Province: True",0.02,0.05,0.07,0.1
"New Religion: Old Gods, Current Religion: Skagosi Old Gods, Population: 100000, Control: 95, Own Province: False",0.07,0.15,0.23,0.3
"New Religion: Old Gods, Current Religion: Skagosi Old Gods, Population: 100000, Control: 100, Own Province: True",0.01,0.03,0.04,0.06
"New Religion: Old Gods, Current Religion: Skagosi Old Gods, Population: 100000, Control: 100, Own Province: False",0.07,0.15,0.22,0.3
"New Religion: Old Gods, Current Religion: Skagosi Old Gods, Population: 150000, Control: 85, Own Province: True",0.06,0.12,0.18,0.25
"New Religion: Old Gods, Current Religion: Skagosi Old Gods, Population: 150000, Control: 85, Own Province: False",0.07,0.12,0.19,0.25
"New Religion: Old Gods, Current Religion: Skagosi Old Gods, Population: 150000, Control: 90, Own Province: True",0.04,0.1,0.14,0.19
"New Religion: Old Gods, Current Religion: Skagosi Old Gods, Population: 150000, Control: 90, Own Province: False",0.08,0.15,0.22,0.29
"New Religion: Old Gods, Current Religion: Skagosi Old Gods, Population: 150000, Control: 95, Own Province: True",0.03,0.07,0.11,0.14
"New Religion: Old Gods, Current Religion: Skagosi Old Gods, Population: 150000, Control: 95, Own Province: False",0.08,0.15,0.22,0.3
"New Religion: Old Gods, Current Religion: Skagosi Old Gods, Population: 150000, Control: 100, Own Province: True",0.03,0.05,0.07,0.1
"New Religion: Old Gods, Current Religion: Skagosi Old Gods, Population: 150000, Control: 100, Own Province: False",0.07,0.15,0.23,0.29
"New Religion: Old Gods, Current Religion: Skagosi Old Gods, Population: 200000, Control: 85, Own Province: True",0.07,0.15,0.23,0.3
"New Religion: Old Gods, Current Religion: Skagosi Old Gods, Population: 200000, Control: 85, Own Province: False",0.07,0.15,0.22,0.29
"New Religion: Old Gods, Current Religion: Skagosi Old Gods, Population: 200000, Control: 90, Own Province: True",0.06,0.12,0.18,0.24
"New Religion: Old Gods, Current Religion: Skagosi Old Gods, Population: 200000, Control: 90, Own Province: False",0.07,0.15,0.23,0.3
"New Religion: Old Gods, Current Religion: Skagosi Old Gods, Population: 200000, Control: 95, Own Province: True",0.05,0.09,0.15,0.2
"New Religion: Old Gods, Current Religion: Skagosi Old Gods, Population: 200000, Control: 95, Own Province: False",0.07,0.14,0.23,0.3
"New Religion: Old Gods, Current Religion: Skagosi Old Gods, Population: 200000, Control: 100, Own Province: True",0.03,0.07,0.11,0.14
"New Religion: Old Gods, Current Religion: Skagosi Old Gods, Population: 200000, Control: 100, Own Province: False",0.07,0.15,0.22,0.3
"New Religion: Old Gods, Current Religion: Skagosi Old Gods, Population: 250000, Control: 85, Own Province: True",0.07,0.14,0.22,0.3
"New Religion: Old Gods, Current Religion: Skagosi Old Gods, Population: 250000, Control: 85, Own Province: False",0.07,0.15,0.23,0.29
"New Religion: Old Gods, Current Religion: Skagosi Old Gods, Population: 250000, Control: 90, Own Province: True",0.07,0.15,0.22,0.29
"New Religion: Old Gods, Current Religion: Skagosi Old Gods, Population: 250000, Control: 90, Own Province: False",0.08,0.15,0.22,0.29
"New Religion: Old Gods, Current Religion: Skagosi Old Gods, Population: 250000, Control: 95, Own Province: True",0.07,0.12,0.18,0.25
"New Religion: Old Gods, Current Religion: Skagosi Old Gods, Population: 250000, Control: 95, Own Province: False",0.07,0.15,0.23,0.3
"New Religion: Old Gods, Current Religion: Skagosi Old Gods, Population: 250000, Control: 100, Own Province: True",0.05,0.09,0.15,0.19
"New Religion: Old Gods, Current Religion: Skagosi Old Gods, Population: 250000, Control: 100, Own Province: False",0.08,0.15,0.23,0.29
"New Religion: Old Gods, Current Religion: Skagosi Old Gods, Population: 300000, Control: 85, Own Province: True",0.08,0.15,0.22,0.3
"New Religion: Old Gods, Current Religion: Skagosi Old Gods, Population: 300000, Control: 85, Own Province: False",0.08,0.16,0.21,0.3
"New Religion: Old Gods, Current Religion: Skagosi Old Gods, Population: 300000, Control: 90, Own Province: True",0.07,0.15,0.22,0.3
"New Religion: Old Gods, Current Religion: Skagosi Old Gods, Population: 300000, Control: 90, Own Province: False",0.08,0.15,0.23,0.29
"New Religion: Old Gods, Current Religion: Skagosi Old Gods, Population: 300000, Control: 95, Own Province: True",0.07,0.15,0.23,0.29
"New Religion: Old Gods, Current Religion: Skagosi Old Gods, Population: 300000, Control: 95, Own Province: False",0.07,0.15,0.22,0.29
"New Religion: Old Gods, Current Religion: Skagosi Old Gods, Population: 300000, Control: 100, Own Province: True",0.06,0.12,0.19,0.24
"New Religion: Old Gods, Current Religion: Skagosi Old Gods, Population: 300000, Control: 100, Own Province: False",0.07,0.15,0.23,0.29
"New Religion: Old Gods, Current Religion: DrownedGod, Population: 1000, Control: 85, Own Province: True",0.04,0.07,0.1,0.14
"New Religion: Old Gods, Current Religion: DrownedGod, Population: 1000, Control: 85, Own Province: False",0.04,0.07,0.1,0.13
"New Religion: Old Gods, Current Religion: DrownedGod, Population: 1000, Control: 90, Own Province: True",0.03,0.05,0.07,0.09
"New Religion: Old Gods, Current Religion: DrownedGod, Population: 1000, Control: 90, Own Province: False",0.04,0.09,0.15,0.19
"New Religion: Old Gods, Current Religion: DrownedGod, Population: 1000, Control: 95, Own Province: True",0.01,0.03,0.04,0.05
"New Religion: Old Gods, Current Religion: DrownedGod, Population: 1000, Control: 95, Own Province: False",0.06,0.12,0.19,0.25
"New Religion: Old Gods, Current Religion: DrownedGod, Population: 1000, Control: 100, Own Province: True",0.01,0.01,0.02,0.02
"New Religion: Old Gods, Current Religion: DrownedGod, Population: 1000, Control: 100, Own Province: False",0.07,0.15,0.22,0.3
"New Religion: Old Gods, Current Religion: DrownedGod, Population: 50000, Control: 85, Own Province: True",0.05,0.1,0.14,0.19
"New Religion: Old Gods, Current Religion: DrownedGod, Population: 50000, Control: 85, Own Province: False",0.05,0.1,0.15,0.19
"New Religion: Old Gods, Current Religion: DrownedGod, Population: 50000, Control: 90, Own Province: True",0.04,0.07,0.1,0.15
"New Religion: Old Gods, Current Religion: DrownedGod, Population: 50000, Control: 90, Own Province: False",0.06,0.12,0.18,0.25
"New Religion: Old Gods, Current Religion: DrownedGod, Population: 50000, Control: 95, Own Province: True",0.02,0.05,0.07,0.1
"New Religion: Old Gods, Current Religion: DrownedGod, Population: 50000, Control: 95, Own Province: False",0.07,0.15,0.22,0.29
"New Religion: Old Gods, Current Religion: DrownedGod, Population: 50000, Control: 100, Own Province: True",0.02,0.03,0.04,0.06
"New Religion: Old Gods, Current Religion: DrownedGod, Population: 50000, Control: 100, Own Province: False",0.08,0.15,0.22,0.29
"New Religion: Old Gods, Current Religion: DrownedGod, Population: 100000, Control: 85, Own Province: True",0.06,0.12,0.19,0.24
"New Religion: Old Gods, Current Religion: DrownedGod, Population: 100000, Control: 85, Own Province: False",0.06,0.12,0.18,0.25
"New Religion: Old Gods, Current Religion: DrownedGod, Population: 100000, Control: 90, Own Province: True",0.05,0.09,0.15,0.19
"New Religion: Old Gods, Current Religion: DrownedGod, Population: 100000, Control: 90, Own Province: False",0.07,0.15,0.22,0.29
"New Religion: Old Gods, Current Religion: DrownedGod, Population: 100000, Control: 95, Own Province: True",0.03,0.07,0.1,0.14
"New Religion: Old Gods, Current Religion: DrownedGod, Population: 100000, Control: 95, Own Province: False",0.07,0.15,0.23,0.3
"New Religion: Old Gods, Current Religion: DrownedGod, Population: 100000, Control: 100, Own Province: True",0.02,0.05,0.08,0.1
"New Religion: Old Gods, Current Religion: DrownedGod, Population: 100000, Control: 100, Own Province: False",0.07,0.15,0.22,0.3
"New Religion: Old Gods, Current Religion: DrownedGod, Population: 150000, Control: 85, Own Province: True",0.08,0.15,0.23,0.29
"New Religion: Old Gods, Current Religion: DrownedGod, Population: 150000, Control: 85, Own Province: False",0.08,0.15,0.22,0.3
"New Religion: Old Gods, Current Religion: DrownedGod, Population: 150000, Control: 90, Own Province: True",0.06,0.13,0.19,0.24
"New Religion: Old Gods, Current Religion: DrownedGod, Population: 150000, Control: 90, Own Province: False",0.07,0.15,0.23,0.29
"New Religion: Old Gods, Current Religion: DrownedGod, Population: 150000, Control: 95, Own Province: True",0.05,0.1,0.15,0.19
"New Religion: Old Gods, Current Religion: DrownedGod, Population: 150000, Control: 95, Own Province: False",0.07,0.15,0.22,0.3
"New Religion: Old Gods, Current Religion: DrownedGod, Population: 150000, Control: 100, Own Province: True",0.03,0.07,0.1,0.14
"New Religion: Old Gods, Current Religion: DrownedGod, Population: 150000, Control: 100, Own Province: False",0.08,0.15,0.23,0.28
"New Religion: Old Gods, Current Religion: DrownedGod, Population: 200000, Control: 85, Own Province: True",0.07,0.15,0.22,0.3
"New Religion: Old Gods, Current Religion: DrownedGod, Population: 200000, Control: 85, Own Province: False",0.08,0.14,0.21,0.3
"New Religion: Old Gods, Current Religion: DrownedGod, Population: 200000, Control: 90, Own Province: True",0.08,0.14,0.22,0.29
"New Religion: Old Gods, Current Religion: DrownedGod, Population: 200000, Control: 90, Own Province: False",0.08,0.15,0.22,0.29
"New Religion: Old Gods, Current Religion: DrownedGod, Population: 200000, Control: 95, Own Province: True",0.06,0.12,0.19,0.24
"New Religion: Old Gods, Current Religion: DrownedGod, Population: 200000, Control: 95, Own Province: False",0.07,0.14,0.22,0.31
"New Religion: Old Gods, Current Religion: DrownedGod, Population: 200000, Control: 100, Own Province: True",0.05,0.09,0.14,0.2
"New Religion: Old Gods, Current Religion: DrownedGod, Population: 200000, Control: 100, Own Province: False",0.07,0.15,0.22,0.3
"New Religion: Old Gods, Current Religion: DrownedGod, Population: 250000, Control: 85, Own Province: True",0.07,0.15,0.22,0.31
"New Religion: Old Gods, Current Religion: DrownedGod, Population: 250000, Control: 85, Own Province: False",0.08,0.15,0.23,0.29
"New Religion: Old Gods, Current Religion: DrownedGod, Population: 250000, Control: 90, Own Province: True",0.07,0.15,0.23,0.3
"New Religion: Old Gods, Current Religion: DrownedGod, Population: 250000, Control: 90, Own Province: False",0.07,0.15,0.22,0.3
"New Religion: Old Gods, Current Religion: DrownedGod, Population: 250000, Control: 95, Own Province: True",0.07,0.15,0.22,0.3
"New Religion: Old Gods, Current Religion: DrownedGod, Population: 250000, Control: 95, Own Province: False",0.07,0.15,0.23,0.28
"New Religion: Old Gods, Current Religion: DrownedGod, Population: 250000, Control: 100, Own Province: True",0.06,0.13,0.18,0.25
"New Religion: Old Gods, Current Religion: DrownedGod, Population: 250000, Control: 100, Own Province: False",0.08,0.15,0.22,0.3
"New Religion: Old Gods, Current Religion: DrownedGod, Population: 300000, Control: 85, Own Province: True",0.08,0.15,0.22,0.3
"New Religion: Old Gods, Current Religion: DrownedGod, Population: 300000, Control: 85, Own Province: False",0.07,0.15,0.22,0.3
"New Religion: Old Gods, Current Religion: DrownedGod, Population: 300000, Control: 90, Own Province: True",0.08,0.15,0.22,0.3
"New Religion: Old Gods, Current Religion: DrownedGod, Population: 300000, Control: 90, Own Province: False",0.08,0.15,0.22,0.29
"New Religion: Old Gods, Current Religion: DrownedGod, Population: 300000, Control: 95, Own Province: True",0.07,0.15,0.23,0.3
"New Religion: Old Gods, Current Religion: DrownedGod, Population: 300000, Control: 95, Own Province: False",0.07,0.15,0.23,0.29
"New Religion: Old Gods, Current Religion: DrownedGod, Population: 300000, Control: 100, Own Province: True",0.08,0.15,0.22,0.29
"New Religion: Old Gods, Current Religion: DrownedGod, Population: 300000, Control: 100, Own Province: False",0.07,0.16,0.22,0.29
"New Religion: Old Gods, Current Religion: DrownedGodII, Population: 1000, Control: 85, Own Province: True",0.02,0.05,0.06,0.1
"New Religion: Old Gods, Current Religion: DrownedGodII, Population: 1000, Control: 85, Own Province: False",0.02,0.05,0.07,0.1
"New Religion: Old Gods, Current Religion: DrownedGodII, Population: 1000, Control: 90, Own Province: True",0.01,0.03,0.04,0.05
"New Religion: Old Gods, Current Religion: DrownedGodII, Population: 1000, Control: 90, Own Province: False",0.04,0.07,0.11,0.14
"New Religion: Old Gods, Current Religion: DrownedGodII, Population: 1000, Control: 95, Own Province: True",0.01,0.01,0.02,0.02
"New Religion: Old Gods, Current Religion: DrownedGodII, Population: 1000, Control: 95, Own Province: False",0.05,0.1,0.15,0.19
"New Religion: Old Gods, Current Religion: DrownedGodII, Population: 1000, Control: 100, Own Province: True",0.0,0.0,0.0,0.0
"New Religion: Old Gods, Current Religion: DrownedGodII, Population: 1000, Control: 100, Own Province: False",0.06,0.12,0.18,0.24
"New Religion: Old Gods, Current Religion: DrownedGodII, Population: 50000, Control: 85, Own Province: True",0.03,0.07,0.1,0.14
"New Religion: Old Gods, Current Religion: DrownedGodII, Population: 50000, Control: 85, Own Province: False",0.04,0.07,0.1,0.14
"New Religion: Old Gods, Current Religion: DrownedGodII, Population: 50000, Control: 90, Own Province: True",0.02,0.05,0.07,0.09
"New Religion: Old Gods, Current Religion: DrownedGodII, Population: 50000, Control: 90, Own Province: False",0.05,0.1,0.14,0.19
"New Religion: Old Gods, Current Religion: DrownedGodII, Population: 50000, Control: 95, Own Province: True",0.01,0.03,0.04,0.05
"New Religion: Old Gods, Current Religion: DrownedGodII, Population: 50000, Control: 95, Own Province: False",0.06,0.12,0.18,0.25
"New Religion: Old Gods, Current Religion: DrownedGodII, Population: 50000, Control: 100, Own Province: True",0.01,0.01,0.02,0.03
"New Religion: Old Gods, Current Religion: DrownedGodII, Population: 50000, Control: 100, Own Province: False",0.07,0.14,0.23,0.3
"New Religion: Old Gods, Current Religion: DrownedGodII, Population: 100000, Control: 85, Own Province: True",0.05,0.1,0.14,0.2
"New Religion: Old Gods, Current Religion: DrownedGodII, Population: 100000, Control: 85, Own Province: False",0.05,0.1,0.15,0.19
"New Religion: Old Gods, Current Religion: DrownedGodII, Population: 100000, Control: 90, Own Province: True",0.03,0.07,0.11,0.14
"New Religion: Old Gods, Current Religion: DrownedGodII, Population: 100000, Control: 90, Own Province: False",0.06,0.12,0.18,0.25
"New Religion: Old Gods, Current Religion: DrownedGodII, Population: 100000, Control: 95, Own Province: True",0.03,0.05,0.07,0.09
"New Religion: Old Gods, Current Religion: DrownedGodII, Population: 100000, Control: 95, Own Province: False",0.08,0.15,0.21,0.3
"New Religion: Old Gods, Current Religion: DrownedGodII, Population: 100000, Control: 100, Own Province: True",0.01,0.03,0.04,0.05
"New Religion: Old Gods, Current Religion: DrownedGodII, Population: 100000, Control: 100, Own Province: False",0.07,0.15,0.22,0.3
"New Religion: Old Gods, Current Religion: DrownedGodII, Population: 150000, Control: 85, Own Province: True",0.06,0.13,0.18,0.24
"New Religion: Old Gods, Current Religion: DrownedGodII, Population: 150000, Control: 85, Own Province: False",0.06,0.12,0.19,0.24
"New Religion: Old Gods, Current Religion: DrownedGodII, Population: 150000, Control: 90, Own Province: True",0.05,0.1,0.14,0.19
"New Religion: Old Gods, Current Religion: DrownedGodII, Population: 150000, Control: 90, Own Province: False",0.07,0.14,0.22,0.3
"New Religion: Old Gods, Current Religion: DrownedGodII, Population: 150000, Control: 95, Own Province: True",0.04,0.07,0.11,0.14
"New Religion: Old Gods, Current Religion: DrownedGodII, Population: 150000, Control: 95, Own Province: False",0.08,0.15,0.22,0.29
"New Religion: Old Gods, Current Religion: DrownedGodII, Population: 150000, Control: 100, Own Province: True",0.02,0.04,0.07,0.1
"New Religion: Old Gods, Current Religion: DrownedGodII, Population: 150000, Control: 100, Own Province: False",0.07,0.15,0.22,0.3
"New Religion: Old Gods, Current Religion: DrownedGodII, Population: 200000, Control: 85, Own Province: True",0.07,0.15,0.23,0.29
"New Religion: Old Gods, Current Religion: DrownedGodII, Population: 200000, Control: 85, Own Province: False",0.07,0.15,0.22,0.3
"New Religion: Old Gods, Current Religion: DrownedGodII, Population: 200000, Control: 90, Own Province: True",0.06,0.13,0.18,0.25
"New Religion: Old Gods, Current Religion: DrownedGodII, Population: 200000, Control: 90, Own Province: False",0.07,0.15,0.22,0.3
"New Religion: Old Gods, Current Religion: DrownedGodII, Population: 200000, Control: 95, Own Province: True",0.05,0.09,0.15,0.19
"New Religion: Old Gods, Current Religion: DrownedGodII, Population: 200000, Control: 95, Own Province: False",0.08,0.15,0.22,0.3
"New Religion: Old Gods, Current Religion: DrownedGodII, Population: 200000, Control: 100, Own Province: True",0.03,0.07,0.11,0.13
"New Religion: Old Gods, Current Religion: DrownedGodII, Population: 200000, Control: 100, Own Province: False",0.07,0.15,0.23,0.29
"New Religion: Old Gods, Current Religion: DrownedGodII, Population: 250000, Control: 85, Own Province: True",0.07,0.14,0.22,0.3
"New Religion: Old Gods, Current Religion: DrownedGodII, Population: 250000, Control: 85, Own Province: False",0.08,0.15,0.22,0.3
"New Religion: Old Gods, Current Religion: DrownedGodII, Population: 250000, Control: 90, Own Province: True",0.08,0.15,0.22,0.3
"New Religion: Old Gods, Current Religion: DrownedGodII, Population: 250000, Control: 90, Own Province: False",0.08,0.15,0.22,0.29
"New Religion: Old Gods, Current Religion: DrownedGodII, Population: 250000, Control: 95, Own Province: True",0.06,0.12,0.18,0.25
"New Religion: Old Gods, Current Religion: DrownedGodII, Population: 250000, Control: 95, Own Province: False",0.08,0.15,0.23,0.29
"New Religion: Old Gods, Current Religion: DrownedGodII, Population: 250000, Control: 100, Own Province: True",0.04,0.09,0.14,0.19
"New Religion: Old Gods, Current Religion: DrownedGodII, Population: 250000, Control: 100, Own Province: False",0.07,0.15,0.22,0.3
"New Religion: Old Gods, Current Religion: DrownedGodII, Population: 300000, Control: 85, Own Province: True",0.07,0.15,0.22,0.3
"New Religion: Old Gods, Current Religion: DrownedGodII, Population: 300000, Control: 85, Own Province: False",0.07,0.14,0.22,0.3
"New Religion: Old Gods, Current Religion: DrownedGodII, Population: 300000, Control: 90, Own Province: True",0.07,0.15,0.22,0.29
"New Religion: Old Gods, Current Religion: DrownedGodII, Population: 300000, Control: 90, Own Province: False",0.07,0.15,0.22,0.3
"New Religion: Old Gods, Current Religion: DrownedGodII, Population: 300000, Control: 95, Own Province: True",0.07,0.14,0.23,0.29
"New Religion: Old Gods, Current Religion: DrownedGodII, Population: 300000, Control: 95, Own Province: False",0.07,0.14,0.23,0.29
"New Religion: Old Gods, Current Religion: DrownedGodII, Population: 300000, Control: 100, Own Province: True",0.06,0.12,0.18,0.25
"New Religion: Old Gods, Current Religion: DrownedGodII, Population: 300000, Control: 100, Own Province: False",0.08,0.14,0.23,0.3
"New Religion: Old Gods, Current Religion: Mother Rhoyne, Population: 1000, Control: 85, Own Province: True",0.02,0.05,0.08,0.09
"New Religion: Old Gods, Current Religion: Mother Rhoyne, Population: 1000, Control: 85, Own Province: False",0.02,0.05,0.07,0.1
"New Religion: Old Gods, Current Religion: Mother Rhoyne, Population: 1000, Control: 90, Own Province: True",0.01,0.03,0.04,0.05
"New Religion: Old Gods, Current Religion: Mother Rhoyne, Population: 1000, Control: 90, Own Province: False",0.03,0.06,0.1,0.15
"New Religion: Old Gods, Current Religion: Mother Rhoyne, Population: 1000, Control: 95, Own Province: True",0.01,0.01,0.02,0.03
"New Religion: Old Gods, Current Religion: Mother Rhoyne, Population: 1000, Control: 95, Own Province: False",0.05,0.1,0.15,0.18
"New Religion: Old Gods, Current Religion: Mother Rhoyne, Population: 1000, Control: 100, Own Province: True",0.0,0.0,0.0,0.0
"New Religion: Old Gods, Current Religion: Mother Rhoyne, Population: 1000, Control: 100, Own Province: False",0.06,0.12,0.19,0.24
"New Religion: Old Gods, Current Religion: Mother Rhoyne, Population: 50000, Control: 85, Own Province: True",0.03,0.08,0.1,0.14
"New Religion: Old Gods, Current Religion: Mother Rhoyne, Population: 50000, Control: 85, Own Province: False",0.04,0.07,0.11,0.14
"New Religion: Old Gods, Current Religion: Mother Rhoyne, Population: 50000, Control: 90, Own Province: True",0.02,0.05,0.07,0.09
"New Religion: Old Gods, Current Religion: Mother Rhoyne, Population: 50000, Control: 90, Own Province: False",0.05,0.1,0.14,0.2
"New Religion: Old Gods, Current Religion: Mother Rhoyne, Population: 50000, Control: 95, Own Province: True",0.01,0.03,0.04,0.05
"New Religion: Old Gods, Current Religion: Mother Rhoyne, Population: 50000, Control: 95, Own Province: False",0.06,0.12,0.18,0.25
"New Religion: Old Gods, Current Religion: Mother Rhoyne, Population: 50000, Control: 100, Own Province: True",0.01,0.01,0.02,0.02
"New Religion: Old Gods, Current Religion: Mother Rhoyne, Population: 50000, Control: 100, Own Province: False",0.08,0.14,0.22,0.3
"New Religion: Old Gods, Current Religion: Mother Rhoyne, Population: 100000, Control: 85, Own Province: True",0.05,0.09,0.15,0.19
"New Religion: Old Gods, Current Religion: Mother Rhoyne, Population: 100000, Control: 85, Own Province: False",0.05,0.1,0.14,0.18
"New Religion: Old Gods, Current Religion: Mother Rhoyne, Population: 100000, Control: 90, Own Province: True",0.04,0.07,0.1,0.14
"New Religion: Old Gods, Current Religion: Mother Rhoyne, Population: 100000, Control: 90, Own Province: False",0.06,0.12,0.19,0.25
"New Religion: Old Gods, Current Religion: Mother Rhoyne, Population: 100000, Control: 95, Own Province: True",0.02,0.05,0.07,0.1
"New Religion: Old Gods, Current Religion: Mother Rhoyne, Population: 100000, Control: 95, Own Province: False",0.07,0.15,0.22,0.3
"New Religion: Old Gods, Current Religion: Mother Rhoyne, Population: 100000, Control: 100, Own Province: True",0.01,0.03,0.04,0.06
"New Religion: Old Gods, Current Religion: Mother Rhoyne, Population: 100000, Control: 100, Own Province: False",0.07,0.15,0.22,0.29
"New Religion: Old Gods, Current Religion: Mother Rhoyne, Population: 150000, Control: 85, Own Province: True",0.06,0.12,0.18,0.24
"New Religion: Old Gods, Current Religion: Mother Rhoyne, Population: 150000, Control: 85, Own Province: False",0.06,0.13,0.18,0.24
"New Religion: Old Gods, Current Religion: Mother Rhoyne, Population: 150000, Control: 90, Own Province: True",0.05,0.1,0.14,0.19
"New Religion: Old Gods, Current Religion: Mother Rhoyne, Population: 150000, Control: 90, Own Province: False",0.07,0.15,0.23,0.29
"New Religion: Old Gods, Current Religion: Mother Rhoyne, Population: 150000, Control: 95, Own Province: True",0.04,0.07,0.1,0.15
"New Religion: Old Gods, Current Religion: Mother Rhoyne, Population: 150000, Control: 95, Own Province: False",0.07,0.15,0.23,0.3
"New Religion: Old Gods, Current Religion: Mother Rhoyne, Population: 150000, Control: 100, Own Province: True",0.03,0.05,0.07,0.09
"New Religion: Old Gods, Current Religion: Mother Rhoyne, Population: 150000, Control: 100, Own Province: False",0.08,0.15,0.22,0.3
"New Religion: Old Gods, Current Religion: Mother Rhoyne, Population: 200000, Control: 85, Own Province: True",0.08,0.15,0.22,0.3
"New Religion: Old Gods, Current Religion: Mother Rhoyne, Population: 200000, Control: 85, Own Province: False",0.07,0.14,0.22,0.3
"New Religion: Old Gods, Current Religion: Mother Rhoyne, Population: 200000, Control: 90, Own Province: True",0.06,0.13,0.19,0.24
"New Religion: Old Gods, Current Religion: Mother Rhoyne, Population: 200000, Control: 90, Own Province: False",0.07,0.15,0.22,0.29
"New Religion: Old Gods, Current Religion: Mother Rhoyne, Population: 200000, Control: 95, Own Province: True",0.05,0.09,0.15,0.2
"New Religion: Old Gods, Current Religion: Mother Rhoyne, Population: 200000, Control: 95, Own Province: False",0.08,0.15,0.22,0.29
"New Religion: Old Gods, Current Religion: Mother Rhoyne, Population: 200000, Control: 100, Own Province: True",0.03,0.07,0.11,0.14
"New Religion: Old Gods, Current Religion: Mother Rhoyne, Population: 200000, Control: 100, Own Province: False",0.08,0.15,0.23,0.29
"New Religion: Old Gods, Current Religion: Mother Rhoyne, Population: 250000, Control: 85, Own Province: True",0.07,0.15,0.22,0.3
"New Religion: Old Gods, Current Religion: Mother Rhoyne, Population: 250000, Control: 85, Own Province: False",0.07,0.15,0.22,0.3
"New Religion: Old Gods, Current Religion: Mother Rhoyne, Population: 250000, Control: 90, Own Province: True",0.08,0.15,0.22,0.29
"New Religion: Old Gods, Current Religion: Mother Rhoyne, Population: 250000, Control: 90, Own Province: False",0.07,0.15,0.22,0.3
"New Religion: Old Gods, Current Religion: Mother Rhoyne, Population: 250000, Control: 95, Own Province: True",0.06,0.12,0.18,0.26
"New Religion: Old Gods, Current Religion: Mother Rhoyne, Population: 250000, Control: 95, Own Province: False",0.07,0.14,0.22,0.3
"New Religion: Old Gods, Current Religion: Mother Rhoyne, Population: 250000, Control: 100, Own Province: True",0.05,0.1,0.14,0.19
"New Religion: Old Gods, Current Religion: Mother Rhoyne, Population: 250000, Control: 100, Own Province: False",0.07,0.14,0.22,0.31
"New Religion: Old Gods, Current Religion: Mother Rhoyne, Population: 300000, Control: 85, Own Province: True",0.07,0.15,0.23,0.3
"New Religion: Old Gods, Current Religion: Mother Rhoyne, Population: 300000, Control: 85, Own Province: False",0.07,0.15,0.23,0.29
"New Religion: Old Gods, Current Religion: Mother Rhoyne, Population: 300000, Control: 90, Own Province: True",0.08,0.15,0.22,0.29
"New Religion: Old Gods, Current Religion: Mother Rhoyne, Population: 300000, Control: 90, Own Province: False",0.08,0.15,0.22,0.29
"New Religion: Old Gods, Current Religion: Mother Rhoyne, Population: 300000, Control: 95, Own Province: True",0.08,0.16,0.21,0.3
"New Religion: Old Gods, Current Religion: Mother Rhoyne, Population: 300000, Control: 95, Own Province: False",0.07,0.15,0.23,0.29
"New Religion: Old Gods, Current Religion: Mother Rhoyne, Population: 300000, Control: 100, Own Province: True",0.06,0.13,0.18,0.24
"New Religion: Old Gods, Current Religion: Mother Rhoyne, Population: 300000, Control: 100, Own Province: False",0.07,0.15,0.23,0.29
"New Religion: Old Gods, Current Religion: Gods of Valyria, Population: 1000, Control: 85, Own Province: True",0.02,0.05,0.08,0.1
"New Religion: Old Gods, Current Religion: Gods of Valyria, Population: 1000, Control: 85, Own Province: False",0.02,0.05,0.08,0.09
"New Religion: Old Gods, Current Religion: Gods of Valyria, Population: 1000, Control: 90, Own Province: True",0.01,0.03,0.04,0.05
"New Religion: Old Gods, Current Religion: Gods of Valyria, Population: 1000, Control: 90, Own Province: False",0.04,0.07,0.11,0.14
"New Religion: Old Gods, Current Religion: Gods of Valyria, Population: 1000, Control: 95, Own Province: True",0.01,0.01,0.02,0.02
"New Religion: Old Gods, Current Religion: Gods of Valyria, Population: 1000, Control: 95, Own Province: False",0.05,0.09,0.14,0.19
"New Religion: Old Gods, Current Religion: Gods of Valyria, Population: 1000, Control: 100, Own Province: True",0.0,0.0,0.0,0.0
"New Religion: Old Gods, Current Religion: Gods of Valyria, Population: 1000, Control: 100, Own Province: False",0.06,0.12,0.19,0.24
"New Religion: Old Gods, Current Religion: Gods of Valyria, Population: 50000, Control: 85, Own Province: True",0.04,0.07,0.11,0.14
"New Religion: Old Gods, Current Religion: Gods of Valyria, Population: 50000, Control: 85, Own Province: False",0.04,0.07,0.11,0.14
"New Religion: Old Gods, Current Religion: Gods of Valyria, Population: 50000, Control: 90, Own Province: True",0.02,0.05,0.07,0.1
"New Religion: Old Gods, Current Religion: Gods of Valyria, Population: 50000, Control: 90, Own Province: False",0.05,0.1,0.15,0.19
"New Religion: Old Gods, Current Religion: Gods of Valyria, Population: 50000, Control: 95, Own Province: True",0.01,0.03,0.04,0.05
"New Religion: Old Gods, Current Religion: Gods of Valyria, Population: 50000, Control: 95, Own Province: False",0.06,0.12,0.18,0.25
"New Religion: Old Gods, Current Religion: Gods of Valyria, Population: 50000, Control: 100, Own Province: True",0.01,0.01,0.02,0.02
"New Religion: Old Gods, Current Religion: Gods of Valyria, Population: 50000, Control: 100, Own Province: False",0.07,0.15,0.23,0.29
"New Religion: Old Gods, Current Religion: Gods of Valyria, Population: 100000, Control: 85, Own Province: True",0.05,0.09,0.14,0.19
"New Religion: Old Gods, Current Religion: Gods of Valyria, Population: 100000, Control: 85, Own Province: False",0.05,0.09,0.14,0.19
"New Religion: Old Gods, Current Religion: Gods of Valyria, Population: 100000, Control: 90, Own Province: True",0.03,0.07,0.11,0.14
"New Religion: Old Gods, Current Religion: Gods of Valyria, Population: 100000, Control: 90, Own Province: False",0.06,0.12,0.18,0.24
"New Religion: Old Gods, Current Religion: Gods of Valyria, Population: 100000, Control: 95, Own Province: True",0.02,0.05,0.07,0.1
"New Religion: Old Gods, Current Religion: Gods of Valyria, Population: 100000, Control: 95, Own Province: False",0.07,0.15,0.23,0.3
"New Religion: Old Gods, Current Religion: Gods of Valyria, Population: 100000, Control: 100, Own Province: True",0.01,0.03,0.04,0.05
"New Religion: Old Gods, Current Religion: Gods of Valyria, Population: 100000, Control: 100, Own Province: False",0.07,0.15,0.23,0.29
"New Religion: Old Gods, Current Religion: Gods of Valyria, Population: 150000, Control: 85, Own Province: True",0.06,0.13,0.18,0.25
"New Religion: Old Gods, Current Religion: Gods of Valyria, Population: 150000, Control: 85, Own Province: False",0.06,0.12,0.19,0.24
"New Religion: Old Gods, Current Religion: Gods of Valyria, Population: 150000, Control: 90, Own Province: True",0.05,0.1,0.15,0.19
"New Religion: Old Gods, Current Religion: Gods of Valyria, Population: 150000, Control: 90, Own Province: False",0.07,0.15,0.22,0.3
"New Religion: Old Gods, Current Religion: Gods of Valyria, Population: 150000, Control: 95, Own Province: True",0.04,0.07,0.11,0.14
"New Religion: Old Gods, Current Religion: Gods of Valyria, Population: 150000, Control: 95, Own Province: False",0.08,0.15,0.22,0.29
"New Religion: Old Gods, Current Religion: Gods of Valyria, Population: 150000, Control: 100, Own Province: True",0.02,0.05,0.07,0.1
"New Religion: Old Gods, Current Religion: Gods of Valyria, Population: 150000, Control: 100, Own Province: False",0.08,0.15,0.22,0.29
"New Religion: Old Gods, Current Religion: Gods of Valyria, Population: 200000, Control: 85, Own Province: True",0.07,0.15,0.22,0.3
"New Religion: Old Gods, Current Religion: Gods of Valyria, Population: 200000, Control: 85, Own Province: False",0.07,0.15,0.23,0.3
"New Religion: Old Gods, Current Religion: Gods of Valyria, Population: 200000, Control: 90, Own Province: True",0.06,0.12,0.19,0.25
"New Religion: Old Gods, Current Religion: Gods of Valyria, Population: 200000, Control: 90, Own Province: False",0.07,0.15,0.22,0.29
"New Religion: Old Gods, Current Religion: Gods of Valyria, Population: 200000, Control: 95, Own Province: True",0.05,0.1,0.14,0.2
"New Religion: Old Gods, Current Religion: Gods of Valyria, Population: 200000, Control: 95, Own Province: False",0.07,0.15,0.23,0.3
"New Religion: Old Gods, Current Religion: Gods of Valyria, Population: 200000, Control: 100, Own Province: True",0.04,0.07,0.11,0.14
"New Religion: Old Gods, Current Religion: Gods of Valyria, Population: 200000, Control: 100, Own Province: False",0.07,0.15,0.22,0.3
"New Religion: Old Gods, Current Religion: Gods of Valyria, Population: 250000, Control: 85, Own Province: True",0.08,0.15,0.22,0.3
"New Religion: Old Gods, Current Religion: Gods of Valyria, Population: 250000, Control: 85, Own Province: False",0.08,0.15,0.22,0.3
"New Religion: Old Gods, Current Religion: Gods of Valyria, Population: 250000, Control: 90, Own Province: True",0.08,0.15,0.22,0.29
"New Religion: Old Gods, Current Religion: Gods of Valyria, Population: 250000, Control: 90, Own Province: False",0.07,0.14,0.22,0.3
"New Religion: Old Gods, Current Religion: Gods of Valyria, Population: 250000, Control: 95, Own Province: True",0.06,0.12,0.18,0.25
"New Religion: Old Gods, Current Religion: Gods of Valyria, Population: 250000, Control: 95, Own Province: False",0.07,0.15,0.22,0.3
"New Religion: Old Gods, Current Religion: Gods of Valyria, Population: 250000, Control: 100, Own Province: True",0.05,0.09,0.14,0.19
"New Religion: Old Gods, Current Religion: Gods of Valyria, Population: 250000, Control: 100, Own Province: False",0.07,0.15,0.22,0.3
"New Religion: Old Gods, Current Religion: Gods of Valyria, Population: 300000, Control: 85, Own Province: True",0.07,0.15,0.22,0.29
"New Religion: Old Gods, Current Religion: Gods of Valyria, Population: 300000, Control: 85, Own Province: False",0.08,0.15,0.22,0.3
"New Religion: Old Gods, Current Religion: Gods of Valyria, Population: 300000, Control: 90, Own Province: True",0.07,0.15,0.22,0.3
"New Religion: Old Gods, Current Religion: Gods of Valyria, Population: 300000, Control: 90, Own Province: False",0.08,0.15,0.23,0.29
"New Religion: Old Gods, Current Religion: Gods of Valyria, Population: 300000, Control: 95, Own Province: True",0.07,0.15,0.23,0.3
"New Religion: Old Gods, Current Religion: Gods of Valyria, Population: 300000, Control: 95, Own Province: False",0.07,0.15,0.22,0.3
"New Religion: Old Gods, Current Religion: Gods of Valyria, Population: 300000, Control: 100, Own Province: True",0.06,0.12,0.18,0.25
"New Religion: Old Gods, Current Religion: Gods of Valyria, Population: 300000, Control: 100, Own Province: False",0.07,0.15,0.23,0.3
"New Religion: Old Gods, Current Religion: R'hllor, Population: 1000, Control: 85, Own Province: True",0.02,0.05,0.07,0.1
"New Religion: Old Gods, Current Religion: R'hllor, Population: 1000, Control: 85, Own Province: False",0.02,0.04,0.07,0.1
"New Religion: Old Gods, Current Religion: R'hllor, Population: 1000, Control: 90, Own Province: True",0.02,0.03,0.04,0.05
"New Religion: Old Gods, Current Religion: R'hllor, Population: 1000, Control: 90, Own Province: False",0.03,0.07,0.1,0.14
"New Religion: Old Gods, Current Religion: R'hllor, Population: 1000, Control: 95, Own Province: True",0.01,0.01,0.02,0.02
"New Religion: Old Gods, Current Religion: R'hllor, Population: 1000, Control: 95, Own Province: False",0.05,0.1,0.14,0.2
"New Religion: Old Gods, Current Religion: R'hllor, Population: 1000, Control: 100, Own Province: True",0.0,0.0,0.0,0.0
"New Religion: Old Gods, Current Religion: R'hllor, Population: 1000, Control: 100, Own Province: False",0.06,0.13,0.18,0.24
"New Religion: Old Gods, Current Religion: R'hllor, Population: 50000, Control: 85, Own Province: True",0.03,0.07,0.1,0.14
"New Religion: Old Gods, Current Religion: R'hllor, Population: 50000, Control: 85, Own Province: False",0.04,0.07,0.1,0.14
"New Religion: Old Gods, Current Religion: R'hllor, Population: 50000, Control: 90, Own Province: True",0.02,0.05,0.07,0.1
"New Religion: Old Gods, Current Religion: R'hllor, Population: 50000, Control: 90, Own Province: False",0.05,0.09,0.15,0.2
"New Religion: Old Gods, Current Religion: R'hllor, Population: 50000, Control: 95, Own Province: True",0.01,0.03,0.04,0.06
"New Religion: Old Gods, Current Religion: R'hllor, Population: 50000, Control: 95, Own Province: False",0.06,0.13,0.18,0.25
"New Religion: Old Gods, Current Religion: R'hllor, Population: 50000, Control: 100, Own Province: True",0.01,0.01,0.02,0.02
"New Religion: Old Gods, Current Religion: R'hllor, Population: 50000, Control: 100, Own Province: False",0.08,0.15,0.23,0.29
"New Religion: Old Gods, Current Religion: R'hllor, Population: 100000, Control: 85, Own Province: True",0.05,0.09,0.14,0.19
"New Religion: Old Gods, Current Religion: R'hllor, Population: 100000, Control: 85, Own Province: False",0.05,0.1,0.14,0.19
"New Religion: Old Gods, Current Religion: R'hllor, Population: 100000, Control: 90, Own Province: True",0.04,0.08,0.1,0.14
"New Religion: Old Gods, Current Religion: R'hllor, Population: 100000, Control: 90, Own Province: False",0.06,0.12,0.18,0.25
"New Religion: Old Gods, Current Religion: R'hllor, Population: 100000, Control: 95, Own Province: True",0.02,0.05,0.07,0.09
"New Religion: Old Gods, Current Religion: R'hllor, Population: 100000, Control: 95, Own Province: False",0.08,0.15,0.22,0.3
"New Religion: Old Gods, Current Religion: R'hllor, Population: 100000, Control: 100, Own Province: True",0.01,0.03,0.04,0.05
"New Religion: Old Gods, Current Religion: R'hllor, Population: 100000, Control: 100, Own Province: False",0.08,0.14,0.23,0.29
"New Religion: Old Gods, Current Religion: R'hllor, Population: 150000, Control: 85, Own Province: True",0.06,0.12,0.18,0.25
"New Religion: Old Gods, Current Religion: R'hllor, Population: 150000, Control: 85, Own Province: False",0.06,0.12,0.19,0.24
"New Religion: Old Gods, Current Religion: R'hllor, Population: 150000, Control: 90, Own Province: True",0.05,0.1,0.14,0.19
"New Religion: Old Gods, Current Religion: R'hllor, Population: 150000, Control: 90, Own Province: False",0.08,0.15,0.23,0.3
"New Religion: Old Gods, Current Religion: R'hllor, Population: 150000, Control: 95, Own Province: True",0.04,0.07,0.1,0.15
"New Religion: Old Gods, Current Religion: R'hllor, Population: 150000, Control: 95, Own Province: False",0.07,0.15,0.23,0.3
"New Religion: Old Gods, Current Religion: R'hllor, Population: 150000, Control: 100, Own Province: True",0.02,0.05,0.07,0.09
"New Religion: Old Gods, Current Religion: R'hllor, Population: 150000, Control: 100, Own Province: False",0.08,0.15,0.23,0.29
"New Religion: Old Gods, Current Religion: R'hllor, Population: 200000, Control: 85, Own Province: True",0.08,0.15,0.22,0.29
"New Religion: Old Gods, Current Religion: R'hllor, Population: 200000, Control: 85, Own Province: False",0.08,0.14,0.22,0.3
"New Religion: Old Gods, Current Religion: R'hllor, Population: 200000, Control: 90, Own Province: True",0.06,0.13,0.18,0.24
"New Religion: Old Gods, Current Religion: R'hllor, Population: 200000, Control: 90, Own Province: False",0.08,0.14,0.22,0.3
"New Religion: Old Gods, Current Religion: R'hllor, Population: 200000, Control: 95, Own Province: True",0.05,0.1,0.14,0.19
"New Religion: Old Gods, Current Religion: R'hllor, Population: 200000, Control: 95, Own Province: False",0.08,0.15,0.22,0.3
"New Religion: Old Gods, Current Religion: R'hllor, Population: 200000, Control: 100, Own Province: True",0.04,0.07,0.11,0.14
"New Religion: Old Gods, Current Religion: R'hllor, Population: 200000, Control: 100, Own Province: False",0.07,0.15,0.22,0.3
"New Religion: Old Gods, Current Religion: R'hllor, Population: 250000, Control: 85, Own Province: True",0.08,0.14,0.22,0.29
"New Religion: Old Gods, Current Religion: R'hllor, Population: 250000, Control: 85, Own Province: False",0.07,0.14,0.23,0.3
"New Religion: Old Gods, Current Religion: R'hllor, Population: 250000, Control: 90, Own Province: True",0.07,0.15,0.23,0.3
"New Religion: Old Gods, Current Religion: R'hllor, Population: 250000, Control: 90, Own Province: False",0.07,0.15,0.22,0.3
"New Religion: Old Gods, Current Religion: R'hllor, Population: 250000, Control: 95, Own Province: True",0.06,0.13,0.18,0.25
"New Religion: Old Gods, Current Religion: R'hllor, Population: 250000, Control: 95, Own Province: False",0.07,0.15,0.23,0.3
"New Religion: Old Gods, Current Religion: R'hllor, Population: 250000, Control: 100, Own Province: True",0.05,0.09,0.15,0.19
"New Religion: Old Gods, Current Religion: R'hllor, Population: 250000, Control: 100, Own Province: False",0.07,0.15,0.22,0.3
"New Religion: Old Gods, Current Religion: R'hllor, Population: 300000, Control: 85, Own Province: True",0.07,0.15,0.22,0.3
"New Religion: Old Gods, Current Religion: R'hllor, Population: 300000, Control: 85, Own Province: False",0.07,0.15,0.23,0.3
"New Religion: Old Gods, Current Religion: R'hllor, Population: 300000, Control: 90, Own Province: True",0.07,0.15,0.23,0.29
"New Religion: Old Gods, Current Religion: R'hllor, Population: 300000, Control: 90, Own Province: False",0.07,0.15,0.22,0.3
"New Religion: Old Gods, Current Religion: R'hllor, Population: 300000, Control: 95, Own Province: True",0.07,0.15,0.23,0.29
"New Religion: Old Gods, Current Religion: R'hllor, Population: 300000, Control: 95, Own Province: False",0.07,0.15,0.22,0.3
"New Religion: Old Gods, Current Religion: R'hllor, Population: 300000, Control: 100, Own Province: True",0.06,0.12,0.18,0.25
"New Religion: Old Gods, Current Religion: R'hllor, Population: 300000, Control: 100, Own Province: False",0.08,0.14,0.22,0.3
"New Religion: Skagosi Old Gods, Current Religion: Faith of the Seven, Population: 1000, Control: 85, Own Province: True",0.07,0.14,0.22,0.3
"New Religion: Skagosi Old Gods, Current Religion: Faith of the Seven, Population: 1000, Control: 85, Own Province: False",0.08,0.15,0.21,0.3
"New Religion: Skagosi Old Gods, Current Religion: Faith of the Seven, Population: 1000, Control: 90, Own Province: True",0.08,0.15,0.22,0.3
"New Religion: Skagosi Old Gods, Current Religion: Faith of the Seven, Population: 1000, Control: 90, Own Province: False",0.07,0.15,0.22,0.3
"New Religion: Skagosi Old Gods, Current Religion: Faith of the Seven, Population: 1000, Control: 95, Own Province: True",0.08,0.15,0.22,0.29
"New Religion: Skagosi Old Gods, Current Religion: Faith of the Seven, Population: 1000, Control: 95, Own Province: False",0.07,0.15,0.22,0.3
"New Religion: Skagosi Old Gods, Current Religion: Faith of the Seven, Population: 1000, Control: 100, Own Province: True",0.07,0.12,0.19,0.25
"New Religion: Skagosi Old Gods, Current Religion: Faith of the Seven, Population: 1000, Control: 100, Own Province: False",0.07,0.15,0.22,0.29
"New Religion: Skagosi Old Gods, Current Religion: Faith of the Seven, Population: 50000, Control: 85, Own Province: True",0.08,0.15,0.22,0.29
"New Religion: Skagosi Old Gods, Current Religion: Faith of the Seven, Population: 50000, Control: 85, Own Province: False",0.08,0.15,0.22,0.29
"New Religion: Skagosi Old Gods, Current Religion: Faith of the Seven, Population: 50000, Control: 90, Own Province: True",0.08,0.15,0.22,0.3
"New Religion: Skagosi Old Gods, Current Religion: Faith of the Seven, Population: 50000, Control: 90, Own Province: False",0.08,0.15,0.23,0.29
"New Religion: Skagosi Old Gods, Current Religion: Faith of the Seven, Population: 50000, Control: 95, Own Province: True",0.07,0.15,0.21,0.3
"New Religion: Skagosi Old Gods, Current Religion: Faith of the Seven, Population: 50000, Control: 95, Own Province: False",0.08,0.15,0.22,0.3
"New Religion: Skagosi Old Gods, Current Religion: Faith of the Seven, Population: 50000, Control: 100, Own Province: True",0.07,0.14,0.22,0.3
"New Religion: Skagosi Old Gods, Current Religion: Faith of the Seven, Population: 50000, Control: 100, Own Province: False",0.07,0.15,0.22,0.3
"New Religion: Skagosi Old Gods, Current Religion: Faith of the Seven, Population: 100000, Control: 85, Own Province: True",0.07,0.15,0.22,0.3
"New Religion: Skagosi Old Gods, Current Religion: Faith of the Seven, Population: 100000, Control: 85, Own Province: False",0.07,0.15,0.22,0.3
"New Religion: Skagosi Old Gods, Current Religion: Faith of the Seven, Population: 100000, Control: 90, Own Province: True",0.07,0.15,0.22,0.3
"New Religion: Skagosi Old Gods, Current Religion: Faith of the Seven, Population: 100000, Control: 90, Own Province: False",0.07,0.15,0.22,0.3
"New Religion: Skagosi Old Gods, Current Religion: Faith of the Seven, Population: 100000, Control: 95, Own Province: True",0.07,0.15,0.22,0.3
"New Religion: Skagosi Old Gods, Current Religion: Faith of the Seven, Population: 100000, Control: 95, Own Province: False",0.08,0.15,0.21,0.3
"New Religion: Skagosi Old Gods, Current Religion: Faith of the Seven, Population: 100000, Control: 100, Own Province: True",0.07,0.15,0.23,0.3
"New Religion: Skagosi Old Gods, Current Religion: Faith of the Seven, Population: 100000, Control: 100, Own Province: False",0.07,0.15,0.22,0.3
"New Religion: Skagosi Old Gods, Current Religion: Faith of the Seven, Population: 150000, Control: 85, Own Province: True",0.07,0.15,0.23,0.29
"New Religion: Skagosi Old Gods, Current Religion: Faith of the Seven, Population: 150000, Control: 85, Own Province: False",0.07,0.15,0.22,0.3
"New Religion: Skagosi Old Gods, Current Religion: Faith of the Seven, Population: 150000, Control: 90, Own Province: True",0.08,0.15,0.22,0.3
"New Religion: Skagosi Old Gods, Current Religion: Faith of the Seven, Population: 150000, Control: 90, Own Province: False",0.07,0.15,0.22,0.29
"New Religion: Skagosi Old Gods, Current Religion: Faith of the Seven, Population: 150000, Control: 95, Own Province: True",0.07,0.15,0.22,0.29
"New Religion: Skagosi Old Gods, Current Religion: Faith of the Seven, Population: 150000, Control: 95, Own Province: False",0.08,0.15,0.22,0.29
"New Religion: Skagosi Old Gods, Current Religion: Faith of the Seven, Population: 150000, Control: 100, Own Province: True",0.08,0.15,0.22,0.3
"New Religion: Skagosi Old Gods, Current Religion: Faith of the Seven, Population: 150000, Control: 100, Own Province: False",0.08,0.15,0.22,0.3
"New Religion: Skagosi Old Gods, Current Religion: Faith of the Seven, Population: 200000, Control: 85, Own Province: True",0.07,0.15,0.23,0.29
"New Religion: Skagosi Old Gods, Current Religion: Faith of the Seven, Population: 200000, Control: 85, Own Province: False",0.07,0.15,0.22,0.29
"New Religion: Skagosi Old Gods, Current Religion: Faith of the Seven, Population: 200000, Control: 90, Own Province: True",0.07,0.15,0.22,0.29
"New Religion: Skagosi Old Gods, Current Religion: Faith of the Seven, Population: 200000, Control: 90, Own Province: False",0.08,0.15,0.22,0.29
"New Religion: Skagosi Old Gods, Current Religion: Faith of the Seven, Population: 200000, Control: 95, Own Province: True",0.07,0.15,0.21,0.3
"New Religion: Skagosi Old Gods, Current Religion: Faith of the Seven, Population: 200000, Control: 95, Own Province: False",0.08,0.14,0.23,0.3
"New Religion: Skagosi Old Gods, Current Religion: Faith of the Seven, Population: 200000, Control: 100, Own Province: True",0.07,0.14,0.22,0.3
"New Religion: Skagosi Old Gods, Current Religion: Faith of the Seven, Population: 200000, Control: 100, Own Province: False",0.08,0.15,0.23,0.3
"New Religion: Skagosi Old Gods, Current Religion: Faith of the Seven, Population: 250000, Control: 85, Own Province: True",0.07,0.16,0.22,0.29
"New Religion: Skagosi Old Gods, Current Religion: Faith of the Seven, Population: 250000, Control: 85, Own Province: False",0.07,0.14,0.22,0.3
"New Religion: Skagosi Old Gods, Current Religion: Faith of the Seven, Population: 250000, Control: 90, Own Province: True",0.07,0.15,0.22,0.3
"New Religion: Skagosi Old Gods, Current Religion: Faith of the Seven, Population: 250000, Control: 90, Own Province: False",0.07,0.15,0.23,0.3
"New Religion: Skagosi Old Gods, Current Religion: Faith of the Seven, Population: 250000, Control: 95, Own Province: True",0.08,0.16,0.22,0.29
"New Religion: Skagosi Old Gods, Current Religion: Faith of the Seven, Population: 250000, Control: 95, Own Province: False",0.08,0.14,0.22,0.3
"New Religion: Skagosi Old Gods, Current Religion: Faith of the Seven, Population: 250000, Control: 100, Own Province: True",0.07,0.14,0.22,0.3
"New Religion: Skagosi Old Gods, Current Religion: Faith of the Seven, Population: 250000, Control: 100, Own Province: False",0.07,0.16,0.22,0.3
"New Religion: Skagosi Old Gods, Current Religion: Faith of the Seven, Population: 300000, Control: 85, Own Province: True",0.07,0.15,0.22,0.3
"New Religion: Skagosi Old Gods, Current Religion: Faith of the Seven, Population: 300000, Control: 85, Own Province: False",0.07,0.15,0.23,0.29
"New Religion: Skagosi Old Gods, Current Religion: Faith of the Seven, Population: 300000, Control: 90, Own Province: True",0.08,0.15,0.23,0.29
"New Religion: Skagosi Old Gods, Current Religion: Faith of the Seven, Population: 300000, Control: 90, Own Province: False",0.07,0.14,0.22,0.31
"New Religion: Skagosi Old Gods, Current Religion: Faith of the Seven, Population: 300000, Control: 95, Own Province: True",0.07,0.16,0.23,0.29
"New Religion: Skagosi Old Gods, Current Religion: Faith of the Seven, Population: 300000, Control: 95, Own Province: False",0.07,0.15,0.22,0.3
"New Religion: Skagosi Old Gods, Current Religion: Faith of the Seven, Population: 300000, Control: 100, Own Province: True",0.07,0.15,0.22,0.29
"New Religion: Skagosi Old Gods, Current Religion: Faith of the Seven, Population: 300000, Control: 100, Own Province: False",0.07,0.15,0.23,0.29
"New Religion: Skagosi Old Gods, Current Religion: Old Gods, Population: 1000, Control: 85, Own Province: True",0.07,0.15,0.22,0.3
"New Religion: Skagosi Old Gods, Current Religion: Old Gods, Population: 1000, Control: 85, Own Province: False",0.07,0.15,0.23,0.3
"New Religion: Skagosi Old Gods, Current Religion: Old Gods, Population: 1000, Control: 90, Own Province: True",0.08,0.15,0.22,0.3
"New Religion: Skagosi Old Gods, Current Religion: Old Gods, Population: 1000, Control: 90, Own Province: False",0.08,0.14,0.23,0.3
"New Religion: Skagosi Old Gods, Current Religion: Old Gods, Population: 1000, Control: 95, Own Province: True",0.06,0.12,0.19,0.24
"New Religion: Skagosi Old Gods, Current Religion: Old Gods, Population: 1000, Control: 95, Own Province: False",0.07,0.15,0.21,0.3
"New Religion: Skagosi Old Gods, Current Religion: Old Gods, Population: 1000, Control: 100, Own Province: True",0.05,0.1,0.15,0.19
"New Religion: Skagosi Old Gods, Current Religion: Old Gods, Population: 1000, Control: 100, Own Province: False",0.07,0.15,0.22,0.3
"New Religion: Skagosi Old Gods, Current Religion: Old Gods, Population: 50000, Control: 85, Own Province: True",0.07,0.14,0.23,0.3
"New Religion: Skagosi Old Gods, Current Religion: Old Gods, Population: 50000, Control: 85, Own Province: False",0.08,0.15,0.22,0.29
"New Religion: Skagosi Old Gods, Current Religion: Old Gods, Population: 50000, Control: 90, Own Province: True",0.08,0.15,0.22,0.3
"New Religion: Skagosi Old Gods, Current Religion: Old Gods, Population: 50000, Control: 90, Own Province: False",0.07,0.15,0.23,0.29
"New Religion: Skagosi Old Gods, Current Religion: Old Gods, Population: 50000, Control: 95, Own Province: True",0.08,0.15,0.22,0.3
"New Religion: Skagosi Old Gods, Current Religion: Old Gods, Population: 50000, Control: 95, Own Province: False",0.08,0.15,0.22,0.3
"New Religion: Skagosi Old Gods, Current Religion: Old Gods, Population: 50000, Control: 100, Own Province: True",0.06,0.12,0.18,0.25
"New Religion: Skagosi Old Gods, Current Religion: Old Gods, Population: 50000, Control: 100, Own Province: False",0.08,0.15,0.22,0.29
"New Religion: Skagosi Old Gods, Current Religion: Old Gods, Population: 100000, Control: 85, Own Province: True",0.08,0.15,0.23,0.29
"New Religion: Skagosi Old Gods, Current Religion: Old Gods, Population: 100000, Control: 85, Own Province: False",0.07,0.15,0.22,0.3
"New Religion: Skagosi Old Gods, Current Religion: Old Gods, Population: 100000, Control: 90, Own Province: True",0.08,0.15,0.23,0.29
"New Religion: Skagosi Old Gods, Current Religion: Old Gods, Population: 100000, Control: 90, Own Province: False",0.07,0.14,0.22,0.29
"New Religion: Skagosi Old Gods, Current Religion: Old Gods, Population: 100000, Control: 95, Own Province: True",0.07,0.14,0.23,0.3
"New Religion: Skagosi Old Gods, Current Religion: Old Gods, Population: 100000, Control: 95, Own Province: False",0.07,0.15,0.22,0.3
"New Religion: Skagosi Old Gods, Current Religion: Old Gods, Population: 100000, Control: 100, Own Province: True",0.07,0.15,0.23,0.3
"New Religion: Skagosi Old Gods, Current Religion: Old Gods, Population: 100000, Control: 100, Own Province: False",0.07,0.16,0.22,0.3
"New Religion: Skagosi Old Gods, Current Religion: Old Gods, Population: 150000, Control: 85, Own Province: True",0.07,0.15,0.22,0.29
"New Religion: Skagosi Old Gods, Current Religion: Old Gods, Population: 150000, Control: 85, Own Province: False",0.07,0.15,0.23,0.29
"New Religion: Skagosi Old Gods, Current Religion: Old Gods, Population: 150000, Control: 90, Own Province: True",0.08,0.14,0.22,0.3
"New Religion: Skagosi Old Gods, Current Religion: Old Gods, Population: 150000, Control: 90, Own Province: False",0.08,0.15,0.23,0.29
"New Religion: Skagosi Old Gods, Current Religion: Old Gods, Population: 150000, Control: 95, Own Province: True",0.08,0.14,0.22,0.3
"New Religion: Skagosi Old Gods, Current Religion: Old Gods, Population: 150000, Control: 95, Own Province: False",0.07,0.15,0.22,0.3
"New Religion: Skagosi Old Gods, Current Religion: Old Gods, Population: 150000, Control: 100, Own Province: True",0.07,0.14,0.23,0.3
"New Religion: Skagosi Old Gods, Current Religion: Old Gods, Population: 150000, Control: 100, Own Province: False",0.07,0.14,0.23,0.3
"New Religion: Skagosi Old Gods, Current Religion: Old Gods, Population: 200000, Control: 85, Own Province: True",0.08,0.15,0.22,0.3
"New Religion: Skagosi Old Gods, Current Religion: Old Gods, Population: 200000, Control: 85, Own Province: False",0.07,0.14,0.23,0.3
"New Religion: Skagosi Old Gods, Current Religion: Old Gods, Population: 200000, Control: 90, Own Province: True",0.08,0.15,0.21,0.29
"New Religion: Skagosi Old Gods, Current Religion: Old Gods, Population: 200000, Control: 90, Own Province: False",0.07,0.15,0.22,0.29
"New Religion: Skagosi Old Gods, Current Religion: Old Gods, Population: 200000, Control: 95, Own Province: True",0.08,0.15,0.22,0.3
"New Religion: Skagosi Old Gods, Current Religion: Old Gods, Population: 200000, Control: 95, Own Province: False",0.07,0.15,0.23,0.29
"New Religion: Skagosi Old Gods, Current Religion: Old Gods, Population: 200000, Control: 100, Own Province: True",0.07,0.15,0.23,0.3
"New Religion: Skagosi Old Gods, Current Religion: Old Gods, Population: 200000, Control: 100, Own Province: False",0.08,0.14,0.23,0.3
"New Religion: Skagosi Old Gods, Current Religion: Old Gods, Population: 250000, Control: 85, Own Province: True",0.07,0.15,0.23,0.29
"New Religion: Skagosi Old Gods, Current Religion: Old Gods, Population: 250000, Control: 85, Own Province: False",0.08,0.15,0.22,0.29
"New Religion: Skagosi Old Gods, Current Religion: Old Gods, Population: 250000, Control: 90, Own Province: True",0.07,0.15,0.22,0.3
"New Religion: Skagosi Old Gods, Current Religion: Old Gods, Population: 250000, Control: 90, Own Province: False",0.08,0.15,0.23,0.29
"New Religion: Skagosi Old Gods, Current Religion: Old Gods, Population: 250000, Control: 95, Own Province: True",0.07,0.15,0.22,0.3
"New Religion: Skagosi Old Gods, Current Religion: Old Gods, Population: 250000, Control: 95, Own Province: False",0.07,0.15,0.22,0.3
"New Religion: Skagosi Old Gods, Current Religion: Old Gods, Population: 250000, Control: 100, Own Province: True",0.07,0.15,0.22,0.29
"New Religion: Skagosi Old Gods, Current Religion: Old Gods, Population: 250000, Control: 100, Own Province: False",0.07,0.15,0.22,0.3
"New Religion: Skagosi Old Gods, Current Religion: Old Gods, Population: 300000, Control: 85, Own Province: True",0.07,0.15,0.22,0.3
"New Religion: Skagosi Old Gods, Current Religion: Old Gods, Population: 300000, Control: 85, Own Province: False",0.08,0.15,0.22,0.29
"New Religion: Skagosi Old Gods, Current Religion: Old Gods, Population: 300000, Control: 90, Own Province: True",0.08,0.15,0.22,0.3
"New Religion: Skagosi Old Gods, Current Religion: Old Gods, Population: 300000, Control: 90, Own Province: False",0.07,0.16,0.22,0.29
"New Religion: Skagosi Old Gods, Current Religion: Old Gods, Population: 300000, Control: 95, Own Province: True",0.07,0.15,0.23,0.3
"New Religion: Skagosi Old Gods, Current Religion: Old Gods, Population: 300000, Control: 95, Own Province: False",0.07,0.15,0.22,0.3
"New Religion: Skagosi Old Gods, Current Religion: Old Gods, Population: 300000, Control: 100, Own Province: True",0.07,0.14,0.23,0.3
"New Religion: Skagosi Old Gods, Current Religion: Old Gods, Population: 300000, Control: 100, Own Province: False",0.07,0.15,0.22,0.3
"New Religion: Skagosi Old Gods, Current Religion: DrownedGod, Population: 1000, Control: 85, Own Province: True",0.07,0.15,0.23,0.29
"New Religion: Skagosi Old Gods, Current Religion: DrownedGod, Population: 1000, Control: 85, Own Province: False",0.07,0.15,0.22,0.3
"New Religion: Skagosi Old Gods, Current Religion: DrownedGod, Population: 1000, Control: 90, Own Province: True",0.07,0.15,0.23,0.29
"New Religion: Skagosi Old Gods, Current Religion: DrownedGod, Population: 1000, Control: 90, Own Province: False",0.08,0.15,0.22,0.3
"New Religion: Skagosi Old Gods, Current Religion: DrownedGod, Population: 1000, Control: 95, Own Province: True",0.08,0.14,0.22,0.31
"New Religion: Skagosi Old Gods, Current Religion: DrownedGod, Population: 1000, Control: 95, Own Province: False",0.07,0.15,0.21,0.3
"New Religion: Skagosi Old Gods, Current Religion: DrownedGod, Population: 1000, Control: 100, Own Province: True",0.07,0.15,0.22,0.3
"New Religion: Skagosi Old Gods, Current Religion: DrownedGod, Population: 1000, Control: 100, Own Province: False",0.08,0.14,0.22,0.3
"New Religion: Skagosi Old Gods, Current Religion: DrownedGod, Population: 50000, Control: 85, Own Province: True",0.07,0.15,0.23,0.29
"New Religion: Skagosi Old Gods, Current Religion: DrownedGod, Population: 50000, Control: 85, Own Province: False",0.08,0.15,0.22,0.29
"New Religion: Skagosi Old Gods, Current Religion: DrownedGod, Population: 50000, Control: 90, Own Province: True",0.08,0.15,0.22,0.29
"New Religion: Skagosi Old Gods, Current Religion: DrownedGod, Population: 50000, Control: 90, Own Province: False",0.08,0.15,0.22,0.3
"New Religion: Skagosi Old Gods, Current Religion: DrownedGod, Population: 50000, Control: 95, Own Province: True",0.07,0.15,0.22,0.3
"New Religion: Skagosi Old Gods, Current Religion: DrownedGod, Population: 50000, Control: 95, Own Province: False",0.07,0.14,0.22,0.3
"New Religion: Skagosi Old Gods, Current Religion: DrownedGod, Population: 50000, Control: 100, Own Province: True",0.07,0.14,0.22,0.3
"New Religion: Skagosi Old Gods, Current Religion: DrownedGod, Population: 50000, Control: 100, Own Province: False",0.07,0.15,0.23,0.29
"New Religion: Skagosi Old Gods, Current Religion: DrownedGod, Population: 100000, Control: 85, Own Province: True",0.07,0.15,0.22,0.29
"New Religion: Skagosi Old Gods, Current Religion: DrownedGod, Population: 100000, Control: 85, Own Province: False",0.08,0.15,0.22,0.3
"New Religion: Skagosi Old Gods, Current Religion: DrownedGod, Population: 100000, Control: 90, Own Province: True",0.07,0.15,0.21,0.3
"New Religion: Skagosi Old Gods, Current Religion: DrownedGod, Population: 100000, Control: 90, Own Province: False",0.07,0.15,0.22,0.29
"New Religion: Skagosi Old Gods, Current Religion: DrownedGod, Population: 100000, Control: 95, Own Province: True",0.07,0.15,0.23,0.29
"New Religion: Skagosi Old Gods, Current Religion: DrownedGod, Population: 100000, Control: 95, Own Province: False",0.08,0.15,0.22,0.29
"New Religion: Skagosi Old Gods, Current Religion: DrownedGod, Population: 100000, Control: 100, Own Province: True",0.07,0.15,0.23,0.31
"New Religion: Skagosi Old Gods, Current Religion: DrownedGod, Population: 100000, Control: 100, Own Province: False",0.08,0.15,0.22,0.29
"New Religion: Skagosi Old Gods, Current Religion: DrownedGod, Population: 150000, Control: 85, Own Province: True",0.07,0.14,0.22,0.31
"New Religion: Skagosi Old Gods, Current Religion: DrownedGod, Population: 150000, Control: 85, Own Province: False",0.08,0.15,0.22,0.29
"New Religion: Skagosi Old Gods, Current Religion: DrownedGod, Population: 150000, Control: 90, Own Province: True",0.08,0.15,0.21,0.3
"New Religion: Skagosi Old Gods, Current Religion: DrownedGod, Population: 150000, Control: 90, Own Province: False",0.07,0.15,0.23,0.3
"New Religion: Skagosi Old Gods, Current Religion: DrownedGod, Population: 150000, Control: 95, Own Province: True",0.08,0.15,0.22,0.29
"New Religion: Skagosi Old Gods, Current Religion: DrownedGod, Population: 150000, Control: 95, Own Province: False",0.07,0.15,0.22,0.3
"New Religion: Skagosi Old Gods, Current Religion: DrownedGod, Population: 150000, Control: 100, Own Province: True",0.08,0.15,0.23,0.29
"New Religion: Skagosi Old Gods, Current Religion: DrownedGod, Population: 150000, Control: 100, Own Province: False",0.08,0.15,0.22,0.29
"New Religion: Skagosi Old Gods, Current Religion: DrownedGod, Population: 200000, Control: 85, Own Province: True",0.08,0.15,0.23,0.29
"New Religion: Skagosi Old Gods, Current Religion: DrownedGod, Population: 200000, Control: 85, Own Province: False",0.08,0.15,0.22,0.3
"New Religion: Skagosi Old Gods, Current Religion: DrownedGod, Population: 200000, Control: 90, Own Province: True",0.07,0.15,0.23,0.3
"New Religion: Skagosi Old Gods, Current Religion: DrownedGod, Population: 200000, Control: 90, Own Province: False",0.07,0.15,0.22,0.31
"New Religion: Skagosi Old Gods, Current Religion: DrownedGod, Population: 200000, Control: 95, Own Province: True",0.07,0.16,0.22,0.29
"New Religion: Skagosi Old Gods, Current Religion: DrownedGod, Population: 200000, Control: 95, Own Province: False",0.07,0.15,0.22,0.3
"New Religion: Skagosi Old Gods, Current Religion: DrownedGod, Population: 200000, Control: 100, Own Province: True",0.07,0.15,0.23,0.29
"New Religion: Skagosi Old Gods, Current Religion: DrownedGod, Population: 200000, Control: 100, Own Province: False",0.07,0.15,0.22,0.29
"New Religion: Skagosi Old Gods, Current Religion: DrownedGod, Population: 250000, Control: 85, Own Province: True",0.07,0.15,0.22,0.3
"New Religion: Skagosi Old Gods, Current Religion: DrownedGod, Population: 250000, Control: 85, Own Province: False",0.08,0.15,0.22,0.3
"New Religion: Skagosi Old Gods, Current Religion: DrownedGod, Population: 250000, Control: 90, Own Province: True",0.08,0.15,0.22,0.3
"New Religion: Skagosi Old Gods, Current Religion: DrownedGod, Population: 250000, Control: 90, Own Province: False",0.07,0.15,0.22,0.3
"New Religion: Skagosi Old Gods, Current Religion: DrownedGod, Population: 250000, Control: 95, Own Province: True",0.07,0.15,0.22,0.3
"New Religion: Skagosi Old Gods, Current Religion: DrownedGod, Population: 250000, Control: 95, Own Province: False",0.07,0.15,0.23,0.29
"New Religion: Skagosi Old Gods, Current Religion: DrownedGod, Population: 250000, Control: 100, Own Province: True",0.07,0.15,0.23,0.29
"New Religion: Skagosi Old Gods, Current Religion: DrownedGod, Population: 250000, Control: 100, Own Province: False",0.07,0.16,0.23,0.29
"New Religion: Skagosi Old Gods, Current Religion: DrownedGod, Population: 300000, Control: 85, Own Province: True",0.08,0.15,0.22,0.29
"New Religion: Skagosi Old Gods, Current Religion: DrownedGod, Population: 300000, Control: 85, Own Province: False",0.07,0.14,0.23,0.3
"New Religion: Skagosi Old Gods, Current Religion: DrownedGod, Population: 300000, Control: 90, Own Province: True",0.08,0.15,0.23,0.29
"New Religion: Skagosi Old Gods, Current Religion: DrownedGod, Population: 300000, Control: 90, Own Province: False",0.07,0.15,0.23,0.29
"New Religion: Skagosi Old Gods, Current Religion: DrownedGod, Population: 300000, Control: 95, Own Province: True",0.08,0.15,0.22,0.3
"New Religion: Skagosi Old Gods, Current Religion: DrownedGod, Population: 300000, Control: 95, Own Province: False",0.07,0.16,0.22,0.29
"New Religion: Skagosi Old Gods, Current Religion: DrownedGod, Population: 300000, Control: 100, Own Province: True",0.08,0.15,0.23,0.29
"New Religion: Skagosi Old Gods, Current Religion: DrownedGod, Population: 300000, Control: 100, Own Province: False",0.08,0.15,0.22,0.3
"New Religion: Skagosi Old Gods, Current Religion: DrownedGodII, Population: 1000, Control: 85, Own Province: True",0.07,0.15,0.23,0.3
"New Religion: Skagosi Old Gods, Current Religion: DrownedGodII, Population: 1000, Control: 85, Own Province: False",0.07,0.14,0.23,0.29
"New Religion: Skagosi Old Gods, Current Religion: DrownedGodII, Population: 1000, Control: 90, Own Province: True",0.07,0.14,0.23,0.29
"New Religion: Skagosi Old Gods, Current Religion: DrownedGodII, Population: 1000, Control: 90, Own Province: False",0.07,0.15,0.23,0.29
"New Religion: Skagosi Old Gods, Current Religion: DrownedGodII, Population: 1000, Control: 95, Own Province: True",0.08,0.15,0.22,0.3
"New Religion: Skagosi Old Gods, Current Religion: DrownedGodII, Population: 1000, Control: 95, Own Province: False",0.07,0.16,0.22,0.3
"New Religion: Skagosi Old Gods, Current Religion: DrownedGodII, Population: 1000, Control: 100, Own Province: True",0.06,0.12,0.18,0.25
"New Religion: Skagosi Old Gods, Current Religion: DrownedGodII, Population: 1000, Control: 100, Own Province: False",0.07,0.15,0.22,0.3
"New Religion: Skagosi Old Gods, Current Religion: DrownedGodII, Population: 50000, Control: 85, Own Province: True",0.08,0.15,0.23,0.3
"New Religion: Skagosi Old Gods, Current Religion: DrownedGodII, Population: 50000, Control: 85, Own Province: False",0.07,0.15,0.23,0.29
"New Religion: Skagosi Old Gods, Current Religion: DrownedGodII, Population: 50000, Control: 90, Own Province: True",0.07,0.15,0.22,0.3
"New Religion: Skagosi Old Gods, Current Religion: DrownedGodII, Population: 50000, Control: 90, Own Province: False",0.07,0.15,0.23,0.3
"New Religion: Skagosi Old Gods, Current Religion: DrownedGodII, Population: 50000, Control: 95, Own Province: True",0.08,0.15,0.22,0.3
"New Religion: Skagosi Old Gods, Current Religion: DrownedGodII, Population: 50000, Control: 95, Own Province: False",0.07,0.15,0.22,0.3
"New Religion: Skagosi Old Gods, Current Religion: DrownedGodII, Population: 50000, Control: 100, Own Province: True",0.07,0.15,0.22,0.3
"New Religion: Skagosi Old Gods, Current Religion: DrownedGodII, Population: 50000, Control: 100, Own Province: False",0.07,0.15,0.22,0.3
"New Religion: Skagosi Old Gods, Current Religion: DrownedGodII, Population: 100000, Control: 85, Own Province: True",0.08,0.15,0.22,0.29
"New Religion: Skagosi Old Gods, Current Religion: DrownedGodII, Population: 100000, Control: 85, Own Province: False",0.08,0.14,0.22,0.3
"New Religion: Skagosi Old Gods, Current Religion: DrownedGodII, Population: 100000, Control: 90, Own Province: True",0.07,0.14,0.22,0.3
"New Religion: Skagosi Old Gods, Current Religion: DrownedGodII, Population: 100000, Control: 90, Own Province: False",0.08,0.15,0.23,0.3
"New Religion: Skagosi Old Gods, Current Religion: DrownedGodII, Population: 100000, Control: 95, Own Province: True",0.07,0.14,0.22,0.31
"New Religion: Skagosi Old Gods, Current Religion: DrownedGodII, Population: 100000, Control: 95, Own Province: False",0.07,0.14,0.22,0.3
"New Religion: Skagosi Old Gods, Current Religion: DrownedGodII, Population: 100000, Control: 100, Own Province: True",0.07,0.15,0.23,0.29
"New Religion: Skagosi Old Gods, Current Religion: DrownedGodII, Population: 100000, Control: 100, Own Province: False",0.08,0.15,0.22,0.3
"New Religion: Skagosi Old Gods, Current Religion: DrownedGodII, Population: 150000, Control: 85, Own Province: True",0.08,0.15,0.22,0.29
"New Religion: Skagosi Old Gods, Current Religion: DrownedGodII, Population: 150000, Control: 85, Own Province: False",0.07,0.15,0.23,0.29
"New Religion: Skagosi Old Gods, Current Religion: DrownedGodII, Population: 150000, Control: 90, Own Province: True",0.07,0.14,0.23,0.29
"New Religion: Skagosi Old Gods, Current Religion: DrownedGodII, Population: 150000, Control: 90, Own Province: False",0.07,0.15,0.23,0.29
"New Religion: Skagosi Old Gods, Current Religion: DrownedGodII, Population: 150000, Control: 95, Own Province: True",0.07,0.14,0.22,0.31
"New Religion: Skagosi Old Gods, Current Religion: DrownedGodII, Population: 150000, Control: 95, Own Province: False",0.07,0.15,0.22,0.3
"New Religion: Skagosi Old Gods, Current Religion: DrownedGodII, Population: 150000, Control: 100, Own Province: True",0.07,0.15,0.22,0.3
"New Religion: Skagosi Old Gods, Current Religion: DrownedGodII, Population: 150000, Control: 100, Own Province: False",0.08,0.15,0.22,0.3
"New Religion: Skagosi Old Gods, Current Religion: DrownedGodII, Population: 200000, Control: 85, Own Province: True",0.07,0.15,0.22,0.3
"New Religion: Skagosi Old Gods, Current Religion: DrownedGodII, Population: 200000, Control: 85, Own Province: False",0.07,0.15,0.22,0.29
"New Religion: Skagosi Old Gods, Current Religion: DrownedGodII, Population: 200000, Control: 90, Own Province: True",0.08,0.15,0.22,0.3
"New Religion: Skagosi Old Gods, Current Religion: DrownedGodII, Population: 200000, Control: 90, Own Province: False",0.07,0.16,0.21,0.3
"New Religion: Skagosi Old Gods, Current Religion: DrownedGodII, Population: 200000, Control: 95, Own Province: True",0.07,0.15,0.22,0.3
"New Religion: Skagosi Old Gods, Current Religion: DrownedGodII, Population: 200000, Control: 95, Own Province: False",0.08,0.15,0.23,0.29
"New Religion: Skagosi Old Gods, Current Religion: DrownedGodII, Population: 200000, Control: 100, Own Province: True",0.07,0.14,0.22,0.3
"New Religion: Skagosi Old Gods, Current Religion: DrownedGodII, Population: 200000, Control: 100, Own Province: False",0.07,0.14,0.22,0.3
"New Religion: Skagosi Old Gods, Current Religion: DrownedGodII, Population: 250000, Control: 85, Own Province: True",0.08,0.15,0.22,0.3
"New Religion: Skagosi Old Gods, Current Religion: DrownedGodII, Population: 250000, Control: 85, Own Province: False",0.07,0.15,0.22,0.3
"New Religion: Skagosi Old Gods, Current Religion: DrownedGodII, Population: 250000, Control: 90, Own Province: True",0.07,0.14,0.23,0.29
"New Religion: Skagosi Old Gods, Current Religion: DrownedGodII, Population: 250000, Control: 90, Own Province: False",0.07,0.15,0.22,0.29
"New Religion: Skagosi Old Gods, Current Religion: DrownedGodII, Population: 250000, Control: 95, Own Province: True",0.07,0.15,0.23,0.29
"New Religion: Skagosi Old Gods, Current Religion: DrownedGodII, Population: 250000, Control: 95, Own Province: False",0.07,0.15,0.22,0.3
"New Religion: Skagosi Old Gods, Current Religion: DrownedGodII, Population: 250000, Control: 100, Own Province: True",0.07,0.15,0.22,0.3
"New Religion: Skagosi Old Gods, Current Religion: DrownedGodII, Population: 250000, Control: 100, Own Province: False",0.07,0.15,0.23,0.29
"New Religion: Skagosi Old Gods, Current Religion: DrownedGodII, Population: 300000, Control: 85, Own Province: True",0.08,0.14,0.22,0.3
"New Religion: Skagosi Old Gods, Current Religion: DrownedGodII, Population: 300000, Control: 85, Own Province: False",0.07,0.15,0.23,0.3
"New Religion: Skagosi Old Gods, Current Religion: DrownedGodII, Population: 300000, Control: 90, Own Province: True",0.07,0.16,0.23,0.28
"New Religion: Skagosi Old Gods, Current Religion: DrownedGodII, Population: 300000, Control: 90, Own Province: False",0.07,0.15,0.22,0.3
"New Religion: Skagosi Old Gods, Current Religion: DrownedGodII, Population: 300000, Control: 95, Own Province: True",0.07,0.15,0.22,0.3
"New Religion: Skagosi Old Gods, Current Religion: DrownedGodII, Population: 300000, Control: 95, Own Province: False",0.07,0.15,0.22,0.3
"New Religion: Skagosi Old Gods, Current Religion: DrownedGodII, Population: 300000, Control: 100, Own Province: True",0.07,0.15,0.22,0.31
"New Religion: Skagosi Old Gods, Current Religion: DrownedGodII, Population: 300000, Control: 100, Own Province: False",0.07,0.15,0.23,0.3
"New Religion: Skagosi Old Gods, Current Religion: Mother Rhoyne, Population: 1000, Control: 85, Own Province: True",0.08,0.15,0.23,0.29
"New Religion: Skagosi Old Gods, Current Religion: Mother Rhoyne, Population: 1000, Control: 85, Own Province: False",0.07,0.15,0.22,0.3
"New Religion: Skagosi Old Gods, Current Religion: Mother Rhoyne, Population: 1000, Control: 90, Own Province: True",0.07,0.15,0.22,0.29
"New Religion: Skagosi Old Gods, Current Religion: Mother Rhoyne, Population: 1000, Control: 90, Own Province: False",0.07,0.14,0.22,0.3
"New Religion: Skagosi Old Gods, Current Religion: Mother Rhoyne, Population: 1000, Control: 95, Own Province: True",0.07,0.14,0.22,0.3
"New Religion: Skagosi Old Gods, Current Religion: Mother Rhoyne, Population: 1000, Control: 95, Own Province: False",0.07,0.14,0.22,0.3
"New Religion: Skagosi Old Gods, Current Religion: Mother Rhoyne, Population: 1000, Control: 100, Own Province: True",0.06,0.12,0.18,0.25
"New Religion: Skagosi Old Gods, Current Religion: Mother Rhoyne, Population: 1000, Control: 100, Own Province: False",0.07,0.15,0.23,0.29
"New Religion: Skagosi Old Gods, Current Religion: Mother Rhoyne, Population: 50000, Control: 85, Own Province: True",0.07,0.15,0.22,0.3
"New Religion: Skagosi Old Gods, Current Religion: Mother Rhoyne, Population: 50000, Control: 85, Own Province: False",0.07,0.15,0.23,0.29
"New Religion: Skagosi Old Gods, Current Religion: Mother Rhoyne, Population: 50000, Control: 90, Own Province: True",0.07,0.15,0.22,0.3
"New Religion: Skagosi Old Gods, Current Religion: Mother Rhoyne, Population: 50000, Control: 90, Own Province: False",0.08,0.15,0.22,0.3
"New Religion: Skagosi Old Gods, Current Religion: Mother Rhoyne, Population: 50000, Control: 95, Own Province: True",0.07,0.15,0.22,0.29
"New Religion: Skagosi Old Gods, Current Religion: Mother Rhoyne, Population: 50000, Control: 95, Own Province: False",0.07,0.15,0.22,0.3
"New Religion: Skagosi Old Gods, Current Religion: Mother Rhoyne, Population: 50000, Control: 100, Own Province: True",0.07,0.15,0.22,0.29
"New Religion: Skagosi Old Gods, Current Religion: Mother Rhoyne, Population: 50000, Control: 100, Own Province: False",0.08,0.15,0.22,0.3
"New Religion: Skagosi Old Gods, Current Religion: Mother Rhoyne, Population: 100000, Control: 85, Own Province: True",0.08,0.14,0.22,0.3
"New Religion: Skagosi Old Gods, Current Religion: Mother Rhoyne, Population: 100000, Control: 85, Own Province: False",0.08,0.15,0.22,0.3
"New Religion: Skagosi Old Gods, Current Religion: Mother Rhoyne, Population: 100000, Control: 90, Own Province: True",0.07,0.16,0.23,0.3
"New Religion: Skagosi Old Gods, Current Religion: Mother Rhoyne, Population: 100000, Control: 90, Own Province: False",0.08,0.15,0.22,0.3
"New Religion: Skagosi Old Gods, Current Religion: Mother Rhoyne, Population: 100000, Control: 95, Own Province: True",0.07,0.15,0.23,0.29
"New Religion: Skagosi Old Gods, Current Religion: Mother Rhoyne, Population: 100000, Control: 95, Own Province: False",0.08,0.15,0.23,0.3
"New Religion: Skagosi Old Gods, Current Religion: Mother Rhoyne, Population: 100000, Control: 100, Own Province: True",0.07,0.15,0.22,0.3
"New Religion: Skagosi Old Gods, Current Religion: Mother Rhoyne, Population: 100000, Control: 100, Own Province: False",0.07,0.15,0.22,0.29
"New Religion: Skagosi Old Gods, Current Religion: Mother Rhoyne, Population: 150000, Control: 85, Own Province: True",0.08,0.15,0.22,0.3
"New Religion: Skagosi Old Gods, Current Religion: Mother Rhoyne, Population: 150000, Control: 85, Own Province: False",0.08,0.15,0.22,0.29
"New Religion: Skagosi Old Gods, Current Religion: Mother Rhoyne, Population: 150000, Control: 90, Own Province: True",0.07,0.14,0.22,0.3
"New Religion: Skagosi Old Gods, Current Religion: Mother Rhoyne, Population: 150000, Control: 90, Own Province: False",0.07,0.15,0.23,0.29
"New Religion: Skagosi Old Gods, Current Religion: Mother Rhoyne, Population: 150000, Control: 95, Own Province: True",0.08,0.15,0.22,0.29
"New Religion: Skagosi Old Gods, Current Religion: Mother Rhoyne, Population: 150000, Control: 95, Own Province: False",0.07,0.15,0.22,0.3
"New Religion: Skagosi Old Gods, Current Religion: Mother Rhoyne, Population: 150000, Control: 100, Own Province: True",0.07,0.15,0.23,0.3
"New Religion: Skagosi Old Gods, Current Religion: Mother Rhoyne, Population: 150000, Control: 100, Own Province: False",0.08,0.15,0.22,0.3
"New Religion: Skagosi Old Gods, Current Religion: Mother Rhoyne, Population: 200000, Control: 85, Own Province: True",0.08,0.15,0.22,0.3
"New Religion: Skagosi Old Gods, Current Religion: Mother Rhoyne, Population: 200000, Control: 85, Own Province: False",0.08,0.14,0.22,0.3
"New Religion: Skagosi Old Gods, Current Religion: Mother Rhoyne, Population: 200000, Control: 90, Own Province: True",0.08,0.15,0.22,0.29
"New Religion: Skagosi Old Gods, Current Religion: Mother Rhoyne, Population: 200000, Control: 90, Own Province: False",0.07,0.14,0.22,0.3
"New Religion: Skagosi Old Gods, Current Religion: Mother Rhoyne, Population: 200000, Control: 95, Own Province: True",0.08,0.14,0.22,0.3
"New Religion: Skagosi Old Gods, Current Religion: Mother Rhoyne, Population: 200000, Control: 95, Own Province: False",0.08,0.15,0.22,0.3
"New Religion: Skagosi Old Gods, Current Religion: Mother Rhoyne, Population: 200000, Control: 100, Own Province: True",0.07,0.15,0.22,0.29
"New Religion: Skagosi Old Gods, Current Religion: Mother Rhoyne, Population: 200000, Control: 100, Own Province: False",0.07,0.15,0.23,0.29
"New Religion: Skagosi Old Gods, Current Religion: Mother Rhoyne, Population: 250000, Control: 85, Own Province: True",0.07,0.15,0.22,0.29
"New Religion: Skagosi Old Gods, Current Religion: Mother Rhoyne, Population: 250000, Control: 85, Own Province: False",0.07,0.15,0.23,0.29
"New Religion: Skagosi Old Gods, Current Religion: Mother Rhoyne, Population: 250000, Control: 90, Own Province: True",0.08,0.15,0.22,0.3
"New Religion: Skagosi Old Gods, Current Religion: Mother Rhoyne, Population: 250000, Control: 90, Own Province: False",0.07,0.15,0.22,0.3
"New Religion: Skagosi Old Gods, Current Religion: Mother Rhoyne, Population: 250000, Control: 95, Own Province: True",0.08,0.14,0.22,0.3
"New Religion: Skagosi Old Gods, Current Religion: Mother Rhoyne, Population: 250000, Control: 95, Own Province: False",0.07,0.15,0.23,0.29
"New Religion: Skagosi Old Gods, Current Religion: Mother Rhoyne, Population: 250000, Control: 100, Own Province: True",0.08,0.14,0.23,0.3
"New Religion: Skagosi Old Gods, Current Religion: Mother Rhoyne, Population: 250000, Control: 100, Own Province: False",0.07,0.15,0.22,0.29
"New Religion: Skagosi Old Gods, Current Religion: Mother Rhoyne, Population: 300000, Control: 85, Own Province: True",0.07,0.15,0.22,0.3
"New Religion: Skagosi Old Gods, Current Religion: Mother Rhoyne, Population: 300000, Control: 85, Own Province: False",0.07,0.16,0.22,0.29
"New Religion: Skagosi Old Gods, Current Religion: Mother Rhoyne, Population: 300000, Control: 90, Own Province: True",0.07,0.15,0.22,0.3
"New Religion: Skagosi Old Gods, Current Religion: Mother Rhoyne, Population: 300000, Control: 90, Own Province: False",0.08,0.15,0.22,0.29
"New Religion: Skagosi Old Gods, Current Religion: Mother Rhoyne, Population: 300000, Control: 95, Own Province: True",0.07,0.15,0.22,0.29
"New Religion: Skagosi Old Gods, Current Religion: Mother Rhoyne, Population: 300000, Control: 95, Own Province: False",0.07,0.15,0.22,0.3
"New Religion: Skagosi Old Gods, Current Religion: Mother Rhoyne, Population: 300000, Control: 100, Own Province: True",0.07,0.15,0.23,0.28
"New Religion: Skagosi Old Gods, Current Religion: Mother Rhoyne, Population: 300000, Control: 100, Own Province: False",0.07,0.15,0.22,0.29
"New Religion: Skagosi Old Gods, Current Religion: Gods of Valyria, Population: 1000, Control: 85, Own Province: True",0.07,0.15,0.22,0.3
"New Religion: Skagosi Old Gods, Current Religion: Gods of Valyria, Population: 1000, Control: 85, Own Province: False",0.07,0.15,0.23,0.29
"New Religion: Skagosi Old Gods, Current Religion: Gods of Valyria, Population: 1000, Control: 90, Own Province: True",0.07,0.15,0.21,0.3
"New Religion: Skagosi Old Gods, Current Religion: Gods of Valyria, Population: 1000, Control: 90, Own Province: False",0.07,0.16,0.22,0.29
"New Religion: Skagosi Old Gods, Current Religion: Gods of Valyria, Population: 1000, Control: 95, Own Province: True",0.07,0.15,0.23,0.29
"New Religion: Skagosi Old Gods, Current Religion: Gods of Valyria, Population: 1000, Control: 95, Own Province: False",0.07,0.15,0.22,0.3
"New Religion: Skagosi Old Gods, Current Religion: Gods of Valyria, Population: 1000, Control: 100, Own Province: True",0.05,0.12,0.19,0.24
"New Religion: Skagosi Old Gods, Current Religion: Gods of Valyria, Population: 1000, Control: 100, Own Province: False",0.08,0.16,0.23,0.29
"New Religion: Skagosi Old Gods, Current Religion: Gods of Valyria, Population: 50000, Control: 85, Own Province: True",0.08,0.15,0.21,0.3
"New Religion: Skagosi Old Gods, Current Religion: Gods of Valyria, Population: 50000, Control: 85, Own Province: False",0.07,0.15,0.23,0.29
"New Religion: Skagosi Old Gods, Current Religion: Gods of Valyria, Population: 50000, Control: 90, Own Province: True",0.07,0.14,0.22,0.3
"New Religion: Skagosi Old Gods, Current Religion: Gods of Valyria, Population: 50000, Control: 90, Own Province: False",0.08,0.15,0.22,0.3
"New Religion: Skagosi Old Gods, Current Religion: Gods of Valyria, Population: 50000, Control: 95, Own Province: True",0.07,0.15,0.22,0.29
"New Religion: Skagosi Old Gods, Current Religion: Gods of Valyria, Population: 50000, Control: 95, Own Province: False",0.07,0.15,0.22,0.29
"New Religion: Skagosi Old Gods, Current Religion: Gods of Valyria, Population: 50000, Control: 100, Own Province: True",0.07,0.15,0.23,0.29
"New Religion: Skagosi Old Gods, Current Religion: Gods of Valyria, Population: 50000, Control: 100, Own Province: False",0.08,0.16,0.22,0.29
"New Religion: Skagosi Old Gods, Current Religion: Gods of Valyria, Population: 100000, Control: 85, Own Province: True",0.07,0.14,0.23,0.3
"New Religion: Skagosi Old Gods, Current Religion: Gods of Valyria, Population: 100000, Control: 85, Own Province: False",0.07,0.15,0.22,0.3
"New Religion: Skagosi Old Gods, Current Religion: Gods of Valyria, Population: 100000, Control: 90, Own Province: True",0.07,0.15,0.22,0.3
"New Religion: Skagosi Old Gods, Current Religion: Gods of Valyria, Population: 100000, Control: 90, Own Province: False",0.07,0.16,0.22,0.29
"New Religion: Skagosi Old Gods, Current Religion: Gods of Valyria, Population: 100000, Control: 95, Own Province: True",0.08,0.15,0.23,0.29
"New Religion: Skagosi Old Gods, Current Religion: Gods of Valyria, Population: 100000, Control: 95, Own Province: False",0.08,0.15,0.22,0.29
"New Religion: Skagosi Old Gods, Current Religion: Gods of Valyria, Population: 100000, Control: 100, Own Province: True",0.07,0.15,0.23,0.29
"New Religion: Skagosi Old Gods, Current Religion: Gods of Valyria, Population: 100000, Control: 100, Own Province: False",0.08,0.15,0.22,0.3
"New Religion: Skagosi Old Gods, Current Religion: Gods of Valyria, Population: 150000, Control: 85, Own Province: True",0.07,0.15,0.22,0.3
"New Religion: Skagosi Old Gods, Current Religion: Gods of Valyria, Population: 150000, Control: 85, Own Province: False",0.07,0.15,0.23,0.29
"New Religion: Skagosi Old Gods, Current Religion: Gods of Valyria, Population: 150000, Control: 90, Own Province: True",0.07,0.15,0.21,0.3
"New Religion: Skagosi Old Gods, Current Religion: Gods of Valyria, Population: 150000, Control: 90, Own Province: False",0.08,0.14,0.23,0.28
"New Religion: Skagosi Old Gods, Current Religion: Gods of Valyria, Population: 150000, Control: 95, Own Province: True",0.08,0.15,0.23,0.3
"New Religion: Skagosi Old Gods, Current Religion: Gods of Valyria, Population: 150000, Control: 95, Own Province: False",0.08,0.15,0.22,0.29
"New Religion: Skagosi Old Gods, Current Religion: Gods of Valyria, Population: 150000, Control: 100, Own Province: True",0.08,0.15,0.23,0.29
"New Religion: Skagosi Old Gods, Current Religion: Gods of Valyria, Population: 150000, Control: 100, Own Province: False",0.08,0.15,0.22,0.3
"New Religion: Skagosi Old Gods, Current Religion: Gods of Valyria, Population: 200000, Control: 85, Own Province: True",0.07,0.15,0.22,0.3
"New Religion: Skagosi Old Gods, Current Religion: Gods of Valyria, Population: 200000, Control: 85, Own Province: False",0.08,0.15,0.22,0.3
"New Religion: Skagosi Old Gods, Current Religion: Gods of Valyria, Population: 200000, Control: 90, Own Province: True",0.08,0.16,0.22,0.29
"New Religion: Skagosi Old Gods, Current Religion: Gods of Valyria, Population: 200000, Control: 90, Own Province: False",0.07,0.15,0.23,0.3
"New Religion: Skagosi Old Gods, Current Religion: Gods of Valyria, Population: 200000, Control: 95, Own Province: True",0.07,0.15,0.22,0.3
"New Religion: Skagosi Old Gods, Current Religion: Gods of Valyria, Population: 200000, Control: 95, Own Province: False",0.08,0.14,0.23,0.3
"New Religion: Skagosi Old Gods, Current Religion: Gods of Valyria, Population: 200000, Control: 100, Own Province: True",0.07,0.14,0.23,0.29
"New Religion: Skagosi Old Gods, Current Religion: Gods of Valyria, Population: 200000, Control: 100, Own Province: False",0.07,0.15,0.23,0.29
"New Religion: Skagosi Old Gods, Current Religion: Gods of Valyria, Population: 250000, Control: 85, Own Province: True",0.07,0.15,0.22,0.3
"New Religion: Skagosi Old Gods, Current Religion: Gods of Valyria, Population: 250000, Control: 85, Own Province: False",0.07,0.15,0.22,0.3
"New Religion: Skagosi Old Gods, Current Religion: Gods of Valyria, Population: 250000, Control: 90, Own Province: True",0.07,0.15,0.23,0.29
"New Religion: Skagosi Old Gods, Current Religion: Gods of Valyria, Population: 250000, Control: 90, Own Province: False",0.08,0.15,0.21,0.3
"New Religion: Skagosi Old Gods, Current Religion: Gods of Valyria, Population: 250000, Control: 95, Own Province: True",0.07,0.15,0.23,0.3
"New Religion: Skagosi Old Gods, Current Religion: Gods of Valyria, Population: 250000, Control: 95, Own Province: False",0.07,0.15,0.22,0.3
"New Religion: Skagosi Old Gods, Current Religion: Gods of Valyria, Population: 250000, Control: 100, Own Province: True",0.07,0.15,0.22,0.3
"New Religion: Skagosi Old Gods, Current Religion: Gods of Valyria, Population: 250000, Control: 100, Own Province: False",0.08,0.15,0.22,0.29
"New Religion: Skagosi Old Gods, Current Religion: Gods of Valyria, Population: 300000, Control: 85, Own Province: True",0.07,0.15,0.22,0.3
"New Religion: Skagosi Old Gods, Current Religion: Gods of Valyria, Population: 300000, Control: 85, Own Province: False",0.07,0.15,0.23,0.3
"New Religion: Skagosi Old Gods, Current Religion: Gods of Valyria, Population: 300000, Control: 90, Own Province: True",0.07,0.15,0.22,0.3
"New Religion: Skagosi Old Gods, Current Religion: Gods of Valyria, Population: 300000, Control: 90, Own Province: False",0.07,0.15,0.22,0.3
"New Religion: Skagosi Old Gods, Current Religion: Gods of Valyria, Population: 300000, Control: 95, Own Province: True",0.07,0.15,0.22,0.31
"New Religion: Skagosi Old Gods, Current Religion: Gods of Valyria, Population: 300000, Control: 95, Own Province: False",0.08,0.14,0.22,0.31
"New Religion: Skagosi Old Gods, Current Religion: Gods of Valyria, Population: 300000, Control: 100, Own Province: True",0.07,0.15,0.22,0.29
"New Religion: Skagosi Old Gods, Current Religion: Gods of Valyria, Population: 300000, Control: 100, Own Province: False",0.08,0.16,0.22,0.29
"New Religion: Skagosi Old Gods, Current Religion: R'hllor, Population: 1000, Control: 85, Own Province: True",0.08,0.15,0.22,0.29
"New Religion: Skagosi Old Gods, Current Religion: R'hllor, Population: 1000, Control: 85, Own Province: False",0.07,0.16,0.22,0.3
"New Religion: Skagosi Old Gods, Current Religion: R'hllor, Population: 1000, Control: 90, Own Province: True",0.07,0.15,0.23,0.29
"New Religion: Skagosi Old Gods, Current Religion: R'hllor, Population: 1000, Control: 90, Own Province: False",0.08,0.15,0.21,0.31
"New Religion: Skagosi Old Gods, Current Religion: R'hllor, Population: 1000, Control: 95, Own Province: True",0.08,0.15,0.22,0.3
"New Religion: Skagosi Old Gods, Current Religion: R'hllor, Population: 1000, Control: 95, Own Province: False",0.07,0.15,0.22,0.3
"New Religion: Skagosi Old Gods, Current Religion: R'hllor, Population: 1000, Control: 100, Own Province: True",0.06,0.12,0.19,0.25
"New Religion: Skagosi Old Gods, Current Religion: R'hllor, Population: 1000, Control: 100, Own Province: False",0.08,0.15,0.22,0.29
"New Religion: Skagosi Old Gods, Current Religion: R'hllor, Population: 50000, Control: 85, Own Province: True",0.07,0.15,0.22,0.3
"New Religion: Skagosi Old Gods, Current Religion: R'hllor, Population: 50000, Control: 85, Own Province: False",0.08,0.15,0.23,0.29
"New Religion: Skagosi Old Gods, Current Religion: R'hllor, Population: 50000, Control: 90, Own Province: True",0.08,0.15,0.23,0.3
"New Religion: Skagosi Old Gods, Current Religion: R'hllor, Population: 50000, Control: 90, Own Province: False",0.07,0.15,0.22,0.29
"New Religion: Skagosi Old Gods, Current Religion: R'hllor, Population: 50000, Control: 95, Own Province: True",0.08,0.14,0.22,0.3
"New Religion: Skagosi Old Gods, Current Religion: R'hllor, Population: 50000, Control: 95, Own Province: False",0.07,0.15,0.22,0.3
"New Religion: Skagosi Old Gods, Current Religion: R'hllor, Population: 50000, Control: 100, Own Province: True",0.07,0.15,0.23,0.29
"New Religion: Skagosi Old Gods, Current Religion: R'hllor, Population: 50000, Control: 100, Own Province: False",0.08,0.15,0.23,0.29
"New Religion: Skagosi Old Gods, Current Religion: R'hllor, Population: 100000, Control: 85, Own Province: True",0.07,0.15,0.23,0.28
"New Religion: Skagosi Old Gods, Current Religion: R'hllor, Population: 100000, Control: 85, Own Province: False",0.08,0.15,0.22,0.29
"New Religion: Skagosi Old Gods, Current Religion: R'hllor, Population: 100000, Control: 90, Own Province: True",0.07,0.15,0.22,0.3
"New Religion: Skagosi Old Gods, Current Religion: R'hllor, Population: 100000, Control: 90, Own Province: False",0.07,0.15,0.22,0.3
"New Religion: Skagosi Old Gods, Current Religion: R'hllor, Population: 100000, Control: 95, Own Province: True",0.07,0.15,0.23,0.29
"New Religion: Skagosi Old Gods, Current Religion: R'hllor, Population: 100000, Control: 95, Own Province: False",0.07,0.16,0.23,0.29
"New Religion: Skagosi Old Gods, Current Religion: R'hllor, Population: 100000, Control: 100, Own Province: True",0.07,0.16,0.23,0.29
"New Religion: Skagosi Old Gods, Current Religion: R'hllor, Population: 100000, Control: 100, Own Province: False",0.08,0.14,0.23,0.3
"New Religion: Skagosi Old Gods, Current Religion: R'hllor, Population: 150000, Control: 85, Own Province: True",0.08,0.14,0.22,0.3
"New Religion: Skagosi Old Gods, Current Religion: R'hllor, Population: 150000, Control: 85, Own Province: False",0.07,0.15,0.23,0.29
"New Religion: Skagosi Old Gods, Current Religion: R'hllor, Population: 150000, Control: 90, Own Province: True",0.07,0.15,0.22,0.3
"New Religion: Skagosi Old Gods, Current Religion: R'hllor, Population: 150000, Control: 90, Own Province: False",0.07,0.14,0.22,0.3
"New Religion: Skagosi Old Gods, Current Religion: R'hllor, Population: 150000, Control: 95, Own Province: True",0.07,0.16,0.21,0.3
"New Religion: Skagosi Old Gods, Current Religion: R'hllor, Population: 150000, Control: 95, Own Province: False",0.07,0.15,0.23,0.29
"New Religion: Skagosi Old Gods, Current Religion: R'hllor, Population: 150000, Control: 100, Own Province: True",0.08,0.15,0.23,0.29
"New Religion: Skagosi Old Gods, Current Religion: R'hllor, Population: 150000, Control: 100, Own Province: False",0.07,0.15,0.22,0.3
"New Religion: Skagosi Old Gods, Current Religion: R'hllor, Population: 200000, Control: 85, Own Province: True",0.07,0.15,0.23,0.29
"New Religion: Skagosi Old Gods, Current Religion: R'hllor, Population: 200000, Control: 85, Own Province: False",0.08,0.15,0.21,0.29
"New Religion: Skagosi Old Gods, Current Religion: R'hllor, Population: 200000, Control: 90, Own Province: True",0.08,0.14,0.21,0.3
"New Religion: Skagosi Old Gods, Current Religion: R'hllor, Population: 200000, Control: 90, Own Province: False",0.08,0.15,0.22,0.3
"New Religion: Skagosi Old Gods, Current Religion: R'hllor, Population: 200000, Control: 95, Own Province: True",0.07,0.15,0.22,0.3
"New Religion: Skagosi Old Gods, Current Religion: R'hllor, Population: 200000, Control: 95, Own Province: False",0.07,0.15,0.21,0.3
"New Religion: Skagosi Old Gods, Current Religion: R'hllor, Population: 200000, Control: 100, Own Province: True",0.07,0.15,0.23,0.3
"New Religion: Skagosi Old Gods, Current Religion: R'hllor, Population: 200000, Control: 100, Own Province: False",0.07,0.15,0.23,0.3
"New Religion: Skagosi Old Gods, Current Religion: R'hllor, Population: 250000, Control: 85, Own Province: True",0.07,0.16,0.22,0.3
"New Religion: Skagosi Old Gods, Current Religion: R'hllor, Population: 250000, Control: 85, Own Province: False",0.08,0.15,0.23,0.29
"New Religion: Skagosi Old Gods, Current Religion: R'hllor, Population: 250000, Control: 90, Own Province: True",0.08,0.15,0.21,0.3
"New Religion: Skagosi Old Gods, Current Religion: R'hllor, Population: 250000, Control: 90, Own Province: False",0.07,0.15,0.22,0.3
"New Religion: Skagosi Old Gods, Current Religion: R'hllor, Population: 250000, Control: 95, Own Province: True",0.07,0.15,0.21,0.3
"New Religion: Skagosi Old Gods, Current Religion: R'hllor, Population: 250000, Control: 95, Own Province: False",0.07,0.15,0.23,0.3
"New Religion: Skagosi Old Gods, Current Religion: R'hllor, Population: 250000, Control: 100, Own Province: True",0.07,0.15,0.22,0.3
"New Religion: Skagosi Old Gods, Current Religion: R'hllor, Population: 250000, Control: 100, Own Province: False",0.07,0.15,0.23,0.3
"New Religion: Skagosi Old Gods, Current Religion: R'hllor, Population: 300000, Control: 85, Own Province: True",0.08,0.15,0.22,0.3
"New Religion: Skagosi Old Gods, Current Religion: R'hllor, Population: 300000, Control: 85, Own Province: False",0.07,0.15,0.22,0.3
"New Religion: Skagosi Old Gods, Current Religion: R'hllor, Population: 300000, Control: 90, Own Province: True",0.08,0.15,0.22,0.29
"New Religion: Skagosi Old Gods, Current Religion: R'hllor, Population: 300000, Control: 90, Own Province: False",0.07,0.15,0.22,0.3
"New Religion: Skagosi Old Gods, Current Religion: R'hllor, Population: 300000, Control: 95, Own Province: True",0.07,0.15,0.23,0.29
"New Religion: Skagosi Old Gods, Current Religion: R'hllor, Population: 300000, Control: 95, Own Province: False",0.07,0.14,0.23,0.3
"New Religion: Skagosi Old Gods, Current Religion: R'hllor, Population: 300000, Control: 100, Own Province: True",0.08,0.15,0.22,0.3
"New Religion: Skagosi Old Gods, Current Religion: R'hllor, Population: 300000, Control: 100, Own Province: False",0.08,0.15,0.22,0.29
"New Religion: DrownedGod, Current Religion: Faith of the Seven, Population: 1000, Control: 85, Own Province: True",0.05,0.1,0.15,0.2
"New Religion: DrownedGod, Current Religion: Faith of the Seven, Population: 1000, Control: 85, Own Province: False",0.05,0.1,0.14,0.19
"New Religion: DrownedGod, Current Religion: Faith of the Seven, Population: 1000, Control: 90, Own Province: True",0.04,0.07,0.11,0.14
"New Religion: DrownedGod, Current Religion: Faith of the Seven, Population: 1000, Control: 90, Own Province: False",0.06,0.12,0.19,0.25
"New Religion: DrownedGod, Current Religion: Faith of the Seven, Population: 1000, Control: 95, Own Province: True",0.02,0.05,0.07,0.09
"New Religion: DrownedGod, Current Religion: Faith of the Seven, Population: 1000, Control: 95, Own Province: False",0.07,0.15,0.22,0.3
"New Religion: DrownedGod, Current Religion: Faith of the Seven, Population: 1000, Control: 100, Own Province: True",0.01,0.03,0.04,0.06
"New Religion: DrownedGod, Current Religion: Faith of the Seven, Population: 1000, Control: 100, Own Province: False",0.07,0.14,0.23,0.29
"New Religion: DrownedGod, Current Religion: Faith of the Seven, Population: 50000, Control: 85, Own Province: True",0.06,0.12,0.19,0.25
"New Religion: DrownedGod, Current Religion: Faith of the Seven, Population: 50000, Control: 85, Own Province: False",0.06,0.12,0.18,0.25
"New Religion: DrownedGod, Current Religion: Faith of the Seven, Population: 50000, Control: 90, Own Province: True",0.05,0.09,0.14,0.19
"New Religion: DrownedGod, Current Religion: Faith of the Seven, Population: 50000, Control: 90, Own Province: False",0.08,0.15,0.22,0.31
"New Religion: DrownedGod, Current Religion: Faith of the Seven, Population: 50000, Control: 95, Own Province: True",0.04,0.07,0.1,0.14
"New Religion: DrownedGod, Current Religion: Faith of the Seven, Population: 50000, Control: 95, Own Province: False",0.07,0.15,0.22,0.3
"New Religion: DrownedGod, Current Religion: Faith of the Seven, Population: 50000, Control: 100, Own Province: True",0.03,0.05,0.07,0.1
"New Religion: DrownedGod, Current Religion: Faith of the Seven, Population: 50000, Control: 100, Own Province: False",0.07,0.15,0.22,0.29
"New Religion: DrownedGod, Current Religion: Faith of the Seven, Population: 100000, Control: 85, Own Province: True",0.07,0.15,0.23,0.3
"New Religion: DrownedGod, Current Religion: Faith of the Seven, Population: 100000, Control: 85, Own Province: False",0.07,0.15,0.22,0.3
"New Religion: DrownedGod, Current Religion: Faith of the Seven, Population: 100000, Control: 90, Own Province: True",0.06,0.13,0.19,0.24
"New Religion: DrownedGod, Current Religion: Faith of the Seven, Population: 100000, Control: 90, Own Province: False",0.07,0.15,0.22,0.3
"New Religion: DrownedGod, Current Religion: Faith of the Seven, Population: 100000, Control: 95, Own Province: True",0.05,0.09,0.13,0.2
"New Religion: DrownedGod, Current Religion: Faith of the Seven, Population: 100000, Control: 95, Own Province: False",0.07,0.15,0.23,0.3
"New Religion: DrownedGod, Current Religion: Faith of the Seven, Population: 100000, Control: 100, Own Province: True",0.04,0.07,0.11,0.14
"New Religion: DrownedGod, Current Religion: Faith of the Seven, Population: 100000, Control: 100, Own Province: False",0.07,0.14,0.22,0.3
"New Religion: DrownedGod, Current Religion: Faith of the Seven, Population: 150000, Control: 85, Own Province: True",0.07,0.14,0.23,0.3
"New Religion: DrownedGod, Current Religion: Faith of the Seven, Population: 150000, Control: 85, Own Province: False",0.08,0.15,0.23,0.3
"New Religion: DrownedGod, Current Religion: Faith of the Seven, Population: 150000, Control: 90, Own Province: True",0.08,0.15,0.23,0.3
"New Religion: DrownedGod, Current Religion: Faith of the Seven, Population: 150000, Control: 90, Own Province: False",0.08,0.15,0.22,0.31
"New Religion: DrownedGod, Current Religion: Faith of the Seven, Population: 150000, Control: 95, Own Province: True",0.06,0.12,0.18,0.25
"New Religion: DrownedGod, Current Religion: Faith of the Seven, Population: 150000, Control: 95, Own Province: False",0.07,0.15,0.23,0.29
"New Religion: DrownedGod, Current Religion: Faith of the Seven, Population: 150000, Control: 100, Own Province: True",0.05,0.09,0.14,0.2
"New Religion: DrownedGod, Current Religion: Faith of the Seven, Population: 150000, Control: 100, Own Province: False",0.07,0.15,0.22,0.3
"New Religion: DrownedGod, Current Religion: Faith of the Seven, Population: 200000, Control: 85, Own Province: True",0.07,0.15,0.22,0.3
"New Religion: DrownedGod, Current Religion: Faith of the Seven, Population: 200000, Control: 85, Own Province: False",0.07,0.15,0.22,0.3
"New Religion: DrownedGod, Current Religion: Faith of the Seven, Population: 200000, Control: 90, Own Province: True",0.07,0.15,0.22,0.3
"New Religion: DrownedGod, Current Religion: Faith of the Seven, Population: 200000, Control: 90, Own Province: False",0.07,0.15,0.23,0.3
"New Religion: DrownedGod, Current Religion: Faith of the Seven, Population: 200000, Control: 95, Own Province: True",0.08,0.14,0.22,0.3
"New Religion: DrownedGod, Current Religion: Faith of the Seven, Population: 200000, Control: 95, Own Province: False",0.08,0.15,0.23,0.29
"New Religion: DrownedGod, Current Religion: Faith of the Seven, Population: 200000, Control: 100, Own Province: True",0.06,0.13,0.18,0.25
"New Religion: DrownedGod, Current Religion: Faith of the Seven, Population: 200000, Control: 100, Own Province: False",0.08,0.14,0.22,0.3
"New Religion: DrownedGod, Current Religion: Faith of the Seven, Population: 250000, Control: 85, Own Province: True",0.07,0.15,0.23,0.29
"New Religion: DrownedGod, Current Religion: Faith of the Seven, Population: 250000, Control: 85, Own Province: False",0.07,0.14,0.23,0.3
"New Religion: DrownedGod, Current Religion: Faith of the Seven, Population: 250000, Control: 90, Own Province: True",0.07,0.15,0.22,0.3
"New Religion: DrownedGod, Current Religion: Faith of the Seven, Population: 250000, Control: 90, Own Province: False",0.08,0.15,0.22,0.29
"New Religion: DrownedGod, Current Religion: Faith of the Seven, Population: 250000, Control: 95, Own Province: True",0.08,0.15,0.22,0.3
"New Religion: DrownedGod, Current Religion: Faith of the Seven, Population: 250000, Control: 95, Own Province: False",0.07,0.15,0.22,0.29
"New Religion: DrownedGod, Current Religion: Faith of the Seven, Population: 250000, Control: 100, Own Province: True",0.07,0.14,0.22,0.29
"New Religion: DrownedGod, Current Religion: Faith of the Seven, Population: 250000, Control: 100, Own Province: False",0.07,0.14,0.23,0.29
"New Religion: DrownedGod, Current Religion: Faith of the Seven, Population: 300000, Control: 85, Own Province: True",0.08,0.14,0.22,0.3
"New Religion: DrownedGod, Current Religion: Faith of the Seven, Population: 300000, Control: 85, Own Province: False",0.07,0.15,0.22,0.3
"New Religion: DrownedGod, Current Religion: Faith of the Seven, Population: 300000, Control: 90, Own Province: True",0.07,0.15,0.22,0.3
"New Religion: DrownedGod, Current Religion: Faith of the Seven, Population: 300000, Control: 90, Own Province: False",0.07,0.14,0.23,0.3
"New Religion: DrownedGod, Current Religion: Faith of the Seven, Population: 300000, Control: 95, Own Province: True",0.07,0.15,0.22,0.29
"New Religion: DrownedGod, Current Religion: Faith of the Seven, Population: 300000, Control: 95, Own Province: False",0.08,0.15,0.22,0.29
"New Religion: DrownedGod, Current Religion: Faith of the Seven, Population: 300000, Control: 100, Own Province: True",0.08,0.15,0.22,0.3
"New Religion: DrownedGod, Current Religion: Faith of the Seven, Population: 300000, Control: 100, Own Province: False",0.07,0.15,0.22,0.29
"New Religion: DrownedGod, Current Religion: Old Gods, Population: 1000, Control: 85, Own Province: True",0.03,0.07,0.11,0.15
"New Religion: DrownedGod, Current Religion: Old Gods, Population: 1000, Control: 85, Own Province: False",0.03,0.07,0.1,0.14
"New Religion: DrownedGod, Current Religion: Old Gods, Population: 1000, Control: 90, Own Province: True",0.02,0.05,0.07,0.1
"New Religion: DrownedGod, Current Religion: Old Gods, Population: 1000, Control: 90, Own Province: False",0.05,0.09,0.14,0.19
"New Religion: DrownedGod, Current Religion: Old Gods, Population: 1000, Control: 95, Own Province: True",0.01,0.03,0.04,0.06
"New Religion: DrownedGod, Current Religion: Old Gods, Population: 1000, Control: 95, Own Province: False",0.05,0.13,0.18,0.24
"New Religion: DrownedGod, Current Religion: Old Gods, Population: 1000, Control: 100, Own Province: True",0.01,0.01,0.02,0.02
"New Religion: DrownedGod, Current Religion: Old Gods, Population: 1000, Control: 100, Own Province: False",0.07,0.15,0.22,0.29
"New Religion: DrownedGod, Current Religion: Old Gods, Population: 50000, Control: 85, Own Province: True",0.05,0.1,0.14,0.19
"New Religion: DrownedGod, Current Religion: Old Gods, Population: 50000, Control: 85, Own Province: False",0.05,0.1,0.14,0.19
"New Religion: DrownedGod, Current Religion: Old Gods, Population: 50000, Control: 90, Own Province: True",0.03,0.07,0.11,0.14
"New Religion: DrownedGod, Current Religion: Old Gods, Population: 50000, Control: 90, Own Province: False",0.06,0.12,0.18,0.25
"New Religion: DrownedGod, Current Religion: Old Gods, Population: 50000, Control: 95, Own Province: True",0.02,0.05,0.07,0.1
"New Religion: DrownedGod, Current Religion: Old Gods, Population: 50000, Control: 95, Own Province: False",0.08,0.15,0.22,0.3
"New Religion: DrownedGod, Current Religion: Old Gods, Population: 50000, Control: 100, Own Province: True",0.01,0.02,0.04,0.06
"New Religion: DrownedGod, Current Religion: Old Gods, Population: 50000, Control: 100, Own Province: False",0.07,0.15,0.23,0.29
"New Religion: DrownedGod, Current Religion: Old Gods, Population: 100000, Control: 85, Own Province: True",0.06,0.13,0.18,0.24
"New Religion: DrownedGod, Current Religion: Old Gods, Population: 100000, Control: 85, Own Province: False",0.06,0.12,0.18,0.25
"New Religion: DrownedGod, Current Religion: Old Gods, Population: 100000, Control: 90, Own Province: True",0.05,0.1,0.15,0.19
"New Religion: DrownedGod, Current Religion: Old Gods, Population: 100000, Control: 90, Own Province: False",0.08,0.15,0.23,0.28
"New Religion: DrownedGod, Current Religion: Old Gods, Population: 100000, Control: 95, Own Province: True",0.04,0.07,0.11,0.15
"New Religion: DrownedGod, Current Religion: Old Gods, Population: 100000, Control: 95, Own Province: False",0.07,0.14,0.23,0.3
"New Religion: DrownedGod, Current Religion: Old Gods, Population: 100000, Control: 100, Own Province: True",0.02,0.05,0.07,0.09
"New Religion: DrownedGod, Current Religion: Old Gods, Population: 100000, Control: 100, Own Province: False",0.07,0.15,0.22,0.3
"New Religion: DrownedGod, Current Religion: Old Gods, Population: 150000, Control: 85, Own Province: True",0.07,0.14,0.23,0.3
"New Religion: DrownedGod, Current Religion: Old Gods, Population: 150000, Control: 85, Own Province: False",0.08,0.15,0.22,0.29
"New Religion: DrownedGod, Current Religion: Old Gods, Population: 150000, Control: 90, Own Province: True",0.06,0.13,0.18,0.24
"New Religion: DrownedGod, Current Religion: Old Gods, Population: 150000, Control: 90, Own Province: False",0.08,0.15,0.23,0.29
"New Religion: DrownedGod, Current Religion: Old Gods, Population: 150000, Control: 95, Own Province: True",0.05,0.09,0.15,0.19
"New Religion: DrownedGod, Current Religion: Old Gods, Population: 150000, Control: 95, Own Province: False",0.07,0.16,0.22,0.3
"New Religion: DrownedGod, Current Religion: Old Gods, Population: 150000, Control: 100, Own Province: True",0.04,0.07,0.11,0.14
"New Religion: DrownedGod, Current Religion: Old Gods, Population: 150000, Control: 100, Own Province: False",0.07,0.15,0.23,0.29
"New Religion: DrownedGod, Current Religion: Old Gods, Population: 200000, Control: 85, Own Province: True",0.08,0.15,0.22,0.29
"New Religion: DrownedGod, Current Religion: Old Gods, Population: 200000, Control: 85, Own Province: False",0.07,0.15,0.22,0.31
"New Religion: DrownedGod, Current Religion: Old Gods, Population: 200000, Control: 90, Own Province: True",0.08,0.15,0.22,0.3
"New Religion: DrownedGod, Current Religion: Old Gods, Population: 200000, Control: 90, Own Province: False",0.08,0.15,0.22,0.29
"New Religion: DrownedGod, Current Religion: Old Gods, Population: 200000, Control: 95, Own Province: True",0.06,0.13,0.18,0.25
"New Religion: DrownedGod, Current Religion: Old Gods, Population: 200000, Control: 95, Own Province: False",0.07,0.15,0.22,0.3
"New Religion: DrownedGod, Current Religion: Old Gods, Population: 200000, Control: 100, Own Province: True",0.05,0.09,0.14,0.19
"New Religion: DrownedGod, Current Religion: Old Gods, Population: 200000, Control: 100, Own Province: False",0.07,0.14,0.22,0.3
"New Religion: DrownedGod, Current Religion: Old Gods, Population: 250000, Control: 85, Own Province: True",0.07,0.14,0.23,0.3
"New Religion: DrownedGod, Current Religion: Old Gods, Population: 250000, Control: 85, Own Province: False",0.08,0.15,0.22,0.3
"New Religion: DrownedGod, Current Religion: Old Gods, Population: 250000, Control: 90, Own Province: True",0.07,0.15,0.22,0.3
"New Religion: DrownedGod, Current Religion: Old Gods, Population: 250000, Control: 90, Own Province: False",0.08,0.15,0.22,0.3
"New Religion: DrownedGod, Current Religion: Old Gods, Population: 250000, Control: 95, Own Province: True",0.08,0.15,0.23,0.29
"New Religion: DrownedGod, Current Religion: Old Gods, Population: 250000, Control: 95, Own Province: False",0.08,0.15,0.22,0.3
"New Religion: DrownedGod, Current Religion: Old Gods, Population: 250000, Control: 100, Own Province: True",0.06,0.12,0.19,0.25
"New Religion: DrownedGod, Current Religion: Old Gods, Population: 250000, Control: 100, Own Province: False",0.07,0.15,0.23,0.3
"New Religion: DrownedGod, Current Religion: Old Gods, Population: 300000, Control: 85, Own Province: True",0.08,0.14,0.22,0.3
"New Religion: DrownedGod, Current Religion: Old Gods, Population: 300000, Control: 85, Own Province: False",0.08,0.15,0.22,0.3
"New Religion: DrownedGod, Current Religion: Old Gods, Population: 300000, Control: 90, Own Province: True",0.07,0.14,0.22,0.3
"New Religion: DrownedGod, Current Religion: Old Gods, Population: 300000, Control: 90, Own Province: False",0.08,0.15,0.22,0.3
"New Religion: DrownedGod, Current Religion: Old Gods, Population: 300000, Control: 95, Own Province: True",0.07,0.15,0.22,0.3
"New Religion: DrownedGod, Current Religion: Old Gods, Population: 300000, Control: 95, Own Province: False",0.07,0.15,0.22,0.3
"New Religion: DrownedGod, Current Religion: Old Gods, Population: 300000, Control: 100, Own Province: True",0.07,0.15,0.22,0.3
"New Religion: DrownedGod, Current Religion: Old Gods, Population: 300000, Control: 100, Own Province: False",0.07,0.15,0.23,0.29
"New Religion: DrownedGod, Current Religion: Skagosi Old Gods, Population: 1000, Control: 85, Own Province: True",0.05,0.1,0.14,0.19
"New Religion: DrownedGod, Current Religion: Skagosi Old Gods, Population: 1000, Control: 85, Own Province: False",0.05,0.09,0.14,0.2
"New Religion: DrownedGod, Current Religion: Skagosi Old Gods, Population: 1000, Control: 90, Own Province: True",0.04,0.07,0.11,0.14
"New Religion: DrownedGod, Current Religion: Skagosi Old Gods, Population: 1000, Control: 90, Own Province: False",0.06,0.13,0.18,0.25
"New Religion: DrownedGod, Current Religion: Skagosi Old Gods, Population: 1000, Control: 95, Own Province: True",0.02,0.05,0.07,0.1
"New Religion: DrownedGod, Current Religion: Skagosi Old Gods, Population: 1000, Control: 95, Own Province: False",0.07,0.15,0.22,0.29
"New Religion: DrownedGod, Current Religion: Skagosi Old Gods, Population: 1000, Control: 100, Own Province: True",0.01,0.03,0.04,0.05
"New Religion: DrownedGod, Current Religion: Skagosi Old Gods, Population: 1000, Control: 100, Own Province: False",0.08,0.15,0.22,0.3
"New Religion: DrownedGod, Current Religion: Skagosi Old Gods, Population: 50000, Control: 85, Own Province: True",0.06,0.12,0.19,0.24
"New Religion: DrownedGod, Current Religion: Skagosi Old Gods, Population: 50000, Control: 85, Own Province: False",0.06,0.12,0.18,0.24
"New Religion: DrownedGod, Current Religion: Skagosi Old Gods, Population: 50000, Control: 90, Own Province: True",0.05,0.09,0.14,0.19
"New Religion: DrownedGod, Current Religion: Skagosi Old Gods, Population: 50000, Control: 90, Own Province: False",0.07,0.15,0.23,0.3
"New Religion: DrownedGod, Current Religion: Skagosi Old Gods, Population: 50000, Control: 95, Own Province: True",0.03,0.07,0.1,0.14
"New Religion: DrownedGod, Current Religion: Skagosi Old Gods, Population: 50000, Control: 95, Own Province: False",0.08,0.15,0.23,0.3
"New Religion: DrownedGod, Current Religion: Skagosi Old Gods, Population: 50000, Control: 100, Own Province: True",0.03,0.05,0.08,0.1
"New Religion: DrownedGod, Current Religion: Skagosi Old Gods, Population: 50000, Control: 100, Own Province: False",0.07,0.15,0.23,0.29
"New Religion: DrownedGod, Current Religion: Skagosi Old Gods, Population: 100000, Control: 85, Own Province: True",0.08,0.15,0.22,0.3
"New Religion: DrownedGod, Current Religion: Skagosi Old Gods, Population: 100000, Control: 85, Own Province: False",0.08,0.14,0.22,0.3
"New Religion: DrownedGod, Current Religion: Skagosi Old Gods, Population: 100000, Control: 90, Own Province: True",0.06,0.12,0.18,0.25
"New Religion: DrownedGod, Current Religion: Skagosi Old Gods, Population: 100000, Control: 90, Own Province: False",0.08,0.14,0.23,0.29
"New Religion: DrownedGod, Current Religion: Skagosi Old Gods, Population: 100000, Control: 95, Own Province: True",0.05,0.09,0.15,0.19
"New Religion: DrownedGod, Current Religion: Skagosi Old Gods, Population: 100000, Control: 95, Own Province: False",0.08,0.15,0.23,0.29
"New Religion: DrownedGod, Current Religion: Skagosi Old Gods, Population: 100000, Control: 100, Own Province: True",0.03,0.07,0.1,0.14
"New Religion: DrownedGod, Current Religion: Skagosi Old Gods, Population: 100000, Control: 100, Own Province: False",0.08,0.15,0.22,0.3
"New Religion: DrownedGod, Current Religion: Skagosi Old Gods, Population: 150000, Control: 85, Own Province: True",0.07,0.15,0.22,0.3
"New Religion: DrownedGod, Current Religion: Skagosi Old Gods, Population: 150000, Control: 85, Own Province: False",0.07,0.15,0.22,0.3
"New Religion: DrownedGod, Current Religion: Skagosi Old Gods, Population: 150000, Control: 90, Own Province: True",0.08,0.14,0.23,0.3
"New Religion: DrownedGod, Current Religion: Skagosi Old Gods, Population: 150000, Control: 90, Own Province: False",0.08,0.14,0.22,0.3
"New Religion: DrownedGod, Current Religion: Skagosi Old Gods, Population: 150000, Control: 95, Own Province: True",0.07,0.12,0.19,0.24
"New Religion: DrownedGod, Current Religion: Skagosi Old Gods, Population: 150000, Control: 95, Own Province: False",0.07,0.15,0.22,0.3
"New Religion: DrownedGod, Current Religion: Skagosi Old Gods, Population: 150000, Control: 100, Own Province: True",0.04,0.1,0.14,0.19
"New Religion: DrownedGod, Current Religion: Skagosi Old Gods, Population: 150000, Control: 100, Own Province: False",0.08,0.15,0.23,0.3
"New Religion: DrownedGod, Current Religion: Skagosi Old Gods, Population: 200000, Control: 85, Own Province: True",0.07,0.15,0.23,0.29
"New Religion: DrownedGod, Current Religion: Skagosi Old Gods, Population: 200000, Control: 85, Own Province: False",0.07,0.14,0.23,0.29
"New Religion: DrownedGod, Current Religion: Skagosi Old Gods, Population: 200000, Control: 90, Own Province: True",0.07,0.15,0.22,0.29
"New Religion: DrownedGod, Current Religion: Skagosi Old Gods, Population: 200000, Control: 90, Own Province: False",0.07,0.15,0.22,0.3
"New Religion: DrownedGod, Current Religion: Skagosi Old Gods, Population: 200000, Control: 95, Own Province: True",0.08,0.14,0.22,0.3
"New Religion: DrownedGod, Current Religion: Skagosi Old Gods, Population: 200000, Control: 95, Own Province: False",0.07,0.16,0.22,0.3
"New Religion: DrownedGod, Current Religion: Skagosi Old Gods, Population: 200000, Control: 100, Own Province: True",0.06,0.12,0.19,0.24
"New Religion: DrownedGod, Current Religion: Skagosi Old Gods, Population: 200000, Control: 100, Own Province: False",0.07,0.15,0.22,0.29
"New Religion: DrownedGod, Current Religion: Skagosi Old Gods, Population: 250000, Control: 85, Own Province: True",0.08,0.15,0.23,0.29
"New Religion: DrownedGod, Current Religion: Skagosi Old Gods, Population: 250000, Control: 85, Own Province: False",0.08,0.15,0.22,0.3
"New Religion: DrownedGod, Current Religion: Skagosi Old Gods, Population: 250000, Control: 90, Own Province: True",0.07,0.15,0.22,0.29
"New Religion: DrownedGod, Current Religion: Skagosi Old Gods, Population: 250000, Control: 90, Own Province: False",0.07,0.14,0.22,0.3
"New Religion: DrownedGod, Current Religion: Skagosi Old Gods, Population: 250000, Control: 95, Own Province: True",0.07,0.15,0.22,0.3
"New Religion: DrownedGod, Current Religion: Skagosi Old Gods, Population: 250000, Control: 95, Own Province: False",0.08,0.14,0.22,0.3
"New Religion: DrownedGod, Current Religion: Skagosi Old Gods, Population: 250000, Control: 100, Own Province: True",0.07,0.15,0.23,0.29
"New Religion: DrownedGod, Current Religion: Skagosi Old Gods, Population: 250000, Control: 100, Own Province: False",0.08,0.15,0.22,0.3
"New Religion: DrownedGod, Current Religion: Skagosi Old Gods, Population: 300000, Control: 85, Own Province: True",0.07,0.15,0.23,0.3
"New Religion: DrownedGod, Current Religion: Skagosi Old Gods, Population: 300000, Control: 85, Own Province: False",0.08,0.14,0.22,0.3
"New Religion: DrownedGod, Current Religion: Skagosi Old Gods, Population: 300000, Control: 90, Own Province: True",0.07,0.15,0.22,0.29
"New Religion: DrownedGod, Current Religion: Skagosi Old Gods, Population: 300000, Control: 90, Own Province: False",0.07,0.15,0.22,0.3
"New Religion: DrownedGod, Current Religion: Skagosi Old Gods, Population: 300000, Control: 95, Own Province: True",0.07,0.15,0.23,0.3
"New Religion: DrownedGod, Current Religion: Skagosi Old Gods, Population: 300000, Control: 95, Own Province: False",0.07,0.15,0.23,0.29
"New Religion: DrownedGod, Current Religion: Skagosi Old Gods, Population: 300000, Control: 100, Own Province: True",0.07,0.15,0.22,0.29
"New Religion: DrownedGod, Current Religion: Skagosi Old Gods, Population: 300000, Control: 100, Own Province: False",0.07,0.15,0.23,0.3
"New Religion: DrownedGod, Current Religion: DrownedGodII, Population: 1000, Control: 85, Own Province: True",0.05,0.09,0.15,0.19
"New Religion: DrownedGod, Current Religion: DrownedGodII, Population: 1000, Control: 85, Own Province: False",0.05,0.1,0.14,0.19
"New Religion: DrownedGod, Current Religion: DrownedGodII, Population: 1000, Control: 90, Own Province: True",0.03,0.07,0.11,0.14
"New Religion: DrownedGod, Current Religion: DrownedGodII, Population: 1000, Control: 90, Own Province: False",0.06,0.12,0.18,0.25
"New Religion: DrownedGod, Current Religion: DrownedGodII, Population: 1000, Control: 95, Own Province: True",0.03,0.04,0.07,0.09
"New Religion: DrownedGod, Current Religion: DrownedGodII, Population: 1000, Control: 95, Own Province: False",0.07,0.15,0.22,0.29
"New Religion: DrownedGod, Current Religion: DrownedGodII, Population: 1000, Control: 100, Own Province: True",0.01,0.03,0.04,0.06
"New Religion: DrownedGod, Current Religion: DrownedGodII, Population: 1000, Control: 100, Own Province: False",0.07,0.14,0.23,0.3
"New Religion: DrownedGod, Current Religion: DrownedGodII, Population: 50000, Control: 85, Own Province: True",0.06,0.12,0.18,0.24
"New Religion: DrownedGod, Current Religion: DrownedGodII, Population: 50000, Control: 85, Own Province: False",0.06,0.13,0.18,0.25
"New Religion: DrownedGod, Current Religion: DrownedGodII, Population: 50000, Control: 90, Own Province: True",0.05,0.09,0.14,0.2
"New Religion: DrownedGod, Current Religion: DrownedGodII, Population: 50000, Control: 90, Own Province: False",0.07,0.15,0.22,0.29
"New Religion: DrownedGod, Current Religion: DrownedGodII, Population: 50000, Control: 95, Own Province: True",0.04,0.07,0.11,0.14
"New Religion: DrownedGod, Current Religion: DrownedGodII, Population: 50000, Control: 95, Own Province: False",0.07,0.15,0.21,0.3
"New Religion: DrownedGod, Current Religion: DrownedGodII, Population: 50000, Control: 100, Own Province: True",0.02,0.05,0.07,0.09
"New Religion: DrownedGod, Current Religion: DrownedGodII, Population: 50000, Control: 100, Own Province: False",0.08,0.15,0.23,0.29
"New Religion: DrownedGod, Current Religion: DrownedGodII, Population: 100000, Control: 85, Own Province: True",0.07,0.15,0.22,0.3
"New Religion: DrownedGod, Current Religion: DrownedGodII, Population: 100000, Control: 85, Own Province: False",0.08,0.15,0.22,0.3
"New Religion: DrownedGod, Current Religion: DrownedGodII, Population: 100000, Control: 90, Own Province: True",0.06,0.12,0.18,0.25
"New Religion: DrownedGod, Current Religion: DrownedGodII, Population: 100000, Control: 90, Own Province: False",0.08,0.14,0.22,0.3
"New Religion: DrownedGod, Current Religion: DrownedGodII, Population: 100000, Control: 95, Own Province: True",0.05,0.09,0.15,0.19
"New Religion: DrownedGod, Current Religion: DrownedGodII, Population: 100000, Control: 95, Own Province: False",0.07,0.15,0.22,0.3
"New Religion: DrownedGod, Current Religion: DrownedGodII, Population: 100000, Control: 100, Own Province: True",0.03,0.08,0.11,0.14
"New Religion: DrownedGod, Current Religion: DrownedGodII, Population: 100000, Control: 100, Own Province: False",0.08,0.15,0.22,0.3
"New Religion: DrownedGod, Current Religion: DrownedGodII, Population: 150000, Control: 85, Own Province: True",0.07,0.15,0.22,0.3
"New Religion: DrownedGod, Current Religion: DrownedGodII, Population: 150000, Control: 85, Own Province: False",0.07,0.15,0.22,0.29
"New Religion: DrownedGod, Current Religion: DrownedGodII, Population: 150000, Control: 90, Own Province: True",0.07,0.15,0.21,0.3
"New Religion: DrownedGod, Current Religion: DrownedGodII, Population: 150000, Control: 90, Own Province: False",0.07,0.15,0.23,0.3
"New Religion: DrownedGod, Current Religion: DrownedGodII, Population: 150000, Control: 95, Own Province: True",0.06,0.12,0.18,0.24
"New Religion: DrownedGod, Current Religion: DrownedGodII, Population: 150000, Control: 95, Own Province: False",0.07,0.15,0.22,0.29
"New Religion: DrownedGod, Current Religion: DrownedGodII, Population: 150000, Control: 100, Own Province: True",0.05,0.09,0.14,0.19
"New Religion: DrownedGod, Current Religion: DrownedGodII, Population: 150000, Control: 100, Own Province: False",0.07,0.15,0.22,0.3
"New Religion: DrownedGod, Current Religion: DrownedGodII, Population: 200000, Control: 85, Own Province: True",0.07,0.15,0.22,0.3
"New Religion: DrownedGod, Current Religion: DrownedGodII, Population: 200000, Control: 85, Own Province: False",0.08,0.14,0.23,0.3
"New Religion: DrownedGod, Current Religion: DrownedGodII, Population: 200000, Control: 90, Own Province: True",0.07,0.15,0.22,0.3
"New Religion: DrownedGod, Current Religion: DrownedGodII, Population: 200000, Control: 90, Own Province: False",0.07,0.15,0.22,0.3
"New Religion: DrownedGod, Current Religion: DrownedGodII, Population: 200000, Control: 95, Own Province: True",0.07,0.14,0.22,0.3
"New Religion: DrownedGod, Current Religion: DrownedGodII, Population: 200000, Control: 95, Own Province: False",0.07,0.15,0.23,0.29
"New Religion: DrownedGod, Current Religion: DrownedGodII, Population: 200000, Control: 100, Own Province: True",0.06,0.12,0.18,0.25
"New Religion: DrownedGod, Current Religion: DrownedGodII, Population: 200000, Control: 100, Own Province: False",0.07,0.15,0.22,0.3
"New Religion: DrownedGod, Current Religion: DrownedGodII, Population: 250000, Control: 85, Own Province: True",0.07,0.14,0.22,0.31
"New Religion: DrownedGod, Current Religion: DrownedGodII, Population: 250000, Control: 85, Own Province: False",0.08,0.15,0.22,0.3
"New Religion: DrownedGod, Current Religion: DrownedGodII, Population: 250000, Control: 90, Own Province: True",0.07,0.15,0.23,0.29
"New Religion: DrownedGod, Current Religion: DrownedGodII, Population: 250000, Control: 90, Own Province: False",0.07,0.15,0.22,0.3
"New Religion: DrownedGod, Current Religion: DrownedGodII, Population: 250000, Control: 95, Own Province: True",0.07,0.15,0.23,0.29
"New Religion: DrownedGod, Current Religion: DrownedGodII, Population: 250000, Control: 95, Own Province: False",0.08,0.16,0.22,0.3
"New Religion: DrownedGod, Current Religion: DrownedGodII, Population: 250000, Control: 100, Own Province: True",0.07,0.15,0.22,0.3
"New Religion: DrownedGod, Current Religion: DrownedGodII, Population: 250000, Control: 100, Own Province: False",0.07,0.16,0.22,0.3
"New Religion: DrownedGod, Current Religion: DrownedGodII, Population: 300000, Control: 85, Own Province: True",0.07,0.14,0.23,0.3
"New Religion: DrownedGod, Current Religion: DrownedGodII, Population: 300000, Control: 85, Own Province: False",0.08,0.15,0.23,0.3
"New Religion: DrownedGod, Current Religion: DrownedGodII, Population: 300000, Control: 90, Own Province: True",0.08,0.15,0.22,0.29
"New Religion: DrownedGod, Current Religion: DrownedGodII, Population: 300000, Control: 90, Own Province: False",0.08,0.14,0.23,0.29
"New Religion: DrownedGod, Current Religion: DrownedGodII, Population: 300000, Control: 95, Own Province: True",0.08,0.15,0.22,0.29
"New Religion: DrownedGod, Current Religion: DrownedGodII, Population: 300000, Control: 95, Own Province: False",0.07,0.15,0.22,0.3
"New Religion: DrownedGod, Current Religion: DrownedGodII, Population: 300000, Control: 100, Own Province: True",0.07,0.15,0.23,0.29
"New Religion: DrownedGod, Current Religion: DrownedGodII, Population: 300000, Control: 100, Own Province: False",0.07,0.15,0.22,0.3
"New Religion: DrownedGod, Current Religion: Mother Rhoyne, Population: 1000, Control: 85, Own Province: True",0.05,0.09,0.15,0.19
"New Religion: DrownedGod, Current Religion: Mother Rhoyne, Population: 1000, Control: 85, Own Province: False",0.05,0.1,0.14,0.2
"New Religion: DrownedGod, Current Religion: Mother Rhoyne, Population: 1000, Control: 90, Own Province: True",0.03,0.07,0.11,0.13
"New Religion: DrownedGod, Current Religion: Mother Rhoyne, Population: 1000, Control: 90, Own Province: False",0.06,0.12,0.18,0.25
"New Religion: DrownedGod, Current Religion: Mother Rhoyne, Population: 1000, Control: 95, Own Province: True",0.03,0.04,0.07,0.1
"New Religion: DrownedGod, Current Religion: Mother Rhoyne, Population: 1000, Control: 95, Own Province: False",0.07,0.15,0.22,0.3
"New Religion: DrownedGod, Current Religion: Mother Rhoyne, Population: 1000, Control: 100, Own Province: True",0.01,0.03,0.04,0.06
"New Religion: DrownedGod, Current Religion: Mother Rhoyne, Population: 1000, Control: 100, Own Province: False",0.08,0.15,0.23,0.3
"New Religion: DrownedGod, Current Religion: Mother Rhoyne, Population: 50000, Control: 85, Own Province: True",0.06,0.12,0.19,0.24
"New Religion: DrownedGod, Current Religion: Mother Rhoyne, Population: 50000, Control: 85, Own Province: False",0.06,0.12,0.18,0.25
"New Religion: DrownedGod, Current Religion: Mother Rhoyne, Population: 50000, Control: 90, Own Province: True",0.05,0.1,0.14,0.19
"New Religion: DrownedGod, Current Religion: Mother Rhoyne, Population: 50000, Control: 90, Own Province: False",0.07,0.15,0.22,0.29
"New Religion: DrownedGod, Current Religion: Mother Rhoyne, Population: 50000, Control: 95, Own Province: True",0.04,0.06,0.11,0.14
"New Religion: DrownedGod, Current Religion: Mother Rhoyne, Population: 50000, Control: 95, Own Province: False",0.07,0.15,0.22,0.29
"New Religion: DrownedGod, Current Religion: Mother Rhoyne, Population: 50000, Control: 100, Own Province: True",0.03,0.05,0.08,0.09
"New Religion: DrownedGod, Current Religion: Mother Rhoyne, Population: 50000, Control: 100, Own Province: False",0.07,0.15,0.22,0.3
"New Religion: DrownedGod, Current Religion: Mother Rhoyne, Population: 100000, Control: 85, Own Province: True",0.08,0.15,0.22,0.29
"New Religion: DrownedGod, Current Religion: Mother Rhoyne, Population: 100000, Control: 85, Own Province: False",0.08,0.14,0.23,0.29
"New Religion: DrownedGod, Current Religion: Mother Rhoyne, Population: 100000, Control: 90, Own Province: True",0.06,0.12,0.19,0.25
"New Religion: DrownedGod, Current Religion: Mother Rhoyne, Population: 100000, Control: 90, Own Province: False",0.07,0.15,0.22,0.3
"New Religion: DrownedGod, Current Religion: Mother Rhoyne, Population: 100000, Control: 95, Own Province: True",0.05,0.1,0.15,0.19
"New Religion: DrownedGod, Current Religion: Mother Rhoyne, Population: 100000, Control: 95, Own Province: False",0.07,0.15,0.23,0.29
"New Religion: DrownedGod, Current Religion: Mother Rhoyne, Population: 100000, Control: 100, Own Province: True",0.03,0.07,0.11,0.14
"New Religion: DrownedGod, Current Religion: Mother Rhoyne, Population: 100000, Control: 100, Own Province: False",0.08,0.15,0.22,0.3
"New Religion: DrownedGod, Current Religion: Mother Rhoyne, Population: 150000, Control: 85, Own Province: True",0.07,0.15,0.22,0.3
"New Religion: DrownedGod, Current Religion: Mother Rhoyne, Population: 150000, Control: 85, Own Province: False",0.07,0.15,0.23,0.3
"New Religion: DrownedGod, Current Religion: Mother Rhoyne, Population: 150000, Control: 90, Own Province: True",0.08,0.15,0.22,0.3
"New Religion: DrownedGod, Current Religion: Mother Rhoyne, Population: 150000, Control: 90, Own Province: False",0.07,0.15,0.22,0.3
"New Religion: DrownedGod, Current Religion: Mother Rhoyne, Population: 150000, Control: 95, Own Province: True",0.06,0.12,0.18,0.25
"New Religion: DrownedGod, Current Religion: Mother Rhoyne, Population: 150000, Control: 95, Own Province: False",0.07,0.15,0.22,0.29
"New Religion: DrownedGod, Current Religion: Mother Rhoyne, Population: 150000, Control: 100, Own Province: True",0.05,0.09,0.14,0.19
"New Religion: DrownedGod, Current Religion: Mother Rhoyne, Population: 150000, Control: 100, Own Province: False",0.07,0.14,0.22,0.3
"New Religion: DrownedGod, Current Religion: Mother Rhoyne, Population: 200000, Control: 85, Own Province: True",0.07,0.14,0.22,0.3
"New Religion: DrownedGod, Current Religion: Mother Rhoyne, Population: 200000, Control: 85, Own Province: False",0.08,0.14,0.23,0.3
"New Religion: DrownedGod, Current Religion: Mother Rhoyne, Population: 200000, Control: 90, Own Province: True",0.07,0.15,0.22,0.3
"New Religion: DrownedGod, Current Religion: Mother Rhoyne, Population: 200000, Control: 90, Own Province: False",0.08,0.15,0.22,0.3
"New Religion: DrownedGod, Current Religion: Mother Rhoyne, Population: 200000, Control: 95, Own Province: True",0.07,0.15,0.21,0.3
"New Religion: DrownedGod, Current Religion: Mother Rhoyne, Population: 200000, Control: 95, Own Province: False",0.07,0.15,0.22,0.29
"New Religion: DrownedGod, Current Religion: Mother Rhoyne, Population: 200000, Control: 100, Own Province: True",0.07,0.13,0.18,0.24
"New Religion: DrownedGod, Current Religion: Mother Rhoyne, Population: 200000, Control: 100, Own Province: False",0.08,0.14,0.22,0.31
"New Religion: DrownedGod, Current Religion: Mother Rhoyne, Population: 250000, Control: 85, Own Province: True",0.07,0.15,0.24,0.29
"New Religion: DrownedGod, Current Religion: Mother Rhoyne, Population: 250000, Control: 85, Own Province: False",0.07,0.15,0.22,0.3
"New Religion: DrownedGod, Current Religion: Mother Rhoyne, Population: 250000, Control: 90, Own Province: True",0.07,0.15,0.23,0.29
"New Religion: DrownedGod, Current Religion: Mother Rhoyne, Population: 250000, Control: 90, Own Province: False",0.08,0.15,0.22,0.29
"New Religion: DrownedGod, Current Religion: Mother Rhoyne, Population: 250000, Control: 95, Own Province: True",0.08,0.14,0.22,0.3
"New Religion: DrownedGod, Current Religion: Mother Rhoyne, Population: 250000, Control: 95, Own Province: False",0.08,0.15,0.23,0.29
"New Religion: DrownedGod, Current Religion: Mother Rhoyne, Population: 250000, Control: 100, Own Province: True",0.07,0.15,0.22,0.3
"New Religion: DrownedGod, Current Religion: Mother Rhoyne, Population: 250000, Control: 100, Own Province: False",0.08,0.15,0.23,0.29
"New Religion: DrownedGod, Current Religion: Mother Rhoyne, Population: 300000, Control: 85, Own Province: True",0.07,0.15,0.23,0.3
"New Religion: DrownedGod, Current Religion: Mother Rhoyne, Population: 300000, Control: 85, Own Province: False",0.08,0.15,0.21,0.3
"New Religion: DrownedGod, Current Religion: Mother Rhoyne, Population: 300000, Control: 90, Own Province: True",0.07,0.15,0.23,0.29
"New Religion: DrownedGod, Current Religion: Mother Rhoyne, Population: 300000, Control: 90, Own Province: False",0.08,0.16,0.21,0.3
"New Religion: DrownedGod, Current Religion: Mother Rhoyne, Population: 300000, Control: 95, Own Province: True",0.07,0.15,0.22,0.29
"New Religion: DrownedGod, Current Religion: Mother Rhoyne, Population: 300000, Control: 95, Own Province: False",0.07,0.15,0.23,0.3
"New Religion: DrownedGod, Current Religion: Mother Rhoyne, Population: 300000, Control: 100, Own Province: True",0.08,0.15,0.22,0.3
"New Religion: DrownedGod, Current Religion: Mother Rhoyne, Population: 300000, Control: 100, Own Province: False",0.08,0.15,0.23,0.3
"New Religion: DrownedGod, Current Religion: Gods of Valyria, Population: 1000, Control: 85, Own Province: True",0.05,0.1,0.15,0.2
"New Religion: DrownedGod, Current Religion: Gods of Valyria, Population: 1000, Control: 85, Own Province: False",0.05,0.1,0.14,0.19
"New Religion: DrownedGod, Current Religion: Gods of Valyria, Population: 1000, Control: 90, Own Province: True",0.03,0.07,0.11,0.14
"New Religion: DrownedGod, Current Religion: Gods of Valyria, Population: 1000, Control: 90, Own Province: False",0.07,0.12,0.18,0.25
"New Religion: DrownedGod, Current Religion: Gods of Valyria, Population: 1000, Control: 95, Own Province: True",0.02,0.05,0.07,0.09
"New Religion: DrownedGod, Current Religion: Gods of Valyria, Population: 1000, Control: 95, Own Province: False",0.07,0.15,0.22,0.3
"New Religion: DrownedGod, Current Religion: Gods of Valyria, Population: 1000, Control: 100, Own Province: True",0.01,0.03,0.04,0.05
"New Religion: DrownedGod, Current Religion: Gods of Valyria, Population: 1000, Control: 100, Own Province: False",0.07,0.15,0.22,0.3
"New Religion: DrownedGod, Current Religion: Gods of Valyria, Population: 50000, Control: 85, Own Province: True",0.06,0.13,0.18,0.24
"New Religion: DrownedGod, Current Religion: Gods of Valyria, Population: 50000, Control: 85, Own Province: False",0.06,0.12,0.19,0.24
"New Religion: DrownedGod, Current Religion: Gods of Valyria, Population: 50000, Control: 90, Own Province: True",0.05,0.09,0.14,0.2
"New Religion: DrownedGod, Current Religion: Gods of Valyria, Population: 50000, Control: 90, Own Province: False",0.07,0.14,0.22,0.3
"New Religion: DrownedGod, Current Religion: Gods of Valyria, Population: 50000, Control: 95, Own Province: True",0.04,0.07,0.1,0.14
"New Religion: DrownedGod, Current Religion: Gods of Valyria, Population: 50000, Control: 95, Own Province: False",0.07,0.15,0.22,0.3
"New Religion: DrownedGod, Current Religion: Gods of Valyria, Population: 50000, Control: 100, Own Province: True",0.02,0.05,0.07,0.1
"New Religion: DrownedGod, Current Religion: Gods of Valyria, Population: 50000, Control: 100, Own Province: False",0.07,0.15,0.22,0.3
"New Religion: DrownedGod, Current Religion: Gods of Valyria, Population: 100000, Control: 85, Own Province: True",0.08,0.14,0.22,0.3
"New Religion: DrownedGod, Current Religion: Gods of Valyria, Population: 100000, Control: 85, Own Province: False",0.08,0.15,0.22,0.3
"New Religion: DrownedGod, Current Religion: Gods of Valyria, Population: 100000, Control: 90, Own Province: True",0.06,0.13,0.18,0.24
"New Religion: DrownedGod, Current Religion: Gods of Valyria, Population: 100000, Control: 90, Own Province: False",0.07,0.15,0.22,0.29
"New Religion: DrownedGod, Current Religion: Gods of Valyria, Population: 100000, Control: 95, Own Province: True",0.05,0.09,0.15,0.19
"New Religion: DrownedGod, Current Religion: Gods of Valyria, Population: 100000, Control: 95, Own Province: False",0.08,0.14,0.23,0.3
"New Religion: DrownedGod, Current Religion: Gods of Valyria, Population: 100000, Control: 100, Own Province: True",0.04,0.07,0.1,0.14
"New Religion: DrownedGod, Current Religion: Gods of Valyria, Population: 100000, Control: 100, Own Province: False",0.07,0.15,0.23,0.29
"New Religion: DrownedGod, Current Religion: Gods of Valyria, Population: 150000, Control: 85, Own Province: True",0.08,0.15,0.22,0.3
"New Religion: DrownedGod, Current Religion: Gods of Valyria, Population: 150000, Control: 85, Own Province: False",0.08,0.15,0.22,0.3
"New Religion: DrownedGod, Current Religion: Gods of Valyria, Population: 150000, Control: 90, Own Province: True",0.08,0.15,0.22,0.3
"New Religion: DrownedGod, Current Religion: Gods of Valyria, Population: 150000, Control: 90, Own Province: False",0.07,0.15,0.23,0.3
"New Religion: DrownedGod, Current Religion: Gods of Valyria, Population: 150000, Control: 95, Own Province: True",0.06,0.12,0.19,0.24
"New Religion: DrownedGod, Current Religion: Gods of Valyria, Population: 150000, Control: 95, Own Province: False",0.07,0.15,0.23,0.29
"New Religion: DrownedGod, Current Religion: Gods of Valyria, Population: 150000, Control: 100, Own Province: True",0.04,0.1,0.14,0.19
"New Religion: DrownedGod, Current Religion: Gods of Valyria, Population: 150000, Control: 100, Own Province: False",0.08,0.14,0.22,0.3
"New Religion: DrownedGod, Current Religion: Gods of Valyria, Population: 200000, Control: 85, Own Province: True",0.08,0.15,0.22,0.3
"New Religion: DrownedGod, Current Religion: Gods of Valyria, Population: 200000, Control: 85, Own Province: False",0.08,0.14,0.23,0.29
"New Religion: DrownedGod, Current Religion: Gods of Valyria, Population: 200000, Control: 90, Own Province: True",0.07,0.15,0.22,0.29
"New Religion: DrownedGod, Current Religion: Gods of Valyria, Population: 200000, Control: 90, Own Province: False",0.08,0.15,0.22,0.3
"New Religion: DrownedGod, Current Religion: Gods of Valyria, Population: 200000, Control: 95, Own Province: True",0.07,0.15,0.23,0.3
"New Religion: DrownedGod, Current Religion: Gods of Valyria, Population: 200000, Control: 95, Own Province: False",0.07,0.14,0.23,0.3
"New Religion: DrownedGod, Current Religion: Gods of Valyria, Population: 200000, Control: 100, Own Province: True",0.06,0.13,0.18,0.25
"New Religion: DrownedGod, Current Religion: Gods of Valyria, Population: 200000, Control: 100, Own Province: False",0.08,0.15,0.22,0.29
"New Religion: DrownedGod, Current Religion: Gods of Valyria, Population: 250000, Control: 85, Own Province: True",0.08,0.15,0.22,0.3
"New Religion: DrownedGod, Current Religion: Gods of Valyria, Population: 250000, Control: 85, Own Province: False",0.07,0.15,0.23,0.29
"New Religion: DrownedGod, Current Religion: Gods of Valyria, Population: 250000, Control: 90, Own Province: True",0.07,0.15,0.22,0.3
"New Religion: DrownedGod, Current Religion: Gods of Valyria, Population: 250000, Control: 90, Own Province: False",0.07,0.15,0.23,0.29
"New Religion: DrownedGod, Current Religion: Gods of Valyria, Population: 250000, Control: 95, Own Province: True",0.07,0.14,0.23,0.3
"New Religion: DrownedGod, Current Religion: Gods of Valyria, Population: 250000, Control: 95, Own Province: False",0.07,0.15,0.23,0.3
"New Religion: DrownedGod, Current Religion: Gods of Valyria, Population: 250000, Control: 100, Own Province: True",0.07,0.14,0.22,0.3
"New Religion: DrownedGod, Current Religion: Gods of Valyria, Population: 250000, Control: 100, Own Province: False",0.07,0.15,0.22,0.3
"New Religion: DrownedGod, Current Religion: Gods of Valyria, Population: 300000, Control: 85, Own Province: True",0.08,0.15,0.22,0.3
"New Religion: DrownedGod, Current Religion: Gods of Valyria, Population: 300000, Control: 85, Own Province: False",0.07,0.14,0.22,0.31
"New Religion: DrownedGod, Current Religion: Gods of Valyria, Population: 300000, Control: 90, Own Province: True",0.07,0.14,0.22,0.31
"New Religion: DrownedGod, Current Religion: Gods of Valyria, Population: 300000, Control: 90, Own Province: False",0.07,0.15,0.23,0.29
"New Religion: DrownedGod, Current Religion: Gods of Valyria, Population: 300000, Control: 95, Own Province: True",0.07,0.15,0.23,0.29
"New Religion: DrownedGod, Current Religion: Gods of Valyria, Population: 300000, Control: 95, Own Province: False",0.07,0.15,0.22,0.29
"New Religion: DrownedGod, Current Religion: Gods of Valyria, Population: 300000, Control: 100, Own Province: True",0.07,0.15,0.23,0.3
"New Religion: DrownedGod, Current Religion: Gods of Valyria, Population: 300000, Control: 100, Own Province: False",0.08,0.15,0.22,0.3
"New Religion: DrownedGod, Current Religion: R'hllor, Population: 1000, Control: 85, Own Province: True",0.05,0.09,0.14,0.19
"New Religion: DrownedGod, Current Religion: R'hllor, Population: 1000, Control: 85, Own Province: False",0.05,0.1,0.15,0.19
"New Religion: DrownedGod, Current Religion: R'hllor, Population: 1000, Control: 90, Own Province: True",0.03,0.07,0.1,0.14
"New Religion: DrownedGod, Current Religion: R'hllor, Population: 1000, Control: 90, Own Province: False",0.06,0.13,0.18,0.24
"New Religion: DrownedGod, Current Religion: R'hllor, Population: 1000, Control: 95, Own Province: True",0.02,0.05,0.07,0.1
"New Religion: DrownedGod, Current Religion: R'hllor, Population: 1000, Control: 95, Own Province: False",0.08,0.15,0.22,0.29
"New Religion: DrownedGod, Current Religion: R'hllor, Population: 1000, Control: 100, Own Province: True",0.01,0.03,0.04,0.06
"New Religion: DrownedGod, Current Religion: R'hllor, Population: 1000, Control: 100, Own Province: False",0.07,0.15,0.21,0.3
"New Religion: DrownedGod, Current Religion: R'hllor, Population: 50000, Control: 85, Own Province: True",0.06,0.12,0.19,0.25
"New Religion: DrownedGod, Current Religion: R'hllor, Population: 50000, Control: 85, Own Province: False",0.06,0.12,0.18,0.25
"New Religion: DrownedGod, Current Religion: R'hllor, Population: 50000, Control: 90, Own Province: True",0.05,0.1,0.14,0.19
"New Religion: DrownedGod, Current Religion: R'hllor, Population: 50000, Control: 90, Own Province: False",0.08,0.15,0.22,0.29
"New Religion: DrownedGod, Current Religion: R'hllor, Population: 50000, Control: 95, Own Province: True",0.04,0.06,0.11,0.14
"New Religion: DrownedGod, Current Religion: R'hllor, Population: 50000, Control: 95, Own Province: False",0.07,0.15,0.22,0.3
"New Religion: DrownedGod, Current Religion: R'hllor, Population: 50000, Control: 100, Own Province: True",0.02,0.05,0.07,0.09
"New Religion: DrownedGod, Current Religion: R'hllor, Population: 50000, Control: 100, Own Province: False",0.07,0.15,0.22,0.3
"New Religion: DrownedGod, Current Religion: R'hllor, Population: 100000, Control: 85, Own Province: True",0.07,0.15,0.22,0.3
"New Religion: DrownedGod, Current Religion: R'hllor, Population: 100000, Control: 85, Own Province: False",0.08,0.15,0.22,0.3
"New Religion: DrownedGod, Current Religion: R'hllor, Population: 100000, Control: 90, Own Province: True",0.06,0.13,0.18,0.25
"New Religion: DrownedGod, Current Religion: R'hllor, Population: 100000, Control: 90, Own Province: False",0.08,0.15,0.22,0.3
"New Religion: DrownedGod, Current Religion: R'hllor, Population: 100000, Control: 95, Own Province: True",0.05,0.1,0.15,0.18
"New Religion: DrownedGod, Current Religion: R'hllor, Population: 100000, Control: 95, Own Province: False",0.07,0.15,0.23,0.3
"New Religion: DrownedGod, Current Religion: R'hllor, Population: 100000, Control: 100, Own Province: True",0.04,0.07,0.1,0.14
"New Religion: DrownedGod, Current Religion: R'hllor, Population: 100000, Control: 100, Own Province: False",0.07,0.15,0.22,0.29
"New Religion: DrownedGod, Current Religion: R'hllor, Population: 150000, Control: 85, Own Province: True",0.07,0.15,0.22,0.3
"New Religion: DrownedGod, Current Religion: R'hllor, Population: 150000, Control: 85, Own Province: False",0.07,0.15,0.22,0.3
"New Religion: DrownedGod, Current Religion: R'hllor, Population: 150000, Control: 90, Own Province: True",0.07,0.15,0.23,0.29
"New Religion: DrownedGod, Current Religion: R'hllor, Population: 150000, Control: 90, Own Province: False",0.08,0.15,0.22,0.3
"New Religion: DrownedGod, Current Religion: R'hllor, Population: 150000, Control: 95, Own Province: True",0.06,0.12,0.19,0.24
"New Religion: DrownedGod, Current Religion: R'hllor, Population: 150000, Control: 95, Own Province: False",0.07,0.15,0.22,0.3
"New Religion: DrownedGod, Current Religion: R'hllor, Population: 150000, Control: 100, Own Province: True",0.05,0.09,0.14,0.2
"New Religion: DrownedGod, Current Religion: R'hllor, Population: 150000, Control: 100, Own Province: False",0.08,0.14,0.22,0.3
"New Religion: DrownedGod, Current Religion: R'hllor, Population: 200000, Control: 85, Own Province: True",0.07,0.14,0.23,0.29
"New Religion: DrownedGod, Current Religion: R'hllor, Population: 200000, Control: 85, Own Province: False",0.07,0.15,0.22,0.3
"New Religion: DrownedGod, Current Religion: R'hllor, Population: 200000, Control: 90, Own Province: True",0.08,0.15,0.23,0.3
"New Religion: DrownedGod, Current Religion: R'hllor, Population: 200000, Control: 90, Own Province: False",0.08,0.15,0.22,0.3
"New Religion: DrownedGod, Current Religion: R'hllor, Population: 200000, Control: 95, Own Province: True",0.07,0.15,0.22,0.3
"New Religion: DrownedGod, Current Religion: R'hllor, Population: 200000, Control: 95, Own Province: False",0.07,0.15,0.22,0.3
"New Religion: DrownedGod, Current Religion: R'hllor, Population: 200000, Control: 100, Own Province: True",0.07,0.13,0.18,0.24
"New Religion: DrownedGod, Current Religion: R'hllor, Population: 200000, Control: 100, Own Province: False",0.08,0.14,0.23,0.3
"New Religion: DrownedGod, Current Religion: R'hllor, Population: 250000, Control: 85, Own Province: True",0.07,0.15,0.22,0.3
"New Religion: DrownedGod, Current Religion: R'hllor, Population: 250000, Control: 85, Own Province: False",0.07,0.14,0.23,0.29
"New Religion: DrownedGod, Current Religion: R'hllor, Population: 250000, Control: 90, Own Province: True",0.08,0.14,0.23,0.3
"New Religion: DrownedGod, Current Religion: R'hllor, Population: 250000, Control: 90, Own Province: False",0.07,0.14,0.23,0.3
"New Religion: DrownedGod, Current Religion: R'hllor, Population: 250000, Control: 95, Own Province: True",0.08,0.15,0.22,0.29
"New Religion: DrownedGod, Current Religion: R'hllor, Population: 250000, Control: 95, Own Province: False",0.08,0.15,0.22,0.29
"New Religion: DrownedGod, Current Religion: R'hllor, Population: 250000, Control: 100, Own Province: True",0.08,0.15,0.22,0.29
"New Religion: DrownedGod, Current Religion: R'hllor, Population: 250000, Control: 100, Own Province: False",0.07,0.15,0.23,0.29
"New Religion: DrownedGod, Current Religion: R'hllor, Population: 300000, Control: 85, Own Province: True",0.08,0.15,0.22,0.3
"New Religion: DrownedGod, Current Religion: R'hllor, Population: 300000, Control: 85, Own Province: False",0.08,0.15,0.22,0.3
"New Religion: DrownedGod, Current Religion: R'hllor, Population: 300000, Control: 90, Own Province: True",0.08,0.15,0.23,0.3
"New Religion: DrownedGod, Current Religion: R'hllor, Population: 300000, Control: 90, Own Province: False",0.08,0.15,0.22,0.29
"New Religion: DrownedGod, Current Religion: R'hllor, Population: 300000, Control: 95, Own Province: True",0.08,0.15,0.23,0.29
"New Religion: DrownedGod, Current Religion: R'hllor, Population: 300000, Control: 95, Own Province: False",0.08,0.15,0.22,0.3
"New Religion: DrownedGod, Current Religion: R'hllor, Population: 300000, Control: 100, Own Province: True",0.07,0.15,0.23,0.3
"New Religion: DrownedGod, Current Religion: R'hllor, Population: 300000, Control: 100, Own Province: False",0.07,0.14,0.23,0.3
"New Religion: DrownedGodII, Current Religion: Faith of the Seven, Population: 1000, Control: 85, Own Province: True",0.03,0.05,0.07,0.1
"New Religion: DrownedGodII, Current Religion: Faith of the Seven, Population: 1000, Control: 85, Own Province: False",0.02,0.05,0.07,0.09
"New Religion: DrownedGodII, Current Religion: Faith of the Seven, Population: 1000, Control: 90, Own Province: True",0.01,0.03,0.04,0.05
"New Religion: DrownedGodII, Current Religion: Faith of the Seven, Population: 1000, Control: 90, Own Province: False",0.03,0.07,0.1,0.14
"New Religion: DrownedGodII, Current Religion: Faith of the Seven, Population: 1000, Control: 95, Own Province: True",0.01,0.01,0.02,0.03
"New Religion: DrownedGodII, Current Religion: Faith of the Seven, Population: 1000, Control: 95, Own Province: False",0.05,0.1,0.14,0.19
"New Religion: DrownedGodII, Current Religion: Faith of the Seven, Population: 1000, Control: 100, Own Province: True",0.0,0.0,0.0,0.0
"New Religion: DrownedGodII, Current Religion: Faith of the Seven, Population: 1000, Control: 100, Own Province: False",0.06,0.12,0.19,0.24
"New Religion: DrownedGodII, Current Religion: Faith of the Seven, Population: 50000, Control: 85, Own Province: True",0.03,0.07,0.11,0.14
"New Religion: DrownedGodII, Current Religion: Faith of the Seven, Population: 50000, Control: 85, Own Province: False",0.04,0.07,0.11,0.14
"New Religion: DrownedGodII, Current Religion: Faith of the Seven, Population: 50000, Control: 90, Own Province: True",0.02,0.05,0.07,0.1
"New Religion: DrownedGodII, Current Religion: Faith of the Seven, Population: 50000, Control: 90, Own Province: False",0.05,0.1,0.14,0.19
"New Religion: DrownedGodII, Current Religion: Faith of the Seven, Population: 50000, Control: 95, Own Province: True",0.01,0.03,0.04,0.06
"New Religion: DrownedGodII, Current Religion: Faith of the Seven, Population: 50000, Control: 95, Own Province: False",0.06,0.12,0.18,0.26
"New Religion: DrownedGodII, Current Religion: Faith of the Seven, Population: 50000, Control: 100, Own Province: True",0.01,0.01,0.02,0.03
"New Religion: DrownedGodII, Current Religion: Faith of the Seven, Population: 50000, Control: 100, Own Province: False",0.07,0.15,0.23,0.3
"New Religion: DrownedGodII, Current Religion: Faith of the Seven, Population: 100000, Control: 85, Own Province: True",0.05,0.1,0.14,0.19
"New Religion: DrownedGodII, Current Religion: Faith of the Seven, Population: 100000, Control: 85, Own Province: False",0.05,0.09,0.14,0.19
"New Religion: DrownedGodII, Current Religion: Faith of the Seven, Population: 100000, Control: 90, Own Province: True",0.03,0.07,0.1,0.14
"New Religion: DrownedGodII, Current Religion: Faith of the Seven, Population: 100000, Control: 90, Own Province: False",0.06,0.12,0.18,0.25
"New Religion: DrownedGodII, Current Religion: Faith of the Seven, Population: 100000, Control: 95, Own Province: True",0.02,0.05,0.07,0.1
"New Religion: DrownedGodII, Current Religion: Faith of the Seven, Population: 100000, Control: 95, Own Province: False",0.07,0.14,0.23,0.3
"New Religion: DrownedGodII, Current Religion: Faith of the Seven, Population: 100000, Control: 100, Own Province: True",0.01,0.03,0.04,0.05
"New Religion: DrownedGodII, Current Religion: Faith of the Seven, Population: 100000, Control: 100, Own Province: False",0.08,0.15,0.23,0.29
"New Religion: DrownedGodII, Current Religion: Faith of the Seven, Population: 150000, Control: 85, Own Province: True",0.06,0.12,0.18,0.25
"New Religion: DrownedGodII, Current Religion: Faith of the Seven, Population: 150000, Control: 85, Own Province: False",0.06,0.12,0.19,0.25
"New Religion: DrownedGodII, Current Religion: Faith of the Seven, Population: 150000, Control: 90, Own Province: True",0.04,0.09,0.14,0.19
"New Religion: DrownedGodII, Current Religion: Faith of the Seven, Population: 150000, Control: 90, Own Province: False",0.07,0.14,0.23,0.3
"New Religion: DrownedGodII, Current Religion: Faith of the Seven, Population: 150000, Control: 95, Own Province: True",0.04,0.07,0.1,0.14
"New Religion: DrownedGodII, Current Religion: Faith of the Seven, Population: 150000, Control: 95, Own Province: False",0.07,0.14,0.22,0.3
"New Religion: DrownedGodII, Current Religion: Faith of the Seven, Population: 150000, Control: 100, Own Province: True",0.03,0.05,0.07,0.1
"New Religion: DrownedGodII, Current Religion: Faith of the Seven, Population: 150000, Control: 100, Own Province: False",0.08,0.15,0.23,0.29
"New Religion: DrownedGodII, Current Religion: Faith of the Seven, Population: 200000, Control: 85, Own Province: True",0.08,0.15,0.22,0.3
"New Religion: DrownedGodII, Current Religion: Faith of the Seven, Population: 200000, Control: 85, Own Province: False",0.07,0.15,0.23,0.3
"New Religion: DrownedGodII, Current Religion: Faith of the Seven, Population: 200000, Control: 90, Own Province: True",0.06,0.13,0.18,0.24
"New Religion: DrownedGodII, Current Religion: Faith of the Seven, Population: 200000, Control: 90, Own Province: False",0.07,0.15,0.23,0.3
"New Religion: DrownedGodII, Current Religion: Faith of the Seven, Population: 200000, Control: 95, Own Province: True",0.05,0.1,0.14,0.2
"New Religion: DrownedGodII, Current Religion: Faith of the Seven, Population: 200000, Control: 95, Own Province: False",0.07,0.15,0.23,0.29
"New Religion: DrownedGodII, Current Religion: Faith of the Seven, Population: 200000, Control: 100, Own Province: True",0.04,0.07,0.1,0.14
"New Religion: DrownedGodII, Current Religion: Faith of the Seven, Population: 200000, Control: 100, Own Province: False",0.07,0.14,0.22,0.31
"New Religion: DrownedGodII, Current Religion: Faith of the Seven, Population: 250000, Control: 85, Own Province: True",0.07,0.15,0.22,0.29
"New Religion: DrownedGodII, Current Religion: Faith of the Seven, Population: 250000, Control: 85, Own Province: False",0.08,0.15,0.22,0.3
"New Religion: DrownedGodII, Current Religion: Faith of the Seven, Population: 250000, Control: 90, Own Province: True",0.08,0.15,0.22,0.3
"New Religion: DrownedGodII, Current Religion: Faith of the Seven, Population: 250000, Control: 90, Own Province: False",0.07,0.15,0.23,0.29
"New Religion: DrownedGodII, Current Religion: Faith of the Seven, Population: 250000, Control: 95, Own Province: True",0.07,0.12,0.18,0.24
"New Religion: DrownedGodII, Current Religion: Faith of the Seven, Population: 250000, Control: 95, Own Province: False",0.07,0.15,0.22,0.3
"New Religion: DrownedGodII, Current Religion: Faith of the Seven, Population: 250000, Control: 100, Own Province: True",0.05,0.1,0.14,0.19
"New Religion: DrownedGodII, Current Religion: Faith of the Seven, Population: 250000, Control: 100, Own Province: False",0.07,0.15,0.23,0.3
"New Religion: DrownedGodII, Current Religion: Faith of the Seven, Population: 300000, Control: 85, Own Province: True",0.07,0.15,0.23,0.29
"New Religion: DrownedGodII, Current Religion: Faith of the Seven, Population: 300000, Control: 85, Own Province: False",0.07,0.15,0.22,0.3
"New Religion: DrownedGodII, Current Religion: Faith of the Seven, Population: 300000, Control: 90, Own Province: True",0.08,0.15,0.23,0.29
"New Religion: DrownedGodII, Current Religion: Faith of the Seven, Population: 300000, Control: 90, Own Province: False",0.07,0.15,0.23,0.3
"New Religion: DrownedGodII, Current Religion: Faith of the Seven, Population: 300000, Control: 95, Own Province: True",0.08,0.14,0.22,0.3
"New Religion: DrownedGodII, Current Religion: Faith of the Seven, Population: 300000, Control: 95, Own Province: False",0.07,0.15,0.22,0.31
"New Religion: DrownedGodII, Current Religion: Faith of the Seven, Population: 300000, Control: 100, Own Province: True",0.06,0.13,0.18,0.24
"New Religion: DrownedGodII, Current Religion: Faith of the Seven, Population: 300000, Control: 100, Own Province: False",0.08,0.16,0.21,0.29
"New Religion: DrownedGodII, Current Religion: Old Gods, Population: 1000, Control: 85, Own Province: True",0.01,0.03,0.04,0.05
"New Religion: DrownedGodII, Current Religion: Old Gods, Population: 1000, Control: 85, Own Province: False",0.01,0.02,0.04,0.06
"New Religion: DrownedGodII, Current Religion: Old Gods, Population: 1000, Control: 90, Own Province: True",0.01,0.01,0.02,0.02
"New Religion: DrownedGodII, Current Religion: Old Gods, Population: 1000, Control: 90, Own Province: False",0.02,0.04,0.07,0.1
"New Religion: DrownedGodII, Current Religion: Old Gods, Population: 1000, Control: 95, Own Province: True",0.0,0.0,0.0,0.0
"New Religion: DrownedGodII, Current Religion: Old Gods, Population: 1000, Control: 95, Own Province: False",0.04,0.07,0.11,0.14
"New Religion: DrownedGodII, Current Religion: Old Gods, Population: 1000, Control: 100, Own Province: True",0.0,0.0,0.0,0.0
"New Religion: DrownedGodII, Current Religion: Old Gods, Population: 1000, Control: 100, Own Province: False",0.05,0.09,0.15,0.2
"New Religion: DrownedGodII, Current Religion: Old Gods, Population: 50000, Control: 85, Own Province: True",0.03,0.05,0.07,0.1
"New Religion: DrownedGodII, Current Religion: Old Gods, Population: 50000, Control: 85, Own Province: False",0.03,0.05,0.07,0.1
"New Religion: DrownedGodII, Current Religion: Old Gods, Population: 50000, Control: 90, Own Province: True",0.01,0.03,0.04,0.06
"New Religion: DrownedGodII, Current Religion: Old Gods, Population: 50000, Control: 90, Own Province: False",0.04,0.07,0.1,0.14
"New Religion: DrownedGodII, Current Religion: Old Gods, Population: 50000, Control: 95, Own Province: True",0.01,0.01,0.02,0.02
"New Religion: DrownedGodII, Current Religion: Old Gods, Population: 50000, Control: 95, Own Province: False",0.05,0.1,0.15,0.19
"New Religion: DrownedGodII, Current Religion: Old Gods, Population: 50000, Control: 100, Own Province: True",0.0,0.0,0.0,0.0
"New Religion: DrownedGodII, Current Religion: Old Gods, Population: 50000, Control: 100, Own Province: False",0.06,0.13,0.18,0.23
"New Religion: DrownedGodII, Current Religion: Old Gods, Population: 100000, Control: 85, Own Province: True",0.04,0.07,0.11,0.14
"New Religion: DrownedGodII, Current Religion: Old Gods, Population: 100000, Control: 85, Own Province: False",0.04,0.07,0.11,0.14
"New Religion: DrownedGodII, Current Religion: Old Gods, Population: 100000, Control: 90, Own Province: True",0.02,0.05,0.07,0.1
"New Religion: DrownedGodII, Current Religion: Old Gods, Population: 100000, Control: 90, Own Province: False",0.05,0.1,0.15,0.19
"New Religion: DrownedGodII, Current Religion: Old Gods, Population: 100000, Control: 95, Own Province: True",0.01,0.03,0.04,0.05
"New Religion: DrownedGodII, Current Religion: Old Gods, Population: 100000, Control: 95, Own Province: False",0.06,0.12,0.18,0.25
"New Religion: DrownedGodII, Current Religion: Old Gods, Population: 100000, Control: 100, Own Province: True",0.01,0.01,0.02,0.02
"New Religion: DrownedGodII, Current Religion: Old Gods, Population: 100000, Control: 100, Own Province: False",0.07,0.15,0.22,0.29
"New Religion: DrownedGodII, Current Religion: Old Gods, Population: 150000, Control: 85, Own Province: True",0.05,0.09,0.14,0.19
"New Religion: DrownedGodII, Current Religion: Old Gods, Population: 150000, Control: 85, Own Province: False",0.05,0.1,0.14,0.19
"New Religion: DrownedGodII, Current Religion: Old Gods, Population: 150000, Control: 90, Own Province: True",0.04,0.07,0.11,0.13
"New Religion: DrownedGodII, Current Religion: Old Gods, Population: 150000, Control: 90, Own Province: False",0.06,0.12,0.19,0.25
"New Religion: DrownedGodII, Current Religion: Old Gods, Population: 150000, Control: 95, Own Province: True",0.02,0.05,0.08,0.1
"New Religion: DrownedGodII, Current Religion: Old Gods, Population: 150000, Control: 95, Own Province: False",0.08,0.15,0.23,0.3
"New Religion: DrownedGodII, Current Religion: Old Gods, Population: 150000, Control: 100, Own Province: True",0.01,0.03,0.04,0.06
"New Religion: DrownedGodII, Current Religion: Old Gods, Population: 150000, Control: 100, Own Province: False",0.07,0.14,0.22,0.3
"New Religion: DrownedGodII, Current Religion: Old Gods, Population: 200000, Control: 85, Own Province: True",0.06,0.12,0.19,0.24
"New Religion: DrownedGodII, Current Religion: Old Gods, Population: 200000, Control: 85, Own Province: False",0.06,0.12,0.19,0.25
"New Religion: DrownedGodII, Current Religion: Old Gods, Population: 200000, Control: 90, Own Province: True",0.05,0.1,0.15,0.2
"New Religion: DrownedGodII, Current Religion: Old Gods, Population: 200000, Control: 90, Own Province: False",0.07,0.15,0.23,0.3
"New Religion: DrownedGodII, Current Religion: Old Gods, Population: 200000, Control: 95, Own Province: True",0.03,0.07,0.11,0.14
"New Religion: DrownedGodII, Current Religion: Old Gods, Population: 200000, Control: 95, Own Province: False",0.07,0.15,0.22,0.3
"New Religion: DrownedGodII, Current Religion: Old Gods, Population: 200000, Control: 100, Own Province: True",0.02,0.05,0.07,0.1
"New Religion: DrownedGodII, Current Religion: Old Gods, Population: 200000, Control: 100, Own Province: False",0.08,0.15,0.23,0.28
"New Religion: DrownedGodII, Current Religion: Old Gods, Population: 250000, Control: 85, Own Province: True",0.07,0.14,0.22,0.3
"New Religion: DrownedGodII, Current Religion: Old Gods, Population: 250000, Control: 85, Own Province: False",0.07,0.15,0.22,0.3
"New Religion: DrownedGodII, Current Religion: Old Gods, Population: 250000, Control: 90, Own Province: True",0.06,0.13,0.18,0.24
"New Religion: DrownedGodII, Current Religion: Old Gods, Population: 250000, Control: 90, Own Province: False",0.07,0.15,0.22,0.29
"New Religion: DrownedGodII, Current Religion: Old Gods, Population: 250000, Control: 95, Own Province: True",0.05,0.1,0.14,0.18
"New Religion: DrownedGodII, Current Religion: Old Gods, Population: 250000, Control: 95, Own Province: False",0.07,0.15,0.22,0.3
"New Religion: DrownedGodII, Current Religion: Old Gods, Population: 250000, Control: 100, Own Province: True",0.03,0.07,0.11,0.14
"New Religion: DrownedGodII, Current Religion: Old Gods, Population: 250000, Control: 100, Own Province: False",0.08,0.15,0.22,0.29
"New Religion: DrownedGodII, Current Religion: Old Gods, Population: 300000, Control: 85, Own Province: True",0.08,0.15,0.23,0.29
"New Religion: DrownedGodII, Current Religion: Old Gods, Population: 300000, Control: 85, Own Province: False",0.08,0.14,0.22,0.3
"New Religion: DrownedGodII, Current Religion: Old Gods, Population: 300000, Control: 90, Own Province: True",0.07,0.15,0.22,0.29
"New Religion: DrownedGodII, Current Religion: Old Gods, Population: 300000, Control: 90, Own Province: False",0.08,0.15,0.22,0.3
"New Religion: DrownedGodII, Current Religion: Old Gods, Population: 300000, Control: 95, Own Province: True",0.06,0.12,0.18,0.25
"New Religion: DrownedGodII, Current Religion: Old Gods, Population: 300000, Control: 95, Own Province: False",0.07,0.14,0.22,0.29
"New Religion: DrownedGodII, Current Religion: Old Gods, Population: 300000, Control: 100, Own Province: True",0.05,0.1,0.14,0.19
"New Religion: DrownedGodII, Current Religion: Old Gods, Population: 300000, Control: 100, Own Province: False",0.08,0.15,0.22,0.29
"New Religion: DrownedGodII, Current Religion: Skagosi Old Gods, Population: 1000, Control: 85, Own Province: True",0.02,0.05,0.07,0.09
"New Religion: DrownedGodII, Current Religion: Skagosi Old Gods, Population: 1000, Control: 85, Own Province: False",0.02,0.05,0.07,0.1
"New Religion: DrownedGodII, Current Religion: Skagosi Old Gods, Population: 1000, Control: 90, Own Province: True",0.01,0.03,0.04,0.06
"New Religion: DrownedGodII, Current Religion: Skagosi Old Gods, Population: 1000, Control: 90, Own Province: False",0.03,0.07,0.1,0.14
"New Religion: DrownedGodII, Current Religion: Skagosi Old Gods, Population: 1000, Control: 95, Own Province: True",0.01,0.01,0.02,0.03
"New Religion: DrownedGodII, Current Religion: Skagosi Old Gods, Population: 1000, Control: 95, Own Province: False",0.05,0.09,0.15,0.19
"New Religion: DrownedGodII, Current Religion: Skagosi Old Gods, Population: 1000, Control: 100, Own Province: True",0.0,0.0,0.0,0.0
"New Religion: DrownedGodII, Current Religion: Skagosi Old Gods, Population: 1000, Control: 100, Own Province: False",0.06,0.12,0.19,0.25
"New Religion: DrownedGodII, Current Religion: Skagosi Old Gods, Population: 50000, Control: 85, Own Province: True",0.04,0.07,0.11,0.14
"New Religion: DrownedGodII, Current Religion: Skagosi Old Gods, Population: 50000, Control: 85, Own Province: False",0.03,0.07,0.1,0.14
"New Religion: DrownedGodII, Current Religion: Skagosi Old Gods, Population: 50000, Control: 90, Own Province: True",0.02,0.04,0.07,0.09
"New Religion: DrownedGodII, Current Religion: Skagosi Old Gods, Population: 50000, Control: 90, Own Province: False",0.05,0.09,0.14,0.19
"New Religion: DrownedGodII, Current Religion: Skagosi Old Gods, Population: 50000, Control: 95, Own Province: True",0.01,0.03,0.04,0.06
"New Religion: DrownedGodII, Current Religion: Skagosi Old Gods, Population: 50000, Control: 95, Own Province: False",0.06,0.12,0.18,0.24
"New Religion: DrownedGodII, Current Religion: Skagosi Old Gods, Population: 50000, Control: 100, Own Province: True",0.01,0.01,0.02,0.03
"New Religion: DrownedGodII, Current Religion: Skagosi Old Gods, Population: 50000, Control: 100, Own Province: False",0.07,0.15,0.22,0.29
"New Religion: DrownedGodII, Current Religion: Skagosi Old Gods, Population: 100000, Control: 85, Own Province: True",0.05,0.1,0.14,0.19
"New Religion: DrownedGodII, Current Religion: Skagosi Old Gods, Population: 100000, Control: 85, Own Province: False",0.05,0.1,0.15,0.19
"New Religion: DrownedGodII, Current Religion: Skagosi Old Gods, Population: 100000, Control: 90, Own Province: True",0.03,0.07,0.11,0.14
"New Religion: DrownedGodII, Current Religion: Skagosi Old Gods, Population: 100000, Control: 90, Own Province: False",0.06,0.12,0.19,0.25
"New Religion: DrownedGodII, Current Religion: Skagosi Old Gods, Population: 100000, Control: 95, Own Province: True",0.02,0.04,0.07,0.09
"New Religion: DrownedGodII, Current Religion: Skagosi Old Gods, Population: 100000, Control: 95, Own Province: False",0.07,0.15,0.23,0.3
"New Religion: DrownedGodII, Current Religion: Skagosi Old Gods, Population: 100000, Control: 100, Own Province: True",0.01,0.03,0.04,0.05
"New Religion: DrownedGodII, Current Religion: Skagosi Old Gods, Population: 100000, Control: 100, Own Province: False",0.08,0.15,0.22,0.29
"New Religion: DrownedGodII, Current Religion: Skagosi Old Gods, Population: 150000, Control: 85, Own Province: True",0.06,0.12,0.19,0.25
"New Religion: DrownedGodII, Current Religion: Skagosi Old Gods, Population: 150000, Control: 85, Own Province: False",0.06,0.12,0.19,0.24
"New Religion: DrownedGodII, Current Religion: Skagosi Old Gods, Population: 150000, Control: 90, Own Province: True",0.05,0.09,0.15,0.2
"New Religion: DrownedGodII, Current Religion: Skagosi Old Gods, Population: 150000, Control: 90, Own Province: False",0.07,0.15,0.22,0.29
"New Religion: DrownedGodII, Current Religion: Skagosi Old Gods, Population: 150000, Control: 95, Own Province: True",0.03,0.08,0.11,0.15
"New Religion: DrownedGodII, Current Religion: Skagosi Old Gods, Population: 150000, Control: 95, Own Province: False",0.07,0.14,0.22,0.3
"New Religion: DrownedGodII, Current Religion: Skagosi Old Gods, Population: 150000, Control: 100, Own Province: True",0.02,0.05,0.08,0.1
"New Religion: DrownedGodII, Current Religion: Skagosi Old Gods, Population: 150000, Control: 100, Own Province: False",0.07,0.16,0.22,0.3
"New Religion: DrownedGodII, Current Religion: Skagosi Old Gods, Population: 200000, Control: 85, Own Province: True",0.08,0.14,0.21,0.3
"New Religion: DrownedGodII, Current Religion: Skagosi Old Gods, Population: 200000, Control: 85, Own Province: False",0.07,0.15,0.22,0.3
"New Religion: DrownedGodII, Current Religion: Skagosi Old Gods, Population: 200000, Control: 90, Own Province: True",0.06,0.12,0.18,0.25
"New Religion: DrownedGodII, Current Religion: Skagosi Old Gods, Population: 200000, Control: 90, Own Province: False",0.07,0.15,0.23,0.29
"New Religion: DrownedGodII, Current Religion: Skagosi Old Gods, Population: 200000, Control: 95, Own Province: True",0.05,0.1,0.14,0.19
"New Religion: DrownedGodII, Current Religion: Skagosi Old Gods, Population: 200000, Control: 95, Own Province: False",0.07,0.15,0.23,0.29
"New Religion: DrownedGodII, Current Religion: Skagosi Old Gods, Population: 200000, Control: 100, Own Province: True",0.03,0.07,0.11,0.13
"New Religion: DrownedGodII, Current Religion: Skagosi Old Gods, Population: 200000, Control: 100, Own Province: False",0.08,0.15,0.22,0.3
"New Religion: DrownedGodII, Current Religion: Skagosi Old Gods, Population: 250000, Control: 85, Own Province: True",0.07,0.15,0.22,0.3
"New Religion: DrownedGodII, Current Religion: Skagosi Old Gods, Population: 250000, Control: 85, Own Province: False",0.08,0.15,0.23,0.29
"New Religion: DrownedGodII, Current Religion: Skagosi Old Gods, Population: 250000, Control: 90, Own Province: True",0.08,0.15,0.23,0.29
"New Religion: DrownedGodII, Current Religion: Skagosi Old Gods, Population: 250000, Control: 90, Own Province: False",0.07,0.14,0.23,0.3
"New Religion: DrownedGodII, Current Religion: Skagosi Old Gods, Population: 250000, Control: 95, Own Province: True",0.07,0.12,0.18,0.24
"New Religion: DrownedGodII, Current Religion: Skagosi Old Gods, Population: 250000, Control: 95, Own Province: False",0.07,0.15,0.22,0.3
"New Religion: DrownedGodII, Current Religion: Skagosi Old Gods, Population: 250000, Control: 100, Own Province: True",0.05,0.09,0.14,0.2
"New Religion: DrownedGodII, Current Religion: Skagosi Old Gods, Population: 250000, Control: 100, Own Province: False",0.07,0.15,0.23,0.3
"New Religion: DrownedGodII, Current Religion: Skagosi Old Gods, Population: 300000, Control: 85, Own Province: True",0.08,0.15,0.21,0.3
"New Religion: DrownedGodII, Current Religion: Skagosi Old Gods, Population: 300000, Control: 85, Own Province: False",0.07,0.15,0.21,0.31
"New Religion: DrownedGodII, Current Religion: Skagosi Old Gods, Population: 300000, Control: 90, Own Province: True",0.07,0.15,0.22,0.3
"New Religion: DrownedGodII, Current Religion: Skagosi Old Gods, Population: 300000, Control: 90, Own Province: False",0.07,0.16,0.23,0.29
"New Religion: DrownedGodII, Current Religion: Skagosi Old Gods, Population: 300000, Control: 95, Own Province: True",0.07,0.15,0.22,0.3
"New Religion: DrownedGodII, Current Religion: Skagosi Old Gods, Population: 300000, Control: 95, Own Province: False",0.08,0.14,0.22,0.3
"New Religion: DrownedGodII, Current Religion: Skagosi Old Gods, Population: 300000, Control: 100, Own Province: True",0.06,0.11,0.19,0.25
"New Religion: DrownedGodII, Current Religion: Skagosi Old Gods, Population: 300000, Control: 100, Own Province: False",0.08,0.14,0.21,0.3
"New Religion: DrownedGodII, Current Religion: DrownedGod, Population: 1000, Control: 85, Own Province: True",0.04,0.07,0.1,0.15
"New Religion: DrownedGodII, Current Religion: DrownedGod, Population: 1000, Control: 85, Own Province: False",0.04,0.07,0.1,0.14
"New Religion: DrownedGodII, Current Religion: DrownedGod, Population: 1000, Control: 90, Own Province: True",0.02,0.05,0.07,0.09
"New Religion: DrownedGodII, Current Religion: DrownedGod, Population: 1000, Control: 90, Own Province: False",0.05,0.09,0.14,0.19
"New Religion: DrownedGodII, Current Religion: DrownedGod, Population: 1000, Control: 95, Own Province: True",0.02,0.03,0.04,0.05
"New Religion: DrownedGodII, Current Religion: DrownedGod, Population: 1000, Control: 95, Own Province: False",0.06,0.12,0.19,0.24
"New Religion: DrownedGodII, Current Religion: DrownedGod, Population: 1000, Control: 100, Own Province: True",0.01,0.01,0.02,0.03
"New Religion: DrownedGodII, Current Religion: DrownedGod, Population: 1000, Control: 100, Own Province: False",0.08,0.14,0.22,0.29
"New Religion: DrownedGodII, Current Religion: DrownedGod, Population: 50000, Control: 85, Own Province: True",0.05,0.09,0.14,0.2
"New Religion: DrownedGodII, Current Religion: DrownedGod, Population: 50000, Control: 85, Own Province: False",0.05,0.1,0.15,0.19
"New Religion: DrownedGodII, Current Religion: DrownedGod, Population: 50000, Control: 90, Own Province: True",0.03,0.07,0.11,0.14
"New Religion: DrownedGodII, Current Religion: DrownedGod, Population: 50000, Control: 90, Own Province: False",0.06,0.13,0.19,0.25
"New Religion: DrownedGodII, Current Religion: DrownedGod, Population: 50000, Control: 95, Own Province: True",0.03,0.05,0.08,0.1
"New Religion: DrownedGodII, Current Religion: DrownedGod, Population: 50000, Control: 95, Own Province: False",0.07,0.15,0.22,0.29
"New Religion: DrownedGodII, Current Religion: DrownedGod, Population: 50000, Control: 100, Own Province: True",0.01,0.03,0.04,0.05
"New Religion: DrownedGodII, Current Religion: DrownedGod, Population: 50000, Control: 100, Own Province: False",0.07,0.15,0.23,0.3
"New Religion: DrownedGodII, Current Religion: DrownedGod, Population: 100000, Control: 85, Own Province: True",0.06,0.13,0.18,0.24
"New Religion: DrownedGodII, Current Religion: DrownedGod, Population: 100000, Control: 85, Own Province: False",0.06,0.12,0.19,0.24
"New Religion: DrownedGodII, Current Religion: DrownedGod, Population: 100000, Control: 90, Own Province: True",0.05,0.1,0.14,0.19
"New Religion: DrownedGodII, Current Religion: DrownedGod, Population: 100000, Control: 90, Own Province: False",0.07,0.15,0.22,0.3
"New Religion: DrownedGodII, Current Religion: DrownedGod, Population: 100000, Control: 95, Own Province: True",0.04,0.07,0.11,0.14
"New Religion: DrownedGodII, Current Religion: DrownedGod, Population: 100000, Control: 95, Own Province: False",0.08,0.15,0.22,0.3
"New Religion: DrownedGodII, Current Religion: DrownedGod, Population: 100000, Control: 100, Own Province: True",0.02,0.05,0.07,0.09
"New Religion: DrownedGodII, Current Religion: DrownedGod, Population: 100000, Control: 100, Own Province: False",0.07,0.15,0.22,0.3
"New Religion: DrownedGodII, Current Religion: DrownedGod, Population: 150000, Control: 85, Own Province: True",0.08,0.15,0.22,0.29
"New Religion: DrownedGodII, Current Religion: DrownedGod, Population: 150000, Control: 85, Own Province: False",0.07,0.15,0.23,0.3
"New Religion: DrownedGodII, Current Religion: DrownedGod, Population: 150000, Control: 90, Own Province: True",0.06,0.12,0.19,0.25
"New Religion: DrownedGodII, Current Religion: DrownedGod, Population: 150000, Control: 90, Own Province: False",0.07,0.15,0.21,0.29
"New Religion: DrownedGodII, Current Religion: DrownedGod, Population: 150000, Control: 95, Own Province: True",0.05,0.09,0.15,0.19
"New Religion: DrownedGodII, Current Religion: DrownedGod, Population: 150000, Control: 95, Own Province: False",0.08,0.15,0.22,0.29
"New Religion: DrownedGodII, Current Religion: DrownedGod, Population: 150000, Control: 100, Own Province: True",0.04,0.06,0.11,0.14
"New Religion: DrownedGodII, Current Religion: DrownedGod, Population: 150000, Control: 100, Own Province: False",0.07,0.15,0.22,0.3
"New Religion: DrownedGodII, Current Religion: DrownedGod, Population: 200000, Control: 85, Own Province: True",0.07,0.15,0.22,0.3
"New Religion: DrownedGodII, Current Religion: DrownedGod, Population: 200000, Control: 85, Own Province: False",0.08,0.15,0.22,0.29
"New Religion: DrownedGodII, Current Religion: DrownedGod, Population: 200000, Control: 90, Own Province: True",0.08,0.14,0.22,0.3
"New Religion: DrownedGodII, Current Religion: DrownedGod, Population: 200000, Control: 90, Own Province: False",0.08,0.14,0.22,0.3
"New Religion: DrownedGodII, Current Religion: DrownedGod, Population: 200000, Control: 95, Own Province: True",0.06,0.12,0.19,0.25
"New Religion: DrownedGodII, Current Religion: DrownedGod, Population: 200000, Control: 95, Own Province: False",0.07,0.15,0.21,0.3
"New Religion: DrownedGodII, Current Religion: DrownedGod, Population: 200000, Control: 100, Own Province: True",0.05,0.1,0.14,0.19
"New Religion: DrownedGodII, Current Religion: DrownedGod, Population: 200000, Control: 100, Own Province: False",0.08,0.15,0.22,0.3
"New Religion: DrownedGodII, Current Religion: DrownedGod, Population: 250000, Control: 85, Own Province: True",0.08,0.15,0.22,0.3
"New Religion: DrownedGodII, Current Religion: DrownedGod, Population: 250000, Control: 85, Own Province: False",0.08,0.14,0.22,0.29
"New Religion: DrownedGodII, Current Religion: DrownedGod, Population: 250000, Control: 90, Own Province: True",0.08,0.16,0.23,0.29
"New Religion: DrownedGodII, Current Religion: DrownedGod, Population: 250000, Control: 90, Own Province: False",0.07,0.15,0.22,0.3
"New Religion: DrownedGodII, Current Religion: DrownedGod, Population: 250000, Control: 95, Own Province: True",0.07,0.16,0.22,0.3
"New Religion: DrownedGodII, Current Religion: DrownedGod, Population: 250000, Control: 95, Own Province: False",0.08,0.14,0.22,0.3
"New Religion: DrownedGodII, Current Religion: DrownedGod, Population: 250000, Control: 100, Own Province: True",0.06,0.12,0.18,0.24
"New Religion: DrownedGodII, Current Religion: DrownedGod, Population: 250000, Control: 100, Own Province: False",0.08,0.15,0.23,0.29
"New Religion: DrownedGodII, Current Religion: DrownedGod, Population: 300000, Control: 85, Own Province: True",0.07,0.14,0.22,0.3
"New Religion: DrownedGodII, Current Religion: DrownedGod, Population: 300000, Control: 85, Own Province: False",0.08,0.15,0.22,0.3
"New Religion: DrownedGodII, Current Religion: DrownedGod, Population: 300000, Control: 90, Own Province: True",0.07,0.15,0.23,0.3
"New Religion: DrownedGodII, Current Religion: DrownedGod, Population: 300000, Control: 90, Own Province: False",0.08,0.14,0.22,0.3
"New Religion: DrownedGodII, Current Religion: DrownedGod, Population: 300000, Control: 95, Own Province: True",0.07,0.15,0.21,0.3
"New Religion: DrownedGodII, Current Religion: DrownedGod, Population: 300000, Control: 95, Own Province: False",0.07,0.15,0.24,0.3
"New Religion: DrownedGodII, Current Religion: DrownedGod, Population: 300000, Control: 100, Own Province: True",0.08,0.15,0.22,0.3
"New Religion: DrownedGodII, Current Religion: DrownedGod, Population: 300000, Control: 100, Own Province: False",0.07,0.14,0.22,0.3
"New Religion: DrownedGodII, Current Religion: Mother Rhoyne, Population: 1000, Control: 85, Own Province: True",0.02,0.05,0.08,0.1
"New Religion: DrownedGodII, Current Religion: Mother Rhoyne, Population: 1000, Control: 85, Own Province: False",0.02,0.05,0.07,0.1
"New Religion: DrownedGodII, Current Religion: Mother Rhoyne, Population: 1000, Control: 90, Own Province: True",0.01,0.03,0.04,0.05
"New Religion: DrownedGodII, Current Religion: Mother Rhoyne, Population: 1000, Control: 90, Own Province: False",0.03,0.07,0.11,0.14
"New Religion: DrownedGodII, Current Religion: Mother Rhoyne, Population: 1000, Control: 95, Own Province: True",0.01,0.01,0.02,0.02
"New Religion: DrownedGodII, Current Religion: Mother Rhoyne, Population: 1000, Control: 95, Own Province: False",0.05,0.09,0.14,0.2
"New Religion: DrownedGodII, Current Religion: Mother Rhoyne, Population: 1000, Control: 100, Own Province: True",0.0,0.0,0.0,0.0
"New Religion: DrownedGodII, Current Religion: Mother Rhoyne, Population: 1000, Control: 100, Own Province: False",0.06,0.12,0.18,0.26
"New Religion: DrownedGodII, Current Religion: Mother Rhoyne, Population: 50000, Control: 85, Own Province: True",0.04,0.07,0.11,0.13
"New Religion: DrownedGodII, Current Religion: Mother Rhoyne, Population: 50000, Control: 85, Own Province: False",0.04,0.07,0.11,0.14
"New Religion: DrownedGodII, Current Religion: Mother Rhoyne, Population: 50000, Control: 90, Own Province: True",0.03,0.05,0.08,0.1
"New Religion: DrownedGodII, Current Religion: Mother Rhoyne, Population: 50000, Control: 90, Own Province: False",0.05,0.1,0.15,0.19
"New Religion: DrownedGodII, Current Religion: Mother Rhoyne, Population: 50000, Control: 95, Own Province: True",0.01,0.03,0.04,0.05
"New Religion: DrownedGodII, Current Religion: Mother Rhoyne, Population: 50000, Control: 95, Own Province: False",0.06,0.12,0.19,0.24
"New Religion: DrownedGodII, Current Religion: Mother Rhoyne, Population: 50000, Control: 100, Own Province: True",0.01,0.01,0.02,0.02
"New Religion: DrownedGodII, Current Religion: Mother Rhoyne, Population: 50000, Control: 100, Own Province: False",0.07,0.15,0.23,0.3
"New Religion: DrownedGodII, Current Religion: Mother Rhoyne, Population: 100000, Control: 85, Own Province: True",0.05,0.1,0.14,0.19
"New Religion: DrownedGodII, Current Religion: Mother Rhoyne, Population: 100000, Control: 85, Own Province: False",0.05,0.1,0.14,0.19
"New Religion: DrownedGodII, Current Religion: Mother Rhoyne, Population: 100000, Control: 90, Own Province: True",0.04,0.08,0.1,0.14
"New Religion: DrownedGodII, Current Religion: Mother Rhoyne, Population: 100000, Control: 90, Own Province: False",0.06,0.12,0.18,0.25
"New Religion: DrownedGodII, Current Religion: Mother Rhoyne, Population: 100000, Control: 95, Own Province: True",0.03,0.05,0.07,0.1
"New Religion: DrownedGodII, Current Religion: Mother Rhoyne, Population: 100000, Control: 95, Own Province: False",0.07,0.15,0.22,0.3
"New Religion: DrownedGodII, Current Religion: Mother Rhoyne, Population: 100000, Control: 100, Own Province: True",0.01,0.03,0.04,0.06
"New Religion: DrownedGodII, Current Religion: Mother Rhoyne, Population: 100000, Control: 100, Own Province: False",0.07,0.15,0.22,0.3
"New Religion: DrownedGodII, Current Religion: Mother Rhoyne, Population: 150000, Control: 85, Own Province: True",0.06,0.12,0.19,0.25
"New Religion: DrownedGodII, Current Religion: Mother Rhoyne, Population: 150000, Control: 85, Own Province: False",0.06,0.13,0.18,0.25
"New Religion: DrownedGodII, Current Religion: Mother Rhoyne, Population: 150000, Control: 90, Own Province: True",0.05,0.1,0.15,0.19
"New Religion: DrownedGodII, Current Religion: Mother Rhoyne, Population: 150000, Control: 90, Own Province: False",0.07,0.15,0.23,0.29
"New Religion: DrownedGodII, Current Religion: Mother Rhoyne, Population: 150000, Control: 95, Own Province: True",0.04,0.07,0.11,0.14
"New Religion: DrownedGodII, Current Religion: Mother Rhoyne, Population: 150000, Control: 95, Own Province: False",0.08,0.14,0.23,0.3
"New Religion: DrownedGodII, Current Religion: Mother Rhoyne, Population: 150000, Control: 100, Own Province: True",0.03,0.05,0.07,0.09
"New Religion: DrownedGodII, Current Religion: Mother Rhoyne, Population: 150000, Control: 100, Own Province: False",0.07,0.15,0.22,0.29
"New Religion: DrownedGodII, Current Religion: Mother Rhoyne, Population: 200000, Control: 85, Own Province: True",0.07,0.15,0.22,0.3
"New Religion: DrownedGodII, Current Religion: Mother Rhoyne, Population: 200000, Control: 85, Own Province: False",0.07,0.14,0.23,0.3
"New Religion: DrownedGodII, Current Religion: Mother Rhoyne, Population: 200000, Control: 90, Own Province: True",0.06,0.12,0.19,0.24
"New Religion: DrownedGodII, Current Religion: Mother Rhoyne, Population: 200000, Control: 90, Own Province: False",0.07,0.16,0.22,0.29
"New Religion: DrownedGodII, Current Religion: Mother Rhoyne, Population: 200000, Control: 95, Own Province: True",0.05,0.09,0.14,0.19
"New Religion: DrownedGodII, Current Religion: Mother Rhoyne, Population: 200000, Control: 95, Own Province: False",0.07,0.15,0.22,0.3
"New Religion: DrownedGodII, Current Religion: Mother Rhoyne, Population: 200000, Control: 100, Own Province: True",0.04,0.07,0.1,0.14
"New Religion: DrownedGodII, Current Religion: Mother Rhoyne, Population: 200000, Control: 100, Own Province: False",0.07,0.15,0.21,0.3
"New Religion: DrownedGodII, Current Religion: Mother Rhoyne, Population: 250000, Control: 85, Own Province: True",0.07,0.14,0.22,0.3
"New Religion: DrownedGodII, Current Religion: Mother Rhoyne, Population: 250000, Control: 85, Own Province: False",0.08,0.15,0.22,0.29
"New Religion: DrownedGodII, Current Religion: Mother Rhoyne, Population: 250000, Control: 90, Own Province: True",0.07,0.14,0.22,0.3
"New Religion: DrownedGodII, Current Religion: Mother Rhoyne, Population: 250000, Control: 90, Own Province: False",0.07,0.15,0.22,0.29
"New Religion: DrownedGodII, Current Religion: Mother Rhoyne, Population: 250000, Control: 95, Own Province: True",0.06,0.12,0.19,0.24
"New Religion: DrownedGodII, Current Religion: Mother Rhoyne, Population: 250000, Control: 95, Own Province: False",0.07,0.14,0.23,0.3
"New Religion: DrownedGodII, Current Religion: Mother Rhoyne, Population: 250000, Control: 100, Own Province: True",0.05,0.1,0.15,0.2
"New Religion: DrownedGodII, Current Religion: Mother Rhoyne, Population: 250000, Control: 100, Own Province: False",0.07,0.15,0.22,0.29
"New Religion: DrownedGodII, Current Religion: Mother Rhoyne, Population: 300000, Control: 85, Own Province: True",0.07,0.15,0.22,0.29
"New Religion: DrownedGodII, Current Religion: Mother Rhoyne, Population: 300000, Control: 85, Own Province: False",0.08,0.15,0.22,0.29
"New Religion: DrownedGodII, Current Religion: Mother Rhoyne, Population: 300000, Control: 90, Own Province: True",0.07,0.15,0.22,0.3
"New Religion: DrownedGodII, Current Religion: Mother Rhoyne, Population: 300000, Control: 90, Own Province: False",0.07,0.14,0.22,0.3
"New Religion: DrownedGodII, Current Religion: Mother Rhoyne, Population: 300000, Control: 95, Own Province: True",0.07,0.15,0.22,0.29
"New Religion: DrownedGodII, Current Religion: Mother Rhoyne, Population: 300000, Control: 95, Own Province: False",0.07,0.14,0.22,0.31
"New Religion: DrownedGodII, Current Religion: Mother Rhoyne, Population: 300000, Control: 100, Own Province: True",0.06,0.12,0.19,0.24
"New Religion: DrownedGodII, Current Religion: Mother Rhoyne, Population: 300000, Control: 100, Own Province: False",0.08,0.15,0.22,0.3
"New Religion: DrownedGodII, Current Religion: Gods of Valyria, Population: 1000, Control: 85, Own Province: True",0.02,0.04,0.07,0.09
"New Religion: DrownedGodII, Current Religion: Gods of Valyria, Population: 1000, Control: 85, Own Province: False",0.02,0.05,0.07,0.1
"New Religion: DrownedGodII, Current Religion: Gods of Valyria, Population: 1000, Control: 90, Own Province: True",0.01,0.02,0.05,0.05
"New Religion: DrownedGodII, Current Religion: Gods of Valyria, Population: 1000, Control: 90, Own Province: False",0.04,0.07,0.1,0.14
"New Religion: DrownedGodII, Current Religion: Gods of Valyria, Population: 1000, Control: 95, Own Province: True",0.01,0.01,0.02,0.02
"New Religion: DrownedGodII, Current Religion: Gods of Valyria, Population: 1000, Control: 95, Own Province: False",0.05,0.1,0.15,0.19
"New Religion: DrownedGodII, Current Religion: Gods of Valyria, Population: 1000, Control: 100, Own Province: True",0.0,0.0,0.0,0.0
"New Religion: DrownedGodII, Current Religion: Gods of Valyria, Population: 1000, Control: 100, Own Province: False",0.06,0.13,0.18,0.24
"New Religion: DrownedGodII, Current Religion: Gods of Valyria, Population: 50000, Control: 85, Own Province: True",0.03,0.07,0.11,0.14
"New Religion: DrownedGodII, Current Religion: Gods of Valyria, Population: 50000, Control: 85, Own Province: False",0.04,0.07,0.11,0.13
"New Religion: DrownedGodII, Current Religion: Gods of Valyria, Population: 50000, Control: 90, Own Province: True",0.02,0.05,0.07,0.1
"New Religion: DrownedGodII, Current Religion: Gods of Valyria, Population: 50000, Control: 90, Own Province: False",0.04,0.1,0.15,0.19
"New Religion: DrownedGodII, Current Religion: Gods of Valyria, Population: 50000, Control: 95, Own Province: True",0.01,0.03,0.04,0.05
"New Religion: DrownedGodII, Current Religion: Gods of Valyria, Population: 50000, Control: 95, Own Province: False",0.06,0.12,0.18,0.25
"New Religion: DrownedGodII, Current Religion: Gods of Valyria, Population: 50000, Control: 100, Own Province: True",0.01,0.01,0.02,0.02
"New Religion: DrownedGodII, Current Religion: Gods of Valyria, Population: 50000, Control: 100, Own Province: False",0.07,0.15,0.22,0.3
"New Religion: DrownedGodII, Current Religion: Gods of Valyria, Population: 100000, Control: 85, Own Province: True",0.05,0.09,0.14,0.2
"New Religion: DrownedGodII, Current Religion: Gods of Valyria, Population: 100000, Control: 85, Own Province: False",0.05,0.09,0.14,0.19
"New Religion: DrownedGodII, Current Religion: Gods of Valyria, Population: 100000, Control: 90, Own Province: True",0.04,0.07,0.11,0.14
"New Religion: DrownedGodII, Current Religion: Gods of Valyria, Population: 100000, Control: 90, Own Province: False",0.06,0.13,0.18,0.25
"New Religion: DrownedGodII, Current Religion: Gods of Valyria, Population: 100000, Control: 95, Own Province: True",0.03,0.05,0.08,0.09
"New Religion: DrownedGodII, Current Religion: Gods of Valyria, Population: 100000, Control: 95, Own Province: False",0.07,0.15,0.23,0.29
"New Religion: DrownedGodII, Current Religion: Gods of Valyria, Population: 100000, Control: 100, Own Province: True",0.02,0.03,0.04,0.06
"New Religion: DrownedGodII, Current Religion: Gods of Valyria, Population: 100000, Control: 100, Own Province: False",0.07,0.14,0.22,0.3
"New Religion: DrownedGodII, Current Religion: Gods of Valyria, Population: 150000, Control: 85, Own Province: True",0.06,0.12,0.19,0.25
"New Religion: DrownedGodII, Current Religion: Gods of Valyria, Population: 150000, Control: 85, Own Province: False",0.06,0.13,0.18,0.25
"New Religion: DrownedGodII, Current Religion: Gods of Valyria, Population: 150000, Control: 90, Own Province: True",0.05,0.1,0.14,0.19
"New Religion: DrownedGodII, Current Religion: Gods of Valyria, Population: 150000, Control: 90, Own Province: False",0.07,0.15,0.22,0.3
"New Religion: DrownedGodII, Current Religion: Gods of Valyria, Population: 150000, Control: 95, Own Province: True",0.04,0.07,0.11,0.14
"New Religion: DrownedGodII, Current Religion: Gods of Valyria, Population: 150000, Control: 95, Own Province: False",0.07,0.15,0.22,0.3
"New Religion: DrownedGodII, Current Religion: Gods of Valyria, Population: 150000, Control: 100, Own Province: True",0.02,0.05,0.07,0.1
"New Religion: DrownedGodII, Current Religion: Gods of Valyria, Population: 150000, Control: 100, Own Province: False",0.07,0.14,0.23,0.3
"New Religion: DrownedGodII, Current Religion: Gods of Valyria, Population: 200000, Control: 85, Own Province: True",0.08,0.15,0.22,0.3
"New Religion: DrownedGodII, Current Religion: Gods of Valyria, Population: 200000, Control: 85, Own Province: False",0.08,0.14,0.23,0.3
"New Religion: DrownedGodII, Current Religion: Gods of Valyria, Population: 200000, Control: 90, Own Province: True",0.06,0.12,0.19,0.25
"New Religion: DrownedGodII, Current Religion: Gods of Valyria, Population: 200000, Control: 90, Own Province: False",0.08,0.14,0.22,0.29
"New Religion: DrownedGodII, Current Religion: Gods of Valyria, Population: 200000, Control: 95, Own Province: True",0.05,0.09,0.14,0.19
"New Religion: DrownedGodII, Current Religion: Gods of Valyria, Population: 200000, Control: 95, Own Province: False",0.08,0.15,0.22,0.29
"New Religion: DrownedGodII, Current Religion: Gods of Valyria, Population: 200000, Control: 100, Own Province: True",0.03,0.07,0.12,0.14
"New Religion: DrownedGodII, Current Religion: Gods of Valyria, Population: 200000, Control: 100, Own Province: False",0.07,0.14,0.23,0.3
"New Religion: DrownedGodII, Current Religion: Gods of Valyria, Population: 250000, Control: 85, Own Province: True",0.08,0.15,0.22,0.3
"New Religion: DrownedGodII, Current Religion: Gods of Valyria, Population: 250000, Control: 85, Own Province: False",0.07,0.15,0.22,0.3
"New Religion: DrownedGodII, Current Religion: Gods of Valyria, Population: 250000, Control: 90, Own Province: True",0.08,0.15,0.22,0.3
"New Religion: DrownedGodII, Current Religion: Gods of Valyria, Population: 250000, Control: 90, Own Province: False",0.08,0.15,0.22,0.3
"New Religion: DrownedGodII, Current Religion: Gods of Valyria, Population: 250000, Control: 95, Own Province: True",0.06,0.11,0.19,0.24
"New Religion: DrownedGodII, Current Religion: Gods of Valyria, Population: 250000, Control: 95, Own Province: False",0.07,0.15,0.23,0.3
"New Religion: DrownedGodII, Current Religion: Gods of Valyria, Population: 250000, Control: 100, Own Province: True",0.05,0.1,0.15,0.19
"New Religion: DrownedGodII, Current Religion: Gods of Valyria, Population: 250000, Control: 100, Own Province: False",0.07,0.15,0.22,0.3
"New Religion: DrownedGodII, Current Religion: Gods of Valyria, Population: 300000, Control: 85, Own Province: True",0.07,0.15,0.23,0.29
"New Religion: DrownedGodII, Current Religion: Gods of Valyria, Population: 300000, Control: 85, Own Province: False",0.07,0.15,0.22,0.3
"New Religion: DrownedGodII, Current Religion: Gods of Valyria, Population: 300000, Control: 90, Own Province: True",0.07,0.15,0.22,0.3
"New Religion: DrownedGodII, Current Religion: Gods of Valyria, Population: 300000, Control: 90, Own Province: False",0.07,0.15,0.23,0.29
"New Religion: DrownedGodII, Current Religion: Gods of Valyria, Population: 300000, Control: 95, Own Province: True",0.07,0.15,0.23,0.3
"New Religion: DrownedGodII, Current Religion: Gods of Valyria, Population: 300000, Control: 95, Own Province: False",0.08,0.14,0.22,0.29
"New Religion: DrownedGodII, Current Religion: Gods of Valyria, Population: 300000, Control: 100, Own Province: True",0.06,0.13,0.18,0.24
"New Religion: DrownedGodII, Current Religion: Gods of Valyria, Population: 300000, Control: 100, Own Province: False",0.08,0.14,0.23,0.3
"New Religion: DrownedGodII, Current Religion: R'hllor, Population: 1000, Control: 85, Own Province: True",0.02,0.05,0.07,0.09
"New Religion: DrownedGodII, Current Religion: R'hllor, Population: 1000, Control: 85, Own Province: False",0.02,0.05,0.07,0.09
"New Religion: DrownedGodII, Current Religion: R'hllor, Population: 1000, Control: 90, Own Province: True",0.01,0.03,0.04,0.05
"New Religion: DrownedGodII, Current Religion: R'hllor, Population: 1000, Control: 90, Own Province: False",0.03,0.07,0.11,0.14
"New Religion: DrownedGodII, Current Religion: R'hllor, Population: 1000, Control: 95, Own Province: True",0.01,0.01,0.02,0.02
"New Religion: DrownedGodII, Current Religion: R'hllor, Population: 1000, Control: 95, Own Province: False",0.05,0.09,0.15,0.19
"New Religion: DrownedGodII, Current Religion: R'hllor, Population: 1000, Control: 100, Own Province: True",0.0,0.0,0.0,0.0
"New Religion: DrownedGodII, Current Religion: R'hllor, Population: 1000, Control: 100, Own Province: False",0.07,0.13,0.19,0.24
"New Religion: DrownedGodII, Current Religion: R'hllor, Population: 50000, Control: 85, Own Province: True",0.04,0.07,0.1,0.14
"New Religion: DrownedGodII, Current Religion: R'hllor, Population: 50000, Control: 85, Own Province: False",0.03,0.08,0.1,0.14
"New Religion: DrownedGodII, Current Religion: R'hllor, Population: 50000, Control: 90, Own Province: True",0.02,0.05,0.07,0.1
"New Religion: DrownedGodII, Current Religion: R'hllor, Population: 50000, Control: 90, Own Province: False",0.05,0.09,0.14,0.19
"New Religion: DrownedGodII, Current Religion: R'hllor, Population: 50000, Control: 95, Own Province: True",0.01,0.03,0.04,0.06
"New Religion: DrownedGodII, Current Religion: R'hllor, Population: 50000, Control: 95, Own Province: False",0.06,0.12,0.18,0.24
"New Religion: DrownedGodII, Current Religion: R'hllor, Population: 50000, Control: 100, Own Province: True",0.01,0.01,0.02,0.02
"New Religion: DrownedGodII, Current Religion: R'hllor, Population: 50000, Control: 100, Own Province: False",0.07,0.15,0.22,0.29
"New Religion: DrownedGodII, Current Religion: R'hllor, Population: 100000, Control: 85, Own Province: True",0.05,0.1,0.14,0.2
"New Religion: DrownedGodII, Current Religion: R'hllor, Population: 100000, Control: 85, Own Province: False",0.05,0.1,0.14,0.19
"New Religion: DrownedGodII, Current Religion: R'hllor, Population: 100000, Control: 90, Own Province: True",0.03,0.07,0.11,0.14
"New Religion: DrownedGodII, Current Religion: R'hllor, Population: 100000, Control: 90, Own Province: False",0.06,0.13,0.18,0.25
"New Religion: DrownedGodII, Current Religion: R'hllor, Population: 100000, Control: 95, Own Province: True",0.03,0.05,0.08,0.1
"New Religion: DrownedGodII, Current Religion: R'hllor, Population: 100000, Control: 95, Own Province: False",0.08,0.15,0.22,0.3
"New Religion: DrownedGodII, Current Religion: R'hllor, Population: 100000, Control: 100, Own Province: True",0.01,0.03,0.04,0.06
"New Religion: DrownedGodII, Current Religion: R'hllor, Population: 100000, Control: 100, Own Province: False",0.08,0.15,0.22,0.29
"New Religion: DrownedGodII, Current Religion: R'hllor, Population: 150000, Control: 85, Own Province: True",0.06,0.12,0.19,0.25
"New Religion: DrownedGodII, Current Religion: R'hllor, Population: 150000, Control: 85, Own Province: False",0.06,0.12,0.18,0.25
"New Religion: DrownedGodII, Current Religion: R'hllor, Population: 150000, Control: 90, Own Province: True",0.05,0.09,0.14,0.19
"New Religion: DrownedGodII, Current Religion: R'hllor, Population: 150000, Control: 90, Own Province: False",0.07,0.15,0.22,0.3
"New Religion: DrownedGodII, Current Religion: R'hllor, Population: 150000, Control: 95, Own Province: True",0.04,0.07,0.1,0.14
"New Religion: DrownedGodII, Current Religion: R'hllor, Population: 150000, Control: 95, Own Province: False",0.07,0.14,0.22,0.3
"New Religion: DrownedGodII, Current Religion: R'hllor, Population: 150000, Control: 100, Own Province: True",0.02,0.05,0.07,0.1
"New Religion: DrownedGodII, Current Religion: R'hllor, Population: 150000, Control: 100, Own Province: False",0.07,0.14,0.22,0.3
"New Religion: DrownedGodII, Current Religion: R'hllor, Population: 200000, Control: 85, Own Province: True",0.07,0.15,0.22,0.3
"New Religion: DrownedGodII, Current Religion: R'hllor, Population: 200000, Control: 85, Own Province: False",0.07,0.15,0.23,0.3
"New Religion: DrownedGodII, Current Religion: R'hllor, Population: 200000, Control: 90, Own Province: True",0.06,0.12,0.19,0.24
"New Religion: DrownedGodII, Current Religion: R'hllor, Population: 200000, Control: 90, Own Province: False",0.07,0.14,0.23,0.3
"New Religion: DrownedGodII, Current Religion: R'hllor, Population: 200000, Control: 95, Own Province: True",0.05,0.09,0.15,0.19
"New Religion: DrownedGodII, Current Religion: R'hllor, Population: 200000, Control: 95, Own Province: False",0.08,0.14,0.23,0.3
"New Religion: DrownedGodII, Current Religion: R'hllor, Population: 200000, Control: 100, Own Province: True",0.04,0.07,0.1,0.14
"New Religion: DrownedGodII, Current Religion: R'hllor, Population: 200000, Control: 100, Own Province: False",0.07,0.15,0.22,0.3
"New Religion: DrownedGodII, Current Religion: R'hllor, Population: 250000, Control: 85, Own Province: True",0.08,0.15,0.22,0.29
"New Religion: DrownedGodII, Current Religion: R'hllor, Population: 250000, Control: 85, Own Province: False",0.08,0.15,0.23,0.3
"New Religion: DrownedGodII, Current Religion: R'hllor, Population: 250000, Control: 90, Own Province: True",0.08,0.14,0.22,0.29
"New Religion: DrownedGodII, Current Religion: R'hllor, Population: 250000, Control: 90, Own Province: False",0.07,0.15,0.22,0.3
"New Religion: DrownedGodII, Current Religion: R'hllor, Population: 250000, Control: 95, Own Province: True",0.06,0.12,0.18,0.24
"New Religion: DrownedGodII, Current Religion: R'hllor, Population: 250000, Control: 95, Own Province: False",0.08,0.15,0.23,0.29
"New Religion: DrownedGodII, Current Religion: R'hllor, Population: 250000, Control: 100, Own Province: True",0.05,0.1,0.14,0.19
"New Religion: DrownedGodII, Current Religion: R'hllor, Population: 250000, Control: 100, Own Province: False",0.07,0.15,0.22,0.3
"New Religion: DrownedGodII, Current Religion: R'hllor, Population: 300000, Control: 85, Own Province: True",0.08,0.15,0.22,0.29
"New Religion: DrownedGodII, Current Religion: R'hllor, Population: 300000, Control: 85, Own Province: False",0.07,0.15,0.22,0.29
"New Religion: DrownedGodII, Current Religion: R'hllor, Population: 300000, Control: 90, Own Province: True",0.08,0.15,0.22,0.3
"New Religion: DrownedGodII, Current Religion: R'hllor, Population: 300000, Control: 90, Own Province: False",0.07,0.15,0.23,0.3
"New Religion: DrownedGodII, Current Religion: R'hllor, Population: 300000, Control: 95, Own Province: True",0.08,0.15,0.22,0.29
"New Religion: DrownedGodII, Current Religion: R'hllor, Population: 300000, Control: 95, Own Province: False",0.07,0.15,0.22,0.3
"New Religion: DrownedGodII, Current Religion: R'hllor, Population: 300000, Control: 100, Own Province: True",0.06,0.12,0.18,0.25
"New Religion: DrownedGodII, Current Religion: R'hllor, Population: 300000, Control: 100, Own Province: False",0.07,0.14,0.22,0.3
"New Religion: Mother Rhoyne, Current Religion: Faith of the Seven, Population: 1000, Control: 85, Own Province: True",0.02,0.05,0.07,0.1
"New Religion: Mother Rhoyne, Current Religion: Faith of the Seven, Population: 1000, Control: 85, Own Province: False",0.02,0.05,0.07,0.1
"New Religion: Mother Rhoyne, Current Religion: Faith of the Seven, Population: 1000, Control: 90, Own Province: True",0.01,0.03,0.04,0.06
"New Religion: Mother Rhoyne, Current Religion: Faith of the Seven, Population: 1000, Control: 90, Own Province: False",0.04,0.07,0.11,0.15
"New Religion: Mother Rhoyne, Current Religion: Faith of the Seven, Population: 1000, Control: 95, Own Province: True",0.01,0.01,0.02,0.02
"New Religion: Mother Rhoyne, Current Religion: Faith of the Seven, Population: 1000, Control: 95, Own Province: False",0.05,0.1,0.15,0.19
"New Religion: Mother Rhoyne, Current Religion: Faith of the Seven, Population: 1000, Control: 100, Own Province: True",0.0,0.0,0.0,0.0
"New Religion: Mother Rhoyne, Current Religion: Faith of the Seven, Population: 1000, Control: 100, Own Province: False",0.06,0.13,0.18,0.25
"New Religion: Mother Rhoyne, Current Religion: Faith of the Seven, Population: 50000, Control: 85, Own Province: True",0.04,0.07,0.11,0.14
"New Religion: Mother Rhoyne, Current Religion: Faith of the Seven, Population: 50000, Control: 85, Own Province: False",0.04,0.07,0.1,0.14
"New Religion: Mother Rhoyne, Current Religion: Faith of the Seven, Population: 50000, Control: 90, Own Province: True",0.02,0.04,0.07,0.1
"New Religion: Mother Rhoyne, Current Religion: Faith of the Seven, Population: 50000, Control: 90, Own Province: False",0.05,0.1,0.15,0.19
"New Religion: Mother Rhoyne, Current Religion: Faith of the Seven, Population: 50000, Control: 95, Own Province: True",0.01,0.03,0.04,0.06
"New Religion: Mother Rhoyne, Current Religion: Faith of the Seven, Population: 50000, Control: 95, Own Province: False",0.06,0.12,0.19,0.24
"New Religion: Mother Rhoyne, Current Religion: Faith of the Seven, Population: 50000, Control: 100, Own Province: True",0.01,0.01,0.02,0.02
"New Religion: Mother Rhoyne, Current Religion: Faith of the Seven, Population: 50000, Control: 100, Own Province: False",0.08,0.15,0.22,0.29
"New Religion: Mother Rhoyne, Current Religion: Faith of the Seven, Population: 100000, Control: 85, Own Province: True",0.05,0.1,0.15,0.19
"New Religion: Mother Rhoyne, Current Religion: Faith of the Seven, Population: 100000, Control: 85, Own Province: False",0.05,0.1,0.15,0.19
"New Religion: Mother Rhoyne, Current Religion: Faith of the Seven, Population: 100000, Control: 90, Own Province: True",0.04,0.07,0.1,0.14
"New Religion: Mother Rhoyne, Current Religion: Faith of the Seven, Population: 100000, Control: 90, Own Province: False",0.06,0.12,0.18,0.25
"New Religion: Mother Rhoyne, Current Religion: Faith of the Seven, Population: 100000, Control: 95, Own Province: True",0.02,0.05,0.07,0.1
"New Religion: Mother Rhoyne, Current Religion: Faith of the Seven, Population: 100000, Control: 95, Own Province: False",0.08,0.15,0.23,0.29
"New Religion: Mother Rhoyne, Current Religion: Faith of the Seven, Population: 100000, Control: 100, Own Province: True",0.01,0.03,0.04,0.05
"New Religion: Mother Rhoyne, Current Religion: Faith of the Seven, Population: 100000, Control: 100, Own Province: False",0.07,0.15,0.22,0.29
"New Religion: Mother Rhoyne, Current Religion: Faith of the Seven, Population: 150000, Control: 85, Own Province: True",0.06,0.12,0.19,0.25
"New Religion: Mother Rhoyne, Current Religion: Faith of the Seven, Population: 150000, Control: 85, Own Province: False",0.06,0.12,0.19,0.25
"New Religion: Mother Rhoyne, Current Religion: Faith of the Seven, Population: 150000, Control: 90, Own Province: True",0.05,0.1,0.15,0.19
"New Religion: Mother Rhoyne, Current Religion: Faith of the Seven, Population: 150000, Control: 90, Own Province: False",0.07,0.15,0.23,0.29
"New Religion: Mother Rhoyne, Current Religion: Faith of the Seven, Population: 150000, Control: 95, Own Province: True",0.04,0.07,0.11,0.14
"New Religion: Mother Rhoyne, Current Religion: Faith of the Seven, Population: 150000, Control: 95, Own Province: False",0.08,0.14,0.22,0.3
"New Religion: Mother Rhoyne, Current Religion: Faith of the Seven, Population: 150000, Control: 100, Own Province: True",0.03,0.05,0.07,0.09
"New Religion: Mother Rhoyne, Current Religion: Faith of the Seven, Population: 150000, Control: 100, Own Province: False",0.07,0.15,0.22,0.29
"New Religion: Mother Rhoyne, Current Religion: Faith of the Seven, Population: 200000, Control: 85, Own Province: True",0.07,0.15,0.23,0.29
"New Religion: Mother Rhoyne, Current Religion: Faith of the Seven, Population: 200000, Control: 85, Own Province: False",0.08,0.15,0.22,0.29
"New Religion: Mother Rhoyne, Current Religion: Faith of the Seven, Population: 200000, Control: 90, Own Province: True",0.06,0.13,0.18,0.25
"New Religion: Mother Rhoyne, Current Religion: Faith of the Seven, Population: 200000, Control: 90, Own Province: False",0.07,0.15,0.23,0.3
"New Religion: Mother Rhoyne, Current Religion: Faith of the Seven, Population: 200000, Control: 95, Own Province: True",0.05,0.1,0.14,0.19
"New Religion: Mother Rhoyne, Current Religion: Faith of the Seven, Population: 200000, Control: 95, Own Province: False",0.08,0.15,0.21,0.3
"New Religion: Mother Rhoyne, Current Religion: Faith of the Seven, Population: 200000, Control: 100, Own Province: True",0.03,0.07,0.1,0.14
"New Religion: Mother Rhoyne, Current Religion: Faith of the Seven, Population: 200000, Control: 100, Own Province: False",0.08,0.15,0.22,0.3
"New Religion: Mother Rhoyne, Current Religion: Faith of the Seven, Population: 250000, Control: 85, Own Province: True",0.07,0.14,0.22,0.31
"New Religion: Mother Rhoyne, Current Religion: Faith of the Seven, Population: 250000, Control: 85, Own Province: False",0.08,0.16,0.22,0.29
"New Religion: Mother Rhoyne, Current Religion: Faith of the Seven, Population: 250000, Control: 90, Own Province: True",0.07,0.15,0.22,0.3
"New Religion: Mother Rhoyne, Current Religion: Faith of the Seven, Population: 250000, Control: 90, Own Province: False",0.07,0.15,0.23,0.3
"New Religion: Mother Rhoyne, Current Religion: Faith of the Seven, Population: 250000, Control: 95, Own Province: True",0.06,0.12,0.19,0.24
"New Religion: Mother Rhoyne, Current Religion: Faith of the Seven, Population: 250000, Control: 95, Own Province: False",0.07,0.15,0.23,0.29
"New Religion: Mother Rhoyne, Current Religion: Faith of the Seven, Population: 250000, Control: 100, Own Province: True",0.05,0.1,0.14,0.19
"New Religion: Mother Rhoyne, Current Religion: Faith of the Seven, Population: 250000, Control: 100, Own Province: False",0.08,0.16,0.22,0.29
"New Religion: Mother Rhoyne, Current Religion: Faith of the Seven, Population: 300000, Control: 85, Own Province: True",0.08,0.15,0.22,0.3
"New Religion: Mother Rhoyne, Current Religion: Faith of the Seven, Population: 300000, Control: 85, Own Province: False",0.07,0.15,0.23,0.3
"New Religion: Mother Rhoyne, Current Religion: Faith of the Seven, Population: 300000, Control: 90, Own Province: True",0.07,0.15,0.22,0.31
"New Religion: Mother Rhoyne, Current Religion: Faith of the Seven, Population: 300000, Control: 90, Own Province: False",0.07,0.14,0.22,0.3
"New Religion: Mother Rhoyne, Current Religion: Faith of the Seven, Population: 300000, Control: 95, Own Province: True",0.07,0.15,0.23,0.3
"New Religion: Mother Rhoyne, Current Religion: Faith of the Seven, Population: 300000, Control: 95, Own Province: False",0.07,0.15,0.22,0.29
"New Religion: Mother Rhoyne, Current Religion: Faith of the Seven, Population: 300000, Control: 100, Own Province: True",0.06,0.12,0.18,0.25
"New Religion: Mother Rhoyne, Current Religion: Faith of the Seven, Population: 300000, Control: 100, Own Province: False",0.07,0.15,0.22,0.3
"New Religion: Mother Rhoyne, Current Religion: Old Gods, Population: 1000, Control: 85, Own Province: True",0.01,0.03,0.04,0.05
"New Religion: Mother Rhoyne, Current Religion: Old Gods, Population: 1000, Control: 85, Own Province: False",0.01,0.03,0.04,0.06
"New Religion: Mother Rhoyne, Current Religion: Old Gods, Population: 1000, Control: 90, Own Province: True",0.0,0.01,0.02,0.02
"New Religion: Mother Rhoyne, Current Religion: Old Gods, Population: 1000, Control: 90, Own Province: False",0.02,0.05,0.07,0.09
"New Religion: Mother Rhoyne, Current Religion: Old Gods, Population: 1000, Control: 95, Own Province: True",0.0,0.0,0.0,0.0
"New Religion: Mother Rhoyne, Current Religion: Old Gods, Population: 1000, Control: 95, Own Province: False",0.03,0.07,0.1,0.14
"New Religion: Mother Rhoyne, Current Religion: Old Gods, Population: 1000, Control: 100, Own Province: True",0.0,0.0,0.0,0.0
"New Religion: Mother Rhoyne, Current Religion: Old Gods, Population: 1000, Control: 100, Own Province: False",0.05,0.1,0.14,0.19
"New Religion: Mother Rhoyne, Current Religion: Old Gods, Population: 50000, Control: 85, Own Province: True",0.02,0.05,0.07,0.09
"New Religion: Mother Rhoyne, Current Religion: Old Gods, Population: 50000, Control: 85, Own Province: False",0.03,0.05,0.07,0.1
"New Religion: Mother Rhoyne, Current Religion: Old Gods, Population: 50000, Control: 90, Own Province: True",0.01,0.03,0.04,0.06
"New Religion: Mother Rhoyne, Current Religion: Old Gods, Population: 50000, Control: 90, Own Province: False",0.04,0.07,0.1,0.14
"New Religion: Mother Rhoyne, Current Religion: Old Gods, Population: 50000, Control: 95, Own Province: True",0.01,0.01,0.02,0.03
"New Religion: Mother Rhoyne, Current Religion: Old Gods, Population: 50000, Control: 95, Own Province: False",0.05,0.09,0.15,0.19
"New Religion: Mother Rhoyne, Current Religion: Old Gods, Population: 50000, Control: 100, Own Province: True",0.0,0.0,0.0,0.0
"New Religion: Mother Rhoyne, Current Religion: Old Gods, Population: 50000, Control: 100, Own Province: False",0.06,0.12,0.19,0.25
"New Religion: Mother Rhoyne, Current Religion: Old Gods, Population: 100000, Control: 85, Own Province: True",0.03,0.07,0.11,0.14
"New Religion: Mother Rhoyne, Current Religion: Old Gods, Population: 100000, Control: 85, Own Province: False",0.04,0.07,0.1,0.14
"New Religion: Mother Rhoyne, Current Religion: Old Gods, Population: 100000, Control: 90, Own Province: True",0.02,0.04,0.07,0.1
"New Religion: Mother Rhoyne, Current Religion: Old Gods, Population: 100000, Control: 90, Own Province: False",0.05,0.1,0.14,0.2
"New Religion: Mother Rhoyne, Current Religion: Old Gods, Population: 100000, Control: 95, Own Province: True",0.01,0.03,0.04,0.05
"New Religion: Mother Rhoyne, Current Religion: Old Gods, Population: 100000, Control: 95, Own Province: False",0.06,0.12,0.18,0.25
"New Religion: Mother Rhoyne, Current Religion: Old Gods, Population: 100000, Control: 100, Own Province: True",0.01,0.01,0.02,0.02
"New Religion: Mother Rhoyne, Current Religion: Old Gods, Population: 100000, Control: 100, Own Province: False",0.07,0.15,0.22,0.31
"New Religion: Mother Rhoyne, Current Religion: Old Gods, Population: 150000, Control: 85, Own Province: True",0.05,0.1,0.15,0.19
"New Religion: Mother Rhoyne, Current Religion: Old Gods, Population: 150000, Control: 85, Own Province: False",0.05,0.1,0.14,0.19
"New Religion: Mother Rhoyne, Current Religion: Old Gods, Population: 150000, Control: 90, Own Province: True",0.04,0.07,0.1,0.14
"New Religion: Mother Rhoyne, Current Religion: Old Gods, Population: 150000, Control: 90, Own Province: False",0.06,0.12,0.19,0.24
"New Religion: Mother Rhoyne, Current Religion: Old Gods, Population: 150000, Control: 95, Own Province: True",0.02,0.05,0.07,0.1
"New Religion: Mother Rhoyne, Current Religion: Old Gods, Population: 150000, Control: 95, Own Province: False",0.07,0.15,0.22,0.3
"New Religion: Mother Rhoyne, Current Religion: Old Gods, Population: 150000, Control: 100, Own Province: True",0.01,0.03,0.04,0.06
"New Religion: Mother Rhoyne, Current Religion: Old Gods, Population: 150000, Control: 100, Own Province: False",0.08,0.14,0.22,0.29
"New Religion: Mother Rhoyne, Current Religion: Old Gods, Population: 200000, Control: 85, Own Province: True",0.06,0.12,0.18,0.25
"New Religion: Mother Rhoyne, Current Religion: Old Gods, Population: 200000, Control: 85, Own Province: False",0.06,0.12,0.18,0.24
"New Religion: Mother Rhoyne, Current Religion: Old Gods, Population: 200000, Control: 90, Own Province: True",0.05,0.1,0.14,0.19
"New Religion: Mother Rhoyne, Current Religion: Old Gods, Population: 200000, Control: 90, Own Province: False",0.07,0.15,0.22,0.3
"New Religion: Mother Rhoyne, Current Religion: Old Gods, Population: 200000, Control: 95, Own Province: True",0.04,0.07,0.11,0.14
"New Religion: Mother Rhoyne, Current Religion: Old Gods, Population: 200000, Control: 95, Own Province: False",0.07,0.15,0.22,0.29
"New Religion: Mother Rhoyne, Current Religion: Old Gods, Population: 200000, Control: 100, Own Province: True",0.03,0.05,0.07,0.09
"New Religion: Mother Rhoyne, Current Religion: Old Gods, Population: 200000, Control: 100, Own Province: False",0.07,0.15,0.22,0.3
"New Religion: Mother Rhoyne, Current Religion: Old Gods, Population: 250000, Control: 85, Own Province: True",0.08,0.15,0.22,0.29
"New Religion: Mother Rhoyne, Current Religion: Old Gods, Population: 250000, Control: 85, Own Province: False",0.08,0.15,0.22,0.29
"New Religion: Mother Rhoyne, Current Religion: Old Gods, Population: 250000, Control: 90, Own Province: True",0.06,0.12,0.18,0.25
"New Religion: Mother Rhoyne, Current Religion: Old Gods, Population: 250000, Control: 90, Own Province: False",0.07,0.15,0.23,0.29
"New Religion: Mother Rhoyne, Current Religion: Old Gods, Population: 250000, Control: 95, Own Province: True",0.05,0.09,0.13,0.19
"New Religion: Mother Rhoyne, Current Religion: Old Gods, Population: 250000, Control: 95, Own Province: False",0.07,0.15,0.22,0.29
"New Religion: Mother Rhoyne, Current Religion: Old Gods, Population: 250000, Control: 100, Own Province: True",0.03,0.07,0.11,0.14
"New Religion: Mother Rhoyne, Current Religion: Old Gods, Population: 250000, Control: 100, Own Province: False",0.07,0.15,0.22,0.31
"New Religion: Mother Rhoyne, Current Religion: Old Gods, Population: 300000, Control: 85, Own Province: True",0.07,0.15,0.23,0.29
"New Religion: Mother Rhoyne, Current Religion: Old Gods, Population: 300000, Control: 85, Own Province: False",0.07,0.15,0.22,0.29
"New Religion: Mother Rhoyne, Current Religion: Old Gods, Population: 300000, Control: 90, Own Province: True",0.08,0.15,0.23,0.3
"New Religion: Mother Rhoyne, Current Religion: Old Gods, Population: 300000, Control: 90, Own Province: False",0.07,0.15,0.22,0.29
"New Religion: Mother Rhoyne, Current Religion: Old Gods, Population: 300000, Control: 95, Own Province: True",0.06,0.13,0.19,0.24
"New Religion: Mother Rhoyne, Current Religion: Old Gods, Population: 300000, Control: 95, Own Province: False",0.07,0.15,0.23,0.3
"New Religion: Mother Rhoyne, Current Religion: Old Gods, Population: 300000, Control: 100, Own Province: True",0.05,0.1,0.14,0.19
"New Religion: Mother Rhoyne, Current Religion: Old Gods, Population: 300000, Control: 100, Own Province: False",0.07,0.14,0.22,0.3
"New Religion: Mother Rhoyne, Current Religion: Skagosi Old Gods, Population: 1000, Control: 85, Own Province: True",0.02,0.05,0.07,0.1
"New Religion: Mother Rhoyne, Current Religion: Skagosi Old Gods, Population: 1000, Control: 85, Own Province: False",0.02,0.05,0.07,0.1
"New Religion: Mother Rhoyne, Current Religion: Skagosi Old Gods, Population: 1000, Control: 90, Own Province: True",0.01,0.03,0.04,0.05
"New Religion: Mother Rhoyne, Current Religion: Skagosi Old Gods, Population: 1000, Control: 90, Own Province: False",0.03,0.07,0.11,0.14
"New Religion: Mother Rhoyne, Current Religion: Skagosi Old Gods, Population: 1000, Control: 95, Own Province: True",0.01,0.01,0.02,0.02
"New Religion: Mother Rhoyne, Current Religion: Skagosi Old Gods, Population: 1000, Control: 95, Own Province: False",0.05,0.1,0.15,0.19
"New Religion: Mother Rhoyne, Current Religion: Skagosi Old Gods, Population: 1000, Control: 100, Own Province: True",0.0,0.0,0.0,0.0
"New Religion: Mother Rhoyne, Current Religion: Skagosi Old Gods, Population: 1000, Control: 100, Own Province: False",0.05,0.12,0.19,0.25
"New Religion: Mother Rhoyne, Current Religion: Skagosi Old Gods, Population: 50000, Control: 85, Own Province: True",0.03,0.07,0.1,0.14
"New Religion: Mother Rhoyne, Current Religion: Skagosi Old Gods, Population: 50000, Control: 85, Own Province: False",0.04,0.07,0.1,0.14
"New Religion: Mother Rhoyne, Current Religion: Skagosi Old Gods, Population: 50000, Control: 90, Own Province: True",0.03,0.05,0.07,0.09
"New Religion: Mother Rhoyne, Current Religion: Skagosi Old Gods, Population: 50000, Control: 90, Own Province: False",0.05,0.1,0.14,0.19
"New Religion: Mother Rhoyne, Current Religion: Skagosi Old Gods, Population: 50000, Control: 95, Own Province: True",0.01,0.03,0.04,0.06
"New Religion: Mother Rhoyne, Current Religion: Skagosi Old Gods, Population: 50000, Control: 95, Own Province: False",0.06,0.12,0.18,0.26
"New Religion: Mother Rhoyne, Current Religion: Skagosi Old Gods, Population: 50000, Control: 100, Own Province: True",0.01,0.01,0.01,0.02
"New Religion: Mother Rhoyne, Current Religion: Skagosi Old Gods, Population: 50000, Control: 100, Own Province: False",0.07,0.15,0.22,0.29
"New Religion: Mother Rhoyne, Current Religion: Skagosi Old Gods, Population: 100000, Control: 85, Own Province: True",0.05,0.09,0.15,0.2
"New Religion: Mother Rhoyne, Current Religion: Skagosi Old Gods, Population: 100000, Control: 85, Own Province: False",0.05,0.1,0.15,0.19
"New Religion: Mother Rhoyne, Current Religion: Skagosi Old Gods, Population: 100000, Control: 90, Own Province: True",0.03,0.07,0.11,0.14
"New Religion: Mother Rhoyne, Current Religion: Skagosi Old Gods, Population: 100000, Control: 90, Own Province: False",0.06,0.12,0.18,0.25
"New Religion: Mother Rhoyne, Current Religion: Skagosi Old Gods, Population: 100000, Control: 95, Own Province: True",0.02,0.04,0.07,0.1
"New Religion: Mother Rhoyne, Current Religion: Skagosi Old Gods, Population: 100000, Control: 95, Own Province: False",0.07,0.15,0.23,0.3
"New Religion: Mother Rhoyne, Current Religion: Skagosi Old Gods, Population: 100000, Control: 100, Own Province: True",0.01,0.03,0.04,0.06
"New Religion: Mother Rhoyne, Current Religion: Skagosi Old Gods, Population: 100000, Control: 100, Own Province: False",0.08,0.15,0.22,0.31
"New Religion: Mother Rhoyne, Current Religion: Skagosi Old Gods, Population: 150000, Control: 85, Own Province: True",0.07,0.12,0.18,0.25
"New Religion: Mother Rhoyne, Current Religion: Skagosi Old Gods, Population: 150000, Control: 85, Own Province: False",0.06,0.12,0.18,0.25
"New Religion: Mother Rhoyne, Current Religion: Skagosi Old Gods, Population: 150000, Control: 90, Own Province: True",0.05,0.1,0.14,0.19
"New Religion: Mother Rhoyne, Current Religion: Skagosi Old Gods, Population: 150000, Control: 90, Own Province: False",0.08,0.15,0.22,0.3
"New Religion: Mother Rhoyne, Current Religion: Skagosi Old Gods, Population: 150000, Control: 95, Own Province: True",0.04,0.07,0.1,0.14
"New Religion: Mother Rhoyne, Current Religion: Skagosi Old Gods, Population: 150000, Control: 95, Own Province: False",0.07,0.15,0.22,0.3
"New Religion: Mother Rhoyne, Current Religion: Skagosi Old Gods, Population: 150000, Control: 100, Own Province: True",0.02,0.05,0.07,0.1
"New Religion: Mother Rhoyne, Current Religion: Skagosi Old Gods, Population: 150000, Control: 100, Own Province: False",0.08,0.15,0.23,0.3
"New Religion: Mother Rhoyne, Current Religion: Skagosi Old Gods, Population: 200000, Control: 85, Own Province: True",0.08,0.15,0.22,0.3
"New Religion: Mother Rhoyne, Current Religion: Skagosi Old Gods, Population: 200000, Control: 85, Own Province: False",0.08,0.15,0.22,0.3
"New Religion: Mother Rhoyne, Current Religion: Skagosi Old Gods, Population: 200000, Control: 90, Own Province: True",0.06,0.13,0.19,0.24
"New Religion: Mother Rhoyne, Current Religion: Skagosi Old Gods, Population: 200000, Control: 90, Own Province: False",0.08,0.15,0.22,0.29
"New Religion: Mother Rhoyne, Current Religion: Skagosi Old Gods, Population: 200000, Control: 95, Own Province: True",0.05,0.1,0.15,0.2
"New Religion: Mother Rhoyne, Current Religion: Skagosi Old Gods, Population: 200000, Control: 95, Own Province: False",0.08,0.15,0.22,0.3
"New Religion: Mother Rhoyne, Current Religion: Skagosi Old Gods, Population: 200000, Control: 100, Own Province: True",0.03,0.07,0.11,0.14
"New Religion: Mother Rhoyne, Current Religion: Skagosi Old Gods, Population: 200000, Control: 100, Own Province: False",0.07,0.16,0.23,0.3
"New Religion: Mother Rhoyne, Current Religion: Skagosi Old Gods, Population: 250000, Control: 85, Own Province: True",0.08,0.15,0.22,0.29
"New Religion: Mother Rhoyne, Current Religion: Skagosi Old Gods, Population: 250000, Control: 85, Own Province: False",0.07,0.15,0.22,0.29
"New Religion: Mother Rhoyne, Current Religion: Skagosi Old Gods, Population: 250000, Control: 90, Own Province: True",0.08,0.14,0.22,0.3
"New Religion: Mother Rhoyne, Current Religion: Skagosi Old Gods, Population: 250000, Control: 90, Own Province: False",0.08,0.15,0.23,0.3
"New Religion: Mother Rhoyne, Current Religion: Skagosi Old Gods, Population: 250000, Control: 95, Own Province: True",0.06,0.12,0.18,0.24
"New Religion: Mother Rhoyne, Current Religion: Skagosi Old Gods, Population: 250000, Control: 95, Own Province: False",0.07,0.15,0.23,0.29
"New Religion: Mother Rhoyne, Current Religion: Skagosi Old Gods, Population: 250000, Control: 100, Own Province: True",0.05,0.1,0.14,0.19
"New Religion: Mother Rhoyne, Current Religion: Skagosi Old Gods, Population: 250000, Control: 100, Own Province: False",0.08,0.15,0.23,0.29
"New Religion: Mother Rhoyne, Current Religion: Skagosi Old Gods, Population: 300000, Control: 85, Own Province: True",0.07,0.15,0.22,0.3
"New Religion: Mother Rhoyne, Current Religion: Skagosi Old Gods, Population: 300000, Control: 85, Own Province: False",0.08,0.15,0.22,0.3
"New Religion: Mother Rhoyne, Current Religion: Skagosi Old Gods, Population: 300000, Control: 90, Own Province: True",0.07,0.14,0.22,0.3
"New Religion: Mother Rhoyne, Current Religion: Skagosi Old Gods, Population: 300000, Control: 90, Own Province: False",0.08,0.15,0.22,0.3
"New Religion: Mother Rhoyne, Current Religion: Skagosi Old Gods, Population: 300000, Control: 95, Own Province: True",0.07,0.15,0.22,0.3
"New Religion: Mother Rhoyne, Current Religion: Skagosi Old Gods, Population: 300000, Control: 95, Own Province: False",0.08,0.15,0.22,0.29
"New Religion: Mother Rhoyne, Current Religion: Skagosi Old Gods, Population: 300000, Control: 100, Own Province: True",0.06,0.12,0.18,0.24
"New Religion: Mother Rhoyne, Current Religion: Skagosi Old Gods, Population: 300000, Control: 100, Own Province: False",0.07,0.14,0.23,0.29
"New Religion: Mother Rhoyne, Current Religion: DrownedGod, Population: 1000, Control: 85, Own Province: True",0.03,0.07,0.1,0.14
"New Religion: Mother Rhoyne, Current Religion: DrownedGod, Population: 1000, Control: 85, Own Province: False",0.04,0.07,0.11,0.14
"New Religion: Mother Rhoyne, Current Religion: DrownedGod, Population: 1000, Control: 90, Own Province: True",0.02,0.05,0.07,0.09
"New Religion: Mother Rhoyne, Current Religion: DrownedGod, Population: 1000, Control: 90, Own Province: False",0.05,0.1,0.14,0.19
"New Religion: Mother Rhoyne, Current Religion: DrownedGod, Population: 1000, Control: 95, Own Province: True",0.01,0.03,0.04,0.06
"New Religion: Mother Rhoyne, Current Religion: DrownedGod, Population: 1000, Control: 95, Own Province: False",0.06,0.12,0.19,0.24
"New Religion: Mother Rhoyne, Current Religion: DrownedGod, Population: 1000, Control: 100, Own Province: True",0.01,0.01,0.02,0.02
"New Religion: Mother Rhoyne, Current Religion: DrownedGod, Population: 1000, Control: 100, Own Province: False",0.07,0.15,0.22,0.3
"New Religion: Mother Rhoyne, Current Religion: DrownedGod, Population: 50000, Control: 85, Own Province: True",0.05,0.09,0.14,0.2
"New Religion: Mother Rhoyne, Current Religion: DrownedGod, Population: 50000, Control: 85, Own Province: False",0.05,0.09,0.15,0.2
"New Religion: Mother Rhoyne, Current Religion: DrownedGod, Population: 50000, Control: 90, Own Province: True",0.03,0.07,0.11,0.14
"New Religion: Mother Rhoyne, Current Religion: DrownedGod, Population: 50000, Control: 90, Own Province: False",0.06,0.12,0.19,0.26
"New Religion: Mother Rhoyne, Current Religion: DrownedGod, Population: 50000, Control: 95, Own Province: True",0.03,0.05,0.07,0.09
"New Religion: Mother Rhoyne, Current Religion: DrownedGod, Population: 50000, Control: 95, Own Province: False",0.08,0.15,0.22,0.3
"New Religion: Mother Rhoyne, Current Religion: DrownedGod, Population: 50000, Control: 100, Own Province: True",0.01,0.03,0.04,0.06
"New Religion: Mother Rhoyne, Current Religion: DrownedGod, Population: 50000, Control: 100, Own Province: False",0.07,0.15,0.22,0.3
"New Religion: Mother Rhoyne, Current Religion: DrownedGod, Population: 100000, Control: 85, Own Province: True",0.06,0.13,0.18,0.25
"New Religion: Mother Rhoyne, Current Religion: DrownedGod, Population: 100000, Control: 85, Own Province: False",0.06,0.13,0.18,0.25
"New Religion: Mother Rhoyne, Current Religion: DrownedGod, Population: 100000, Control: 90, Own Province: True",0.05,0.1,0.14,0.19
"New Religion: Mother Rhoyne, Current Religion: DrownedGod, Population: 100000, Control: 90, Own Province: False",0.07,0.14,0.23,0.3
"New Religion: Mother Rhoyne, Current Religion: DrownedGod, Population: 100000, Control: 95, Own Province: True",0.04,0.07,0.11,0.14
"New Religion: Mother Rhoyne, Current Religion: DrownedGod, Population: 100000, Control: 95, Own Province: False",0.07,0.15,0.22,0.3
"New Religion: Mother Rhoyne, Current Religion: DrownedGod, Population: 100000, Control: 100, Own Province: True",0.03,0.05,0.07,0.09
"New Religion: Mother Rhoyne, Current Religion: DrownedGod, Population: 100000, Control: 100, Own Province: False",0.08,0.15,0.22,0.3
"New Religion: Mother Rhoyne, Current Religion: DrownedGod, Population: 150000, Control: 85, Own Province: True",0.08,0.14,0.23,0.29
"New Religion: Mother Rhoyne, Current Religion: DrownedGod, Population: 150000, Control: 85, Own Province: False",0.07,0.15,0.21,0.3
"New Religion: Mother Rhoyne, Current Religion: DrownedGod, Population: 150000, Control: 90, Own Province: True",0.06,0.12,0.19,0.24
"New Religion: Mother Rhoyne, Current Religion: DrownedGod, Population: 150000, Control: 90, Own Province: False",0.08,0.14,0.22,0.3
"New Religion: Mother Rhoyne, Current Religion: DrownedGod, Population: 150000, Control: 95, Own Province: True",0.05,0.1,0.15,0.19
"New Religion: Mother Rhoyne, Current Religion: DrownedGod, Population: 150000, Control: 95, Own Province: False",0.08,0.15,0.22,0.29
"New Religion: Mother Rhoyne, Current Religion: DrownedGod, Population: 150000, Control: 100, Own Province: True",0.04,0.08,0.1,0.14
"New Religion: Mother Rhoyne, Current Religion: DrownedGod, Population: 150000, Control: 100, Own Province: False",0.07,0.15,0.22,0.3
"New Religion: Mother Rhoyne, Current Religion: DrownedGod, Population: 200000, Control: 85, Own Province: True",0.07,0.14,0.23,0.3
"New Religion: Mother Rhoyne, Current Religion: DrownedGod, Population: 200000, Control: 85, Own Province: False",0.07,0.15,0.22,0.3
"New Religion: Mother Rhoyne, Current Religion: DrownedGod, Population: 200000, Control: 90, Own Province: True",0.07,0.15,0.22,0.3
"New Religion: Mother Rhoyne, Current Religion: DrownedGod, Population: 200000, Control: 90, Own Province: False",0.07,0.15,0.23,0.3
"New Religion: Mother Rhoyne, Current Religion: DrownedGod, Population: 200000, Control: 95, Own Province: True",0.06,0.13,0.18,0.24
"New Religion: Mother Rhoyne, Current Religion: DrownedGod, Population: 200000, Control: 95, Own Province: False",0.07,0.15,0.23,0.29
"New Religion: Mother Rhoyne, Current Religion: DrownedGod, Population: 200000, Control: 100, Own Province: True",0.05,0.1,0.14,0.2
"New Religion: Mother Rhoyne, Current Religion: DrownedGod, Population: 200000, Control: 100, Own Province: False",0.08,0.15,0.22,0.3
"New Religion: Mother Rhoyne, Current Religion: DrownedGod, Population: 250000, Control: 85, Own Province: True",0.07,0.15,0.22,0.3
"New Religion: Mother Rhoyne, Current Religion: DrownedGod, Population: 250000, Control: 85, Own Province: False",0.07,0.14,0.22,0.31
"New Religion: Mother Rhoyne, Current Religion: DrownedGod, Population: 250000, Control: 90, Own Province: True",0.07,0.15,0.22,0.29
"New Religion: Mother Rhoyne, Current Religion: DrownedGod, Population: 250000, Control: 90, Own Province: False",0.07,0.15,0.22,0.3
"New Religion: Mother Rhoyne, Current Religion: DrownedGod, Population: 250000, Control: 95, Own Province: True",0.07,0.15,0.22,0.3
"New Religion: Mother Rhoyne, Current Religion: DrownedGod, Population: 250000, Control: 95, Own Province: False",0.07,0.15,0.22,0.3
"New Religion: Mother Rhoyne, Current Religion: DrownedGod, Population: 250000, Control: 100, Own Province: True",0.07,0.12,0.18,0.24
"New Religion: Mother Rhoyne, Current Religion: DrownedGod, Population: 250000, Control: 100, Own Province: False",0.07,0.15,0.22,0.29
"New Religion: Mother Rhoyne, Current Religion: DrownedGod, Population: 300000, Control: 85, Own Province: True",0.07,0.15,0.22,0.3
"New Religion: Mother Rhoyne, Current Religion: DrownedGod, Population: 300000, Control: 85, Own Province: False",0.07,0.15,0.23,0.3
"New Religion: Mother Rhoyne, Current Religion: DrownedGod, Population: 300000, Control: 90, Own Province: True",0.08,0.15,0.22,0.29
"New Religion: Mother Rhoyne, Current Religion: DrownedGod, Population: 300000, Control: 90, Own Province: False",0.07,0.15,0.22,0.3
"New Religion: Mother Rhoyne, Current Religion: DrownedGod, Population: 300000, Control: 95, Own Province: True",0.08,0.15,0.22,0.29
"New Religion: Mother Rhoyne, Current Religion: DrownedGod, Population: 300000, Control: 95, Own Province: False",0.08,0.15,0.22,0.3
"New Religion: Mother Rhoyne, Current Religion: DrownedGod, Population: 300000, Control: 100, Own Province: True",0.07,0.15,0.22,0.3
"New Religion: Mother Rhoyne, Current Religion: DrownedGod, Population: 300000, Control: 100, Own Province: False",0.07,0.16,0.23,0.29
"New Religion: Mother Rhoyne, Current Religion: DrownedGodII, Population: 1000, Control: 85, Own Province: True",0.02,0.05,0.08,0.09
"New Religion: Mother Rhoyne, Current Religion: DrownedGodII, Population: 1000, Control: 85, Own Province: False",0.02,0.05,0.07,0.1
"New Religion: Mother Rhoyne, Current Religion: DrownedGodII, Population: 1000, Control: 90, Own Province: True",0.01,0.03,0.04,0.05
"New Religion: Mother Rhoyne, Current Religion: DrownedGodII, Population: 1000, Control: 90, Own Province: False",0.04,0.07,0.11,0.14
"New Religion: Mother Rhoyne, Current Religion: DrownedGodII, Population: 1000, Control: 95, Own Province: True",0.01,0.01,0.02,0.02
"New Religion: Mother Rhoyne, Current Religion: DrownedGodII, Population: 1000, Control: 95, Own Province: False",0.05,0.1,0.14,0.19
"New Religion: Mother Rhoyne, Current Religion: DrownedGodII, Population: 1000, Control: 100, Own Province: True",0.0,0.0,0.0,0.0
"New Religion: Mother Rhoyne, Current Religion: DrownedGodII, Population: 1000, Control: 100, Own Province: False",0.06,0.12,0.18,0.24
"New Religion: Mother Rhoyne, Current Religion: DrownedGodII, Population: 50000, Control: 85, Own Province: True",0.04,0.07,0.1,0.14
"New Religion: Mother Rhoyne, Current Religion: DrownedGodII, Population: 50000, Control: 85, Own Province: False",0.04,0.07,0.1,0.14
"New Religion: Mother Rhoyne, Current Religion: DrownedGodII, Population: 50000, Control: 90, Own Province: True",0.03,0.05,0.07,0.09
"New Religion: Mother Rhoyne, Current Religion: DrownedGodII, Population: 50000, Control: 90, Own Province: False",0.05,0.09,0.15,0.19
"New Religion: Mother Rhoyne, Current Religion: DrownedGodII, Population: 50000, Control: 95, Own Province: True",0.01,0.03,0.04,0.05
"New Religion: Mother Rhoyne, Current Religion: DrownedGodII, Population: 50000, Control: 95, Own Province: False",0.06,0.12,0.19,0.24
"New Religion: Mother Rhoyne, Current Religion: DrownedGodII, Population: 50000, Control: 100, Own Province: True",0.01,0.01,0.02,0.02
"New Religion: Mother Rhoyne, Current Religion: DrownedGodII, Population: 50000, Control: 100, Own Province: False",0.08,0.15,0.22,0.29
"New Religion: Mother Rhoyne, Current Religion: DrownedGodII, Population: 100000, Control: 85, Own Province: True",0.05,0.1,0.15,0.2
"New Religion: Mother Rhoyne, Current Religion: DrownedGodII, Population: 100000, Control: 85, Own Province: False",0.04,0.09,0.14,0.2
"New Religion: Mother Rhoyne, Current Religion: DrownedGodII, Population: 100000, Control: 90, Own Province: True",0.03,0.07,0.1,0.14
"New Religion: Mother Rhoyne, Current Religion: DrownedGodII, Population: 100000, Control: 90, Own Province: False",0.06,0.13,0.19,0.24
"New Religion: Mother Rhoyne, Current Religion: DrownedGodII, Population: 100000, Control: 95, Own Province: True",0.03,0.05,0.07,0.09
"New Religion: Mother Rhoyne, Current Religion: DrownedGodII, Population: 100000, Control: 95, Own Province: False",0.08,0.15,0.22,0.3
"New Religion: Mother Rhoyne, Current Religion: DrownedGodII, Population: 100000, Control: 100, Own Province: True",0.01,0.03,0.04,0.06
"New Religion: Mother Rhoyne, Current Religion: DrownedGodII, Population: 100000, Control: 100, Own Province: False",0.07,0.15,0.22,0.29
"New Religion: Mother Rhoyne, Current Religion: DrownedGodII, Population: 150000, Control: 85, Own Province: True",0.06,0.12,0.18,0.24
"New Religion: Mother Rhoyne, Current Religion: DrownedGodII, Population: 150000, Control: 85, Own Province: False",0.06,0.13,0.18,0.25
"New Religion: Mother Rhoyne, Current Religion: DrownedGodII, Population: 150000, Control: 90, Own Province: True",0.05,0.09,0.14,0.2
"New Religion: Mother Rhoyne, Current Religion: DrownedGodII, Population: 150000, Control: 90, Own Province: False",0.08,0.15,0.21,0.3
"New Religion: Mother Rhoyne, Current Religion: DrownedGodII, Population: 150000, Control: 95, Own Province: True",0.04,0.07,0.1,0.14
"New Religion: Mother Rhoyne, Current Religion: DrownedGodII, Population: 150000, Control: 95, Own Province: False",0.07,0.15,0.22,0.3
"New Religion: Mother Rhoyne, Current Religion: DrownedGodII, Population: 150000, Control: 100, Own Province: True",0.02,0.05,0.07,0.1
"New Religion: Mother Rhoyne, Current Religion: DrownedGodII, Population: 150000, Control: 100, Own Province: False",0.07,0.15,0.22,0.3
"New Religion: Mother Rhoyne, Current Religion: DrownedGodII, Population: 200000, Control: 85, Own Province: True",0.07,0.15,0.23,0.29
"New Religion: Mother Rhoyne, Current Religion: DrownedGodII, Population: 200000, Control: 85, Own Province: False",0.08,0.15,0.22,0.3
"New Religion: Mother Rhoyne, Current Religion: DrownedGodII, Population: 200000, Control: 90, Own Province: True",0.06,0.12,0.18,0.25
"New Religion: Mother Rhoyne, Current Religion: DrownedGodII, Population: 200000, Control: 90, Own Province: False",0.07,0.15,0.22,0.3
"New Religion: Mother Rhoyne, Current Religion: DrownedGodII, Population: 200000, Control: 95, Own Province: True",0.05,0.1,0.15,0.2
"New Religion: Mother Rhoyne, Current Religion: DrownedGodII, Population: 200000, Control: 95, Own Province: False",0.07,0.15,0.22,0.3
"New Religion: Mother Rhoyne, Current Religion: DrownedGodII, Population: 200000, Control: 100, Own Province: True",0.03,0.07,0.1,0.14
"New Religion: Mother Rhoyne, Current Religion: DrownedGodII, Population: 200000, Control: 100, Own Province: False",0.07,0.14,0.22,0.3
"New Religion: Mother Rhoyne, Current Religion: DrownedGodII, Population: 250000, Control: 85, Own Province: True",0.08,0.15,0.21,0.3
"New Religion: Mother Rhoyne, Current Religion: DrownedGodII, Population: 250000, Control: 85, Own Province: False",0.07,0.15,0.22,0.3
"New Religion: Mother Rhoyne, Current Religion: DrownedGodII, Population: 250000, Control: 90, Own Province: True",0.08,0.15,0.23,0.29
"New Religion: Mother Rhoyne, Current Religion: DrownedGodII, Population: 250000, Control: 90, Own Province: False",0.07,0.15,0.23,0.29
"New Religion: Mother Rhoyne, Current Religion: DrownedGodII, Population: 250000, Control: 95, Own Province: True",0.06,0.13,0.17,0.25
"New Religion: Mother Rhoyne, Current Religion: DrownedGodII, Population: 250000, Control: 95, Own Province: False",0.07,0.15,0.22,0.29
"New Religion: Mother Rhoyne, Current Religion: DrownedGodII, Population: 250000, Control: 100, Own Province: True",0.05,0.09,0.15,0.2
"New Religion: Mother Rhoyne, Current Religion: DrownedGodII, Population: 250000, Control: 100, Own Province: False",0.08,0.15,0.22,0.29
"New Religion: Mother Rhoyne, Current Religion: DrownedGodII, Population: 300000, Control: 85, Own Province: True",0.08,0.15,0.23,0.3
"New Religion: Mother Rhoyne, Current Religion: DrownedGodII, Population: 300000, Control: 85, Own Province: False",0.07,0.15,0.22,0.3
"New Religion: Mother Rhoyne, Current Religion: DrownedGodII, Population: 300000, Control: 90, Own Province: True",0.08,0.15,0.22,0.29
"New Religion: Mother Rhoyne, Current Religion: DrownedGodII, Population: 300000, Control: 90, Own Province: False",0.07,0.15,0.22,0.29
"New Religion: Mother Rhoyne, Current Religion: DrownedGodII, Population: 300000, Control: 95, Own Province: True",0.08,0.15,0.22,0.29
"New Religion: Mother Rhoyne, Current Religion: DrownedGodII, Population: 300000, Control: 95, Own Province: False",0.08,0.15,0.22,0.3
"New Religion: Mother Rhoyne, Current Religion: DrownedGodII, Population: 300000, Control: 100, Own Province: True",0.06,0.12,0.19,0.24
"New Religion: Mother Rhoyne, Current Religion: DrownedGodII, Population: 300000, Control: 100, Own Province: False",0.07,0.15,0.23,0.3
"New Religion: Mother Rhoyne, Current Religion: Gods of Valyria, Population: 1000, Control: 85, Own Province: True",0.02,0.05,0.07,0.1
"New Religion: Mother Rhoyne, Current Religion: Gods of Valyria, Population: 1000, Control: 85, Own Province: False",0.02,0.05,0.07,0.09
"New Religion: Mother Rhoyne, Current Religion: Gods of Valyria, Population: 1000, Control: 90, Own Province: True",0.01,0.03,0.04,0.06
"New Religion: Mother Rhoyne, Current Religion: Gods of Valyria, Population: 1000, Control: 90, Own Province: False",0.04,0.07,0.11,0.14
"New Religion: Mother Rhoyne, Current Religion: Gods of Valyria, Population: 1000, Control: 95, Own Province: True",0.01,0.01,0.02,0.03
"New Religion: Mother Rhoyne, Current Religion: Gods of Valyria, Population: 1000, Control: 95, Own Province: False",0.05,0.09,0.15,0.19
"New Religion: Mother Rhoyne, Current Religion: Gods of Valyria, Population: 1000, Control: 100, Own Province: True",0.0,0.0,0.0,0.0
"New Religion: Mother Rhoyne, Current Religion: Gods of Valyria, Population: 1000, Control: 100, Own Province: False",0.06,0.12,0.19,0.25
"New Religion: Mother Rhoyne, Current Religion: Gods of Valyria, Population: 50000, Control: 85, Own Province: True",0.03,0.07,0.1,0.14
"New Religion: Mother Rhoyne, Current Religion: Gods of Valyria, Population: 50000, Control: 85, Own Province: False",0.04,0.07,0.11,0.14
"New Religion: Mother Rhoyne, Current Religion: Gods of Valyria, Population: 50000, Control: 90, Own Province: True",0.02,0.05,0.07,0.1
"New Religion: Mother Rhoyne, Current Religion: Gods of Valyria, Population: 50000, Control: 90, Own Province: False",0.05,0.1,0.14,0.19
"New Religion: Mother Rhoyne, Current Religion: Gods of Valyria, Population: 50000, Control: 95, Own Province: True",0.01,0.02,0.04,0.05
"New Religion: Mother Rhoyne, Current Religion: Gods of Valyria, Population: 50000, Control: 95, Own Province: False",0.06,0.12,0.18,0.25
"New Religion: Mother Rhoyne, Current Religion: Gods of Valyria, Population: 50000, Control: 100, Own Province: True",0.01,0.01,0.02,0.02
"New Religion: Mother Rhoyne, Current Religion: Gods of Valyria, Population: 50000, Control: 100, Own Province: False",0.08,0.15,0.22,0.3
"New Religion: Mother Rhoyne, Current Religion: Gods of Valyria, Population: 100000, Control: 85, Own Province: True",0.05,0.1,0.14,0.19
"New Religion: Mother Rhoyne, Current Religion: Gods of Valyria, Population: 100000, Control: 85, Own Province: False",0.05,0.1,0.14,0.19
"New Religion: Mother Rhoyne, Current Religion: Gods of Valyria, Population: 100000, Control: 90, Own Province: True",0.04,0.07,0.11,0.14
"New Religion: Mother Rhoyne, Current Religion: Gods of Valyria, Population: 100000, Control: 90, Own Province: False",0.06,0.12,0.19,0.25
"New Religion: Mother Rhoyne, Current Religion: Gods of Valyria, Population: 100000, Control: 95, Own Province: True",0.03,0.05,0.07,0.1
"New Religion: Mother Rhoyne, Current Religion: Gods of Valyria, Population: 100000, Control: 95, Own Province: False",0.07,0.15,0.22,0.3
"New Religion: Mother Rhoyne, Current Religion: Gods of Valyria, Population: 100000, Control: 100, Own Province: True",0.01,0.03,0.04,0.05
"New Religion: Mother Rhoyne, Current Religion: Gods of Valyria, Population: 100000, Control: 100, Own Province: False",0.08,0.15,0.23,0.3
"New Religion: Mother Rhoyne, Current Religion: Gods of Valyria, Population: 150000, Control: 85, Own Province: True",0.06,0.12,0.18,0.25
"New Religion: Mother Rhoyne, Current Religion: Gods of Valyria, Population: 150000, Control: 85, Own Province: False",0.06,0.12,0.19,0.24
"New Religion: Mother Rhoyne, Current Religion: Gods of Valyria, Population: 150000, Control: 90, Own Province: True",0.05,0.1,0.15,0.19
"New Religion: Mother Rhoyne, Current Religion: Gods of Valyria, Population: 150000, Control: 90, Own Province: False",0.08,0.15,0.22,0.29
"New Religion: Mother Rhoyne, Current Religion: Gods of Valyria, Population: 150000, Control: 95, Own Province: True",0.04,0.07,0.1,0.14
"New Religion: Mother Rhoyne, Current Religion: Gods of Valyria, Population: 150000, Control: 95, Own Province: False",0.07,0.14,0.22,0.3
"New Religion: Mother Rhoyne, Current Religion: Gods of Valyria, Population: 150000, Control: 100, Own Province: True",0.02,0.05,0.07,0.1
"New Religion: Mother Rhoyne, Current Religion: Gods of Valyria, Population: 150000, Control: 100, Own Province: False",0.08,0.14,0.22,0.3
"New Religion: Mother Rhoyne, Current Religion: Gods of Valyria, Population: 200000, Control: 85, Own Province: True",0.08,0.14,0.22,0.31
"New Religion: Mother Rhoyne, Current Religion: Gods of Valyria, Population: 200000, Control: 85, Own Province: False",0.07,0.15,0.22,0.29
"New Religion: Mother Rhoyne, Current Religion: Gods of Valyria, Population: 200000, Control: 90, Own Province: True",0.07,0.12,0.19,0.24
"New Religion: Mother Rhoyne, Current Religion: Gods of Valyria, Population: 200000, Control: 90, Own Province: False",0.07,0.15,0.22,0.3
"New Religion: Mother Rhoyne, Current Religion: Gods of Valyria, Population: 200000, Control: 95, Own Province: True",0.05,0.1,0.14,0.19
"New Religion: Mother Rhoyne, Current Religion: Gods of Valyria, Population: 200000, Control: 95, Own Province: False",0.07,0.16,0.22,0.29
"New Religion: Mother Rhoyne, Current Religion: Gods of Valyria, Population: 200000, Control: 100, Own Province: True",0.04,0.07,0.1,0.14
"New Religion: Mother Rhoyne, Current Religion: Gods of Valyria, Population: 200000, Control: 100, Own Province: False",0.08,0.15,0.22,0.3
"New Religion: Mother Rhoyne, Current Religion: Gods of Valyria, Population: 250000, Control: 85, Own Province: True",0.07,0.15,0.23,0.3
"New Religion: Mother Rhoyne, Current Religion: Gods of Valyria, Population: 250000, Control: 85, Own Province: False",0.07,0.14,0.22,0.3
"New Religion: Mother Rhoyne, Current Religion: Gods of Valyria, Population: 250000, Control: 90, Own Province: True",0.07,0.15,0.21,0.3
"New Religion: Mother Rhoyne, Current Religion: Gods of Valyria, Population: 250000, Control: 90, Own Province: False",0.08,0.14,0.22,0.3
"New Religion: Mother Rhoyne, Current Religion: Gods of Valyria, Population: 250000, Control: 95, Own Province: True",0.06,0.12,0.18,0.24
"New Religion: Mother Rhoyne, Current Religion: Gods of Valyria, Population: 250000, Control: 95, Own Province: False",0.08,0.15,0.22,0.3
"New Religion: Mother Rhoyne, Current Religion: Gods of Valyria, Population: 250000, Control: 100, Own Province: True",0.05,0.09,0.15,0.2
"New Religion: Mother Rhoyne, Current Religion: Gods of Valyria, Population: 250000, Control: 100, Own Province: False",0.07,0.15,0.23,0.3
"New Religion: Mother Rhoyne, Current Religion: Gods of Valyria, Population: 300000, Control: 85, Own Province: True",0.07,0.15,0.23,0.3
"New Religion: Mother Rhoyne, Current Religion: Gods of Valyria, Population: 300000, Control: 85, Own Province: False",0.07,0.15,0.23,0.3
"New Religion: Mother Rhoyne, Current Religion: Gods of Valyria, Population: 300000, Control: 90, Own Province: True",0.08,0.15,0.22,0.3
"New Religion: Mother Rhoyne, Current Religion: Gods of Valyria, Population: 300000, Control: 90, Own Province: False",0.08,0.15,0.22,0.3
"New Religion: Mother Rhoyne, Current Religion: Gods of Valyria, Population: 300000, Control: 95, Own Province: True",0.07,0.15,0.22,0.3
"New Religion: Mother Rhoyne, Current Religion: Gods of Valyria, Population: 300000, Control: 95, Own Province: False",0.07,0.14,0.22,0.31
"New Religion: Mother Rhoyne, Current Religion: Gods of Valyria, Population: 300000, Control: 100, Own Province: True",0.06,0.12,0.18,0.25
"New Religion: Mother Rhoyne, Current Religion: Gods of Valyria, Population: 300000, Control: 100, Own Province: False",0.07,0.15,0.22,0.3
"New Religion: Mother Rhoyne, Current Religion: R'hllor, Population: 1000, Control: 85, Own Province: True",0.02,0.05,0.07,0.09
"New Religion: Mother Rhoyne, Current Religion: R'hllor, Population: 1000, Control: 85, Own Province: False",0.02,0.05,0.07,0.09
"New Religion: Mother Rhoyne, Current Religion: R'hllor, Population: 1000, Control: 90, Own Province: True",0.01,0.03,0.05,0.05
"New Religion: Mother Rhoyne, Current Religion: R'hllor, Population: 1000, Control: 90, Own Province: False",0.03,0.07,0.1,0.14
"New Religion: Mother Rhoyne, Current Religion: R'hllor, Population: 1000, Control: 95, Own Province: True",0.01,0.01,0.02,0.02
"New Religion: Mother Rhoyne, Current Religion: R'hllor, Population: 1000, Control: 95, Own Province: False",0.05,0.1,0.15,0.18
"New Religion: Mother Rhoyne, Current Religion: R'hllor, Population: 1000, Control: 100, Own Province: True",0.0,0.0,0.0,0.0
"New Religion: Mother Rhoyne, Current Religion: R'hllor, Population: 1000, Control: 100, Own Province: False",0.06,0.12,0.18,0.24
"New Religion: Mother Rhoyne, Current Religion: R'hllor, Population: 50000, Control: 85, Own Province: True",0.04,0.07,0.11,0.14
"New Religion: Mother Rhoyne, Current Religion: R'hllor, Population: 50000, Control: 85, Own Province: False",0.04,0.07,0.1,0.14
"New Religion: Mother Rhoyne, Current Religion: R'hllor, Population: 50000, Control: 90, Own Province: True",0.02,0.05,0.07,0.1
"New Religion: Mother Rhoyne, Current Religion: R'hllor, Population: 50000, Control: 90, Own Province: False",0.05,0.1,0.15,0.18
"New Religion: Mother Rhoyne, Current Religion: R'hllor, Population: 50000, Control: 95, Own Province: True",0.02,0.03,0.04,0.05
"New Religion: Mother Rhoyne, Current Religion: R'hllor, Population: 50000, Control: 95, Own Province: False",0.06,0.12,0.18,0.25
"New Religion: Mother Rhoyne, Current Religion: R'hllor, Population: 50000, Control: 100, Own Province: True",0.01,0.01,0.02,0.03
"New Religion: Mother Rhoyne, Current Religion: R'hllor, Population: 50000, Control: 100, Own Province: False",0.08,0.15,0.22,0.3
"New Religion: Mother Rhoyne, Current Religion: R'hllor, Population: 100000, Control: 85, Own Province: True",0.05,0.09,0.15,0.2
"New Religion: Mother Rhoyne, Current Religion: R'hllor, Population: 100000, Control: 85, Own Province: False",0.05,0.1,0.14,0.19
"New Religion: Mother Rhoyne, Current Religion: R'hllor, Population: 100000, Control: 90, Own Province: True",0.04,0.07,0.1,0.13
"New Religion: Mother Rhoyne, Current Religion: R'hllor, Population: 100000, Control: 90, Own Province: False",0.06,0.12,0.18,0.25
"New Religion: Mother Rhoyne, Current Religion: R'hllor, Population: 100000, Control: 95, Own Province: True",0.02,0.05,0.07,0.09
"New Religion: Mother Rhoyne, Current Religion: R'hllor, Population: 100000, Control: 95, Own Province: False",0.07,0.15,0.22,0.3
"New Religion: Mother Rhoyne, Current Religion: R'hllor, Population: 100000, Control: 100, Own Province: True",0.01,0.03,0.04,0.05
"New Religion: Mother Rhoyne, Current Religion: R'hllor, Population: 100000, Control: 100, Own Province: False",0.07,0.15,0.22,0.3
"New Religion: Mother Rhoyne, Current Religion: R'hllor, Population: 150000, Control: 85, Own Province: True",0.06,0.12,0.18,0.25
"New Religion: Mother Rhoyne, Current Religion: R'hllor, Population: 150000, Control: 85, Own Province: False",0.05,0.13,0.18,0.24
"New Religion: Mother Rhoyne, Current Religion: R'hllor, Population: 150000, Control: 90, Own Province: True",0.05,0.09,0.15,0.2
"New Religion: Mother Rhoyne, Current Religion: R'hllor, Population: 150000, Control: 90, Own Province: False",0.07,0.14,0.23,0.29
"New Religion: Mother Rhoyne, Current Religion: R'hllor, Population: 150000, Control: 95, Own Province: True",0.03,0.07,0.1,0.14
"New Religion: Mother Rhoyne, Current Religion: R'hllor, Population: 150000, Control: 95, Own Province: False",0.07,0.15,0.23,0.3
"New Religion: Mother Rhoyne, Current Religion: R'hllor, Population: 150000, Control: 100, Own Province: True",0.03,0.05,0.07,0.1
"New Religion: Mother Rhoyne, Current Religion: R'hllor, Population: 150000, Control: 100, Own Province: False",0.08,0.15,0.22,0.3
"New Religion: Mother Rhoyne, Current Religion: R'hllor, Population: 200000, Control: 85, Own Province: True",0.07,0.14,0.22,0.3
"New Religion: Mother Rhoyne, Current Religion: R'hllor, Population: 200000, Control: 85, Own Province: False",0.07,0.14,0.23,0.29
"New Religion: Mother Rhoyne, Current Religion: R'hllor, Population: 200000, Control: 90, Own Province: True",0.06,0.12,0.18,0.24
"New Religion: Mother Rhoyne, Current Religion: R'hllor, Population: 200000, Control: 90, Own Province: False",0.07,0.15,0.22,0.3
"New Religion: Mother Rhoyne, Current Religion: R'hllor, Population: 200000, Control: 95, Own Province: True",0.05,0.1,0.15,0.19
"New Religion: Mother Rhoyne, Current Religion: R'hllor, Population: 200000, Control: 95, Own Province: False",0.08,0.15,0.23,0.29
"New Religion: Mother Rhoyne, Current Religion: R'hllor, Population: 200000, Control: 100, Own Province: True",0.03,0.07,0.11,0.14
"New Religion: Mother Rhoyne, Current Religion: R'hllor, Population: 200000, Control: 100, Own Province: False",0.07,0.15,0.23,0.29
"New Religion: Mother Rhoyne, Current Religion: R'hllor, Population: 250000, Control: 85, Own Province: True",0.07,0.15,0.22,0.3
"New Religion: Mother Rhoyne, Current Religion: R'hllor, Population: 250000, Control: 85, Own Province: False",0.07,0.15,0.22,0.3
"New Religion: Mother Rhoyne, Current Religion: R'hllor, Population: 250000, Control: 90, Own Province: True",0.07,0.15,0.22,0.3
"New Religion: Mother Rhoyne, Current Religion: R'hllor, Population: 250000, Control: 90, Own Province: False",0.07,0.15,0.23,0.31
"New Religion: Mother Rhoyne, Current Religion: R'hllor, Population: 250000, Control: 95, Own Province: True",0.07,0.13,0.19,0.24
"New Religion: Mother Rhoyne, Current Religion: R'hllor, Population: 250000, Control: 95, Own Province: False",0.07,0.15,0.22,0.3
"New Religion: Mother Rhoyne, Current Religion: R'hllor, Population: 250000, Control: 100, Own Province: True",0.05,0.09,0.15,0.19
"New Religion: Mother Rhoyne, Current Religion: R'hllor, Population: 250000, Control: 100, Own Province: False",0.08,0.15,0.22,0.3
"New Religion: Mother Rhoyne, Current Religion: R'hllor, Population: 300000, Control: 85, Own Province: True",0.07,0.15,0.22,0.31
"New Religion: Mother Rhoyne, Current Religion: R'hllor, Population: 300000, Control: 85, Own Province: False",0.07,0.15,0.22,0.3
"New Religion: Mother Rhoyne, Current Religion: R'hllor, Population: 300000, Control: 90, Own Province: True",0.07,0.14,0.23,0.3
"New Religion: Mother Rhoyne, Current Religion: R'hllor, Population: 300000, Control: 90, Own Province: False",0.07,0.15,0.23,0.29
"New Religion: Mother Rhoyne, Current Religion: R'hllor, Population: 300000, Control: 95, Own Province: True",0.07,0.15,0.2,0.31
"New Religion: Mother Rhoyne, Current Religion: R'hllor, Population: 300000, Control: 95, Own Province: False",0.08,0.15,0.22,0.29
"New Religion: Mother Rhoyne, Current Religion: R'hllor, Population: 300000, Control: 100, Own Province: True",0.06,0.12,0.18,0.25
"New Religion: Mother Rhoyne, Current Religion: R'hllor, Population: 300000, Control: 100, Own Province: False",0.07,0.14,0.23,0.3
"New Religion: Gods of Valyria, Current Religion: Faith of the Seven, Population: 1000, Control: 85, Own Province: True",0.02,0.05,0.07,0.09
"New Religion: Gods of Valyria, Current Religion: Faith of the Seven, Population: 1000, Control: 85, Own Province: False",0.02,0.05,0.07,0.09
"New Religion: Gods of Valyria, Current Religion: Faith of the Seven, Population: 1000, Control: 90, Own Province: True",0.01,0.03,0.04,0.05
"New Religion: Gods of Valyria, Current Religion: Faith of the Seven, Population: 1000, Control: 90, Own Province: False",0.03,0.07,0.11,0.14
"New Religion: Gods of Valyria, Current Religion: Faith of the Seven, Population: 1000, Control: 95, Own Province: True",0.01,0.01,0.02,0.02
"New Religion: Gods of Valyria, Current Religion: Faith of the Seven, Population: 1000, Control: 95, Own Province: False",0.05,0.1,0.14,0.19
"New Religion: Gods of Valyria, Current Religion: Faith of the Seven, Population: 1000, Control: 100, Own Province: True",0.0,0.0,0.0,0.0
"New Religion: Gods of Valyria, Current Religion: Faith of the Seven, Population: 1000, Control: 100, Own Province: False",0.06,0.13,0.18,0.24
"New Religion: Gods of Valyria, Current Religion: Faith of the Seven, Population: 50000, Control: 85, Own Province: True",0.04,0.07,0.11,0.13
"New Religion: Gods of Valyria, Current Religion: Faith of the Seven, Population: 50000, Control: 85, Own Province: False",0.03,0.07,0.1,0.14
"New Religion: Gods of Valyria, Current Religion: Faith of the Seven, Population: 50000, Control: 90, Own Province: True",0.03,0.05,0.07,0.09
"New Religion: Gods of Valyria, Current Religion: Faith of the Seven, Population: 50000, Control: 90, Own Province: False",0.05,0.1,0.14,0.2
"New Religion: Gods of Valyria, Current Religion: Faith of the Seven, Population: 50000, Control: 95, Own Province: True",0.01,0.03,0.04,0.06
"New Religion: Gods of Valyria, Current Religion: Faith of the Seven, Population: 50000, Control: 95, Own Province: False",0.06,0.12,0.19,0.25
"New Religion: Gods of Valyria, Current Religion: Faith of the Seven, Population: 50000, Control: 100, Own Province: True",0.01,0.01,0.02,0.02
"New Religion: Gods of Valyria, Current Religion: Faith of the Seven, Population: 50000, Control: 100, Own Province: False",0.07,0.14,0.22,0.3
"New Religion: Gods of Valyria, Current Religion: Faith of the Seven, Population: 100000, Control: 85, Own Province: True",0.05,0.1,0.14,0.19
"New Religion: Gods of Valyria, Current Religion: Faith of the Seven, Population: 100000, Control: 85, Own Province: False",0.05,0.1,0.15,0.2
"New Religion: Gods of Valyria, Current Religion: Faith of the Seven, Population: 100000, Control: 90, Own Province: True",0.04,0.07,0.1,0.14
"New Religion: Gods of Valyria, Current Religion: Faith of the Seven, Population: 100000, Control: 90, Own Province: False",0.06,0.12,0.19,0.25
"New Religion: Gods of Valyria, Current Religion: Faith of the Seven, Population: 100000, Control: 95, Own Province: True",0.02,0.05,0.07,0.09
"New Religion: Gods of Valyria, Current Religion: Faith of the Seven, Population: 100000, Control: 95, Own Province: False",0.07,0.15,0.22,0.29
"New Religion: Gods of Valyria, Current Religion: Faith of the Seven, Population: 100000, Control: 100, Own Province: True",0.01,0.03,0.04,0.06
"New Religion: Gods of Valyria, Current Religion: Faith of the Seven, Population: 100000, Control: 100, Own Province: False",0.07,0.15,0.22,0.3
"New Religion: Gods of Valyria, Current Religion: Faith of the Seven, Population: 150000, Control: 85, Own Province: True",0.06,0.12,0.19,0.24
"New Religion: Gods of Valyria, Current Religion: Faith of the Seven, Population: 150000, Control: 85, Own Province: False",0.06,0.12,0.18,0.25
"New Religion: Gods of Valyria, Current Religion: Faith of the Seven, Population: 150000, Control: 90, Own Province: True",0.05,0.1,0.14,0.19
"New Religion: Gods of Valyria, Current Religion: Faith of the Seven, Population: 150000, Control: 90, Own Province: False",0.08,0.15,0.22,0.29
"New Religion: Gods of Valyria, Current Religion: Faith of the Seven, Population: 150000, Control: 95, Own Province: True",0.03,0.07,0.1,0.14
"New Religion: Gods of Valyria, Current Religion: Faith of the Seven, Population: 150000, Control: 95, Own Province: False",0.07,0.15,0.22,0.3
"New Religion: Gods of Valyria, Current Religion: Faith of the Seven, Population: 150000, Control: 100, Own Province: True",0.02,0.05,0.08,0.1
"New Religion: Gods of Valyria, Current Religion: Faith of the Seven, Population: 150000, Control: 100, Own Province: False",0.07,0.15,0.23,0.29
"New Religion: Gods of Valyria, Current Religion: Faith of the Seven, Population: 200000, Control: 85, Own Province: True",0.07,0.15,0.22,0.29
"New Religion: Gods of Valyria, Current Religion: Faith of the Seven, Population: 200000, Control: 85, Own Province: False",0.07,0.15,0.22,0.3
"New Religion: Gods of Valyria, Current Religion: Faith of the Seven, Population: 200000, Control: 90, Own Province: True",0.06,0.12,0.17,0.25
"New Religion: Gods of Valyria, Current Religion: Faith of the Seven, Population: 200000, Control: 90, Own Province: False",0.08,0.15,0.22,0.3
"New Religion: Gods of Valyria, Current Religion: Faith of the Seven, Population: 200000, Control: 95, Own Province: True",0.05,0.09,0.14,0.19
"New Religion: Gods of Valyria, Current Religion: Faith of the Seven, Population: 200000, Control: 95, Own Province: False",0.07,0.15,0.22,0.3
"New Religion: Gods of Valyria, Current Religion: Faith of the Seven, Population: 200000, Control: 100, Own Province: True",0.04,0.07,0.11,0.13
"New Religion: Gods of Valyria, Current Religion: Faith of the Seven, Population: 200000, Control: 100, Own Province: False",0.07,0.15,0.22,0.29
"New Religion: Gods of Valyria, Current Religion: Faith of the Seven, Population: 250000, Control: 85, Own Province: True",0.08,0.15,0.22,0.29
"New Religion: Gods of Valyria, Current Religion: Faith of the Seven, Population: 250000, Control: 85, Own Province: False",0.07,0.15,0.22,0.3
"New Religion: Gods of Valyria, Current Religion: Faith of the Seven, Population: 250000, Control: 90, Own Province: True",0.08,0.14,0.23,0.3
"New Religion: Gods of Valyria, Current Religion: Faith of the Seven, Population: 250000, Control: 90, Own Province: False",0.07,0.14,0.23,0.3
"New Religion: Gods of Valyria, Current Religion: Faith of the Seven, Population: 250000, Control: 95, Own Province: True",0.06,0.12,0.18,0.25
"New Religion: Gods of Valyria, Current Religion: Faith of the Seven, Population: 250000, Control: 95, Own Province: False",0.08,0.14,0.22,0.29
"New Religion: Gods of Valyria, Current Religion: Faith of the Seven, Population: 250000, Control: 100, Own Province: True",0.05,0.1,0.15,0.19
"New Religion: Gods of Valyria, Current Religion: Faith of the Seven, Population: 250000, Control: 100, Own Province: False",0.07,0.15,0.21,0.3
"New Religion: Gods of Valyria, Current Religion: Faith of the Seven, Population: 300000, Control: 85, Own Province: True",0.08,0.15,0.22,0.3
"New Religion: Gods of Valyria, Current Religion: Faith of the Seven, Population: 300000, Control: 85, Own Province: False",0.07,0.15,0.22,0.29
"New Religion: Gods of Valyria, Current Religion: Faith of the Seven, Population: 300000, Control: 90, Own Province: True",0.07,0.15,0.23,0.3
"New Religion: Gods of Valyria, Current Religion: Faith of the Seven, Population: 300000, Control: 90, Own Province: False",0.07,0.15,0.22,0.3
"New Religion: Gods of Valyria, Current Religion: Faith of the Seven, Population: 300000, Control: 95, Own Province: True",0.07,0.14,0.22,0.3
"New Religion: Gods of Valyria, Current Religion: Faith of the Seven, Population: 300000, Control: 95, Own Province: False",0.08,0.15,0.22,0.3
"New Religion: Gods of Valyria, Current Religion: Faith of the Seven, Population: 300000, Control: 100, Own Province: True",0.07,0.13,0.18,0.25
"New Religion: Gods of Valyria, Current Religion: Faith of the Seven, Population: 300000, Control: 100, Own Province: False",0.07,0.15,0.23,0.29
"New Religion: Gods of Valyria, Current Religion: Old Gods, Population: 1000, Control: 85, Own Province: True",0.01,0.03,0.04,0.05
"New Religion: Gods of Valyria, Current Religion: Old Gods, Population: 1000, Control: 85, Own Province: False",0.01,0.03,0.04,0.05
"New Religion: Gods of Valyria, Current Religion: Old Gods, Population: 1000, Control: 90, Own Province: True",0.01,0.01,0.02,0.02
"New Religion: Gods of Valyria, Current Religion: Old Gods, Population: 1000, Control: 90, Own Province: False",0.03,0.05,0.07,0.1
"New Religion: Gods of Valyria, Current Religion: Old Gods, Population: 1000, Control: 95, Own Province: True",0.0,0.0,0.0,0.0
"New Religion: Gods of Valyria, Current Religion: Old Gods, Population: 1000, Control: 95, Own Province: False",0.03,0.07,0.11,0.15
"New Religion: Gods of Valyria, Current Religion: Old Gods, Population: 1000, Control: 100, Own Province: True",0.0,0.0,0.0,0.0
"New Religion: Gods of Valyria, Current Religion: Old Gods, Population: 1000, Control: 100, Own Province: False",0.05,0.1,0.15,0.19
"New Religion: Gods of Valyria, Current Religion: Old Gods, Population: 50000, Control: 85, Own Province: True",0.02,0.05,0.07,0.1
"New Religion: Gods of Valyria, Current Religion: Old Gods, Population: 50000, Control: 85, Own Province: False",0.02,0.05,0.07,0.1
"New Religion: Gods of Valyria, Current Religion: Old Gods, Population: 50000, Control: 90, Own Province: True",0.01,0.03,0.05,0.06
"New Religion: Gods of Valyria, Current Religion: Old Gods, Population: 50000, Control: 90, Own Province: False",0.04,0.07,0.1,0.14
"New Religion: Gods of Valyria, Current Religion: Old Gods, Population: 50000, Control: 95, Own Province: True",0.01,0.01,0.02,0.03
"New Religion: Gods of Valyria, Current Religion: Old Gods, Population: 50000, Control: 95, Own Province: False",0.05,0.09,0.15,0.2
"New Religion: Gods of Valyria, Current Religion: Old Gods, Population: 50000, Control: 100, Own Province: True",0.0,0.0,0.0,0.0
"New Religion: Gods of Valyria, Current Religion: Old Gods, Population: 50000, Control: 100, Own Province: False",0.06,0.12,0.18,0.24
"New Religion: Gods of Valyria, Current Religion: Old Gods, Population: 100000, Control: 85, Own Province: True",0.03,0.07,0.1,0.14
"New Religion: Gods of Valyria, Current Religion: Old Gods, Population: 100000, Control: 85, Own Province: False",0.03,0.07,0.11,0.14
"New Religion: Gods of Valyria, Current Religion: Old Gods, Population: 100000, Control: 90, Own Province: True",0.03,0.05,0.07,0.09
"New Religion: Gods of Valyria, Current Religion: Old Gods, Population: 100000, Control: 90, Own Province: False",0.05,0.09,0.14,0.19
"New Religion: Gods of Valyria, Current Religion: Old Gods, Population: 100000, Control: 95, Own Province: True",0.02,0.03,0.04,0.05
"New Religion: Gods of Valyria, Current Religion: Old Gods, Population: 100000, Control: 95, Own Province: False",0.06,0.13,0.18,0.25
"New Religion: Gods of Valyria, Current Religion: Old Gods, Population: 100000, Control: 100, Own Province: True",0.01,0.01,0.02,0.03
"New Religion: Gods of Valyria, Current Religion: Old Gods, Population: 100000, Control: 100, Own Province: False",0.07,0.15,0.22,0.3
"New Religion: Gods of Valyria, Current Religion: Old Gods, Population: 150000, Control: 85, Own Province: True",0.04,0.1,0.14,0.2
"New Religion: Gods of Valyria, Current Religion: Old Gods, Population: 150000, Control: 85, Own Province: False",0.05,0.1,0.15,0.19
"New Religion: Gods of Valyria, Current Religion: Old Gods, Population: 150000, Control: 90, Own Province: True",0.04,0.07,0.11,0.14
"New Religion: Gods of Valyria, Current Religion: Old Gods, Population: 150000, Control: 90, Own Province: False",0.06,0.12,0.18,0.25
"New Religion: Gods of Valyria, Current Religion: Old Gods, Population: 150000, Control: 95, Own Province: True",0.03,0.05,0.07,0.1
"New Religion: Gods of Valyria, Current Religion: Old Gods, Population: 150000, Control: 95, Own Province: False",0.07,0.15,0.22,0.29
"New Religion: Gods of Valyria, Current Religion: Old Gods, Population: 150000, Control: 100, Own Province: True",0.01,0.03,0.04,0.06
"New Religion: Gods of Valyria, Current Religion: Old Gods, Population: 150000, Control: 100, Own Province: False",0.08,0.15,0.23,0.29
"New Religion: Gods of Valyria, Current Religion: Old Gods, Population: 200000, Control: 85, Own Province: True",0.06,0.12,0.18,0.25
"New Religion: Gods of Valyria, Current Religion: Old Gods, Population: 200000, Control: 85, Own Province: False",0.06,0.12,0.19,0.24
"New Religion: Gods of Valyria, Current Religion: Old Gods, Population: 200000, Control: 90, Own Province: True",0.05,0.1,0.15,0.19
"New Religion: Gods of Valyria, Current Religion: Old Gods, Population: 200000, Control: 90, Own Province: False",0.08,0.15,0.23,0.29
"New Religion: Gods of Valyria, Current Religion: Old Gods, Population: 200000, Control: 95, Own Province: True",0.03,0.07,0.11,0.14
"New Religion: Gods of Valyria, Current Religion: Old Gods, Population: 200000, Control: 95, Own Province: False",0.08,0.15,0.22,0.29
"New Religion: Gods of Valyria, Current Religion: Old Gods, Population: 200000, Control: 100, Own Province: True",0.02,0.05,0.07,0.1
"New Religion: Gods of Valyria, Current Religion: Old Gods, Population: 200000, Control: 100, Own Province: False",0.08,0.16,0.22,0.29
"New Religion: Gods of Valyria, Current Religion: Old Gods, Population: 250000, Control: 85, Own Province: True",0.07,0.14,0.22,0.29
"New Religion: Gods of Valyria, Current Religion: Old Gods, Population: 250000, Control: 85, Own Province: False",0.07,0.15,0.22,0.3
"New Religion: Gods of Valyria, Current Religion: Old Gods, Population: 250000, Control: 90, Own Province: True",0.06,0.12,0.18,0.25
"New Religion: Gods of Valyria, Current Religion: Old Gods, Population: 250000, Control: 90, Own Province: False",0.08,0.15,0.22,0.29
"New Religion: Gods of Valyria, Current Religion: Old Gods, Population: 250000, Control: 95, Own Province: True",0.05,0.09,0.14,0.2
"New Religion: Gods of Valyria, Current Religion: Old Gods, Population: 250000, Control: 95, Own Province: False",0.07,0.15,0.21,0.3
"New Religion: Gods of Valyria, Current Religion: Old Gods, Population: 250000, Control: 100, Own Province: True",0.04,0.07,0.1,0.14
"New Religion: Gods of Valyria, Current Religion: Old Gods, Population: 250000, Control: 100, Own Province: False",0.07,0.14,0.22,0.3
"New Religion: Gods of Valyria, Current Religion: Old Gods, Population: 300000, Control: 85, Own Province: True",0.07,0.15,0.22,0.29
"New Religion: Gods of Valyria, Current Religion: Old Gods, Population: 300000, Control: 85, Own Province: False",0.07,0.15,0.22,0.3
"New Religion: Gods of Valyria, Current Religion: Old Gods, Population: 300000, Control: 90, Own Province: True",0.07,0.15,0.22,0.3
"New Religion: Gods of Valyria, Current Religion: Old Gods, Population: 300000, Control: 90, Own Province: False",0.07,0.15,0.22,0.29
"New Religion: Gods of Valyria, Current Religion: Old Gods, Population: 300000, Control: 95, Own Province: True",0.07,0.12,0.18,0.24
"New Religion: Gods of Valyria, Current Religion: Old Gods, Population: 300000, Control: 95, Own Province: False",0.07,0.15,0.22,0.29
"New Religion: Gods of Valyria, Current Religion: Old Gods, Population: 300000, Control: 100, Own Province: True",0.05,0.1,0.14,0.19
"New Religion: Gods of Valyria, Current Religion: Old Gods, Population: 300000, Control: 100, Own Province: False",0.08,0.15,0.22,0.3
"New Religion: Gods of Valyria, Current Religion: Skagosi Old Gods, Population: 1000, Control: 85, Own Province: True",0.03,0.05,0.08,0.09
"New Religion: Gods of Valyria, Current Religion: Skagosi Old Gods, Population: 1000, Control: 85, Own Province: False",0.03,0.05,0.07,0.1
"New Religion: Gods of Valyria, Current Religion: Skagosi Old Gods, Population: 1000, Control: 90, Own Province: True",0.02,0.03,0.04,0.05
"New Religion: Gods of Valyria, Current Religion: Skagosi Old Gods, Population: 1000, Control: 90, Own Province: False",0.03,0.07,0.11,0.14
"New Religion: Gods of Valyria, Current Religion: Skagosi Old Gods, Population: 1000, Control: 95, Own Province: True",0.01,0.01,0.02,0.02
"New Religion: Gods of Valyria, Current Religion: Skagosi Old Gods, Population: 1000, Control: 95, Own Province: False",0.05,0.1,0.14,0.19
"New Religion: Gods of Valyria, Current Religion: Skagosi Old Gods, Population: 1000, Control: 100, Own Province: True",0.0,0.0,0.0,0.0
"New Religion: Gods of Valyria, Current Religion: Skagosi Old Gods, Population: 1000, Control: 100, Own Province: False",0.06,0.12,0.18,0.24
"New Religion: Gods of Valyria, Current Religion: Skagosi Old Gods, Population: 50000, Control: 85, Own Province: True",0.03,0.07,0.1,0.14
"New Religion: Gods of Valyria, Current Religion: Skagosi Old Gods, Population: 50000, Control: 85, Own Province: False",0.04,0.07,0.11,0.14
"New Religion: Gods of Valyria, Current Religion: Skagosi Old Gods, Population: 50000, Control: 90, Own Province: True",0.02,0.05,0.07,0.1
"New Religion: Gods of Valyria, Current Religion: Skagosi Old Gods, Population: 50000, Control: 90, Own Province: False",0.05,0.1,0.14,0.19
"New Religion: Gods of Valyria, Current Religion: Skagosi Old Gods, Population: 50000, Control: 95, Own Province: True",0.01,0.03,0.04,0.05
"New Religion: Gods of Valyria, Current Religion: Skagosi Old Gods, Population: 50000, Control: 95, Own Province: False",0.06,0.12,0.18,0.25
"New Religion: Gods of Valyria, Current Religion: Skagosi Old Gods, Population: 50000, Control: 100, Own Province: True",0.01,0.01,0.02,0.03
"New Religion: Gods of Valyria, Current Religion: Skagosi Old Gods, Population: 50000, Control: 100, Own Province: False",0.07,0.15,0.22,0.3
"New Religion: Gods of Valyria, Current Religion: Skagosi Old Gods, Population: 100000, Control: 85, Own Province: True",0.05,0.1,0.15,0.19
"New Religion: Gods of Valyria, Current Religion: Skagosi Old Gods, Population: 100000, Control: 85, Own Province: False",0.05,0.1,0.14,0.19
"New Religion: Gods of Valyria, Current Religion: Skagosi Old Gods, Population: 100000, Control: 90, Own Province: True",0.04,0.07,0.11,0.14
"New Religion: Gods of Valyria, Current Religion: Skagosi Old Gods, Population: 100000, Control: 90, Own Province: False",0.06,0.13,0.18,0.24
"New Religion: Gods of Valyria, Current Religion: Skagosi Old Gods, Population: 100000, Control: 95, Own Province: True",0.02,0.05,0.07,0.09
"New Religion: Gods of Valyria, Current Religion: Skagosi Old Gods, Population: 100000, Control: 95, Own Province: False",0.08,0.15,0.22,0.29
"New Religion: Gods of Valyria, Current Religion: Skagosi Old Gods, Population: 100000, Control: 100, Own Province: True",0.02,0.03,0.04,0.05
"New Religion: Gods of Valyria, Current Religion: Skagosi Old Gods, Population: 100000, Control: 100, Own Province: False",0.07,0.15,0.22,0.29
"New Religion: Gods of Valyria, Current Religion: Skagosi Old Gods, Population: 150000, Control: 85, Own Province: True",0.06,0.12,0.18,0.25
"New Religion: Gods of Valyria, Current Religion: Skagosi Old Gods, Population: 150000, Control: 85, Own Province: False",0.06,0.13,0.18,0.24
"New Religion: Gods of Valyria, Current Religion: Skagosi Old Gods, Population: 150000, Control: 90, Own Province: True",0.05,0.1,0.14,0.2
"New Religion: Gods of Valyria, Current Religion: Skagosi Old Gods, Population: 150000, Control: 90, Own Province: False",0.08,0.15,0.22,0.29
"New Religion: Gods of Valyria, Current Religion: Skagosi Old Gods, Population: 150000, Control: 95, Own Province: True",0.04,0.07,0.1,0.14
"New Religion: Gods of Valyria, Current Religion: Skagosi Old Gods, Population: 150000, Control: 95, Own Province: False",0.07,0.15,0.23,0.3
"New Religion: Gods of Valyria, Current Religion: Skagosi Old Gods, Population: 150000, Control: 100, Own Province: True",0.02,0.05,0.08,0.1
"New Religion: Gods of Valyria, Current Religion: Skagosi Old Gods, Population: 150000, Control: 100, Own Province: False",0.07,0.15,0.22,0.3
"New Religion: Gods of Valyria, Current Religion: Skagosi Old Gods, Population: 200000, Control: 85, Own Province: True",0.08,0.15,0.22,0.3
"New Religion: Gods of Valyria, Current Religion: Skagosi Old Gods, Population: 200000, Control: 85, Own Province: False",0.08,0.14,0.23,0.3
"New Religion: Gods of Valyria, Current Religion: Skagosi Old Gods, Population: 200000, Control: 90, Own Province: True",0.06,0.12,0.19,0.25
"New Religion: Gods of Valyria, Current Religion: Skagosi Old Gods, Population: 200000, Control: 90, Own Province: False",0.07,0.15,0.22,0.3
"New Religion: Gods of Valyria, Current Religion: Skagosi Old Gods, Population: 200000, Control: 95, Own Province: True",0.05,0.1,0.14,0.19
"New Religion: Gods of Valyria, Current Religion: Skagosi Old Gods, Population: 200000, Control: 95, Own Province: False",0.08,0.15,0.22,0.3
"New Religion: Gods of Valyria, Current Religion: Skagosi Old Gods, Population: 200000, Control: 100, Own Province: True",0.04,0.07,0.11,0.14
"New Religion: Gods of Valyria, Current Religion: Skagosi Old Gods, Population: 200000, Control: 100, Own Province: False",0.07,0.15,0.22,0.3
"New Religion: Gods of Valyria, Current Religion: Skagosi Old Gods, Population: 250000, Control: 85, Own Province: True",0.07,0.15,0.22,0.31
"New Religion: Gods of Valyria, Current Religion: Skagosi Old Gods, Population: 250000, Control: 85, Own Province: False",0.07,0.15,0.22,0.3
"New Religion: Gods of Valyria, Current Religion: Skagosi Old Gods, Population: 250000, Control: 90, Own Province: True",0.07,0.15,0.23,0.29
"New Religion: Gods of Valyria, Current Religion: Skagosi Old Gods, Population: 250000, Control: 90, Own Province: False",0.08,0.15,0.22,0.29
"New Religion: Gods of Valyria, Current Religion: Skagosi Old Gods, Population: 250000, Control: 95, Own Province: True",0.06,0.12,0.18,0.25
"New Religion: Gods of Valyria, Current Religion: Skagosi Old Gods, Population: 250000, Control: 95, Own Province: False",0.08,0.14,0.22,0.3
"New Religion: Gods of Valyria, Current Religion: Skagosi Old Gods, Population: 250000, Control: 100, Own Province: True",0.05,0.09,0.15,0.2
"New Religion: Gods of Valyria, Current Religion: Skagosi Old Gods, Population: 250000, Control: 100, Own Province: False",0.08,0.15,0.22,0.29
"New Religion: Gods of Valyria, Current Religion: Skagosi Old Gods, Population: 300000, Control: 85, Own Province: True",0.07,0.14,0.22,0.3
"New Religion: Gods of Valyria, Current Religion: Skagosi Old Gods, Population: 300000, Control: 85, Own Province: False",0.08,0.15,0.23,0.29
"New Religion: Gods of Valyria, Current Religion: Skagosi Old Gods, Population: 300000, Control: 90, Own Province: True",0.07,0.15,0.23,0.31
"New Religion: Gods of Valyria, Current Religion: Skagosi Old Gods, Population: 300000, Control: 90, Own Province: False",0.07,0.15,0.21,0.29
"New Religion: Gods of Valyria, Current Religion: Skagosi Old Gods, Population: 300000, Control: 95, Own Province: True",0.07,0.16,0.23,0.28
"New Religion: Gods of Valyria, Current Religion: Skagosi Old Gods, Population: 300000, Control: 95, Own Province: False",0.07,0.15,0.23,0.29
"New Religion: Gods of Valyria, Current Religion: Skagosi Old Gods, Population: 300000, Control: 100, Own Province: True",0.06,0.12,0.18,0.25
"New Religion: Gods of Valyria, Current Religion: Skagosi Old Gods, Population: 300000, Control: 100, Own Province: False",0.07,0.15,0.22,0.3
"New Religion: Gods of Valyria, Current Religion: DrownedGod, Population: 1000, Control: 85, Own Province: True",0.03,0.07,0.1,0.14
"New Religion: Gods of Valyria, Current Religion: DrownedGod, Population: 1000, Control: 85, Own Province: False",0.03,0.07,0.11,0.14
"New Religion: Gods of Valyria, Current Religion: DrownedGod, Population: 1000, Control: 90, Own Province: True",0.02,0.05,0.07,0.09
"New Religion: Gods of Valyria, Current Religion: DrownedGod, Population: 1000, Control: 90, Own Province: False",0.05,0.09,0.14,0.19
"New Religion: Gods of Valyria, Current Religion: DrownedGod, Population: 1000, Control: 95, Own Province: True",0.01,0.03,0.04,0.05
"New Religion: Gods of Valyria, Current Religion: DrownedGod, Population: 1000, Control: 95, Own Province: False",0.06,0.12,0.18,0.24
"New Religion: Gods of Valyria, Current Religion: DrownedGod, Population: 1000, Control: 100, Own Province: True",0.01,0.01,0.02,0.02
"New Religion: Gods of Valyria, Current Religion: DrownedGod, Population: 1000, Control: 100, Own Province: False",0.08,0.15,0.22,0.29
"New Religion: Gods of Valyria, Current Religion: DrownedGod, Population: 50000, Control: 85, Own Province: True",0.05,0.1,0.14,0.2
"New Religion: Gods of Valyria, Current Religion: DrownedGod, Population: 50000, Control: 85, Own Province: False",0.04,0.1,0.14,0.19
"New Religion: Gods of Valyria, Current Religion: DrownedGod, Population: 50000, Control: 90, Own Province: True",0.04,0.08,0.1,0.15
"New Religion: Gods of Valyria, Current Religion: DrownedGod, Population: 50000, Control: 90, Own Province: False",0.06,0.12,0.18,0.25
"New Religion: Gods of Valyria, Current Religion: DrownedGod, Population: 50000, Control: 95, Own Province: True",0.02,0.04,0.07,0.1
"New Religion: Gods of Valyria, Current Religion: DrownedGod, Population: 50000, Control: 95, Own Province: False",0.07,0.15,0.23,0.29
"New Religion: Gods of Valyria, Current Religion: DrownedGod, Population: 50000, Control: 100, Own Province: True",0.01,0.03,0.04,0.06
"New Religion: Gods of Valyria, Current Religion: DrownedGod, Population: 50000, Control: 100, Own Province: False",0.07,0.15,0.22,0.29
"New Religion: Gods of Valyria, Current Religion: DrownedGod, Population: 100000, Control: 85, Own Province: True",0.06,0.13,0.18,0.24
"New Religion: Gods of Valyria, Current Religion: DrownedGod, Population: 100000, Control: 85, Own Province: False",0.06,0.12,0.18,0.24
"New Religion: Gods of Valyria, Current Religion: DrownedGod, Population: 100000, Control: 90, Own Province: True",0.05,0.1,0.15,0.19
"New Religion: Gods of Valyria, Current Religion: DrownedGod, Population: 100000, Control: 90, Own Province: False",0.07,0.15,0.22,0.3
"New Religion: Gods of Valyria, Current Religion: DrownedGod, Population: 100000, Control: 95, Own Province: True",0.03,0.07,0.11,0.14
"New Religion: Gods of Valyria, Current Religion: DrownedGod, Population: 100000, Control: 95, Own Province: False",0.07,0.15,0.22,0.3
"New Religion: Gods of Valyria, Current Religion: DrownedGod, Population: 100000, Control: 100, Own Province: True",0.02,0.05,0.08,0.1
"New Religion: Gods of Valyria, Current Religion: DrownedGod, Population: 100000, Control: 100, Own Province: False",0.07,0.14,0.23,0.3
"New Religion: Gods of Valyria, Current Religion: DrownedGod, Population: 150000, Control: 85, Own Province: True",0.08,0.15,0.22,0.29
"New Religion: Gods of Valyria, Current Religion: DrownedGod, Population: 150000, Control: 85, Own Province: False",0.07,0.14,0.23,0.3
"New Religion: Gods of Valyria, Current Religion: DrownedGod, Population: 150000, Control: 90, Own Province: True",0.06,0.12,0.19,0.24
"New Religion: Gods of Valyria, Current Religion: DrownedGod, Population: 150000, Control: 90, Own Province: False",0.07,0.15,0.22,0.3
"New Religion: Gods of Valyria, Current Religion: DrownedGod, Population: 150000, Control: 95, Own Province: True",0.05,0.1,0.14,0.19
"New Religion: Gods of Valyria, Current Religion: DrownedGod, Population: 150000, Control: 95, Own Province: False",0.07,0.15,0.21,0.3
"New Religion: Gods of Valyria, Current Religion: DrownedGod, Population: 150000, Control: 100, Own Province: True",0.03,0.07,0.11,0.14
"New Religion: Gods of Valyria, Current Religion: DrownedGod, Population: 150000, Control: 100, Own Province: False",0.08,0.15,0.22,0.29
"New Religion: Gods of Valyria, Current Religion: DrownedGod, Population: 200000, Control: 85, Own Province: True",0.07,0.15,0.23,0.3
"New Religion: Gods of Valyria, Current Religion: DrownedGod, Population: 200000, Control: 85, Own Province: False",0.07,0.15,0.22,0.29
"New Religion: Gods of Valyria, Current Religion: DrownedGod, Population: 200000, Control: 90, Own Province: True",0.07,0.15,0.22,0.29
"New Religion: Gods of Valyria, Current Religion: DrownedGod, Population: 200000, Control: 90, Own Province: False",0.08,0.14,0.22,0.3
"New Religion: Gods of Valyria, Current Religion: DrownedGod, Population: 200000, Control: 95, Own Province: True",0.06,0.13,0.18,0.25
"New Religion: Gods of Valyria, Current Religion: DrownedGod, Population: 200000, Control: 95, Own Province: False",0.07,0.15,0.23,0.29
"New Religion: Gods of Valyria, Current Religion: DrownedGod, Population: 200000, Control: 100, Own Province: True",0.05,0.1,0.15,0.19
"New Religion: Gods of Valyria, Current Religion: DrownedGod, Population: 200000, Control: 100, Own Province: False",0.08,0.15,0.23,0.3
"New Religion: Gods of Valyria, Current Religion: DrownedGod, Population: 250000, Control: 85, Own Province: True",0.07,0.15,0.22,0.3
"New Religion: Gods of Valyria, Current Religion: DrownedGod, Population: 250000, Control: 85, Own Province: False",0.07,0.15,0.22,0.3
"New Religion: Gods of Valyria, Current Religion: DrownedGod, Population: 250000, Control: 90, Own Province: True",0.07,0.15,0.23,0.3
"New Religion: Gods of Valyria, Current Religion: DrownedGod, Population: 250000, Control: 90, Own Province: False",0.08,0.15,0.22,0.3
"New Religion: Gods of Valyria, Current Religion: DrownedGod, Population: 250000, Control: 95, Own Province: True",0.07,0.15,0.23,0.3
"New Religion: Gods of Valyria, Current Religion: DrownedGod, Population: 250000, Control: 95, Own Province: False",0.07,0.15,0.22,0.29
"New Religion: Gods of Valyria, Current Religion: DrownedGod, Population: 250000, Control: 100, Own Province: True",0.06,0.12,0.18,0.25
"New Religion: Gods of Valyria, Current Religion: DrownedGod, Population: 250000, Control: 100, Own Province: False",0.07,0.15,0.23,0.29
"New Religion: Gods of Valyria, Current Religion: DrownedGod, Population: 300000, Control: 85, Own Province: True",0.07,0.15,0.23,0.29
"New Religion: Gods of Valyria, Current Religion: DrownedGod, Population: 300000, Control: 85, Own Province: False",0.07,0.14,0.22,0.3
"New Religion: Gods of Valyria, Current Religion: DrownedGod, Population: 300000, Control: 90, Own Province: True",0.08,0.14,0.22,0.29
"New Religion: Gods of Valyria, Current Religion: DrownedGod, Population: 300000, Control: 90, Own Province: False",0.07,0.15,0.22,0.3
"New Religion: Gods of Valyria, Current Religion: DrownedGod, Population: 300000, Control: 95, Own Province: True",0.08,0.15,0.22,0.29
"New Religion: Gods of Valyria, Current Religion: DrownedGod, Population: 300000, Control: 95, Own Province: False",0.08,0.14,0.22,0.3
"New Religion: Gods of Valyria, Current Religion: DrownedGod, Population: 300000, Control: 100, Own Province: True",0.07,0.15,0.23,0.3
"New Religion: Gods of Valyria, Current Religion: DrownedGod, Population: 300000, Control: 100, Own Province: False",0.07,0.15,0.22,0.29
"New Religion: Gods of Valyria, Current Religion: DrownedGodII, Population: 1000, Control: 85, Own Province: True",0.02,0.04,0.07,0.1
"New Religion: Gods of Valyria, Current Religion: DrownedGodII, Population: 1000, Control: 85, Own Province: False",0.02,0.05,0.07,0.1
"New Religion: Gods of Valyria, Current Religion: DrownedGodII, Population: 1000, Control: 90, Own Province: True",0.01,0.03,0.04,0.06
"New Religion: Gods of Valyria, Current Religion: DrownedGodII, Population: 1000, Control: 90, Own Province: False",0.04,0.07,0.1,0.14
"New Religion: Gods of Valyria, Current Religion: DrownedGodII, Population: 1000, Control: 95, Own Province: True",0.01,0.01,0.02,0.02
"New Religion: Gods of Valyria, Current Religion: DrownedGodII, Population: 1000, Control: 95, Own Province: False",0.05,0.1,0.15,0.19
"New Religion: Gods of Valyria, Current Religion: DrownedGodII, Population: 1000, Control: 100, Own Province: True",0.0,0.0,0.0,0.0
"New Religion: Gods of Valyria, Current Religion: DrownedGodII, Population: 1000, Control: 100, Own Province: False",0.06,0.12,0.18,0.25
"New Religion: Gods of Valyria, Current Religion: DrownedGodII, Population: 50000, Control: 85, Own Province: True",0.03,0.07,0.1,0.14
"New Religion: Gods of Valyria, Current Religion: DrownedGodII, Population: 50000, Control: 85, Own Province: False",0.03,0.07,0.1,0.14
"New Religion: Gods of Valyria, Current Religion: DrownedGodII, Population: 50000, Control: 90, Own Province: True",0.03,0.05,0.07,0.1
"New Religion: Gods of Valyria, Current Religion: DrownedGodII, Population: 50000, Control: 90, Own Province: False",0.05,0.09,0.15,0.2
"New Religion: Gods of Valyria, Current Religion: DrownedGodII, Population: 50000, Control: 95, Own Province: True",0.01,0.03,0.04,0.06
"New Religion: Gods of Valyria, Current Religion: DrownedGodII, Population: 50000, Control: 95, Own Province: False",0.06,0.12,0.18,0.24
"New Religion: Gods of Valyria, Current Religion: DrownedGodII, Population: 50000, Control: 100, Own Province: True",0.01,0.01,0.02,0.02
"New Religion: Gods of Valyria, Current Religion: DrownedGodII, Population: 50000, Control: 100, Own Province: False",0.08,0.15,0.23,0.29
"New Religion: Gods of Valyria, Current Religion: DrownedGodII, Population: 100000, Control: 85, Own Province: True",0.05,0.1,0.14,0.2
"New Religion: Gods of Valyria, Current Religion: DrownedGodII, Population: 100000, Control: 85, Own Province: False",0.05,0.1,0.14,0.19
"New Religion: Gods of Valyria, Current Religion: DrownedGodII, Population: 100000, Control: 90, Own Province: True",0.03,0.08,0.1,0.15
"New Religion: Gods of Valyria, Current Religion: DrownedGodII, Population: 100000, Control: 90, Own Province: False",0.06,0.13,0.19,0.26
"New Religion: Gods of Valyria, Current Religion: DrownedGodII, Population: 100000, Control: 95, Own Province: True",0.02,0.05,0.07,0.1
"New Religion: Gods of Valyria, Current Religion: DrownedGodII, Population: 100000, Control: 95, Own Province: False",0.07,0.15,0.23,0.29
"New Religion: Gods of Valyria, Current Religion: DrownedGodII, Population: 100000, Control: 100, Own Province: True",0.01,0.03,0.04,0.05
"New Religion: Gods of Valyria, Current Religion: DrownedGodII, Population: 100000, Control: 100, Own Province: False",0.07,0.15,0.22,0.3
"New Religion: Gods of Valyria, Current Religion: DrownedGodII, Population: 150000, Control: 85, Own Province: True",0.06,0.12,0.18,0.25
"New Religion: Gods of Valyria, Current Religion: DrownedGodII, Population: 150000, Control: 85, Own Province: False",0.06,0.12,0.19,0.24
"New Religion: Gods of Valyria, Current Religion: DrownedGodII, Population: 150000, Control: 90, Own Province: True",0.04,0.1,0.14,0.2
"New Religion: Gods of Valyria, Current Religion: DrownedGodII, Population: 150000, Control: 90, Own Province: False",0.08,0.14,0.23,0.3
"New Religion: Gods of Valyria, Current Religion: DrownedGodII, Population: 150000, Control: 95, Own Province: True",0.04,0.07,0.1,0.14
"New Religion: Gods of Valyria, Current Religion: DrownedGodII, Population: 150000, Control: 95, Own Province: False",0.07,0.14,0.22,0.3
"New Religion: Gods of Valyria, Current Religion: DrownedGodII, Population: 150000, Control: 100, Own Province: True",0.02,0.05,0.07,0.1
"New Religion: Gods of Valyria, Current Religion: DrownedGodII, Population: 150000, Control: 100, Own Province: False",0.07,0.15,0.23,0.29
"New Religion: Gods of Valyria, Current Religion: DrownedGodII, Population: 200000, Control: 85, Own Province: True",0.07,0.14,0.22,0.29
"New Religion: Gods of Valyria, Current Religion: DrownedGodII, Population: 200000, Control: 85, Own Province: False",0.07,0.15,0.22,0.3
"New Religion: Gods of Valyria, Current Religion: DrownedGodII, Population: 200000, Control: 90, Own Province: True",0.06,0.12,0.19,0.24
"New Religion: Gods of Valyria, Current Religion: DrownedGodII, Population: 200000, Control: 90, Own Province: False",0.07,0.15,0.22,0.29
"New Religion: Gods of Valyria, Current Religion: DrownedGodII, Population: 200000, Control: 95, Own Province: True",0.05,0.1,0.15,0.19
"New Religion: Gods of Valyria, Current Religion: DrownedGodII, Population: 200000, Control: 95, Own Province: False",0.07,0.15,0.22,0.3
"New Religion: Gods of Valyria, Current Religion: DrownedGodII, Population: 200000, Control: 100, Own Province: True",0.03,0.07,0.1,0.14
"New Religion: Gods of Valyria, Current Religion: DrownedGodII, Population: 200000, Control: 100, Own Province: False",0.08,0.15,0.22,0.3
"New Religion: Gods of Valyria, Current Religion: DrownedGodII, Population: 250000, Control: 85, Own Province: True",0.07,0.15,0.22,0.3
"New Religion: Gods of Valyria, Current Religion: DrownedGodII, Population: 250000, Control: 85, Own Province: False",0.08,0.15,0.22,0.29
"New Religion: Gods of Valyria, Current Religion: DrownedGodII, Population: 250000, Control: 90, Own Province: True",0.07,0.14,0.22,0.3
"New Religion: Gods of Valyria, Current Religion: DrownedGodII, Population: 250000, Control: 90, Own Province: False",0.08,0.15,0.22,0.3
"New Religion: Gods of Valyria, Current Religion: DrownedGodII, Population: 250000, Control: 95, Own Province: True",0.06,0.12,0.18,0.25
"New Religion: Gods of Valyria, Current Religion: DrownedGodII, Population: 250000, Control: 95, Own Province: False",0.07,0.15,0.22,0.3
"New Religion: Gods of Valyria, Current Religion: DrownedGodII, Population: 250000, Control: 100, Own Province: True",0.05,0.1,0.14,0.19
"New Religion: Gods of Valyria, Current Religion: DrownedGodII, Population: 250000, Control: 100, Own Province: False",0.07,0.15,0.22,0.29
"New Religion: Gods of Valyria, Current Religion: DrownedGodII, Population: 300000, Control: 85, Own Province: True",0.07,0.15,0.22,0.3
"New Religion: Gods of Valyria, Current Religion: DrownedGodII, Population: 300000, Control: 85, Own Province: False",0.07,0.15,0.22,0.29
"New Religion: Gods of Valyria, Current Religion: DrownedGodII, Population: 300000, Control: 90, Own Province: True",0.07,0.15,0.22,0.3
"New Religion: Gods of Valyria, Current Religion: DrownedGodII, Population: 300000, Control: 90, Own Province: False",0.07,0.15,0.22,0.3
"New Religion: Gods of Valyria, Current Religion: DrownedGodII, Population: 300000, Control: 95, Own Province: True",0.07,0.15,0.22,0.29
"New Religion: Gods of Valyria, Current Religion: DrownedGodII, Population: 300000, Control: 95, Own Province: False",0.07,0.15,0.22,0.3
"New Religion: Gods of Valyria, Current Religion: DrownedGodII, Population: 300000, Control: 100, Own Province: True",0.06,0.13,0.18,0.24
"New Religion: Gods of Valyria, Current Religion: DrownedGodII, Population: 300000, Control: 100, Own Province: False",0.07,0.15,0.23,0.29
"New Religion: Gods of Valyria, Current Religion: Mother Rhoyne, Population: 1000, Control: 85, Own Province: True",0.02,0.04,0.07,0.09
"New Religion: Gods of Valyria, Current Religion: Mother Rhoyne, Population: 1000, Control: 85, Own Province: False",0.02,0.05,0.07,0.1
"New Religion: Gods of Valyria, Current Religion: Mother Rhoyne, Population: 1000, Control: 90, Own Province: True",0.01,0.03,0.04,0.06
"New Religion: Gods of Valyria, Current Religion: Mother Rhoyne, Population: 1000, Control: 90, Own Province: False",0.04,0.07,0.11,0.14
"New Religion: Gods of Valyria, Current Religion: Mother Rhoyne, Population: 1000, Control: 95, Own Province: True",0.01,0.01,0.02,0.02
"New Religion: Gods of Valyria, Current Religion: Mother Rhoyne, Population: 1000, Control: 95, Own Province: False",0.05,0.09,0.14,0.19
"New Religion: Gods of Valyria, Current Religion: Mother Rhoyne, Population: 1000, Control: 100, Own Province: True",0.0,0.0,0.0,0.0
"New Religion: Gods of Valyria, Current Religion: Mother Rhoyne, Population: 1000, Control: 100, Own Province: False",0.06,0.12,0.18,0.25
"New Religion: Gods of Valyria, Current Religion: Mother Rhoyne, Population: 50000, Control: 85, Own Province: True",0.04,0.07,0.11,0.14
"New Religion: Gods of Valyria, Current Religion: Mother Rhoyne, Population: 50000, Control: 85, Own Province: False",0.04,0.07,0.11,0.14
"New Religion: Gods of Valyria, Current Religion: Mother Rhoyne, Population: 50000, Control: 90, Own Province: True",0.02,0.05,0.07,0.1
"New Religion: Gods of Valyria, Current Religion: Mother Rhoyne, Population: 50000, Control: 90, Own Province: False",0.05,0.09,0.15,0.19
"New Religion: Gods of Valyria, Current Religion: Mother Rhoyne, Population: 50000, Control: 95, Own Province: True",0.01,0.03,0.04,0.05
"New Religion: Gods of Valyria, Current Religion: Mother Rhoyne, Population: 50000, Control: 95, Own Province: False",0.06,0.12,0.18,0.24
"New Religion: Gods of Valyria, Current Religion: Mother Rhoyne, Population: 50000, Control: 100, Own Province: True",0.01,0.01,0.02,0.02
"New Religion: Gods of Valyria, Current Religion: Mother Rhoyne, Population: 50000, Control: 100, Own Province: False",0.07,0.15,0.23,0.29
"New Religion: Gods of Valyria, Current Religion: Mother Rhoyne, Population: 100000, Control: 85, Own Province: True",0.05,0.1,0.15,0.19
"New Religion: Gods of Valyria, Current Religion: Mother Rhoyne, Population: 100000, Control: 85, Own Province: False",0.05,0.1,0.15,0.18
"New Religion: Gods of Valyria, Current Religion: Mother Rhoyne, Population: 100000, Control: 90, Own Province: True",0.04,0.07,0.1,0.14
"New Religion: Gods of Valyria, Current Religion: Mother Rhoyne, Population: 100000, Control: 90, Own Province: False",0.06,0.12,0.18,0.24
"New Religion: Gods of Valyria, Current Religion: Mother Rhoyne, Population: 100000, Control: 95, Own Province: True",0.02,0.05,0.07,0.1
"New Religion: Gods of Valyria, Current Religion: Mother Rhoyne, Population: 100000, Control: 95, Own Province: False",0.07,0.15,0.22,0.3
"New Religion: Gods of Valyria, Current Religion: Mother Rhoyne, Population: 100000, Control: 100, Own Province: True",0.01,0.03,0.04,0.05
"New Religion: Gods of Valyria, Current Religion: Mother Rhoyne, Population: 100000, Control: 100, Own Province: False",0.08,0.15,0.22,0.3
"New Religion: Gods of Valyria, Current Religion: Mother Rhoyne, Population: 150000, Control: 85, Own Province: True",0.06,0.13,0.18,0.24
"New Religion: Gods of Valyria, Current Religion: Mother Rhoyne, Population: 150000, Control: 85, Own Province: False",0.06,0.12,0.19,0.24
"New Religion: Gods of Valyria, Current Religion: Mother Rhoyne, Population: 150000, Control: 90, Own Province: True",0.05,0.1,0.14,0.19
"New Religion: Gods of Valyria, Current Religion: Mother Rhoyne, Population: 150000, Control: 90, Own Province: False",0.08,0.15,0.22,0.3
"New Religion: Gods of Valyria, Current Religion: Mother Rhoyne, Population: 150000, Control: 95, Own Province: True",0.04,0.07,0.11,0.14
"New Religion: Gods of Valyria, Current Religion: Mother Rhoyne, Population: 150000, Control: 95, Own Province: False",0.07,0.14,0.23,0.3
"New Religion: Gods of Valyria, Current Religion: Mother Rhoyne, Population: 150000, Control: 100, Own Province: True",0.02,0.05,0.07,0.09
"New Religion: Gods of Valyria, Current Religion: Mother Rhoyne, Population: 150000, Control: 100, Own Province: False",0.08,0.15,0.22,0.29
"New Religion: Gods of Valyria, Current Religion: Mother Rhoyne, Population: 200000, Control: 85, Own Province: True",0.07,0.15,0.23,0.29
"New Religion: Gods of Valyria, Current Religion: Mother Rhoyne, Population: 200000, Control: 85, Own Province: False",0.07,0.15,0.23,0.29
"New Religion: Gods of Valyria, Current Religion: Mother Rhoyne, Population: 200000, Control: 90, Own Province: True",0.06,0.12,0.18,0.24
"New Religion: Gods of Valyria, Current Religion: Mother Rhoyne, Population: 200000, Control: 90, Own Province: False",0.07,0.15,0.22,0.3
"New Religion: Gods of Valyria, Current Religion: Mother Rhoyne, Population: 200000, Control: 95, Own Province: True",0.05,0.1,0.15,0.19
"New Religion: Gods of Valyria, Current Religion: Mother Rhoyne, Population: 200000, Control: 95, Own Province: False",0.07,0.15,0.22,0.3
"New Religion: Gods of Valyria, Current Religion: Mother Rhoyne, Population: 200000, Control: 100, Own Province: True",0.03,0.07,0.11,0.14
"New Religion: Gods of Valyria, Current Religion: Mother Rhoyne, Population: 200000, Control: 100, Own Province: False",0.08,0.14,0.22,0.3
"New Religion: Gods of Valyria, Current Religion: Mother Rhoyne, Population: 250000, Control: 85, Own Province: True",0.08,0.15,0.22,0.3
"New Religion: Gods of Valyria, Current Religion: Mother Rhoyne, Population: 250000, Control: 85, Own Province: False",0.07,0.15,0.21,0.31
"New Religion: Gods of Valyria, Current Religion: Mother Rhoyne, Population: 250000, Control: 90, Own Province: True",0.07,0.14,0.22,0.3
"New Religion: Gods of Valyria, Current Religion: Mother Rhoyne, Population: 250000, Control: 90, Own Province: False",0.07,0.15,0.22,0.3
"New Religion: Gods of Valyria, Current Religion: Mother Rhoyne, Population: 250000, Control: 95, Own Province: True",0.06,0.13,0.19,0.25
"New Religion: Gods of Valyria, Current Religion: Mother Rhoyne, Population: 250000, Control: 95, Own Province: False",0.08,0.15,0.23,0.3
"New Religion: Gods of Valyria, Current Religion: Mother Rhoyne, Population: 250000, Control: 100, Own Province: True",0.05,0.09,0.15,0.19
"New Religion: Gods of Valyria, Current Religion: Mother Rhoyne, Population: 250000, Control: 100, Own Province: False",0.07,0.14,0.23,0.3
"New Religion: Gods of Valyria, Current Religion: Mother Rhoyne, Population: 300000, Control: 85, Own Province: True",0.07,0.15,0.21,0.3
"New Religion: Gods of Valyria, Current Religion: Mother Rhoyne, Population: 300000, Control: 85, Own Province: False",0.08,0.15,0.23,0.29
"New Religion: Gods of Valyria, Current Religion: Mother Rhoyne, Population: 300000, Control: 90, Own Province: True",0.08,0.15,0.23,0.29
"New Religion: Gods of Valyria, Current Religion: Mother Rhoyne, Population: 300000, Control: 90, Own Province: False",0.07,0.15,0.23,0.3
"New Religion: Gods of Valyria, Current Religion: Mother Rhoyne, Population: 300000, Control: 95, Own Province: True",0.07,0.15,0.23,0.29
"New Religion: Gods of Valyria, Current Religion: Mother Rhoyne, Population: 300000, Control: 95, Own Province: False",0.08,0.15,0.22,0.29
"New Religion: Gods of Valyria, Current Religion: Mother Rhoyne, Population: 300000, Control: 100, Own Province: True",0.06,0.12,0.18,0.26
"New Religion: Gods of Valyria, Current Religion: Mother Rhoyne, Population: 300000, Control: 100, Own Province: False",0.08,0.14,0.22,0.3
"New Religion: Gods of Valyria, Current Religion: R'hllor, Population: 1000, Control: 85, Own Province: True",0.03,0.05,0.07,0.09
"New Religion: Gods of Valyria, Current Religion: R'hllor, Population: 1000, Control: 85, Own Province: False",0.03,0.05,0.07,0.1
"New Religion: Gods of Valyria, Current Religion: R'hllor, Population: 1000, Control: 90, Own Province: True",0.01,0.03,0.04,0.06
"New Religion: Gods of Valyria, Current Religion: R'hllor, Population: 1000, Control: 90, Own Province: False",0.03,0.07,0.11,0.15
"New Religion: Gods of Valyria, Current Religion: R'hllor, Population: 1000, Control: 95, Own Province: True",0.0,0.01,0.02,0.02
"New Religion: Gods of Valyria, Current Religion: R'hllor, Population: 1000, Control: 95, Own Province: False",0.05,0.09,0.14,0.2
"New Religion: Gods of Valyria, Current Religion: R'hllor, Population: 1000, Control: 100, Own Province: True",0.0,0.0,0.0,0.0
"New Religion: Gods of Valyria, Current Religion: R'hllor, Population: 1000, Control: 100, Own Province: False",0.06,0.12,0.18,0.24
"New Religion: Gods of Valyria, Current Religion: R'hllor, Population: 50000, Control: 85, Own Province: True",0.03,0.07,0.11,0.14
"New Religion: Gods of Valyria, Current Religion: R'hllor, Population: 50000, Control: 85, Own Province: False",0.03,0.07,0.11,0.14
"New Religion: Gods of Valyria, Current Religion: R'hllor, Population: 50000, Control: 90, Own Province: True",0.02,0.05,0.07,0.1
"New Religion: Gods of Valyria, Current Religion: R'hllor, Population: 50000, Control: 90, Own Province: False",0.05,0.1,0.14,0.19
"New Religion: Gods of Valyria, Current Religion: R'hllor, Population: 50000, Control: 95, Own Province: True",0.01,0.03,0.04,0.05
"New Religion: Gods of Valyria, Current Religion: R'hllor, Population: 50000, Control: 95, Own Province: False",0.06,0.12,0.18,0.25
"New Religion: Gods of Valyria, Current Religion: R'hllor, Population: 50000, Control: 100, Own Province: True",0.01,0.01,0.02,0.02
"New Religion: Gods of Valyria, Current Religion: R'hllor, Population: 50000, Control: 100, Own Province: False",0.07,0.15,0.21,0.3
"New Religion: Gods of Valyria, Current Religion: R'hllor, Population: 100000, Control: 85, Own Province: True",0.04,0.1,0.15,0.19
"New Religion: Gods of Valyria, Current Religion: R'hllor, Population: 100000, Control: 85, Own Province: False",0.05,0.1,0.15,0.19
"New Religion: Gods of Valyria, Current Religion: R'hllor, Population: 100000, Control: 90, Own Province: True",0.04,0.07,0.1,0.14
"New Religion: Gods of Valyria, Current Religion: R'hllor, Population: 100000, Control: 90, Own Province: False",0.06,0.12,0.18,0.25
"New Religion: Gods of Valyria, Current Religion: R'hllor, Population: 100000, Control: 95, Own Province: True",0.02,0.05,0.07,0.1
"New Religion: Gods of Valyria, Current Religion: R'hllor, Population: 100000, Control: 95, Own Province: False",0.08,0.14,0.22,0.3
"New Religion: Gods of Valyria, Current Religion: R'hllor, Population: 100000, Control: 100, Own Province: True",0.01,0.03,0.04,0.06
"New Religion: Gods of Valyria, Current Religion: R'hllor, Population: 100000, Control: 100, Own Province: False",0.08,0.15,0.22,0.29
"New Religion: Gods of Valyria, Current Religion: R'hllor, Population: 150000, Control: 85, Own Province: True",0.07,0.13,0.19,0.24
"New Religion: Gods of Valyria, Current Religion: R'hllor, Population: 150000, Control: 85, Own Province: False",0.07,0.13,0.19,0.24
"New Religion: Gods of Valyria, Current Religion: R'hllor, Population: 150000, Control: 90, Own Province: True",0.05,0.1,0.15,0.19
"New Religion: Gods of Valyria, Current Religion: R'hllor, Population: 150000, Control: 90, Own Province: False",0.07,0.15,0.22,0.3
"New Religion: Gods of Valyria, Current Religion: R'hllor, Population: 150000, Control: 95, Own Province: True",0.04,0.07,0.11,0.14
"New Religion: Gods of Valyria, Current Religion: R'hllor, Population: 150000, Control: 95, Own Province: False",0.07,0.15,0.22,0.3
"New Religion: Gods of Valyria, Current Religion: R'hllor, Population: 150000, Control: 100, Own Province: True",0.03,0.05,0.07,0.09
"New Religion: Gods of Valyria, Current Religion: R'hllor, Population: 150000, Control: 100, Own Province: False",0.07,0.15,0.23,0.3
"New Religion: Gods of Valyria, Current Religion: R'hllor, Population: 200000, Control: 85, Own Province: True",0.08,0.15,0.23,0.29
"New Religion: Gods of Valyria, Current Religion: R'hllor, Population: 200000, Control: 85, Own Province: False",0.07,0.15,0.23,0.3
"New Religion: Gods of Valyria, Current Religion: R'hllor, Population: 200000, Control: 90, Own Province: True",0.06,0.12,0.19,0.24
"New Religion: Gods of Valyria, Current Religion: R'hllor, Population: 200000, Control: 90, Own Province: False",0.07,0.15,0.22,0.3
"New Religion: Gods of Valyria, Current Religion: R'hllor, Population: 200000, Control: 95, Own Province: True",0.05,0.1,0.14,0.19
"New Religion: Gods of Valyria, Current Religion: R'hllor, Population: 200000, Control: 95, Own Province: False",0.08,0.14,0.23,0.29
"New Religion: Gods of Valyria, Current Religion: R'hllor, Population: 200000, Control: 100, Own Province: True",0.03,0.07,0.1,0.15
"New Religion: Gods of Valyria, Current Religion: R'hllor, Population: 200000, Control: 100, Own Province: False",0.07,0.15,0.22,0.31
"New Religion: Gods of Valyria, Current Religion: R'hllor, Population: 250000, Control: 85, Own Province: True",0.07,0.16,0.22,0.3
"New Religion: Gods of Valyria, Current Religion: R'hllor, Population: 250000, Control: 85, Own Province: False",0.07,0.15,0.23,0.3
"New Religion: Gods of Valyria, Current Religion: R'hllor, Population: 250000, Control: 90, Own Province: True",0.07,0.15,0.22,0.29
"New Religion: Gods of Valyria, Current Religion: R'hllor, Population: 250000, Control: 90, Own Province: False",0.08,0.15,0.23,0.3
"New Religion: Gods of Valyria, Current Religion: R'hllor, Population: 250000, Control: 95, Own Province: True",0.06,0.12,0.19,0.25
"New Religion: Gods of Valyria, Current Religion: R'hllor, Population: 250000, Control: 95, Own Province: False",0.08,0.15,0.22,0.29
"New Religion: Gods of Valyria, Current Religion: R'hllor, Population: 250000, Control: 100, Own Province: True",0.05,0.09,0.14,0.19
"New Religion: Gods of Valyria, Current Religion: R'hllor, Population: 250000, Control: 100, Own Province: False",0.07,0.15,0.22,0.3
"New Religion: Gods of Valyria, Current Religion: R'hllor, Population: 300000, Control: 85, Own Province: True",0.07,0.15,0.21,0.3
"New Religion: Gods of Valyria, Current Religion: R'hllor, Population: 300000, Control: 85, Own Province: False",0.08,0.16,0.22,0.3
"New Religion: Gods of Valyria, Current Religion: R'hllor, Population: 300000, Control: 90, Own Province: True",0.08,0.15,0.22,0.3
"New Religion: Gods of Valyria, Current Religion: R'hllor, Population: 300000, Control: 90, Own Province: False",0.07,0.15,0.22,0.3
"New Religion: Gods of Valyria, Current Religion: R'hllor, Population: 300000, Control: 95, Own Province: True",0.07,0.15,0.22,0.3
"New Religion: Gods of Valyria, Current Religion: R'hllor, Population: 300000, Control: 95, Own Province: False",0.07,0.15,0.23,0.3
"New Religion: Gods of Valyria, Current Religion: R'hllor, Population: 300000, Control: 100, Own Province: True",0.07,0.12,0.18,0.25
"New Religion: Gods of Valyria, Current Religion: R'hllor, Population: 300000, Control: 100, Own Province: False",0.07,0.15,0.23,0.29
"New Religion: R'hllor, Current Religion: Faith of the Seven, Population: 1000, Control: 85, Own Province: True",0.03,0.07,0.1,0.14
"New Religion: R'hllor, Current Religion: Faith of the Seven, Population: 1000, Control: 85, Own Province: False",0.04,0.07,0.1,0.14
"New Religion: R'hllor, Current Religion: Faith of the Seven, Population: 1000, Control: 90, Own Province: True",0.02,0.05,0.07,0.1
"New Religion: R'hllor, Current Religion: Faith of the Seven, Population: 1000, Control: 90, Own Province: False",0.05,0.1,0.14,0.19
"New Religion: R'hllor, Current Religion: Faith of the Seven, Population: 1000, Control: 95, Own Province: True",0.01,0.03,0.04,0.05
"New Religion: R'hllor, Current Religion: Faith of the Seven, Population: 1000, Control: 95, Own Province: False",0.06,0.13,0.18,0.24
"New Religion: R'hllor, Current Religion: Faith of the Seven, Population: 1000, Control: 100, Own Province: True",0.01,0.01,0.02,0.02
"New Religion: R'hllor, Current Religion: Faith of the Seven, Population: 1000, Control: 100, Own Province: False",0.08,0.15,0.22,0.3
"New Religion: R'hllor, Current Religion: Faith of the Seven, Population: 50000, Control: 85, Own Province: True",0.05,0.09,0.14,0.2
"New Religion: R'hllor, Current Religion: Faith of the Seven, Population: 50000, Control: 85, Own Province: False",0.05,0.09,0.14,0.19
"New Religion: R'hllor, Current Religion: Faith of the Seven, Population: 50000, Control: 90, Own Province: True",0.04,0.07,0.1,0.14
"New Religion: R'hllor, Current Religion: Faith of the Seven, Population: 50000, Control: 90, Own Province: False",0.06,0.12,0.18,0.25
"New Religion: R'hllor, Current Religion: Faith of the Seven, Population: 50000, Control: 95, Own Province: True",0.02,0.05,0.07,0.1
"New Religion: R'hllor, Current Religion: Faith of the Seven, Population: 50000, Control: 95, Own Province: False",0.08,0.14,0.22,0.3
"New Religion: R'hllor, Current Religion: Faith of the Seven, Population: 50000, Control: 100, Own Province: True",0.02,0.03,0.04,0.06
"New Religion: R'hllor, Current Religion: Faith of the Seven, Population: 50000, Control: 100, Own Province: False",0.07,0.15,0.22,0.31
"New Religion: R'hllor, Current Religion: Faith of the Seven, Population: 100000, Control: 85, Own Province: True",0.06,0.12,0.19,0.24
"New Religion: R'hllor, Current Religion: Faith of the Seven, Population: 100000, Control: 85, Own Province: False",0.06,0.12,0.19,0.24
"New Religion: R'hllor, Current Religion: Faith of the Seven, Population: 100000, Control: 90, Own Province: True",0.05,0.1,0.15,0.19
"New Religion: R'hllor, Current Religion: Faith of the Seven, Population: 100000, Control: 90, Own Province: False",0.07,0.15,0.21,0.3
"New Religion: R'hllor, Current Religion: Faith of the Seven, Population: 100000, Control: 95, Own Province: True",0.04,0.07,0.1,0.14
"New Religion: R'hllor, Current Religion: Faith of the Seven, Population: 100000, Control: 95, Own Province: False",0.07,0.15,0.22,0.3
"New Religion: R'hllor, Current Religion: Faith of the Seven, Population: 100000, Control: 100, Own Province: True",0.02,0.05,0.07,0.09
"New Religion: R'hllor, Current Religion: Faith of the Seven, Population: 100000, Control: 100, Own Province: False",0.07,0.16,0.22,0.29
"New Religion: R'hllor, Current Religion: Faith of the Seven, Population: 150000, Control: 85, Own Province: True",0.08,0.15,0.22,0.3
"New Religion: R'hllor, Current Religion: Faith of the Seven, Population: 150000, Control: 85, Own Province: False",0.07,0.15,0.23,0.3
"New Religion: R'hllor, Current Religion: Faith of the Seven, Population: 150000, Control: 90, Own Province: True",0.06,0.12,0.19,0.24
"New Religion: R'hllor, Current Religion: Faith of the Seven, Population: 150000, Control: 90, Own Province: False",0.08,0.15,0.22,0.3
"New Religion: R'hllor, Current Religion: Faith of the Seven, Population: 150000, Control: 95, Own Province: True",0.05,0.1,0.15,0.2
"New Religion: R'hllor, Current Religion: Faith of the Seven, Population: 150000, Control: 95, Own Province: False",0.08,0.15,0.22,0.29
"New Religion: R'hllor, Current Religion: Faith of the Seven, Population: 150000, Control: 100, Own Province: True",0.03,0.07,0.1,0.14
"New Religion: R'hllor, Current Religion: Faith of the Seven, Population: 150000, Control: 100, Own Province: False",0.08,0.15,0.23,0.29
"New Religion: R'hllor, Current Religion: Faith of the Seven, Population: 200000, Control: 85, Own Province: True",0.07,0.15,0.22,0.3
"New Religion: R'hllor, Current Religion: Faith of the Seven, Population: 200000, Control: 85, Own Province: False",0.07,0.15,0.23,0.29
"New Religion: R'hllor, Current Religion: Faith of the Seven, Population: 200000, Control: 90, Own Province: True",0.07,0.15,0.22,0.3
"New Religion: R'hllor, Current Religion: Faith of the Seven, Population: 200000, Control: 90, Own Province: False",0.08,0.15,0.23,0.3
"New Religion: R'hllor, Current Religion: Faith of the Seven, Population: 200000, Control: 95, Own Province: True",0.06,0.12,0.18,0.25
"New Religion: R'hllor, Current Religion: Faith of the Seven, Population: 200000, Control: 95, Own Province: False",0.07,0.15,0.22,0.3
"New Religion: R'hllor, Current Religion: Faith of the Seven, Population: 200000, Control: 100, Own Province: True",0.05,0.1,0.14,0.2
"New Religion: R'hllor, Current Religion: Faith of the Seven, Population: 200000, Control: 100, Own Province: False",0.07,0.16,0.22,0.3
"New Religion: R'hllor, Current Religion: Faith of the Seven, Population: 250000, Control: 85, Own Province: True",0.07,0.15,0.22,0.3
"New Religion: R'hllor, Current Religion: Faith of the Seven, Population: 250000, Control: 85, Own Province: False",0.07,0.15,0.23,0.28
"New Religion: R'hllor, Current Religion: Faith of the Seven, Population: 250000, Control: 90, Own Province: True",0.08,0.15,0.22,0.29
"New Religion: R'hllor, Current Religion: Faith of the Seven, Population: 250000, Control: 90, Own Province: False",0.08,0.14,0.22,0.3
"New Religion: R'hllor, Current Religion: Faith of the Seven, Population: 250000, Control: 95, Own Province: True",0.08,0.14,0.22,0.29
"New Religion: R'hllor, Current Religion: Faith of the Seven, Population: 250000, Control: 95, Own Province: False",0.07,0.15,0.22,0.3
"New Religion: R'hllor, Current Religion: Faith of the Seven, Population: 250000, Control: 100, Own Province: True",0.06,0.13,0.18,0.24
"New Religion: R'hllor, Current Religion: Faith of the Seven, Population: 250000, Control: 100, Own Province: False",0.08,0.15,0.22,0.3
"New Religion: R'hllor, Current Religion: Faith of the Seven, Population: 300000, Control: 85, Own Province: True",0.07,0.15,0.23,0.29
"New Religion: R'hllor, Current Religion: Faith of the Seven, Population: 300000, Control: 85, Own Province: False",0.08,0.14,0.23,0.29
"New Religion: R'hllor, Current Religion: Faith of the Seven, Population: 300000, Control: 90, Own Province: True",0.07,0.15,0.23,0.3
"New Religion: R'hllor, Current Religion: Faith of the Seven, Population: 300000, Control: 90, Own Province: False",0.07,0.15,0.22,0.3
"New Religion: R'hllor, Current Religion: Faith of the Seven, Population: 300000, Control: 95, Own Province: True",0.07,0.14,0.22,0.3
"New Religion: R'hllor, Current Religion: Faith of the Seven, Population: 300000, Control: 95, Own Province: False",0.07,0.15,0.23,0.29
"New Religion: R'hllor, Current Religion: Faith of the Seven, Population: 300000, Control: 100, Own Province: True",0.07,0.16,0.22,0.29
"New Religion: R'hllor, Current Religion: Faith of the Seven, Population: 300000, Control: 100, Own Province: False",0.07,0.15,0.22,0.3
"New Religion: R'hllor, Current Religion: Old Gods, Population: 1000, Control: 85, Own Province: True",0.02,0.05,0.07,0.1
"New Religion: R'hllor, Current Religion: Old Gods, Population: 1000, Control: 85, Own Province: False",0.02,0.05,0.07,0.1
"New Religion: R'hllor, Current Religion: Old Gods, Population: 1000, Control: 90, Own Province: True",0.02,0.03,0.04,0.05
"New Religion: R'hllor, Current Religion: Old Gods, Population: 1000, Control: 90, Own Province: False",0.03,0.07,0.11,0.14
"New Religion: R'hllor, Current Religion: Old Gods, Population: 1000, Control: 95, Own Province: True",0.01,0.01,0.02,0.02
"New Religion: R'hllor, Current Religion: Old Gods, Population: 1000, Control: 95, Own Province: False",0.05,0.09,0.14,0.2
"New Religion: R'hllor, Current Religion: Old Gods, Population: 1000, Control: 100, Own Province: True",0.0,0.0,0.0,0.0
"New Religion: R'hllor, Current Religion: Old Gods, Population: 1000, Control: 100, Own Province: False",0.06,0.12,0.19,0.25
"New Religion: R'hllor, Current Religion: Old Gods, Population: 50000, Control: 85, Own Province: True",0.04,0.07,0.11,0.14
"New Religion: R'hllor, Current Religion: Old Gods, Population: 50000, Control: 85, Own Province: False",0.04,0.07,0.11,0.14
"New Religion: R'hllor, Current Religion: Old Gods, Population: 50000, Control: 90, Own Province: True",0.02,0.05,0.07,0.1
"New Religion: R'hllor, Current Religion: Old Gods, Population: 50000, Control: 90, Own Province: False",0.05,0.09,0.15,0.19
"New Religion: R'hllor, Current Religion: Old Gods, Population: 50000, Control: 95, Own Province: True",0.01,0.03,0.04,0.05
"New Religion: R'hllor, Current Religion: Old Gods, Population: 50000, Control: 95, Own Province: False",0.06,0.12,0.18,0.24
"New Religion: R'hllor, Current Religion: Old Gods, Population: 50000, Control: 100, Own Province: True",0.01,0.01,0.02,0.03
"New Religion: R'hllor, Current Religion: Old Gods, Population: 50000, Control: 100, Own Province: False",0.07,0.15,0.22,0.29
"New Religion: R'hllor, Current Religion: Old Gods, Population: 100000, Control: 85, Own Province: True",0.04,0.1,0.14,0.19
"New Religion: R'hllor, Current Religion: Old Gods, Population: 100000, Control: 85, Own Province: False",0.05,0.1,0.14,0.2
"New Religion: R'hllor, Current Religion: Old Gods, Population: 100000, Control: 90, Own Province: True",0.04,0.07,0.11,0.15
"New Religion: R'hllor, Current Religion: Old Gods, Population: 100000, Control: 90, Own Province: False",0.06,0.12,0.19,0.24
"New Religion: R'hllor, Current Religion: Old Gods, Population: 100000, Control: 95, Own Province: True",0.02,0.04,0.07,0.09
"New Religion: R'hllor, Current Religion: Old Gods, Population: 100000, Control: 95, Own Province: False",0.08,0.15,0.22,0.3
"New Religion: R'hllor, Current Religion: Old Gods, Population: 100000, Control: 100, Own Province: True",0.02,0.03,0.04,0.05
"New Religion: R'hllor, Current Religion: Old Gods, Population: 100000, Control: 100, Own Province: False",0.07,0.14,0.22,0.3
"New Religion: R'hllor, Current Religion: Old Gods, Population: 150000, Control: 85, Own Province: True",0.06,0.12,0.18,0.24
"New Religion: R'hllor, Current Religion: Old Gods, Population: 150000, Control: 85, Own Province: False",0.06,0.12,0.18,0.25
"New Religion: R'hllor, Current Religion: Old Gods, Population: 150000, Control: 90, Own Province: True",0.05,0.1,0.14,0.2
"New Religion: R'hllor, Current Religion: Old Gods, Population: 150000, Control: 90, Own Province: False",0.07,0.15,0.22,0.3
"New Religion: R'hllor, Current Religion: Old Gods, Population: 150000, Control: 95, Own Province: True",0.03,0.07,0.11,0.13
"New Religion: R'hllor, Current Religion: Old Gods, Population: 150000, Control: 95, Own Province: False",0.07,0.15,0.22,0.3
"New Religion: R'hllor, Current Religion: Old Gods, Population: 150000, Control: 100, Own Province: True",0.02,0.05,0.07,0.1
"New Religion: R'hllor, Current Religion: Old Gods, Population: 150000, Control: 100, Own Province: False",0.08,0.14,0.22,0.29
"New Religion: R'hllor, Current Religion: Old Gods, Population: 200000, Control: 85, Own Province: True",0.08,0.15,0.22,0.3
"New Religion: R'hllor, Current Religion: Old Gods, Population: 200000, Control: 85, Own Province: False",0.07,0.15,0.23,0.3
"New Religion: R'hllor, Current Religion: Old Gods, Population: 200000, Control: 90, Own Province: True",0.06,0.13,0.18,0.26
"New Religion: R'hllor, Current Religion: Old Gods, Population: 200000, Control: 90, Own Province: False",0.07,0.14,0.23,0.29
"New Religion: R'hllor, Current Religion: Old Gods, Population: 200000, Control: 95, Own Province: True",0.05,0.09,0.14,0.19
"New Religion: R'hllor, Current Religion: Old Gods, Population: 200000, Control: 95, Own Province: False",0.08,0.15,0.22,0.29
"New Religion: R'hllor, Current Religion: Old Gods, Population: 200000, Control: 100, Own Province: True",0.03,0.07,0.11,0.14
"New Religion: R'hllor, Current Religion: Old Gods, Population: 200000, Control: 100, Own Province: False",0.07,0.15,0.23,0.3
"New Religion: R'hllor, Current Religion: Old Gods, Population: 250000, Control: 85, Own Province: True",0.07,0.15,0.23,0.29
"New Religion: R'hllor, Current Religion: Old Gods, Population: 250000, Control: 85, Own Province: False",0.07,0.15,0.22,0.3
"New Religion: R'hllor, Current Religion: Old Gods, Population: 250000, Control: 90, Own Province: True",0.08,0.15,0.22,0.29
"New Religion: R'hllor, Current Religion: Old Gods, Population: 250000, Control: 90, Own Province: False",0.07,0.15,0.22,0.3
"New Religion: R'hllor, Current Religion: Old Gods, Population: 250000, Control: 95, Own Province: True",0.06,0.12,0.19,0.25
"New Religion: R'hllor, Current Religion: Old Gods, Population: 250000, Control: 95, Own Province: False",0.08,0.15,0.22,0.3
"New Religion: R'hllor, Current Religion: Old Gods, Population: 250000, Control: 100, Own Province: True",0.05,0.1,0.14,0.19
"New Religion: R'hllor, Current Religion: Old Gods, Population: 250000, Control: 100, Own Province: False",0.08,0.15,0.22,0.3
"New Religion: R'hllor, Current Religion: Old Gods, Population: 300000, Control: 85, Own Province: True",0.07,0.15,0.22,0.3
"New Religion: R'hllor, Current Religion: Old Gods, Population: 300000, Control: 85, Own Province: False",0.08,0.14,0.23,0.3
"New Religion: R'hllor, Current Religion: Old Gods, Population: 300000, Control: 90, Own Province: True",0.07,0.15,0.22,0.3
"New Religion: R'hllor, Current Religion: Old Gods, Population: 300000, Control: 90, Own Province: False",0.08,0.15,0.22,0.29
"New Religion: R'hllor, Current Religion: Old Gods, Population: 300000, Control: 95, Own Province: True",0.07,0.15,0.23,0.29
"New Religion: R'hllor, Current Religion: Old Gods, Population: 300000, Control: 95, Own Province: False",0.08,0.15,0.22,0.3
"New Religion: R'hllor, Current Religion: Old Gods, Population: 300000, Control: 100, Own Province: True",0.06,0.12,0.18,0.25
"New Religion: R'hllor, Current Religion: Old Gods, Population: 300000, Control: 100, Own Province: False",0.07,0.14,0.22,0.3
"New Religion: R'hllor, Current Religion: Skagosi Old Gods, Population: 1000, Control: 85, Own Province: True",0.04,0.07,0.11,0.14
"New Religion: R'hllor, Current Religion: Skagosi Old Gods, Population: 1000, Control: 85, Own Province: False",0.04,0.07,0.1,0.14
"New Religion: R'hllor, Current Religion: Skagosi Old Gods, Population: 1000, Control: 90, Own Province: True",0.02,0.05,0.07,0.09
"New Religion: R'hllor, Current Religion: Skagosi Old Gods, Population: 1000, Control: 90, Own Province: False",0.05,0.1,0.14,0.19
"New Religion: R'hllor, Current Religion: Skagosi Old Gods, Population: 1000, Control: 95, Own Province: True",0.01,0.03,0.04,0.06
"New Religion: R'hllor, Current Religion: Skagosi Old Gods, Population: 1000, Control: 95, Own Province: False",0.06,0.12,0.18,0.24
"New Religion: R'hllor, Current Religion: Skagosi Old Gods, Population: 1000, Control: 100, Own Province: True",0.01,0.01,0.02,0.02
"New Religion: R'hllor, Current Religion: Skagosi Old Gods, Population: 1000, Control: 100, Own Province: False",0.08,0.15,0.22,0.29
"New Religion: R'hllor, Current Religion: Skagosi Old Gods, Population: 50000, Control: 85, Own Province: True",0.05,0.1,0.15,0.19
"New Religion: R'hllor, Current Religion: Skagosi Old Gods, Population: 50000, Control: 85, Own Province: False",0.05,0.09,0.14,0.2
"New Religion: R'hllor, Current Religion: Skagosi Old Gods, Population: 50000, Control: 90, Own Province: True",0.03,0.07,0.1,0.13
"New Religion: R'hllor, Current Religion: Skagosi Old Gods, Population: 50000, Control: 90, Own Province: False",0.07,0.12,0.18,0.24
"New Religion: R'hllor, Current Religion: Skagosi Old Gods, Population: 50000, Control: 95, Own Province: True",0.03,0.05,0.07,0.1
"New Religion: R'hllor, Current Religion: Skagosi Old Gods, Population: 50000, Control: 95, Own Province: False",0.08,0.14,0.22,0.29
"New Religion: R'hllor, Current Religion: Skagosi Old Gods, Population: 50000, Control: 100, Own Province: True",0.01,0.03,0.04,0.06
"New Religion: R'hllor, Current Religion: Skagosi Old Gods, Population: 50000, Control: 100, Own Province: False",0.07,0.15,0.22,0.3
"New Religion: R'hllor, Current Religion: Skagosi Old Gods, Population: 100000, Control: 85, Own Province: True",0.07,0.12,0.18,0.24
"New Religion: R'hllor, Current Religion: Skagosi Old Gods, Population: 100000, Control: 85, Own Province: False",0.06,0.12,0.18,0.24
"New Religion: R'hllor, Current Religion: Skagosi Old Gods, Population: 100000, Control: 90, Own Province: True",0.05,0.1,0.15,0.19
"New Religion: R'hllor, Current Religion: Skagosi Old Gods, Population: 100000, Control: 90, Own Province: False",0.07,0.14,0.22,0.31
"New Religion: R'hllor, Current Religion: Skagosi Old Gods, Population: 100000, Control: 95, Own Province: True",0.03,0.07,0.1,0.15
"New Religion: R'hllor, Current Religion: Skagosi Old Gods, Population: 100000, Control: 95, Own Province: False",0.07,0.14,0.22,0.3
"New Religion: R'hllor, Current Religion: Skagosi Old Gods, Population: 100000, Control: 100, Own Province: True",0.02,0.05,0.07,0.09
"New Religion: R'hllor, Current Religion: Skagosi Old Gods, Population: 100000, Control: 100, Own Province: False",0.08,0.15,0.22,0.3
"New Religion: R'hllor, Current Religion: Skagosi Old Gods, Population: 150000, Control: 85, Own Province: True",0.08,0.15,0.23,0.29
"New Religion: R'hllor, Current Religion: Skagosi Old Gods, Population: 150000, Control: 85, Own Province: False",0.07,0.15,0.22,0.3
"New Religion: R'hllor, Current Religion: Skagosi Old Gods, Population: 150000, Control: 90, Own Province: True",0.07,0.12,0.18,0.25
"New Religion: R'hllor, Current Religion: Skagosi Old Gods, Population: 150000, Control: 90, Own Province: False",0.07,0.15,0.22,0.3
"New Religion: R'hllor, Current Religion: Skagosi Old Gods, Population: 150000, Control: 95, Own Province: True",0.05,0.09,0.14,0.19
"New Religion: R'hllor, Current Religion: Skagosi Old Gods, Population: 150000, Control: 95, Own Province: False",0.07,0.15,0.23,0.29
"New Religion: R'hllor, Current Religion: Skagosi Old Gods, Population: 150000, Control: 100, Own Province: True",0.04,0.07,0.11,0.14
"New Religion: R'hllor, Current Religion: Skagosi Old Gods, Population: 150000, Control: 100, Own Province: False",0.08,0.15,0.22,0.29
"New Religion: R'hllor, Current Religion: Skagosi Old Gods, Population: 200000, Control: 85, Own Province: True",0.08,0.15,0.22,0.29
"New Religion: R'hllor, Current Religion: Skagosi Old Gods, Population: 200000, Control: 85, Own Province: False",0.08,0.15,0.23,0.29
"New Religion: R'hllor, Current Religion: Skagosi Old Gods, Population: 200000, Control: 90, Own Province: True",0.07,0.15,0.23,0.29
"New Religion: R'hllor, Current Religion: Skagosi Old Gods, Population: 200000, Control: 90, Own Province: False",0.07,0.14,0.22,0.29
"New Religion: R'hllor, Current Religion: Skagosi Old Gods, Population: 200000, Control: 95, Own Province: True",0.07,0.13,0.19,0.24
"New Religion: R'hllor, Current Religion: Skagosi Old Gods, Population: 200000, Control: 95, Own Province: False",0.07,0.15,0.23,0.29
"New Religion: R'hllor, Current Religion: Skagosi Old Gods, Population: 200000, Control: 100, Own Province: True",0.05,0.1,0.15,0.2
"New Religion: R'hllor, Current Religion: Skagosi Old Gods, Population: 200000, Control: 100, Own Province: False",0.08,0.15,0.22,0.3
"New Religion: R'hllor, Current Religion: Skagosi Old Gods, Population: 250000, Control: 85, Own Province: True",0.07,0.15,0.22,0.31
"New Religion: R'hllor, Current Religion: Skagosi Old Gods, Population: 250000, Control: 85, Own Province: False",0.07,0.15,0.22,0.29
"New Religion: R'hllor, Current Religion: Skagosi Old Gods, Population: 250000, Control: 90, Own Province: True",0.07,0.15,0.22,0.3
"New Religion: R'hllor, Current Religion: Skagosi Old Gods, Population: 250000, Control: 90, Own Province: False",0.07,0.15,0.22,0.31
"New Religion: R'hllor, Current Religion: Skagosi Old Gods, Population: 250000, Control: 95, Own Province: True",0.07,0.14,0.22,0.3
"New Religion: R'hllor, Current Religion: Skagosi Old Gods, Population: 250000, Control: 95, Own Province: False",0.07,0.15,0.22,0.3
"New Religion: R'hllor, Current Religion: Skagosi Old Gods, Population: 250000, Control: 100, Own Province: True",0.06,0.12,0.18,0.24
"New Religion: R'hllor, Current Religion: Skagosi Old Gods, Population: 250000, Control: 100, Own Province: False",0.07,0.15,0.23,0.3
"New Religion: R'hllor, Current Religion: Skagosi Old Gods, Population: 300000, Control: 85, Own Province: True",0.07,0.15,0.22,0.3
"New Religion: R'hllor, Current Religion: Skagosi Old Gods, Population: 300000, Control: 85, Own Province: False",0.07,0.15,0.23,0.29
"New Religion: R'hllor, Current Religion: Skagosi Old Gods, Population: 300000, Control: 90, Own Province: True",0.07,0.14,0.23,0.3
"New Religion: R'hllor, Current Religion: Skagosi Old Gods, Population: 300000, Control: 90, Own Province: False",0.07,0.15,0.23,0.3
"New Religion: R'hllor, Current Religion: Skagosi Old Gods, Population: 300000, Control: 95, Own Province: True",0.08,0.15,0.22,0.3
"New Religion: R'hllor, Current Religion: Skagosi Old Gods, Population: 300000, Control: 95, Own Province: False",0.07,0.15,0.22,0.29
"New Religion: R'hllor, Current Religion: Skagosi Old Gods, Population: 300000, Control: 100, Own Province: True",0.08,0.15,0.22,0.3
"New Religion: R'hllor, Current Religion: Skagosi Old Gods, Population: 300000, Control: 100, Own Province: False",0.07,0.15,0.23,0.3
"New Religion: R'hllor, Current Religion: DrownedGod, Population: 1000, Control: 85, Own Province: True",0.05,0.1,0.15,0.19
"New Religion: R'hllor, Current Religion: DrownedGod, Population: 1000, Control: 85, Own Province: False",0.05,0.1,0.14,0.18
"New Religion: R'hllor, Current Religion: DrownedGod, Population: 1000, Control: 90, Own Province: True",0.04,0.07,0.1,0.14
"New Religion: R'hllor, Current Religion: DrownedGod, Population: 1000, Control: 90, Own Province: False",0.06,0.12,0.18,0.25
"New Religion: R'hllor, Current Religion: DrownedGod, Population: 1000, Control: 95, Own Province: True",0.02,0.04,0.07,0.1
"New Religion: R'hllor, Current Religion: DrownedGod, Population: 1000, Control: 95, Own Province: False",0.07,0.15,0.23,0.29
"New Religion: R'hllor, Current Religion: DrownedGod, Population: 1000, Control: 100, Own Province: True",0.02,0.03,0.04,0.05
"New Religion: R'hllor, Current Religion: DrownedGod, Population: 1000, Control: 100, Own Province: False",0.07,0.14,0.22,0.3
"New Religion: R'hllor, Current Religion: DrownedGod, Population: 50000, Control: 85, Own Province: True",0.06,0.13,0.18,0.25
"New Religion: R'hllor, Current Religion: DrownedGod, Population: 50000, Control: 85, Own Province: False",0.06,0.13,0.18,0.25
"New Religion: R'hllor, Current Religion: DrownedGod, Population: 50000, Control: 90, Own Province: True",0.05,0.1,0.16,0.19
"New Religion: R'hllor, Current Religion: DrownedGod, Population: 50000, Control: 90, Own Province: False",0.08,0.15,0.22,0.3
"New Religion: R'hllor, Current Religion: DrownedGod, Population: 50000, Control: 95, Own Province: True",0.03,0.07,0.1,0.14
"New Religion: R'hllor, Current Religion: DrownedGod, Population: 50000, Control: 95, Own Province: False",0.08,0.15,0.22,0.3
"New Religion: R'hllor, Current Religion: DrownedGod, Population: 50000, Control: 100, Own Province: True",0.03,0.05,0.07,0.09
"New Religion: R'hllor, Current Religion: DrownedGod, Population: 50000, Control: 100, Own Province: False",0.08,0.14,0.22,0.3
"New Religion: R'hllor, Current Religion: DrownedGod, Population: 100000, Control: 85, Own Province: True",0.07,0.15,0.21,0.3
"New Religion: R'hllor, Current Religion: DrownedGod, Population: 100000, Control: 85, Own Province: False",0.07,0.15,0.22,0.3
"New Religion: R'hllor, Current Religion: DrownedGod, Population: 100000, Control: 90, Own Province: True",0.06,0.13,0.18,0.25
"New Religion: R'hllor, Current Religion: DrownedGod, Population: 100000, Control: 90, Own Province: False",0.08,0.15,0.22,0.3
"New Religion: R'hllor, Current Religion: DrownedGod, Population: 100000, Control: 95, Own Province: True",0.05,0.09,0.14,0.19
"New Religion: R'hllor, Current Religion: DrownedGod, Population: 100000, Control: 95, Own Province: False",0.07,0.15,0.22,0.3
"New Religion: R'hllor, Current Religion: DrownedGod, Population: 100000, Control: 100, Own Province: True",0.04,0.07,0.11,0.14
"New Religion: R'hllor, Current Religion: DrownedGod, Population: 100000, Control: 100, Own Province: False",0.07,0.15,0.23,0.3
"New Religion: R'hllor, Current Religion: DrownedGod, Population: 150000, Control: 85, Own Province: True",0.08,0.15,0.22,0.3
"New Religion: R'hllor, Current Religion: DrownedGod, Population: 150000, Control: 85, Own Province: False",0.07,0.15,0.23,0.3
"New Religion: R'hllor, Current Religion: DrownedGod, Population: 150000, Control: 90, Own Province: True",0.08,0.15,0.23,0.29
"New Religion: R'hllor, Current Religion: DrownedGod, Population: 150000, Control: 90, Own Province: False",0.07,0.14,0.22,0.29
"New Religion: R'hllor, Current Religion: DrownedGod, Population: 150000, Control: 95, Own Province: True",0.06,0.12,0.19,0.24
"New Religion: R'hllor, Current Religion: DrownedGod, Population: 150000, Control: 95, Own Province: False",0.08,0.15,0.22,0.3
"New Religion: R'hllor, Current Religion: DrownedGod, Population: 150000, Control: 100, Own Province: True",0.05,0.1,0.15,0.19
"New Religion: R'hllor, Current Religion: DrownedGod, Population: 150000, Control: 100, Own Province: False",0.07,0.15,0.22,0.3
"New Religion: R'hllor, Current Religion: DrownedGod, Population: 200000, Control: 85, Own Province: True",0.08,0.15,0.22,0.29
"New Religion: R'hllor, Current Religion: DrownedGod, Population: 200000, Control: 85, Own Province: False",0.07,0.15,0.21,0.3
"New Religion: R'hllor, Current Religion: DrownedGod, Population: 200000, Control: 90, Own Province: True",0.07,0.15,0.22,0.3
"New Religion: R'hllor, Current Religion: DrownedGod, Population: 200000, Control: 90, Own Province: False",0.07,0.15,0.23,0.29
"New Religion: R'hllor, Current Religion: DrownedGod, Population: 200000, Control: 95, Own Province: True",0.07,0.15,0.23,0.29
"New Religion: R'hllor, Current Religion: DrownedGod, Population: 200000, Control: 95, Own Province: False",0.08,0.15,0.22,0.3
"New Religion: R'hllor, Current Religion: DrownedGod, Population: 200000, Control: 100, Own Province: True",0.06,0.12,0.19,0.25
"New Religion: R'hllor, Current Religion: DrownedGod, Population: 200000, Control: 100, Own Province: False",0.08,0.15,0.22,0.29
"New Religion: R'hllor, Current Religion: DrownedGod, Population: 250000, Control: 85, Own Province: True",0.08,0.14,0.23,0.29
"New Religion: R'hllor, Current Religion: DrownedGod, Population: 250000, Control: 85, Own Province: False",0.07,0.15,0.22,0.3
"New Religion: R'hllor, Current Religion: DrownedGod, Population: 250000, Control: 90, Own Province: True",0.07,0.15,0.22,0.29
"New Religion: R'hllor, Current Religion: DrownedGod, Population: 250000, Control: 90, Own Province: False",0.08,0.14,0.22,0.29
"New Religion: R'hllor, Current Religion: DrownedGod, Population: 250000, Control: 95, Own Province: True",0.08,0.15,0.22,0.3
"New Religion: R'hllor, Current Religion: DrownedGod, Population: 250000, Control: 95, Own Province: False",0.07,0.15,0.23,0.29
"New Religion: R'hllor, Current Religion: DrownedGod, Population: 250000, Control: 100, Own Province: True",0.08,0.15,0.22,0.3
"New Religion: R'hllor, Current Religion: DrownedGod, Population: 250000, Control: 100, Own Province: False",0.07,0.15,0.23,0.3
"New Religion: R'hllor, Current Religion: DrownedGod, Population: 300000, Control: 85, Own Province: True",0.07,0.15,0.22,0.3
"New Religion: R'hllor, Current Religion: DrownedGod, Population: 300000, Control: 85, Own Province: False",0.07,0.14,0.22,0.29
"New Religion: R'hllor, Current Religion: DrownedGod, Population: 300000, Control: 90, Own Province: True",0.08,0.14,0.22,0.3
"New Religion: R'hllor, Current Religion: DrownedGod, Population: 300000, Control: 90, Own Province: False",0.08,0.14,0.23,0.3
"New Religion: R'hllor, Current Religion: DrownedGod, Population: 300000, Control: 95, Own Province: True",0.08,0.16,0.22,0.29
"New Religion: R'hllor, Current Religion: DrownedGod, Population: 300000, Control: 95, Own Province: False",0.08,0.14,0.22,0.3
"New Religion: R'hllor, Current Religion: DrownedGod, Population: 300000, Control: 100, Own Province: True",0.07,0.15,0.23,0.3
"New Religion: R'hllor, Current Religion: DrownedGod, Population: 300000, Control: 100, Own Province: False",0.07,0.15,0.23,0.29
"New Religion: R'hllor, Current Religion: DrownedGodII, Population: 1000, Control: 85, Own Province: True",0.04,0.07,0.11,0.13
"New Religion: R'hllor, Current Religion: DrownedGodII, Population: 1000, Control: 85, Own Province: False",0.03,0.07,0.1,0.14
"New Religion: R'hllor, Current Religion: DrownedGodII, Population: 1000, Control: 90, Own Province: True",0.02,0.05,0.07,0.09
"New Religion: R'hllor, Current Religion: DrownedGodII, Population: 1000, Control: 90, Own Province: False",0.04,0.1,0.14,0.2
"New Religion: R'hllor, Current Religion: DrownedGodII, Population: 1000, Control: 95, Own Province: True",0.01,0.03,0.05,0.05
"New Religion: R'hllor, Current Religion: DrownedGodII, Population: 1000, Control: 95, Own Province: False",0.06,0.12,0.18,0.25
"New Religion: R'hllor, Current Religion: DrownedGodII, Population: 1000, Control: 100, Own Province: True",0.01,0.01,0.02,0.02
"New Religion: R'hllor, Current Religion: DrownedGodII, Population: 1000, Control: 100, Own Province: False",0.08,0.15,0.22,0.29
"New Religion: R'hllor, Current Religion: DrownedGodII, Population: 50000, Control: 85, Own Province: True",0.05,0.1,0.15,0.19
"New Religion: R'hllor, Current Religion: DrownedGodII, Population: 50000, Control: 85, Own Province: False",0.05,0.09,0.14,0.2
"New Religion: R'hllor, Current Religion: DrownedGodII, Population: 50000, Control: 90, Own Province: True",0.03,0.07,0.1,0.14
"New Religion: R'hllor, Current Religion: DrownedGodII, Population: 50000, Control: 90, Own Province: False",0.06,0.12,0.18,0.24
"New Religion: R'hllor, Current Religion: DrownedGodII, Population: 50000, Control: 95, Own Province: True",0.03,0.05,0.07,0.1
"New Religion: R'hllor, Current Religion: DrownedGodII, Population: 50000, Control: 95, Own Province: False",0.07,0.15,0.22,0.3
"New Religion: R'hllor, Current Religion: DrownedGodII, Population: 50000, Control: 100, Own Province: True",0.02,0.03,0.04,0.05
"New Religion: R'hllor, Current Religion: DrownedGodII, Population: 50000, Control: 100, Own Province: False",0.08,0.15,0.22,0.29
"New Religion: R'hllor, Current Religion: DrownedGodII, Population: 100000, Control: 85, Own Province: True",0.06,0.13,0.19,0.24
"New Religion: R'hllor, Current Religion: DrownedGodII, Population: 100000, Control: 85, Own Province: False",0.06,0.12,0.18,0.25
"New Religion: R'hllor, Current Religion: DrownedGodII, Population: 100000, Control: 90, Own Province: True",0.05,0.1,0.14,0.19
"New Religion: R'hllor, Current Religion: DrownedGodII, Population: 100000, Control: 90, Own Province: False",0.07,0.15,0.22,0.3
"New Religion: R'hllor, Current Religion: DrownedGodII, Population: 100000, Control: 95, Own Province: True",0.03,0.07,0.11,0.14
"New Religion: R'hllor, Current Religion: DrownedGodII, Population: 100000, Control: 95, Own Province: False",0.07,0.15,0.22,0.3
"New Religion: R'hllor, Current Religion: DrownedGodII, Population: 100000, Control: 100, Own Province: True",0.02,0.05,0.07,0.09
"New Religion: R'hllor, Current Religion: DrownedGodII, Population: 100000, Control: 100, Own Province: False",0.08,0.15,0.22,0.29
"New Religion: R'hllor, Current Religion: DrownedGodII, Population: 150000, Control: 85, Own Province: True",0.08,0.15,0.22,0.3
"New Religion: R'hllor, Current Religion: DrownedGodII, Population: 150000, Control: 85, Own Province: False",0.07,0.15,0.23,0.29
"New Religion: R'hllor, Current Religion: DrownedGodII, Population: 150000, Control: 90, Own Province: True",0.06,0.12,0.19,0.25
"New Religion: R'hllor, Current Religion: DrownedGodII, Population: 150000, Control: 90, Own Province: False",0.08,0.15,0.22,0.3
"New Religion: R'hllor, Current Religion: DrownedGodII, Population: 150000, Control: 95, Own Province: True",0.05,0.1,0.15,0.19
"New Religion: R'hllor, Current Religion: DrownedGodII, Population: 150000, Control: 95, Own Province: False",0.08,0.15,0.23,0.29
"New Religion: R'hllor, Current Religion: DrownedGodII, Population: 150000, Control: 100, Own Province: True",0.04,0.07,0.11,0.14
"New Religion: R'hllor, Current Religion: DrownedGodII, Population: 150000, Control: 100, Own Province: False",0.08,0.15,0.22,0.3
"New Religion: R'hllor, Current Religion: DrownedGodII, Population: 200000, Control: 85, Own Province: True",0.07,0.15,0.22,0.31
"New Religion: R'hllor, Current Religion: DrownedGodII, Population: 200000, Control: 85, Own Province: False",0.08,0.15,0.22,0.3
"New Religion: R'hllor, Current Religion: DrownedGodII, Population: 200000, Control: 90, Own Province: True",0.07,0.14,0.23,0.3
"New Religion: R'hllor, Current Religion: DrownedGodII, Population: 200000, Control: 90, Own Province: False",0.08,0.14,0.22,0.3
"New Religion: R'hllor, Current Religion: DrownedGodII, Population: 200000, Control: 95, Own Province: True",0.06,0.12,0.18,0.26
"New Religion: R'hllor, Current Religion: DrownedGodII, Population: 200000, Control: 95, Own Province: False",0.08,0.14,0.22,0.3
"New Religion: R'hllor, Current Religion: DrownedGodII, Population: 200000, Control: 100, Own Province: True",0.05,0.09,0.14,0.2
"New Religion: R'hllor, Current Religion: DrownedGodII, Population: 200000, Control: 100, Own Province: False",0.07,0.15,0.22,0.29
"New Religion: R'hllor, Current Religion: DrownedGodII, Population: 250000, Control: 85, Own Province: True",0.08,0.15,0.22,0.29
"New Religion: R'hllor, Current Religion: DrownedGodII, Population: 250000, Control: 85, Own Province: False",0.07,0.15,0.22,0.3
"New Religion: R'hllor, Current Religion: DrownedGodII, Population: 250000, Control: 90, Own Province: True",0.07,0.14,0.22,0.3
"New Religion: R'hllor, Current Religion: DrownedGodII, Population: 250000, Control: 90, Own Province: False",0.07,0.15,0.22,0.3
"New Religion: R'hllor, Current Religion: DrownedGodII, Population: 250000, Control: 95, Own Province: True",0.07,0.15,0.22,0.29
"New Religion: R'hllor, Current Religion: DrownedGodII, Population: 250000, Control: 95, Own Province: False",0.07,0.15,0.23,0.29
"New Religion: R'hllor, Current Religion: DrownedGodII, Population: 250000, Control: 100, Own Province: True",0.06,0.12,0.19,0.25
"New Religion: R'hllor, Current Religion: DrownedGodII, Population: 250000, Control: 100, Own Province: False",0.07,0.15,0.22,0.3
"New Religion: R'hllor, Current Religion: DrownedGodII, Population: 300000, Control: 85, Own Province: True",0.08,0.15,0.22,0.29
"New Religion: R'hllor, Current Religion: DrownedGodII, Population: 300000, Control: 85, Own Province: False",0.07,0.15,0.23,0.3
"New Religion: R'hllor, Current Religion: DrownedGodII, Population: 300000, Control: 90, Own Province: True",0.07,0.15,0.23,0.29
"New Religion: R'hllor, Current Religion: DrownedGodII, Population: 300000, Control: 90, Own Province: False",0.07,0.15,0.22,0.3
"New Religion: R'hllor, Current Religion: DrownedGodII, Population: 300000, Control: 95, Own Province: True",0.07,0.14,0.23,0.3
"New Religion: R'hllor, Current Religion: DrownedGodII, Population: 300000, Control: 95, Own Province: False",0.07,0.15,0.22,0.3
"New Religion: R'hllor, Current Religion: DrownedGodII, Population: 300000, Control: 100, Own Province: True",0.07,0.15,0.22,0.29
"New Religion: R'hllor, Current Religion: DrownedGodII, Population: 300000, Control: 100, Own Province: False",0.07,0.15,0.22,0.3
"New Religion: R'hllor, Current Religion: Mother Rhoyne, Population: 1000, Control: 85, Own Province: True",0.03,0.07,0.11,0.14
"New Religion: R'hllor, Current Religion: Mother Rhoyne, Population: 1000, Control: 85, Own Province: False",0.03,0.07,0.11,0.14
"New Religion: R'hllor, Current Religion: Mother Rhoyne, Population: 1000, Control: 90, Own Province: True",0.03,0.04,0.07,0.1
"New Religion: R'hllor, Current Religion: Mother Rhoyne, Population: 1000, Control: 90, Own Province: False",0.05,0.1,0.15,0.19
"New Religion: R'hllor, Current Religion: Mother Rhoyne, Population: 1000, Control: 95, Own Province: True",0.01,0.03,0.04,0.05
"New Religion: R'hllor, Current Religion: Mother Rhoyne, Population: 1000, Control: 95, Own Province: False",0.06,0.12,0.19,0.24
"New Religion: R'hllor, Current Religion: Mother Rhoyne, Population: 1000, Control: 100, Own Province: True",0.01,0.01,0.02,0.02
"New Religion: R'hllor, Current Religion: Mother Rhoyne, Population: 1000, Control: 100, Own Province: False",0.07,0.15,0.22,0.29
"New Religion: R'hllor, Current Religion: Mother Rhoyne, Population: 50000, Control: 85, Own Province: True",0.05,0.09,0.15,0.19
"New Religion: R'hllor, Current Religion: Mother Rhoyne, Population: 50000, Control: 85, Own Province: False",0.05,0.09,0.14,0.19
"New Religion: R'hllor, Current Religion: Mother Rhoyne, Population: 50000, Control: 90, Own Province: True",0.03,0.07,0.11,0.14
"New Religion: R'hllor, Current Religion: Mother Rhoyne, Population: 50000, Control: 90, Own Province: False",0.06,0.13,0.19,0.25
"New Religion: R'hllor, Current Religion: Mother Rhoyne, Population: 50000, Control: 95, Own Province: True",0.02,0.05,0.07,0.1
"New Religion: R'hllor, Current Religion: Mother Rhoyne, Population: 50000, Control: 95, Own Province: False",0.08,0.14,0.23,0.29
"New Religion: R'hllor, Current Religion: Mother Rhoyne, Population: 50000, Control: 100, Own Province: True",0.01,0.03,0.04,0.05
"New Religion: R'hllor, Current Religion: Mother Rhoyne, Population: 50000, Control: 100, Own Province: False",0.07,0.15,0.23,0.3
"New Religion: R'hllor, Current Religion: Mother Rhoyne, Population: 100000, Control: 85, Own Province: True",0.06,0.13,0.19,0.24
"New Religion: R'hllor, Current Religion: Mother Rhoyne, Population: 100000, Control: 85, Own Province: False",0.06,0.12,0.19,0.24
"New Religion: R'hllor, Current Religion: Mother Rhoyne, Population: 100000, Control: 90, Own Province: True",0.05,0.09,0.14,0.19
"New Religion: R'hllor, Current Religion: Mother Rhoyne, Population: 100000, Control: 90, Own Province: False",0.07,0.15,0.22,0.3
"New Religion: R'hllor, Current Religion: Mother Rhoyne, Population: 100000, Control: 95, Own Province: True",0.03,0.08,0.11,0.14
"New Religion: R'hllor, Current Religion: Mother Rhoyne, Population: 100000, Control: 95, Own Province: False",0.07,0.15,0.21,0.3
"New Religion: R'hllor, Current Religion: Mother Rhoyne, Population: 100000, Control: 100, Own Province: True",0.02,0.05,0.08,0.1
"New Religion: R'hllor, Current Religion: Mother Rhoyne, Population: 100000, Control: 100, Own Province: False",0.07,0.15,0.22,0.29
"New Religion: R'hllor, Current Religion: Mother Rhoyne, Population: 150000, Control: 85, Own Province: True",0.07,0.15,0.22,0.3
"New Religion: R'hllor, Current Religion: Mother Rhoyne, Population: 150000, Control: 85, Own Province: False",0.08,0.15,0.22,0.29
"New Religion: R'hllor, Current Religion: Mother Rhoyne, Population: 150000, Control: 90, Own Province: True",0.06,0.12,0.18,0.25
"New Religion: R'hllor, Current Religion: Mother Rhoyne, Population: 150000, Control: 90, Own Province: False",0.08,0.15,0.22,0.29
"New Religion: R'hllor, Current Religion: Mother Rhoyne, Population: 150000, Control: 95, Own Province: True",0.05,0.11,0.14,0.19
"New Religion: R'hllor, Current Religion: Mother Rhoyne, Population: 150000, Control: 95, Own Province: False",0.07,0.15,0.22,0.3
"New Religion: R'hllor, Current Religion: Mother Rhoyne, Population: 150000, Control: 100, Own Province: True",0.03,0.07,0.11,0.14
"New Religion: R'hllor, Current Religion: Mother Rhoyne, Population: 150000, Control: 100, Own Province: False",0.08,0.15,0.22,0.3
"New Religion: R'hllor, Current Religion: Mother Rhoyne, Population: 200000, Control: 85, Own Province: True",0.07,0.15,0.22,0.29
"New Religion: R'hllor, Current Religion: Mother Rhoyne, Population: 200000, Control: 85, Own Province: False",0.07,0.15,0.22,0.3
"New Religion: R'hllor, Current Religion: Mother Rhoyne, Population: 200000, Control: 90, Own Province: True",0.07,0.15,0.22,0.3
"New Religion: R'hllor, Current Religion: Mother Rhoyne, Population: 200000, Control: 90, Own Province: False",0.07,0.15,0.22,0.29
"New Religion: R'hllor, Current Religion: Mother Rhoyne, Population: 200000, Control: 95, Own Province: True",0.06,0.12,0.18,0.24
"New Religion: R'hllor, Current Religion: Mother Rhoyne, Population: 200000, Control: 95, Own Province: False",0.08,0.15,0.22,0.3
"New Religion: R'hllor, Current Religion: Mother Rhoyne, Population: 200000, Control: 100, Own Province: True",0.05,0.1,0.14,0.18
"New Religion: R'hllor, Current Religion: Mother Rhoyne, Population: 200000, Control: 100, Own Province: False",0.08,0.15,0.22,0.3
"New Religion: R'hllor, Current Religion: Mother Rhoyne, Population: 250000, Control: 85, Own Province: True",0.08,0.15,0.22,0.29
"New Religion: R'hllor, Current Religion: Mother Rhoyne, Population: 250000, Control: 85, Own Province: False",0.08,0.14,0.23,0.3
"New Religion: R'hllor, Current Religion: Mother Rhoyne, Population: 250000, Control: 90, Own Province: True",0.08,0.15,0.22,0.3
"New Religion: R'hllor, Current Religion: Mother Rhoyne, Population: 250000, Control: 90, Own Province: False",0.07,0.15,0.22,0.29
"New Religion: R'hllor, Current Religion: Mother Rhoyne, Population: 250000, Control: 95, Own Province: True",0.07,0.15,0.22,0.3
"New Religion: R'hllor, Current Religion: Mother Rhoyne, Population: 250000, Control: 95, Own Province: False",0.07,0.15,0.23,0.3
"New Religion: R'hllor, Current Religion: Mother Rhoyne, Population: 250000, Control: 100, Own Province: True",0.06,0.13,0.18,0.25
"New Religion: R'hllor, Current Religion: Mother Rhoyne, Population: 250000, Control: 100, Own Province: False",0.07,0.15,0.22,0.3
"New Religion: R'hllor, Current Religion: Mother Rhoyne, Population: 300000, Control: 85, Own Province: True",0.08,0.15,0.22,0.29
"New Religion: R'hllor, Current Religion: Mother Rhoyne, Population: 300000, Control: 85, Own Province: False",0.08,0.15,0.22,0.29
"New Religion: R'hllor, Current Religion: Mother Rhoyne, Population: 300000, Control: 90, Own Province: True",0.08,0.15,0.23,0.29
"New Religion: R'hllor, Current Religion: Mother Rhoyne, Population: 300000, Control: 90, Own Province: False",0.07,0.15,0.22,0.3
"New Religion: R'hllor, Current Religion: Mother Rhoyne, Population: 300000, Control: 95, Own Province: True",0.07,0.15,0.22,0.3
"New Religion: R'hllor, Current Religion: Mother Rhoyne, Population: 300000, Control: 95, Own Province: False",0.08,0.15,0.22,0.3
"New Religion: R'hllor, Current Religion: Mother Rhoyne, Population: 300000, Control: 100, Own Province: True",0.08,0.14,0.22,0.3
"New Religion: R'hllor, Current Religion: Mother Rhoyne, Population: 300000, Control: 100, Own Province: False",0.07,0.15,0.21,0.3
"New Religion: R'hllor, Current Religion: Gods of Valyria, Population: 1000, Control: 85, Own Province: True",0.03,0.07,0.1,0.14
"New Religion: R'hllor, Current Religion: Gods of Valyria, Population: 1000, Control: 85, Own Province: False",0.04,0.07,0.1,0.14
"New Religion: R'hllor, Current Religion: Gods of Valyria, Population: 1000, Control: 90, Own Province: True",0.03,0.05,0.07,0.1
"New Religion: R'hllor, Current Religion: Gods of Valyria, Population: 1000, Control: 90, Own Province: False",0.05,0.1,0.14,0.19
"New Religion: R'hllor, Current Religion: Gods of Valyria, Population: 1000, Control: 95, Own Province: True",0.01,0.03,0.04,0.05
"New Religion: R'hllor, Current Religion: Gods of Valyria, Population: 1000, Control: 95, Own Province: False",0.06,0.13,0.19,0.24
"New Religion: R'hllor, Current Religion: Gods of Valyria, Population: 1000, Control: 100, Own Province: True",0.01,0.01,0.02,0.02
"New Religion: R'hllor, Current Religion: Gods of Valyria, Population: 1000, Control: 100, Own Province: False",0.07,0.15,0.22,0.29
"New Religion: R'hllor, Current Religion: Gods of Valyria, Population: 50000, Control: 85, Own Province: True",0.05,0.09,0.15,0.19
"New Religion: R'hllor, Current Religion: Gods of Valyria, Population: 50000, Control: 85, Own Province: False",0.05,0.09,0.15,0.19
"New Religion: R'hllor, Current Religion: Gods of Valyria, Population: 50000, Control: 90, Own Province: True",0.03,0.07,0.11,0.14
"New Religion: R'hllor, Current Religion: Gods of Valyria, Population: 50000, Control: 90, Own Province: False",0.06,0.12,0.19,0.24
"New Religion: R'hllor, Current Religion: Gods of Valyria, Population: 50000, Control: 95, Own Province: True",0.02,0.05,0.07,0.1
"New Religion: R'hllor, Current Religion: Gods of Valyria, Population: 50000, Control: 95, Own Province: False",0.08,0.14,0.22,0.3
"New Religion: R'hllor, Current Religion: Gods of Valyria, Population: 50000, Control: 100, Own Province: True",0.02,0.03,0.04,0.06
"New Religion: R'hllor, Current Religion: Gods of Valyria, Population: 50000, Control: 100, Own Province: False",0.08,0.15,0.22,0.3
"New Religion: R'hllor, Current Religion: Gods of Valyria, Population: 100000, Control: 85, Own Province: True",0.06,0.12,0.18,0.25
"New Religion: R'hllor, Current Religion: Gods of Valyria, Population: 100000, Control: 85, Own Province: False",0.07,0.11,0.18,0.25
"New Religion: R'hllor, Current Religion: Gods of Valyria, Population: 100000, Control: 90, Own Province: True",0.05,0.1,0.15,0.18
"New Religion: R'hllor, Current Religion: Gods of Valyria, Population: 100000, Control: 90, Own Province: False",0.08,0.15,0.21,0.29
"New Religion: R'hllor, Current Religion: Gods of Valyria, Population: 100000, Control: 95, Own Province: True",0.03,0.07,0.11,0.14
"New Religion: R'hllor, Current Religion: Gods of Valyria, Population: 100000, Control: 95, Own Province: False",0.08,0.15,0.22,0.3
"New Religion: R'hllor, Current Religion: Gods of Valyria, Population: 100000, Control: 100, Own Province: True",0.02,0.05,0.07,0.09
"New Religion: R'hllor, Current Religion: Gods of Valyria, Population: 100000, Control: 100, Own Province: False",0.07,0.15,0.23,0.3
"New Religion: R'hllor, Current Religion: Gods of Valyria, Population: 150000, Control: 85, Own Province: True",0.07,0.15,0.23,0.29
"New Religion: R'hllor, Current Religion: Gods of Valyria, Population: 150000, Control: 85, Own Province: False",0.07,0.15,0.22,0.29
"New Religion: R'hllor, Current Religion: Gods of Valyria, Population: 150000, Control: 90, Own Province: True",0.06,0.12,0.18,0.25
"New Religion: R'hllor, Current Religion: Gods of Valyria, Population: 150000, Control: 90, Own Province: False",0.08,0.15,0.22,0.29
"New Religion: R'hllor, Current Religion: Gods of Valyria, Population: 150000, Control: 95, Own Province: True",0.05,0.09,0.15,0.19
"New Religion: R'hllor, Current Religion: Gods of Valyria, Population: 150000, Control: 95, Own Province: False",0.07,0.15,0.23,0.3
"New Religion: R'hllor, Current Religion: Gods of Valyria, Population: 150000, Control: 100, Own Province: True",0.04,0.07,0.1,0.14
"New Religion: R'hllor, Current Religion: Gods of Valyria, Population: 150000, Control: 100, Own Province: False",0.07,0.15,0.22,0.29
"New Religion: R'hllor, Current Religion: Gods of Valyria, Population: 200000, Control: 85, Own Province: True",0.07,0.15,0.23,0.29
"New Religion: R'hllor, Current Religion: Gods of Valyria, Population: 200000, Control: 85, Own Province: False",0.08,0.14,0.23,0.29
"New Religion: R'hllor, Current Religion: Gods of Valyria, Population: 200000, Control: 90, Own Province: True",0.08,0.15,0.22,0.3
"New Religion: R'hllor, Current Religion: Gods of Valyria, Population: 200000, Control: 90, Own Province: False",0.08,0.14,0.22,0.3
"New Religion: R'hllor, Current Religion: Gods of Valyria, Population: 200000, Control: 95, Own Province: True",0.07,0.12,0.18,0.24
"New Religion: R'hllor, Current Religion: Gods of Valyria, Population: 200000, Control: 95, Own Province: False",0.07,0.15,0.22,0.29
"New Religion: R'hllor, Current Religion: Gods of Valyria, Population: 200000, Control: 100, Own Province: True",0.05,0.09,0.15,0.19
"New Religion: R'hllor, Current Religion: Gods of Valyria, Population: 200000, Control: 100, Own Province: False",0.07,0.15,0.22,0.3
"New Religion: R'hllor, Current Religion: Gods of Valyria, Population: 250000, Control: 85, Own Province: True",0.07,0.14,0.23,0.3
"New Religion: R'hllor, Current Religion: Gods of Valyria, Population: 250000, Control: 85, Own Province: False",0.07,0.15,0.23,0.29
"New Religion: R'hllor, Current Religion: Gods of Valyria, Population: 250000, Control: 90, Own Province: True",0.07,0.14,0.22,0.3
"New Religion: R'hllor, Current Religion: Gods of Valyria, Population: 250000, Control: 90, Own Province: False",0.07,0.15,0.23,0.3
"New Religion: R'hllor, Current Religion: Gods of Valyria, Population: 250000, Control: 95, Own Province: True",0.07,0.15,0.22,0.29
"New Religion: R'hllor, Current Religion: Gods of Valyria, Population: 250000, Control: 95, Own Province: False",0.08,0.15,0.22,0.29
"New Religion: R'hllor, Current Religion: Gods of Valyria, Population: 250000, Control: 100, Own Province: True",0.06,0.12,0.19,0.25
"New Religion: R'hllor, Current Religion: Gods of Valyria, Population: 250000, Control: 100, Own Province: False",0.07,0.15,0.22,0.3
"New Religion: R'hllor, Current Religion: Gods of Valyria, Population: 300000, Control: 85, Own Province: True",0.08,0.15,0.22,0.3
"New Religion: R'hllor, Current Religion: Gods of Valyria, Population: 300000, Control: 85, Own Province: False",0.08,0.15,0.22,0.3
"New Religion: R'hllor, Current Religion: Gods of Valyria, Population: 300000, Control: 90, Own Province: True",0.07,0.15,0.22,0.3
"New Religion: R'hllor, Current Religion: Gods of Valyria, Population: 300000, Control: 90, Own Province: False",0.08,0.15,0.22,0.29
"New Religion: R'hllor, Current Religion: Gods of Valyria, Population: 300000, Control: 95, Own Province: True",0.07,0.15,0.23,0.29
"New Religion: R'hllor, Current Religion: Gods of Valyria, Population: 300000, Control: 95, Own Province: False",0.07,0.15,0.23,0.29
"New Religion: R'hllor, Current Religion: Gods of Valyria, Population: 300000, Control: 100, Own Province: True",0.07,0.15,0.22,0.3
"New Religion: R'hllor, Current Religion: Gods of Valyria, Population: 300000, Control: 100, Own Province: False",0.07,0.15,0.23,0.29
