Conversion Type,Duration
"New Religion: Faith of the Seven, Current Religion: Old Gods, Population: 1000, Control: 85, Own Province: True",6.83
"New Religion: Faith of the Seven, Current Religion: Old Gods, Population: 1000, Control: 85, Own Province: False",6.84
"New Religion: Faith of the Seven, Current Religion: Old Gods, Population: 1000, Control: 90, Own Province: True",6.3
"New Religion: Faith of the Seven, Current Religion: Old Gods, Population: 1000, Control: 90, Own Province: False",7.38
"New Religion: Faith of the Seven, Current Religion: Old Gods, Population: 1000, Control: 95, Own Province: True",5.79
"New Religion: Faith of the Seven, Current Religion: Old Gods, Population: 1000, Control: 95, Own Province: False",7.92
"New Religion: Faith of the Seven, Current Religion: Old Gods, Population: 1000, Control: 100, Own Province: True",5.25
"New Religion: Faith of the Seven, Current Religion: Old Gods, Population: 1000, Control: 100, Own Province: False",8.6
"New Religion: Faith of the Seven, Current Religion: Old Gods, Population: 50000, Control: 85, Own Province: True",7.38
"New Religion: Faith of the Seven, Current Religion: Old Gods, Population: 50000, Control: 85, Own Province: False",7.39
"New Religion: Faith of the Seven, Current Religion: Old Gods, Population: 50000, Control: 90, Own Province: True",6.83
"New Religion: Faith of the Seven, Current Religion: Old Gods, Population: 50000, Control: 90, Own Province: False",7.95
"New Religion: Faith of the Seven, Current Religion: Old Gods, Population: 50000, Control: 95, Own Province: True",6.33
"New Religion: Faith of the Seven, Current Religion: Old Gods, Population: 50000, Control: 95, Own Province: False",8.63
"New Religion: Faith of the Seven, Current Religion: Old Gods, Population: 50000, Control: 100, Own Province: True",5.78
"New Religion: Faith of the Seven, Current Religion: Old Gods, Population: 50000, Control: 100, Own Province: False",9.31
"New Religion: Faith of the Seven, Current Religion: Old Gods, Population: 100000, Control: 85, Own Province: True",7.9
"New Religion: Faith of the Seven, Current Religion: Old Gods, Population: 100000, Control: 85, Own Province: False",7.98
"New Religion: Faith of the Seven, Current Religion: Old Gods, Population: 100000, Control: 90, Own Province: True",7.35
"New Religion: Faith of the Seven, Current Religion: Old Gods, Population: 100000, Control: 90, Own Province: False",8.59
"New Religion: Faith of the Seven, Current Religion: Old Gods, Population: 100000, Control: 95, Own Province: True",6.85
"New Religion: Faith of the Seven, Current Religion: Old Gods, Population: 100000, Control: 95, Own Province: False",9.25
"New Religion: Faith of the Seven, Current Religion: Old Gods, Population: 100000, Control: 100, Own Province: True",6.31
"New Religion: Faith of the Seven, Current Religion: Old Gods, Population: 100000, Control: 100, Own Province: False",10.19
"New Religion: Faith of the Seven, Current Religion: Old Gods, Population: 150000, Control: 85, Own Province: True",8.59
"New Religion: Faith of the Seven, Current Religion: Old Gods, Population: 150000, Control: 85, Own Province: False",8.61
"New Religion: Faith of the Seven, Current Religion: Old Gods, Population: 150000, Control: 90, Own Province: True",7.97
"New Religion: Faith of the Seven, Current Religion: Old Gods, Population: 150000, Control: 90, Own Province: False",9.27
"New Religion: Faith of the Seven, Current Religion: Old Gods, Population: 150000, Control: 95, Own Province: True",7.38
"New Religion: Faith of the Seven, Current Religion: Old Gods, Population: 150000, Control: 95, Own Province: False",10.17
"New Religion: Faith of the Seven, Current Religion: Old Gods, Population: 150000, Control: 100, Own Province: True",6.82
"New Religion: Faith of the Seven, Current Religion: Old Gods, Population: 150000, Control: 100, Own Province: False",10.17
"New Religion: Faith of the Seven, Current Religion: Old Gods, Population: 200000, Control: 85, Own Province: True",9.23
"New Religion: Faith of the Seven, Current Religion: Old Gods, Population: 200000, Control: 85, Own Province: False",9.28
"New Religion: Faith of the Seven, Current Religion: Old Gods, Population: 200000, Control: 90, Own Province: True",8.58
"New Religion: Faith of the Seven, Current Religion: Old Gods, Population: 200000, Control: 90, Own Province: False",10.05
"New Religion: Faith of the Seven, Current Religion: Old Gods, Population: 200000, Control: 95, Own Province: True",7.94
"New Religion: Faith of the Seven, Current Religion: Old Gods, Population: 200000, Control: 95, Own Province: False",10.13
"New Religion: Faith of the Seven, Current Religion: Old Gods, Population: 200000, Control: 100, Own Province: True",7.38
"New Religion: Faith of the Seven, Current Religion: Old Gods, Population: 200000, Control: 100, Own Province: False",10.08
"New Religion: Faith of the Seven, Current Religion: Old Gods, Population: 250000, Control: 85, Own Province: True",10.2
"New Religion: Faith of the Seven, Current Religion: Old Gods, Population: 250000, Control: 85, Own Province: False",10.09
"New Religion: Faith of the Seven, Current Religion: Old Gods, Population: 250000, Control: 90, Own Province: True",9.27
"New Religion: Faith of the Seven, Current Religion: Old Gods, Population: 250000, Control: 90, Own Province: False",10.07
"New Religion: Faith of the Seven, Current Religion: Old Gods, Population: 250000, Control: 95, Own Province: True",8.56
"New Religion: Faith of the Seven, Current Religion: Old Gods, Population: 250000, Control: 95, Own Province: False",10.08
"New Religion: Faith of the Seven, Current Religion: Old Gods, Population: 250000, Control: 100, Own Province: True",7.97
"New Religion: Faith of the Seven, Current Religion: Old Gods, Population: 250000, Control: 100, Own Province: False",10.13
"New Religion: Faith of the Seven, Current Religion: Old Gods, Population: 300000, Control: 85, Own Province: True",10.08
"New Religion: Faith of the Seven, Current Religion: Old Gods, Population: 300000, Control: 85, Own Province: False",10.12
"New Religion: Faith of the Seven, Current Religion: Old Gods, Population: 300000, Control: 90, Own Province: True",10.13
"New Religion: Faith of the Seven, Current Religion: Old Gods, Population: 300000, Control: 90, Own Province: False",10.07
"New Religion: Faith of the Seven, Current Religion: Old Gods, Population: 300000, Control: 95, Own Province: True",9.33
"New Religion: Faith of the Seven, Current Religion: Old Gods, Population: 300000, Control: 95, Own Province: False",10.09
"New Religion: Faith of the Seven, Current Religion: Old Gods, Population: 300000, Control: 100, Own Province: True",8.57
"New Religion: Faith of the Seven, Current Religion: Old Gods, Population: 300000, Control: 100, Own Province: False",10.14
"New Religion: Faith of the Seven, Current Religion: Skagosi Old Gods, Population: 1000, Control: 85, Own Province: True",7.4
"New Religion: Faith of the Seven, Current Religion: Skagosi Old Gods, Population: 1000, Control: 85, Own Province: False",7.36
"New Religion: Faith of the Seven, Current Religion: Skagosi Old Gods, Population: 1000, Control: 90, Own Province: True",6.85
"New Religion: Faith of the Seven, Current Religion: Skagosi Old Gods, Population: 1000, Control: 90, Own Province: False",7.95
"New Religion: Faith of the Seven, Current Religion: Skagosi Old Gods, Population: 1000, Control: 95, Own Province: True",6.32
"New Religion: Faith of the Seven, Current Religion: Skagosi Old Gods, Population: 1000, Control: 95, Own Province: False",8.58
"New Religion: Faith of the Seven, Current Religion: Skagosi Old Gods, Population: 1000, Control: 100, Own Province: True",5.82
"New Religion: Faith of the Seven, Current Religion: Skagosi Old Gods, Population: 1000, Control: 100, Own Province: False",9.3
"New Religion: Faith of the Seven, Current Religion: Skagosi Old Gods, Population: 50000, Control: 85, Own Province: True",7.96
"New Religion: Faith of the Seven, Current Religion: Skagosi Old Gods, Population: 50000, Control: 85, Own Province: False",8.0
"New Religion: Faith of the Seven, Current Religion: Skagosi Old Gods, Population: 50000, Control: 90, Own Province: True",7.42
"New Religion: Faith of the Seven, Current Religion: Skagosi Old Gods, Population: 50000, Control: 90, Own Province: False",8.6
"New Religion: Faith of the Seven, Current Religion: Skagosi Old Gods, Population: 50000, Control: 95, Own Province: True",6.83
"New Religion: Faith of the Seven, Current Religion: Skagosi Old Gods, Population: 50000, Control: 95, Own Province: False",9.34
"New Religion: Faith of the Seven, Current Religion: Skagosi Old Gods, Population: 50000, Control: 100, Own Province: True",6.34
"New Religion: Faith of the Seven, Current Religion: Skagosi Old Gods, Population: 50000, Control: 100, Own Province: False",10.04
"New Religion: Faith of the Seven, Current Religion: Skagosi Old Gods, Population: 100000, Control: 85, Own Province: True",8.53
"New Religion: Faith of the Seven, Current Religion: Skagosi Old Gods, Population: 100000, Control: 85, Own Province: False",8.57
"New Religion: Faith of the Seven, Current Religion: Skagosi Old Gods, Population: 100000, Control: 90, Own Province: True",7.97
"New Religion: Faith of the Seven, Current Religion: Skagosi Old Gods, Population: 100000, Control: 90, Own Province: False",9.32
"New Religion: Faith of the Seven, Current Religion: Skagosi Old Gods, Population: 100000, Control: 95, Own Province: True",7.36
"New Religion: Faith of the Seven, Current Religion: Skagosi Old Gods, Population: 100000, Control: 95, Own Province: False",10.12
"New Religion: Faith of the Seven, Current Religion: Skagosi Old Gods, Population: 100000, Control: 100, Own Province: True",6.85
"New Religion: Faith of the Seven, Current Religion: Skagosi Old Gods, Population: 100000, Control: 100, Own Province: False",10.12
"New Religion: Faith of the Seven, Current Religion: Skagosi Old Gods, Population: 150000, Control: 85, Own Province: True",9.27
"New Religion: Faith of the Seven, Current Religion: Skagosi Old Gods, Population: 150000, Control: 85, Own Province: False",9.31
"New Religion: Faith of the Seven, Current Religion: Skagosi Old Gods, Population: 150000, Control: 90, Own Province: True",8.57
"New Religion: Faith of the Seven, Current Religion: Skagosi Old Gods, Population: 150000, Control: 90, Own Province: False",10.12
"New Religion: Faith of the Seven, Current Religion: Skagosi Old Gods, Population: 150000, Control: 95, Own Province: True",7.98
"New Religion: Faith of the Seven, Current Religion: Skagosi Old Gods, Population: 150000, Control: 95, Own Province: False",10.12
"New Religion: Faith of the Seven, Current Religion: Skagosi Old Gods, Population: 150000, Control: 100, Own Province: True",7.36
"New Religion: Faith of the Seven, Current Religion: Skagosi Old Gods, Population: 150000, Control: 100, Own Province: False",10.12
"New Religion: Faith of the Seven, Current Religion: Skagosi Old Gods, Population: 200000, Control: 85, Own Province: True",10.11
"New Religion: Faith of the Seven, Current Religion: Skagosi Old Gods, Population: 200000, Control: 85, Own Province: False",10.12
"New Religion: Faith of the Seven, Current Religion: Skagosi Old Gods, Population: 200000, Control: 90, Own Province: True",9.25
"New Religion: Faith of the Seven, Current Religion: Skagosi Old Gods, Population: 200000, Control: 90, Own Province: False",10.18
"New Religion: Faith of the Seven, Current Religion: Skagosi Old Gods, Population: 200000, Control: 95, Own Province: True",8.56
"New Religion: Faith of the Seven, Current Religion: Skagosi Old Gods, Population: 200000, Control: 95, Own Province: False",10.07
"New Religion: Faith of the Seven, Current Religion: Skagosi Old Gods, Population: 200000, Control: 100, Own Province: True",7.95
"New Religion: Faith of the Seven, Current Religion: Skagosi Old Gods, Population: 200000, Control: 100, Own Province: False",10.18
"New Religion: Faith of the Seven, Current Religion: Skagosi Old Gods, Population: 250000, Control: 85, Own Province: True",10.13
"New Religion: Faith of the Seven, Current Religion: Skagosi Old Gods, Population: 250000, Control: 85, Own Province: False",10.17
"New Religion: Faith of the Seven, Current Religion: Skagosi Old Gods, Population: 250000, Control: 90, Own Province: True",10.11
"New Religion: Faith of the Seven, Current Religion: Skagosi Old Gods, Population: 250000, Control: 90, Own Province: False",10.18
"New Religion: Faith of the Seven, Current Religion: Skagosi Old Gods, Population: 250000, Control: 95, Own Province: True",9.3
"New Religion: Faith of the Seven, Current Religion: Skagosi Old Gods, Population: 250000, Control: 95, Own Province: False",10.12
"New Religion: Faith of the Seven, Current Religion: Skagosi Old Gods, Population: 250000, Control: 100, Own Province: True",8.53
"New Religion: Faith of the Seven, Current Religion: Skagosi Old Gods, Population: 250000, Control: 100, Own Province: False",10.06
"New Religion: Faith of the Seven, Current Religion: Skagosi Old Gods, Population: 300000, Control: 85, Own Province: True",10.2
"New Religion: Faith of the Seven, Current Religion: Skagosi Old Gods, Population: 300000, Control: 85, Own Province: False",10.07
"New Religion: Faith of the Seven, Current Religion: Skagosi Old Gods, Population: 300000, Control: 90, Own Province: True",10.2
"New Religion: Faith of the Seven, Current Religion: Skagosi Old Gods, Population: 300000, Control: 90, Own Province: False",10.15
"New Religion: Faith of the Seven, Current Religion: Skagosi Old Gods, Population: 300000, Control: 95, Own Province: True",10.1
"New Religion: Faith of the Seven, Current Religion: Skagosi Old Gods, Population: 300000, Control: 95, Own Province: False",10.21
"New Religion: Faith of the Seven, Current Religion: Skagosi Old Gods, Population: 300000, Control: 100, Own Province: True",9.22
"New Religion: Faith of the Seven, Current Religion: Skagosi Old Gods, Population: 300000, Control: 100, Own Province: False",10.21
"New Religion: Faith of the Seven, Current Religion: DrownedGod, Population: 1000, Control: 85, Own Province: True",7.94
"New Religion: Faith of the Seven, Current Religion: DrownedGod, Population: 1000, Control: 85, Own Province: False",7.96
"New Religion: Faith of the Seven, Current Religion: DrownedGod, Population: 1000, Control: 90, Own Province: True",7.37
"New Religion: Faith of the Seven, Current Religion: DrownedGod, Population: 1000, Control: 90, Own Province: False",8.57
"New Religion: Faith of the Seven, Current Religion: DrownedGod, Population: 1000, Control: 95, Own Province: True",6.83
"New Religion: Faith of the Seven, Current Religion: DrownedGod, Population: 1000, Control: 95, Own Province: False",9.24
"New Religion: Faith of the Seven, Current Religion: DrownedGod, Population: 1000, Control: 100, Own Province: True",6.34
"New Religion: Faith of the Seven, Current Religion: DrownedGod, Population: 1000, Control: 100, Own Province: False",10.17
"New Religion: Faith of the Seven, Current Religion: DrownedGod, Population: 50000, Control: 85, Own Province: True",8.62
"New Religion: Faith of the Seven, Current Religion: DrownedGod, Population: 50000, Control: 85, Own Province: False",8.58
"New Religion: Faith of the Seven, Current Religion: DrownedGod, Population: 50000, Control: 90, Own Province: True",7.98
"New Religion: Faith of the Seven, Current Religion: DrownedGod, Population: 50000, Control: 90, Own Province: False",9.29
"New Religion: Faith of the Seven, Current Religion: DrownedGod, Population: 50000, Control: 95, Own Province: True",7.36
"New Religion: Faith of the Seven, Current Religion: DrownedGod, Population: 50000, Control: 95, Own Province: False",10.14
"New Religion: Faith of the Seven, Current Religion: DrownedGod, Population: 50000, Control: 100, Own Province: True",6.86
"New Religion: Faith of the Seven, Current Religion: DrownedGod, Population: 50000, Control: 100, Own Province: False",10.15
"New Religion: Faith of the Seven, Current Religion: DrownedGod, Population: 100000, Control: 85, Own Province: True",9.24
"New Religion: Faith of the Seven, Current Religion: DrownedGod, Population: 100000, Control: 85, Own Province: False",9.29
"New Religion: Faith of the Seven, Current Religion: DrownedGod, Population: 100000, Control: 90, Own Province: True",8.59
"New Religion: Faith of the Seven, Current Religion: DrownedGod, Population: 100000, Control: 90, Own Province: False",10.16
"New Religion: Faith of the Seven, Current Religion: DrownedGod, Population: 100000, Control: 95, Own Province: True",7.97
"New Religion: Faith of the Seven, Current Religion: DrownedGod, Population: 100000, Control: 95, Own Province: False",10.07
"New Religion: Faith of the Seven, Current Religion: DrownedGod, Population: 100000, Control: 100, Own Province: True",7.35
"New Religion: Faith of the Seven, Current Religion: DrownedGod, Population: 100000, Control: 100, Own Province: False",10.11
"New Religion: Faith of the Seven, Current Religion: DrownedGod, Population: 150000, Control: 85, Own Province: True",10.05
"New Religion: Faith of the Seven, Current Religion: DrownedGod, Population: 150000, Control: 85, Own Province: False",10.08
"New Religion: Faith of the Seven, Current Religion: DrownedGod, Population: 150000, Control: 90, Own Province: True",9.28
"New Religion: Faith of the Seven, Current Religion: DrownedGod, Population: 150000, Control: 90, Own Province: False",10.11
"New Religion: Faith of the Seven, Current Religion: DrownedGod, Population: 150000, Control: 95, Own Province: True",8.6
"New Religion: Faith of the Seven, Current Religion: DrownedGod, Population: 150000, Control: 95, Own Province: False",10.16
"New Religion: Faith of the Seven, Current Religion: DrownedGod, Population: 150000, Control: 100, Own Province: True",7.95
"New Religion: Faith of the Seven, Current Religion: DrownedGod, Population: 150000, Control: 100, Own Province: False",10.17
"New Religion: Faith of the Seven, Current Religion: DrownedGod, Population: 200000, Control: 85, Own Province: True",10.1
"New Religion: Faith of the Seven, Current Religion: DrownedGod, Population: 200000, Control: 85, Own Province: False",10.06
"New Religion: Faith of the Seven, Current Religion: DrownedGod, Population: 200000, Control: 90, Own Province: True",10.15
"New Religion: Faith of the Seven, Current Religion: DrownedGod, Population: 200000, Control: 90, Own Province: False",10.14
"New Religion: Faith of the Seven, Current Religion: DrownedGod, Population: 200000, Control: 95, Own Province: True",9.33
"New Religion: Faith of the Seven, Current Religion: DrownedGod, Population: 200000, Control: 95, Own Province: False",10.1
"New Religion: Faith of the Seven, Current Religion: DrownedGod, Population: 200000, Control: 100, Own Province: True",8.57
"New Religion: Faith of the Seven, Current Religion: DrownedGod, Population: 200000, Control: 100, Own Province: False",10.11
"New Religion: Faith of the Seven, Current Religion: DrownedGod, Population: 250000, Control: 85, Own Province: True",10.06
"New Religion: Faith of the Seven, Current Religion: DrownedGod, Population: 250000, Control: 85, Own Province: False",10.14
"New Religion: Faith of the Seven, Current Religion: DrownedGod, Population: 250000, Control: 90, Own Province: True",10.08
"New Religion: Faith of the Seven, Current Religion: DrownedGod, Population: 250000, Control: 90, Own Province: False",10.15
"New Religion: Faith of the Seven, Current Religion: DrownedGod, Population: 250000, Control: 95, Own Province: True",10.03
"New Religion: Faith of the Seven, Current Religion: DrownedGod, Population: 250000, Control: 95, Own Province: False",10.17
"New Religion: Faith of the Seven, Current Religion: DrownedGod, Population: 250000, Control: 100, Own Province: True",9.31
"New Religion: Faith of the Seven, Current Religion: DrownedGod, Population: 250000, Control: 100, Own Province: False",10.17
"New Religion: Faith of the Seven, Current Religion: DrownedGod, Population: 300000, Control: 85, Own Province: True",10.09
"New Religion: Faith of the Seven, Current Religion: DrownedGod, Population: 300000, Control: 85, Own Province: False",10.09
"New Religion: Faith of the Seven, Current Religion: DrownedGod, Population: 300000, Control: 90, Own Province: True",10.06
"New Religion: Faith of the Seven, Current Religion: DrownedGod, Population: 300000, Control: 90, Own Province: False",10.12
"New Religion: Faith of the Seven, Current Religion: DrownedGod, Population: 300000, Control: 95, Own Province: True",10.1
"New Religion: Faith of the Seven, Current Religion: DrownedGod, Population: 300000, Control: 95, Own Province: False",10.13
"New Religion: Faith of the Seven, Current Religion: DrownedGod, Population: 300000, Control: 100, Own Province: True",10.04
"New Religion: Faith of the Seven, Current Religion: DrownedGod, Population: 300000, Control: 100, Own Province: False",10.19
"New Religion: Faith of the Seven, Current Religion: DrownedGodII, Population: 1000, Control: 85, Own Province: True",7.39
"New Religion: Faith of the Seven, Current Religion: DrownedGodII, Population: 1000, Control: 85, Own Province: False",7.42
"New Religion: Faith of the Seven, Current Religion: DrownedGodII, Population: 1000, Control: 90, Own Province: True",6.83
"New Religion: Faith of the Seven, Current Religion: DrownedGodII, Population: 1000, Control: 90, Own Province: False",7.99
"New Religion: Faith of the Seven, Current Religion: DrownedGodII, Population: 1000, Control: 95, Own Province: True",6.3
"New Religion: Faith of the Seven, Current Religion: DrownedGodII, Population: 1000, Control: 95, Own Province: False",8.59
"New Religion: Faith of the Seven, Current Religion: DrownedGodII, Population: 1000, Control: 100, Own Province: True",5.81
"New Religion: Faith of the Seven, Current Religion: DrownedGodII, Population: 1000, Control: 100, Own Province: False",9.27
"New Religion: Faith of the Seven, Current Religion: DrownedGodII, Population: 50000, Control: 85, Own Province: True",7.95
"New Religion: Faith of the Seven, Current Religion: DrownedGodII, Population: 50000, Control: 85, Own Province: False",8.0
"New Religion: Faith of the Seven, Current Religion: DrownedGodII, Population: 50000, Control: 90, Own Province: True",7.36
"New Religion: Faith of the Seven, Current Religion: DrownedGodII, Population: 50000, Control: 90, Own Province: False",8.62
"New Religion: Faith of the Seven, Current Religion: DrownedGodII, Population: 50000, Control: 95, Own Province: True",6.86
"New Religion: Faith of the Seven, Current Religion: DrownedGodII, Population: 50000, Control: 95, Own Province: False",9.29
"New Religion: Faith of the Seven, Current Religion: DrownedGodII, Population: 50000, Control: 100, Own Province: True",6.32
"New Religion: Faith of the Seven, Current Religion: DrownedGodII, Population: 50000, Control: 100, Own Province: False",10.14
"New Religion: Faith of the Seven, Current Religion: DrownedGodII, Population: 100000, Control: 85, Own Province: True",8.63
"New Religion: Faith of the Seven, Current Religion: DrownedGodII, Population: 100000, Control: 85, Own Province: False",8.56
"New Religion: Faith of the Seven, Current Religion: DrownedGodII, Population: 100000, Control: 90, Own Province: True",7.92
"New Religion: Faith of the Seven, Current Religion: DrownedGodII, Population: 100000, Control: 90, Own Province: False",9.29
"New Religion: Faith of the Seven, Current Religion: DrownedGodII, Population: 100000, Control: 95, Own Province: True",7.38
"New Religion: Faith of the Seven, Current Religion: DrownedGodII, Population: 100000, Control: 95, Own Province: False",10.14
"New Religion: Faith of the Seven, Current Religion: DrownedGodII, Population: 100000, Control: 100, Own Province: True",6.86
"New Religion: Faith of the Seven, Current Religion: DrownedGodII, Population: 100000, Control: 100, Own Province: False",10.06
"New Religion: Faith of the Seven, Current Religion: DrownedGodII, Population: 150000, Control: 85, Own Province: True",9.26
"New Religion: Faith of the Seven, Current Religion: DrownedGodII, Population: 150000, Control: 85, Own Province: False",9.34
"New Religion: Faith of the Seven, Current Religion: DrownedGodII, Population: 150000, Control: 90, Own Province: True",8.58
"New Religion: Faith of the Seven, Current Religion: DrownedGodII, Population: 150000, Control: 90, Own Province: False",10.07
"New Religion: Faith of the Seven, Current Religion: DrownedGodII, Population: 150000, Control: 95, Own Province: True",7.94
"New Religion: Faith of the Seven, Current Religion: DrownedGodII, Population: 150000, Control: 95, Own Province: False",10.17
"New Religion: Faith of the Seven, Current Religion: DrownedGodII, Population: 150000, Control: 100, Own Province: True",7.38
"New Religion: Faith of the Seven, Current Religion: DrownedGodII, Population: 150000, Control: 100, Own Province: False",10.15
"New Religion: Faith of the Seven, Current Religion: DrownedGodII, Population: 200000, Control: 85, Own Province: True",10.22
"New Religion: Faith of the Seven, Current Religion: DrownedGodII, Population: 200000, Control: 85, Own Province: False",10.1
"New Religion: Faith of the Seven, Current Religion: DrownedGodII, Population: 200000, Control: 90, Own Province: True",9.29
"New Religion: Faith of the Seven, Current Religion: DrownedGodII, Population: 200000, Control: 90, Own Province: False",10.13
"New Religion: Faith of the Seven, Current Religion: DrownedGodII, Population: 200000, Control: 95, Own Province: True",8.6
"New Religion: Faith of the Seven, Current Religion: DrownedGodII, Population: 200000, Control: 95, Own Province: False",10.08
"New Religion: Faith of the Seven, Current Religion: DrownedGodII, Population: 200000, Control: 100, Own Province: True",7.97
"New Religion: Faith of the Seven, Current Religion: DrownedGodII, Population: 200000, Control: 100, Own Province: False",10.17
"New Religion: Faith of the Seven, Current Religion: DrownedGodII, Population: 250000, Control: 85, Own Province: True",10.16
"New Religion: Faith of the Seven, Current Religion: DrownedGodII, Population: 250000, Control: 85, Own Province: False",10.1
"New Religion: Faith of the Seven, Current Religion: DrownedGodII, Population: 250000, Control: 90, Own Province: True",10.17
"New Religion: Faith of the Seven, Current Religion: DrownedGodII, Population: 250000, Control: 90, Own Province: False",10.13
"New Religion: Faith of the Seven, Current Religion: DrownedGodII, Population: 250000, Control: 95, Own Province: True",9.28
"New Religion: Faith of the Seven, Current Religion: DrownedGodII, Population: 250000, Control: 95, Own Province: False",10.12
"New Religion: Faith of the Seven, Current Religion: DrownedGodII, Population: 250000, Control: 100, Own Province: True",8.62
"New Religion: Faith of the Seven, Current Religion: DrownedGodII, Population: 250000, Control: 100, Own Province: False",10.08
"New Religion: Faith of the Seven, Current Religion: DrownedGodII, Population: 300000, Control: 85, Own Province: True",10.16
"New Religion: Faith of the Seven, Current Religion: DrownedGodII, Population: 300000, Control: 85, Own Province: False",10.15
"New Religion: Faith of the Seven, Current Religion: DrownedGodII, Population: 300000, Control: 90, Own Province: True",10.14
"New Religion: Faith of the Seven, Current Religion: DrownedGodII, Population: 300000, Control: 90, Own Province: False",10.13
"New Religion: Faith of the Seven, Current Religion: DrownedGodII, Population: 300000, Control: 95, Own Province: True",10.08
"New Religion: Faith of the Seven, Current Religion: DrownedGodII, Population: 300000, Control: 95, Own Province: False",10.05
"New Religion: Faith of the Seven, Current Religion: DrownedGodII, Population: 300000, Control: 100, Own Province: True",9.27
"New Religion: Faith of the Seven, Current Religion: DrownedGodII, Population: 300000, Control: 100, Own Province: False",10.02
"New Religion: Faith of the Seven, Current Religion: Mother Rhoyne, Population: 1000, Control: 85, Own Province: True",7.41
"New Religion: Faith of the Seven, Current Religion: Mother Rhoyne, Population: 1000, Control: 85, Own Province: False",7.38
"New Religion: Faith of the Seven, Current Religion: Mother Rhoyne, Population: 1000, Control: 90, Own Province: True",6.86
"New Religion: Faith of the Seven, Current Religion: Mother Rhoyne, Population: 1000, Control: 90, Own Province: False",7.99
"New Religion: Faith of the Seven, Current Religion: Mother Rhoyne, Population: 1000, Control: 95, Own Province: True",6.29
"New Religion: Faith of the Seven, Current Religion: Mother Rhoyne, Population: 1000, Control: 95, Own Province: False",8.55
"New Religion: Faith of the Seven, Current Religion: Mother Rhoyne, Population: 1000, Control: 100, Own Province: True",5.81
"New Religion: Faith of the Seven, Current Religion: Mother Rhoyne, Population: 1000, Control: 100, Own Province: False",9.32
"New Religion: Faith of the Seven, Current Religion: Mother Rhoyne, Population: 50000, Control: 85, Own Province: True",7.97
"New Religion: Faith of the Seven, Current Religion: Mother Rhoyne, Population: 50000, Control: 85, Own Province: False",7.97
"New Religion: Faith of the Seven, Current Religion: Mother Rhoyne, Population: 50000, Control: 90, Own Province: True",7.39
"New Religion: Faith of the Seven, Current Religion: Mother Rhoyne, Population: 50000, Control: 90, Own Province: False",8.59
"New Religion: Faith of the Seven, Current Religion: Mother Rhoyne, Population: 50000, Control: 95, Own Province: True",6.85
"New Religion: Faith of the Seven, Current Religion: Mother Rhoyne, Population: 50000, Control: 95, Own Province: False",9.22
"New Religion: Faith of the Seven, Current Religion: Mother Rhoyne, Population: 50000, Control: 100, Own Province: True",6.3
"New Religion: Faith of the Seven, Current Religion: Mother Rhoyne, Population: 50000, Control: 100, Own Province: False",10.12
"New Religion: Faith of the Seven, Current Religion: Mother Rhoyne, Population: 100000, Control: 85, Own Province: True",8.58
"New Religion: Faith of the Seven, Current Religion: Mother Rhoyne, Population: 100000, Control: 85, Own Province: False",8.57
"New Religion: Faith of the Seven, Current Religion: Mother Rhoyne, Population: 100000, Control: 90, Own Province: True",7.98
"New Religion: Faith of the Seven, Current Religion: Mother Rhoyne, Population: 100000, Control: 90, Own Province: False",9.23
"New Religion: Faith of the Seven, Current Religion: Mother Rhoyne, Population: 100000, Control: 95, Own Province: True",7.4
"New Religion: Faith of the Seven, Current Religion: Mother Rhoyne, Population: 100000, Control: 95, Own Province: False",10.09
"New Religion: Faith of the Seven, Current Religion: Mother Rhoyne, Population: 100000, Control: 100, Own Province: True",6.85
"New Religion: Faith of the Seven, Current Religion: Mother Rhoyne, Population: 100000, Control: 100, Own Province: False",10.11
"New Religion: Faith of the Seven, Current Religion: Mother Rhoyne, Population: 150000, Control: 85, Own Province: True",9.27
"New Religion: Faith of the Seven, Current Religion: Mother Rhoyne, Population: 150000, Control: 85, Own Province: False",9.31
"New Religion: Faith of the Seven, Current Religion: Mother Rhoyne, Population: 150000, Control: 90, Own Province: True",8.6
"New Religion: Faith of the Seven, Current Religion: Mother Rhoyne, Population: 150000, Control: 90, Own Province: False",10.12
"New Religion: Faith of the Seven, Current Religion: Mother Rhoyne, Population: 150000, Control: 95, Own Province: True",7.94
"New Religion: Faith of the Seven, Current Religion: Mother Rhoyne, Population: 150000, Control: 95, Own Province: False",10.18
"New Religion: Faith of the Seven, Current Religion: Mother Rhoyne, Population: 150000, Control: 100, Own Province: True",7.37
"New Religion: Faith of the Seven, Current Religion: Mother Rhoyne, Population: 150000, Control: 100, Own Province: False",10.1
"New Religion: Faith of the Seven, Current Religion: Mother Rhoyne, Population: 200000, Control: 85, Own Province: True",10.15
"New Religion: Faith of the Seven, Current Religion: Mother Rhoyne, Population: 200000, Control: 85, Own Province: False",10.09
"New Religion: Faith of the Seven, Current Religion: Mother Rhoyne, Population: 200000, Control: 90, Own Province: True",9.31
"New Religion: Faith of the Seven, Current Religion: Mother Rhoyne, Population: 200000, Control: 90, Own Province: False",10.17
"New Religion: Faith of the Seven, Current Religion: Mother Rhoyne, Population: 200000, Control: 95, Own Province: True",8.62
"New Religion: Faith of the Seven, Current Religion: Mother Rhoyne, Population: 200000, Control: 95, Own Province: False",10.13
"New Religion: Faith of the Seven, Current Religion: Mother Rhoyne, Population: 200000, Control: 100, Own Province: True",7.96
"New Religion: Faith of the Seven, Current Religion: Mother Rhoyne, Population: 200000, Control: 100, Own Province: False",10.14
"New Religion: Faith of the Seven, Current Religion: Mother Rhoyne, Population: 250000, Control: 85, Own Province: True",10.11
"New Religion: Faith of the Seven, Current Religion: Mother Rhoyne, Population: 250000, Control: 85, Own Province: False",10.1
"New Religion: Faith of the Seven, Current Religion: Mother Rhoyne, Population: 250000, Control: 90, Own Province: True",10.16
"New Religion: Faith of the Seven, Current Religion: Mother Rhoyne, Population: 250000, Control: 90, Own Province: False",10.09
"New Religion: Faith of the Seven, Current Religion: Mother Rhoyne, Population: 250000, Control: 95, Own Province: True",9.32
"New Religion: Faith of the Seven, Current Religion: Mother Rhoyne, Population: 250000, Control: 95, Own Province: False",10.12
"New Religion: Faith of the Seven, Current Religion: Mother Rhoyne, Population: 250000, Control: 100, Own Province: True",8.61
"New Religion: Faith of the Seven, Current Religion: Mother Rhoyne, Population: 250000, Control: 100, Own Province: False",10.17
"New Religion: Faith of the Seven, Current Religion: Mother Rhoyne, Population: 300000, Control: 85, Own Province: True",10.15
"New Religion: Faith of the Seven, Current Religion: Mother Rhoyne, Population: 300000, Control: 85, Own Province: False",10.12
"New Religion: Faith of the Seven, Current Religion: Mother Rhoyne, Population: 300000, Control: 90, Own Province: True",10.08
"New Religion: Faith of the Seven, Current Religion: Mother Rhoyne, Population: 300000, Control: 90, Own Province: False",10.11
"New Religion: Faith of the Seven, Current Religion: Mother Rhoyne, Population: 300000, Control: 95, Own Province: True",10.05
"New Religion: Faith of the Seven, Current Religion: Mother Rhoyne, Population: 300000, Control: 95, Own Province: False",10.1
"New Religion: Faith of the Seven, Current Religion: Mother Rhoyne, Population: 300000, Control: 100, Own Province: True",9.32
"New Religion: Faith of the Seven, Current Religion: Mother Rhoyne, Population: 300000, Control: 100, Own Province: False",10.1
"New Religion: Faith of the Seven, Current Religion: Gods of Valyria, Population: 1000, Control: 85, Own Province: True",7.37
"New Religion: Faith of the Seven, Current Religion: Gods of Valyria, Population: 1000, Control: 85, Own Province: False",7.36
"New Religion: Faith of the Seven, Current Religion: Gods of Valyria, Population: 1000, Control: 90, Own Province: True",6.82
"New Religion: Faith of the Seven, Current Religion: Gods of Valyria, Population: 1000, Control: 90, Own Province: False",7.95
"New Religion: Faith of the Seven, Current Religion: Gods of Valyria, Population: 1000, Control: 95, Own Province: True",6.31
"New Religion: Faith of the Seven, Current Religion: Gods of Valyria, Population: 1000, Control: 95, Own Province: False",8.63
"New Religion: Faith of the Seven, Current Religion: Gods of Valyria, Population: 1000, Control: 100, Own Province: True",5.79
"New Religion: Faith of the Seven, Current Religion: Gods of Valyria, Population: 1000, Control: 100, Own Province: False",9.33
"New Religion: Faith of the Seven, Current Religion: Gods of Valyria, Population: 50000, Control: 85, Own Province: True",7.96
"New Religion: Faith of the Seven, Current Religion: Gods of Valyria, Population: 50000, Control: 85, Own Province: False",7.94
"New Religion: Faith of the Seven, Current Religion: Gods of Valyria, Population: 50000, Control: 90, Own Province: True",7.36
"New Religion: Faith of the Seven, Current Religion: Gods of Valyria, Population: 50000, Control: 90, Own Province: False",8.57
"New Religion: Faith of the Seven, Current Religion: Gods of Valyria, Population: 50000, Control: 95, Own Province: True",6.82
"New Religion: Faith of the Seven, Current Religion: Gods of Valyria, Population: 50000, Control: 95, Own Province: False",9.34
"New Religion: Faith of the Seven, Current Religion: Gods of Valyria, Population: 50000, Control: 100, Own Province: True",6.31
"New Religion: Faith of the Seven, Current Religion: Gods of Valyria, Population: 50000, Control: 100, Own Province: False",10.13
"New Religion: Faith of the Seven, Current Religion: Gods of Valyria, Population: 100000, Control: 85, Own Province: True",8.6
"New Religion: Faith of the Seven, Current Religion: Gods of Valyria, Population: 100000, Control: 85, Own Province: False",8.59
"New Religion: Faith of the Seven, Current Religion: Gods of Valyria, Population: 100000, Control: 90, Own Province: True",7.96
"New Religion: Faith of the Seven, Current Religion: Gods of Valyria, Population: 100000, Control: 90, Own Province: False",9.28
"New Religion: Faith of the Seven, Current Religion: Gods of Valyria, Population: 100000, Control: 95, Own Province: True",7.38
"New Religion: Faith of the Seven, Current Religion: Gods of Valyria, Population: 100000, Control: 95, Own Province: False",10.14
"New Religion: Faith of the Seven, Current Religion: Gods of Valyria, Population: 100000, Control: 100, Own Province: True",6.83
"New Religion: Faith of the Seven, Current Religion: Gods of Valyria, Population: 100000, Control: 100, Own Province: False",10.12
"New Religion: Faith of the Seven, Current Religion: Gods of Valyria, Population: 150000, Control: 85, Own Province: True",9.27
"New Religion: Faith of the Seven, Current Religion: Gods of Valyria, Population: 150000, Control: 85, Own Province: False",9.32
"New Religion: Faith of the Seven, Current Religion: Gods of Valyria, Population: 150000, Control: 90, Own Province: True",8.62
"New Religion: Faith of the Seven, Current Religion: Gods of Valyria, Population: 150000, Control: 90, Own Province: False",10.09
"New Religion: Faith of the Seven, Current Religion: Gods of Valyria, Population: 150000, Control: 95, Own Province: True",7.97
"New Religion: Faith of the Seven, Current Religion: Gods of Valyria, Population: 150000, Control: 95, Own Province: False",10.16
"New Religion: Faith of the Seven, Current Religion: Gods of Valyria, Population: 150000, Control: 100, Own Province: True",7.36
"New Religion: Faith of the Seven, Current Religion: Gods of Valyria, Population: 150000, Control: 100, Own Province: False",10.08
"New Religion: Faith of the Seven, Current Religion: Gods of Valyria, Population: 200000, Control: 85, Own Province: True",10.12
"New Religion: Faith of the Seven, Current Religion: Gods of Valyria, Population: 200000, Control: 85, Own Province: False",10.12
"New Religion: Faith of the Seven, Current Religion: Gods of Valyria, Population: 200000, Control: 90, Own Province: True",9.27
"New Religion: Faith of the Seven, Current Religion: Gods of Valyria, Population: 200000, Control: 90, Own Province: False",10.18
"New Religion: Faith of the Seven, Current Religion: Gods of Valyria, Population: 200000, Control: 95, Own Province: True",8.59
"New Religion: Faith of the Seven, Current Religion: Gods of Valyria, Population: 200000, Control: 95, Own Province: False",10.14
"New Religion: Faith of the Seven, Current Religion: Gods of Valyria, Population: 200000, Control: 100, Own Province: True",7.95
"New Religion: Faith of the Seven, Current Religion: Gods of Valyria, Population: 200000, Control: 100, Own Province: False",10.12
"New Religion: Faith of the Seven, Current Religion: Gods of Valyria, Population: 250000, Control: 85, Own Province: True",10.06
"New Religion: Faith of the Seven, Current Religion: Gods of Valyria, Population: 250000, Control: 85, Own Province: False",10.06
"New Religion: Faith of the Seven, Current Religion: Gods of Valyria, Population: 250000, Control: 90, Own Province: True",10.12
"New Religion: Faith of the Seven, Current Religion: Gods of Valyria, Population: 250000, Control: 90, Own Province: False",10.13
"New Religion: Faith of the Seven, Current Religion: Gods of Valyria, Population: 250000, Control: 95, Own Province: True",9.23
"New Religion: Faith of the Seven, Current Religion: Gods of Valyria, Population: 250000, Control: 95, Own Province: False",10.11
"New Religion: Faith of the Seven, Current Religion: Gods of Valyria, Population: 250000, Control: 100, Own Province: True",8.59
"New Religion: Faith of the Seven, Current Religion: Gods of Valyria, Population: 250000, Control: 100, Own Province: False",10.05
"New Religion: Faith of the Seven, Current Religion: Gods of Valyria, Population: 300000, Control: 85, Own Province: True",10.1
"New Religion: Faith of the Seven, Current Religion: Gods of Valyria, Population: 300000, Control: 85, Own Province: False",10.16
"New Religion: Faith of the Seven, Current Religion: Gods of Valyria, Population: 300000, Control: 90, Own Province: True",10.04
"New Religion: Faith of the Seven, Current Religion: Gods of Valyria, Population: 300000, Control: 90, Own Province: False",10.23
"New Religion: Faith of the Seven, Current Religion: Gods of Valyria, Population: 300000, Control: 95, Own Province: True",10.1
"New Religion: Faith of the Seven, Current Religion: Gods of Valyria, Population: 300000, Control: 95, Own Province: False",10.2
"New Religion: Faith of the Seven, Current Religion: Gods of Valyria, Population: 300000, Control: 100, Own Province: True",9.28
"New Religion: Faith of the Seven, Current Religion: Gods of Valyria, Population: 300000, Control: 100, Own Province: False",10.19
"New Religion: Faith of the Seven, Current Religion: R'hllor, Population: 1000, Control: 85, Own Province: True",7.38
"New Religion: Faith of the Seven, Current Religion: R'hllor, Population: 1000, Control: 85, Own Province: False",7.37
"New Religion: Faith of the Seven, Current Religion: R'hllor, Population: 1000, Control: 90, Own Province: True",6.85
"New Religion: Faith of the Seven, Current Religion: R'hllor, Population: 1000, Control: 90, Own Province: False",7.93
"New Religion: Faith of the Seven, Current Religion: R'hllor, Population: 1000, Control: 95, Own Province: True",6.3
"New Religion: Faith of the Seven, Current Religion: R'hllor, Population: 1000, Control: 95, Own Province: False",8.56
"New Religion: Faith of the Seven, Current Religion: R'hllor, Population: 1000, Control: 100, Own Province: True",5.82
"New Religion: Faith of the Seven, Current Religion: R'hllor, Population: 1000, Control: 100, Own Province: False",9.31
"New Religion: Faith of the Seven, Current Religion: R'hllor, Population: 50000, Control: 85, Own Province: True",7.96
"New Religion: Faith of the Seven, Current Religion: R'hllor, Population: 50000, Control: 85, Own Province: False",7.96
"New Religion: Faith of the Seven, Current Religion: R'hllor, Population: 50000, Control: 90, Own Province: True",7.39
"New Religion: Faith of the Seven, Current Religion: R'hllor, Population: 50000, Control: 90, Own Province: False",8.63
"New Religion: Faith of the Seven, Current Religion: R'hllor, Population: 50000, Control: 95, Own Province: True",6.84
"New Religion: Faith of the Seven, Current Religion: R'hllor, Population: 50000, Control: 95, Own Province: False",9.31
"New Religion: Faith of the Seven, Current Religion: R'hllor, Population: 50000, Control: 100, Own Province: True",6.33
"New Religion: Faith of the Seven, Current Religion: R'hllor, Population: 50000, Control: 100, Own Province: False",10.1
"New Religion: Faith of the Seven, Current Religion: R'hllor, Population: 100000, Control: 85, Own Province: True",8.61
"New Religion: Faith of the Seven, Current Religion: R'hllor, Population: 100000, Control: 85, Own Province: False",8.58
"New Religion: Faith of the Seven, Current Religion: R'hllor, Population: 100000, Control: 90, Own Province: True",7.91
"New Religion: Faith of the Seven, Current Religion: R'hllor, Population: 100000, Control: 90, Own Province: False",9.29
"New Religion: Faith of the Seven, Current Religion: R'hllor, Population: 100000, Control: 95, Own Province: True",7.37
"New Religion: Faith of the Seven, Current Religion: R'hllor, Population: 100000, Control: 95, Own Province: False",10.18
"New Religion: Faith of the Seven, Current Religion: R'hllor, Population: 100000, Control: 100, Own Province: True",6.86
"New Religion: Faith of the Seven, Current Religion: R'hllor, Population: 100000, Control: 100, Own Province: False",10.15
"New Religion: Faith of the Seven, Current Religion: R'hllor, Population: 150000, Control: 85, Own Province: True",9.29
"New Religion: Faith of the Seven, Current Religion: R'hllor, Population: 150000, Control: 85, Own Province: False",9.29
"New Religion: Faith of the Seven, Current Religion: R'hllor, Population: 150000, Control: 90, Own Province: True",8.57
"New Religion: Faith of the Seven, Current Religion: R'hllor, Population: 150000, Control: 90, Own Province: False",10.2
"New Religion: Faith of the Seven, Current Religion: R'hllor, Population: 150000, Control: 95, Own Province: True",7.95
"New Religion: Faith of the Seven, Current Religion: R'hllor, Population: 150000, Control: 95, Own Province: False",10.12
"New Religion: Faith of the Seven, Current Religion: R'hllor, Population: 150000, Control: 100, Own Province: True",7.39
"New Religion: Faith of the Seven, Current Religion: R'hllor, Population: 150000, Control: 100, Own Province: False",10.12
"New Religion: Faith of the Seven, Current Religion: R'hllor, Population: 200000, Control: 85, Own Province: True",10.11
"New Religion: Faith of the Seven, Current Religion: R'hllor, Population: 200000, Control: 85, Own Province: False",10.06
"New Religion: Faith of the Seven, Current Religion: R'hllor, Population: 200000, Control: 90, Own Province: True",9.32
"New Religion: Faith of the Seven, Current Religion: R'hllor, Population: 200000, Control: 90, Own Province: False",10.15
"New Religion: Faith of the Seven, Current Religion: R'hllor, Population: 200000, Control: 95, Own Province: True",8.52
"New Religion: Faith of the Seven, Current Religion: R'hllor, Population: 200000, Control: 95, Own Province: False",10.1
"New Religion: Faith of the Seven, Current Religion: R'hllor, Population: 200000, Control: 100, Own Province: True",7.96
"New Religion: Faith of the Seven, Current Religion: R'hllor, Population: 200000, Control: 100, Own Province: False",10.07
"New Religion: Faith of the Seven, Current Religion: R'hllor, Population: 250000, Control: 85, Own Province: True",10.12
"New Religion: Faith of the Seven, Current Religion: R'hllor, Population: 250000, Control: 85, Own Province: False",10.13
"New Religion: Faith of the Seven, Current Religion: R'hllor, Population: 250000, Control: 90, Own Province: True",10.12
"New Religion: Faith of the Seven, Current Religion: R'hllor, Population: 250000, Control: 90, Own Province: False",10.18
"New Religion: Faith of the Seven, Current Religion: R'hllor, Population: 250000, Control: 95, Own Province: True",9.31
"New Religion: Faith of the Seven, Current Religion: R'hllor, Population: 250000, Control: 95, Own Province: False",10.17
"New Religion: Faith of the Seven, Current Religion: R'hllor, Population: 250000, Control: 100, Own Province: True",8.59
"New Religion: Faith of the Seven, Current Religion: R'hllor, Population: 250000, Control: 100, Own Province: False",10.09
"New Religion: Faith of the Seven, Current Religion: R'hllor, Population: 300000, Control: 85, Own Province: True",10.11
"New Religion: Faith of the Seven, Current Religion: R'hllor, Population: 300000, Control: 85, Own Province: False",10.16
"New Religion: Faith of the Seven, Current Religion: R'hllor, Population: 300000, Control: 90, Own Province: True",10.11
"New Religion: Faith of the Seven, Current Religion: R'hllor, Population: 300000, Control: 90, Own Province: False",10.12
"New Religion: Faith of the Seven, Current Religion: R'hllor, Population: 300000, Control: 95, Own Province: True",10.16
"New Religion: Faith of the Seven, Current Religion: R'hllor, Population: 300000, Control: 95, Own Province: False",10.19
"New Religion: Faith of the Seven, Current Religion: R'hllor, Population: 300000, Control: 100, Own Province: True",9.32
"New Religion: Faith of the Seven, Current Religion: R'hllor, Population: 300000, Control: 100, Own Province: False",10.1
"New Religion: Old Gods, Current Religion: Faith of the Seven, Population: 1000, Control: 85, Own Province: True",7.42
"New Religion: Old Gods, Current Religion: Faith of the Seven, Population: 1000, Control: 85, Own Province: False",7.39
"New Religion: Old Gods, Current Religion: Faith of the Seven, Population: 1000, Control: 90, Own Province: True",6.86
"New Religion: Old Gods, Current Religion: Faith of the Seven, Population: 1000, Control: 90, Own Province: False",7.93
"New Religion: Old Gods, Current Religion: Faith of the Seven, Population: 1000, Control: 95, Own Province: True",6.3
"New Religion: Old Gods, Current Religion: Faith of the Seven, Population: 1000, Control: 95, Own Province: False",8.54
"New Religion: Old Gods, Current Religion: Faith of the Seven, Population: 1000, Control: 100, Own Province: True",5.78
"New Religion: Old Gods, Current Religion: Faith of the Seven, Population: 1000, Control: 100, Own Province: False",9.29
"New Religion: Old Gods, Current Religion: Faith of the Seven, Population: 50000, Control: 85, Own Province: True",7.98
"New Religion: Old Gods, Current Religion: Faith of the Seven, Population: 50000, Control: 85, Own Province: False",7.95
"New Religion: Old Gods, Current Religion: Faith of the Seven, Population: 50000, Control: 90, Own Province: True",7.41
"New Religion: Old Gods, Current Religion: Faith of the Seven, Population: 50000, Control: 90, Own Province: False",8.59
"New Religion: Old Gods, Current Religion: Faith of the Seven, Population: 50000, Control: 95, Own Province: True",6.83
"New Religion: Old Gods, Current Religion: Faith of the Seven, Population: 50000, Control: 95, Own Province: False",9.26
"New Religion: Old Gods, Current Religion: Faith of the Seven, Population: 50000, Control: 100, Own Province: True",6.33
"New Religion: Old Gods, Current Religion: Faith of the Seven, Population: 50000, Control: 100, Own Province: False",10.15
"New Religion: Old Gods, Current Religion: Faith of the Seven, Population: 100000, Control: 85, Own Province: True",8.57
"New Religion: Old Gods, Current Religion: Faith of the Seven, Population: 100000, Control: 85, Own Province: False",8.58
"New Religion: Old Gods, Current Religion: Faith of the Seven, Population: 100000, Control: 90, Own Province: True",7.93
"New Religion: Old Gods, Current Religion: Faith of the Seven, Population: 100000, Control: 90, Own Province: False",9.34
"New Religion: Old Gods, Current Religion: Faith of the Seven, Population: 100000, Control: 95, Own Province: True",7.39
"New Religion: Old Gods, Current Religion: Faith of the Seven, Population: 100000, Control: 95, Own Province: False",10.21
"New Religion: Old Gods, Current Religion: Faith of the Seven, Population: 100000, Control: 100, Own Province: True",6.85
"New Religion: Old Gods, Current Religion: Faith of the Seven, Population: 100000, Control: 100, Own Province: False",10.05
"New Religion: Old Gods, Current Religion: Faith of the Seven, Population: 150000, Control: 85, Own Province: True",9.2
"New Religion: Old Gods, Current Religion: Faith of the Seven, Population: 150000, Control: 85, Own Province: False",9.29
"New Religion: Old Gods, Current Religion: Faith of the Seven, Population: 150000, Control: 90, Own Province: True",8.6
"New Religion: Old Gods, Current Religion: Faith of the Seven, Population: 150000, Control: 90, Own Province: False",10.06
"New Religion: Old Gods, Current Religion: Faith of the Seven, Population: 150000, Control: 95, Own Province: True",7.94
"New Religion: Old Gods, Current Religion: Faith of the Seven, Population: 150000, Control: 95, Own Province: False",10.11
"New Religion: Old Gods, Current Religion: Faith of the Seven, Population: 150000, Control: 100, Own Province: True",7.36
"New Religion: Old Gods, Current Religion: Faith of the Seven, Population: 150000, Control: 100, Own Province: False",10.16
"New Religion: Old Gods, Current Religion: Faith of the Seven, Population: 200000, Control: 85, Own Province: True",10.2
"New Religion: Old Gods, Current Religion: Faith of the Seven, Population: 200000, Control: 85, Own Province: False",10.11
"New Religion: Old Gods, Current Religion: Faith of the Seven, Population: 200000, Control: 90, Own Province: True",9.37
"New Religion: Old Gods, Current Religion: Faith of the Seven, Population: 200000, Control: 90, Own Province: False",10.17
"New Religion: Old Gods, Current Religion: Faith of the Seven, Population: 200000, Control: 95, Own Province: True",8.63
"New Religion: Old Gods, Current Religion: Faith of the Seven, Population: 200000, Control: 95, Own Province: False",10.18
"New Religion: Old Gods, Current Religion: Faith of the Seven, Population: 200000, Control: 100, Own Province: True",7.95
"New Religion: Old Gods, Current Religion: Faith of the Seven, Population: 200000, Control: 100, Own Province: False",10.12
"New Religion: Old Gods, Current Religion: Faith of the Seven, Population: 250000, Control: 85, Own Province: True",10.05
"New Religion: Old Gods, Current Religion: Faith of the Seven, Population: 250000, Control: 85, Own Province: False",10.19
"New Religion: Old Gods, Current Religion: Faith of the Seven, Population: 250000, Control: 90, Own Province: True",10.12
"New Religion: Old Gods, Current Religion: Faith of the Seven, Population: 250000, Control: 90, Own Province: False",10.08
"New Religion: Old Gods, Current Religion: Faith of the Seven, Population: 250000, Control: 95, Own Province: True",9.29
"New Religion: Old Gods, Current Religion: Faith of the Seven, Population: 250000, Control: 95, Own Province: False",10.2
"New Religion: Old Gods, Current Religion: Faith of the Seven, Population: 250000, Control: 100, Own Province: True",8.61
"New Religion: Old Gods, Current Religion: Faith of the Seven, Population: 250000, Control: 100, Own Province: False",10.08
"New Religion: Old Gods, Current Religion: Faith of the Seven, Population: 300000, Control: 85, Own Province: True",10.19
"New Religion: Old Gods, Current Religion: Faith of the Seven, Population: 300000, Control: 85, Own Province: False",10.17
"New Religion: Old Gods, Current Religion: Faith of the Seven, Population: 300000, Control: 90, Own Province: True",10.08
"New Religion: Old Gods, Current Religion: Faith of the Seven, Population: 300000, Control: 90, Own Province: False",10.14
"New Religion: Old Gods, Current Religion: Faith of the Seven, Population: 300000, Control: 95, Own Province: True",10.1
"New Religion: Old Gods, Current Religion: Faith of the Seven, Population: 300000, Control: 95, Own Province: False",10.13
"New Religion: Old Gods, Current Religion: Faith of the Seven, Population: 300000, Control: 100, Own Province: True",9.31
"New Religion: Old Gods, Current Religion: Faith of the Seven, Population: 300000, Control: 100, Own Province: False",10.18
"New Religion: Old Gods, Current Religion: Skagosi Old Gods, Population: 1000, Control: 85, Own Province: True",7.36
"New Religion: Old Gods, Current Religion: Skagosi Old Gods, Population: 1000, Control: 85, Own Province: False",7.41
"New Religion: Old Gods, Current Religion: Skagosi Old Gods, Population: 1000, Control: 90, Own Province: True",6.83
"New Religion: Old Gods, Current Religion: Skagosi Old Gods, Population: 1000, Control: 90, Own Province: False",7.96
"New Religion: Old Gods, Current Religion: Skagosi Old Gods, Population: 1000, Control: 95, Own Province: True",6.31
"New Religion: Old Gods, Current Religion: Skagosi Old Gods, Population: 1000, Control: 95, Own Province: False",8.6
"New Religion: Old Gods, Current Religion: Skagosi Old Gods, Population: 1000, Control: 100, Own Province: True",5.79
"New Religion: Old Gods, Current Religion: Skagosi Old Gods, Population: 1000, Control: 100, Own Province: False",9.28
"New Religion: Old Gods, Current Religion: Skagosi Old Gods, Population: 50000, Control: 85, Own Province: True",7.95
"New Religion: Old Gods, Current Religion: Skagosi Old Gods, Population: 50000, Control: 85, Own Province: False",7.93
"New Religion: Old Gods, Current Religion: Skagosi Old Gods, Population: 50000, Control: 90, Own Province: True",7.38
"New Religion: Old Gods, Current Religion: Skagosi Old Gods, Population: 50000, Control: 90, Own Province: False",8.64
"New Religion: Old Gods, Current Religion: Skagosi Old Gods, Population: 50000, Control: 95, Own Province: True",6.86
"New Religion: Old Gods, Current Religion: Skagosi Old Gods, Population: 50000, Control: 95, Own Province: False",9.26
"New Religion: Old Gods, Current Religion: Skagosi Old Gods, Population: 50000, Control: 100, Own Province: True",6.3
"New Religion: Old Gods, Current Religion: Skagosi Old Gods, Population: 50000, Control: 100, Own Province: False",10.14
"New Religion: Old Gods, Current Religion: Skagosi Old Gods, Population: 100000, Control: 85, Own Province: True",8.61
"New Religion: Old Gods, Current Religion: Skagosi Old Gods, Population: 100000, Control: 85, Own Province: False",8.58
"New Religion: Old Gods, Current Religion: Skagosi Old Gods, Population: 100000, Control: 90, Own Province: True",7.95
"New Religion: Old Gods, Current Religion: Skagosi Old Gods, Population: 100000, Control: 90, Own Province: False",9.31
"New Religion: Old Gods, Current Religion: Skagosi Old Gods, Population: 100000, Control: 95, Own Province: True",7.39
"New Religion: Old Gods, Current Religion: Skagosi Old Gods, Population: 100000, Control: 95, Own Province: False",10.13
"New Religion: Old Gods, Current Religion: Skagosi Old Gods, Population: 100000, Control: 100, Own Province: True",6.86
"New Religion: Old Gods, Current Religion: Skagosi Old Gods, Population: 100000, Control: 100, Own Province: False",10.08
"New Religion: Old Gods, Current Religion: Skagosi Old Gods, Population: 150000, Control: 85, Own Province: True",9.24
"New Religion: Old Gods, Current Religion: Skagosi Old Gods, Population: 150000, Control: 85, Own Province: False",9.31
"New Religion: Old Gods, Current Religion: Skagosi Old Gods, Population: 150000, Control: 90, Own Province: True",8.54
"New Religion: Old Gods, Current Religion: Skagosi Old Gods, Population: 150000, Control: 90, Own Province: False",10.15
"New Religion: Old Gods, Current Religion: Skagosi Old Gods, Population: 150000, Control: 95, Own Province: True",7.93
"New Religion: Old Gods, Current Religion: Skagosi Old Gods, Population: 150000, Control: 95, Own Province: False",10.17
"New Religion: Old Gods, Current Religion: Skagosi Old Gods, Population: 150000, Control: 100, Own Province: True",7.37
"New Religion: Old Gods, Current Religion: Skagosi Old Gods, Population: 150000, Control: 100, Own Province: False",10.16
"New Religion: Old Gods, Current Religion: Skagosi Old Gods, Population: 200000, Control: 85, Own Province: True",10.14
"New Religion: Old Gods, Current Religion: Skagosi Old Gods, Population: 200000, Control: 85, Own Province: False",10.11
"New Religion: Old Gods, Current Religion: Skagosi Old Gods, Population: 200000, Control: 90, Own Province: True",9.3
"New Religion: Old Gods, Current Religion: Skagosi Old Gods, Population: 200000, Control: 90, Own Province: False",10.08
"New Religion: Old Gods, Current Religion: Skagosi Old Gods, Population: 200000, Control: 95, Own Province: True",8.59
"New Religion: Old Gods, Current Religion: Skagosi Old Gods, Population: 200000, Control: 95, Own Province: False",10.11
"New Religion: Old Gods, Current Religion: Skagosi Old Gods, Population: 200000, Control: 100, Own Province: True",7.96
"New Religion: Old Gods, Current Religion: Skagosi Old Gods, Population: 200000, Control: 100, Own Province: False",10.18
"New Religion: Old Gods, Current Religion: Skagosi Old Gods, Population: 250000, Control: 85, Own Province: True",10.09
"New Religion: Old Gods, Current Religion: Skagosi Old Gods, Population: 250000, Control: 85, Own Province: False",10.16
"New Religion: Old Gods, Current Religion: Skagosi Old Gods, Population: 250000, Control: 90, Own Province: True",10.12
"New Religion: Old Gods, Current Religion: Skagosi Old Gods, Population: 250000, Control: 90, Own Province: False",10.18
"New Religion: Old Gods, Current Religion: Skagosi Old Gods, Population: 250000, Control: 95, Own Province: True",9.3
"New Religion: Old Gods, Current Religion: Skagosi Old Gods, Population: 250000, Control: 95, Own Province: False",10.16
"New Religion: Old Gods, Current Religion: Skagosi Old Gods, Population: 250000, Control: 100, Own Province: True",8.65
"New Religion: Old Gods, Current Religion: Skagosi Old Gods, Population: 250000, Control: 100, Own Province: False",10.15
"New Religion: Old Gods, Current Religion: Skagosi Old Gods, Population: 300000, Control: 85, Own Province: True",10.19
"New Religion: Old Gods, Current Religion: Skagosi Old Gods, Population: 300000, Control: 85, Own Province: False",10.08
"New Religion: Old Gods, Current Religion: Skagosi Old Gods, Population: 300000, Control: 90, Own Province: True",10.12
"New Religion: Old Gods, Current Religion: Skagosi Old Gods, Population: 300000, Control: 90, Own Province: False",10.18
"New Religion: Old Gods, Current Religion: Skagosi Old Gods, Population: 300000, Control: 95, Own Province: True",10.15
"New Religion: Old Gods, Current Religion: Skagosi Old Gods, Population: 300000, Control: 95, Own Province: False",10.16
"New Religion: Old Gods, Current Religion: Skagosi Old Gods, Population: 300000, Control: 100, Own Province: True",9.28
"New Religion: Old Gods, Current Religion: Skagosi Old Gods, Population: 300000, Control: 100, Own Province: False",10.1
"New Religion: Old Gods, Current Religion: DrownedGod, Population: 1000, Control: 85, Own Province: True",7.95
"New Religion: Old Gods, Current Religion: DrownedGod, Population: 1000, Control: 85, Own Province: False",7.97
"New Religion: Old Gods, Current Religion: DrownedGod, Population: 1000, Control: 90, Own Province: True",7.37
"New Religion: Old Gods, Current Religion: DrownedGod, Population: 1000, Control: 90, Own Province: False",8.57
"New Religion: Old Gods, Current Religion: DrownedGod, Population: 1000, Control: 95, Own Province: True",6.84
"New Religion: Old Gods, Current Religion: DrownedGod, Population: 1000, Control: 95, Own Province: False",9.27
"New Religion: Old Gods, Current Religion: DrownedGod, Population: 1000, Control: 100, Own Province: True",6.33
"New Religion: Old Gods, Current Religion: DrownedGod, Population: 1000, Control: 100, Own Province: False",10.15
"New Religion: Old Gods, Current Religion: DrownedGod, Population: 50000, Control: 85, Own Province: True",8.61
"New Religion: Old Gods, Current Religion: DrownedGod, Population: 50000, Control: 85, Own Province: False",8.59
"New Religion: Old Gods, Current Religion: DrownedGod, Population: 50000, Control: 90, Own Province: True",7.97
"New Religion: Old Gods, Current Religion: DrownedGod, Population: 50000, Control: 90, Own Province: False",9.27
"New Religion: Old Gods, Current Religion: DrownedGod, Population: 50000, Control: 95, Own Province: True",7.37
"New Religion: Old Gods, Current Religion: DrownedGod, Population: 50000, Control: 95, Own Province: False",10.07
"New Religion: Old Gods, Current Religion: DrownedGod, Population: 50000, Control: 100, Own Province: True",6.84
"New Religion: Old Gods, Current Religion: DrownedGod, Population: 50000, Control: 100, Own Province: False",10.14
"New Religion: Old Gods, Current Religion: DrownedGod, Population: 100000, Control: 85, Own Province: True",9.3
"New Religion: Old Gods, Current Religion: DrownedGod, Population: 100000, Control: 85, Own Province: False",9.29
"New Religion: Old Gods, Current Religion: DrownedGod, Population: 100000, Control: 90, Own Province: True",8.6
"New Religion: Old Gods, Current Religion: DrownedGod, Population: 100000, Control: 90, Own Province: False",10.11
"New Religion: Old Gods, Current Religion: DrownedGod, Population: 100000, Control: 95, Own Province: True",7.94
"New Religion: Old Gods, Current Religion: DrownedGod, Population: 100000, Control: 95, Own Province: False",10.11
"New Religion: Old Gods, Current Religion: DrownedGod, Population: 100000, Control: 100, Own Province: True",7.38
"New Religion: Old Gods, Current Religion: DrownedGod, Population: 100000, Control: 100, Own Province: False",10.13
"New Religion: Old Gods, Current Religion: DrownedGod, Population: 150000, Control: 85, Own Province: True",10.14
"New Religion: Old Gods, Current Religion: DrownedGod, Population: 150000, Control: 85, Own Province: False",10.17
"New Religion: Old Gods, Current Religion: DrownedGod, Population: 150000, Control: 90, Own Province: True",9.31
"New Religion: Old Gods, Current Religion: DrownedGod, Population: 150000, Control: 90, Own Province: False",10.14
"New Religion: Old Gods, Current Religion: DrownedGod, Population: 150000, Control: 95, Own Province: True",8.61
"New Religion: Old Gods, Current Religion: DrownedGod, Population: 150000, Control: 95, Own Province: False",10.09
"New Religion: Old Gods, Current Religion: DrownedGod, Population: 150000, Control: 100, Own Province: True",7.99
"New Religion: Old Gods, Current Religion: DrownedGod, Population: 150000, Control: 100, Own Province: False",10.15
"New Religion: Old Gods, Current Religion: DrownedGod, Population: 200000, Control: 85, Own Province: True",10.14
"New Religion: Old Gods, Current Religion: DrownedGod, Population: 200000, Control: 85, Own Province: False",10.15
"New Religion: Old Gods, Current Religion: DrownedGod, Population: 200000, Control: 90, Own Province: True",10.14
"New Religion: Old Gods, Current Religion: DrownedGod, Population: 200000, Control: 90, Own Province: False",10.21
"New Religion: Old Gods, Current Religion: DrownedGod, Population: 200000, Control: 95, Own Province: True",9.29
"New Religion: Old Gods, Current Religion: DrownedGod, Population: 200000, Control: 95, Own Province: False",10.13
"New Religion: Old Gods, Current Religion: DrownedGod, Population: 200000, Control: 100, Own Province: True",8.59
"New Religion: Old Gods, Current Religion: DrownedGod, Population: 200000, Control: 100, Own Province: False",10.18
"New Religion: Old Gods, Current Religion: DrownedGod, Population: 250000, Control: 85, Own Province: True",10.14
"New Religion: Old Gods, Current Religion: DrownedGod, Population: 250000, Control: 85, Own Province: False",10.17
"New Religion: Old Gods, Current Religion: DrownedGod, Population: 250000, Control: 90, Own Province: True",10.15
"New Religion: Old Gods, Current Religion: DrownedGod, Population: 250000, Control: 90, Own Province: False",10.16
"New Religion: Old Gods, Current Religion: DrownedGod, Population: 250000, Control: 95, Own Province: True",10.08
"New Religion: Old Gods, Current Religion: DrownedGod, Population: 250000, Control: 95, Own Province: False",10.1
"New Religion: Old Gods, Current Religion: DrownedGod, Population: 250000, Control: 100, Own Province: True",9.28
"New Religion: Old Gods, Current Religion: DrownedGod, Population: 250000, Control: 100, Own Province: False",10.1
"New Religion: Old Gods, Current Religion: DrownedGod, Population: 300000, Control: 85, Own Province: True",10.09
"New Religion: Old Gods, Current Religion: DrownedGod, Population: 300000, Control: 85, Own Province: False",10.1
"New Religion: Old Gods, Current Religion: DrownedGod, Population: 300000, Control: 90, Own Province: True",10.13
"New Religion: Old Gods, Current Religion: DrownedGod, Population: 300000, Control: 90, Own Province: False",10.18
"New Religion: Old Gods, Current Religion: DrownedGod, Population: 300000, Control: 95, Own Province: True",10.14
"New Religion: Old Gods, Current Religion: DrownedGod, Population: 300000, Control: 95, Own Province: False",10.16
"New Religion: Old Gods, Current Religion: DrownedGod, Population: 300000, Control: 100, Own Province: True",10.14
"New Religion: Old Gods, Current Religion: DrownedGod, Population: 300000, Control: 100, Own Province: False",10.08
"New Religion: Old Gods, Current Religion: DrownedGodII, Population: 1000, Control: 85, Own Province: True",7.39
"New Religion: Old Gods, Current Religion: DrownedGodII, Population: 1000, Control: 85, Own Province: False",7.39
"New Religion: Old Gods, Current Religion: DrownedGodII, Population: 1000, Control: 90, Own Province: True",6.85
"New Religion: Old Gods, Current Religion: DrownedGodII, Population: 1000, Control: 90, Own Province: False",7.95
"New Religion: Old Gods, Current Religion: DrownedGodII, Population: 1000, Control: 95, Own Province: True",6.31
"New Religion: Old Gods, Current Religion: DrownedGodII, Population: 1000, Control: 95, Own Province: False",8.55
"New Religion: Old Gods, Current Religion: DrownedGodII, Population: 1000, Control: 100, Own Province: True",5.82
"New Religion: Old Gods, Current Religion: DrownedGodII, Population: 1000, Control: 100, Own Province: False",9.28
"New Religion: Old Gods, Current Religion: DrownedGodII, Population: 50000, Control: 85, Own Province: True",7.94
"New Religion: Old Gods, Current Religion: DrownedGodII, Population: 50000, Control: 85, Own Province: False",7.97
"New Religion: Old Gods, Current Religion: DrownedGodII, Population: 50000, Control: 90, Own Province: True",7.38
"New Religion: Old Gods, Current Religion: DrownedGodII, Population: 50000, Control: 90, Own Province: False",8.55
"New Religion: Old Gods, Current Religion: DrownedGodII, Population: 50000, Control: 95, Own Province: True",6.86
"New Religion: Old Gods, Current Religion: DrownedGodII, Population: 50000, Control: 95, Own Province: False",9.31
"New Religion: Old Gods, Current Religion: DrownedGodII, Population: 50000, Control: 100, Own Province: True",6.29
"New Religion: Old Gods, Current Religion: DrownedGodII, Population: 50000, Control: 100, Own Province: False",10.14
"New Religion: Old Gods, Current Religion: DrownedGodII, Population: 100000, Control: 85, Own Province: True",8.61
"New Religion: Old Gods, Current Religion: DrownedGodII, Population: 100000, Control: 85, Own Province: False",8.58
"New Religion: Old Gods, Current Religion: DrownedGodII, Population: 100000, Control: 90, Own Province: True",7.95
"New Religion: Old Gods, Current Religion: DrownedGodII, Population: 100000, Control: 90, Own Province: False",9.29
"New Religion: Old Gods, Current Religion: DrownedGodII, Population: 100000, Control: 95, Own Province: True",7.36
"New Religion: Old Gods, Current Religion: DrownedGodII, Population: 100000, Control: 95, Own Province: False",10.13
"New Religion: Old Gods, Current Religion: DrownedGodII, Population: 100000, Control: 100, Own Province: True",6.85
"New Religion: Old Gods, Current Religion: DrownedGodII, Population: 100000, Control: 100, Own Province: False",10.14
"New Religion: Old Gods, Current Religion: DrownedGodII, Population: 150000, Control: 85, Own Province: True",9.22
"New Religion: Old Gods, Current Religion: DrownedGodII, Population: 150000, Control: 85, Own Province: False",9.25
"New Religion: Old Gods, Current Religion: DrownedGodII, Population: 150000, Control: 90, Own Province: True",8.57
"New Religion: Old Gods, Current Religion: DrownedGodII, Population: 150000, Control: 90, Own Province: False",10.15
"New Religion: Old Gods, Current Religion: DrownedGodII, Population: 150000, Control: 95, Own Province: True",7.93
"New Religion: Old Gods, Current Religion: DrownedGodII, Population: 150000, Control: 95, Own Province: False",10.18
"New Religion: Old Gods, Current Religion: DrownedGodII, Population: 150000, Control: 100, Own Province: True",7.37
"New Religion: Old Gods, Current Religion: DrownedGodII, Population: 150000, Control: 100, Own Province: False",10.13
"New Religion: Old Gods, Current Religion: DrownedGodII, Population: 200000, Control: 85, Own Province: True",10.07
"New Religion: Old Gods, Current Religion: DrownedGodII, Population: 200000, Control: 85, Own Province: False",10.15
"New Religion: Old Gods, Current Religion: DrownedGodII, Population: 200000, Control: 90, Own Province: True",9.31
"New Religion: Old Gods, Current Religion: DrownedGodII, Population: 200000, Control: 90, Own Province: False",10.09
"New Religion: Old Gods, Current Religion: DrownedGodII, Population: 200000, Control: 95, Own Province: True",8.61
"New Religion: Old Gods, Current Religion: DrownedGodII, Population: 200000, Control: 95, Own Province: False",10.13
"New Religion: Old Gods, Current Religion: DrownedGodII, Population: 200000, Control: 100, Own Province: True",7.95
"New Religion: Old Gods, Current Religion: DrownedGodII, Population: 200000, Control: 100, Own Province: False",10.19
"New Religion: Old Gods, Current Religion: DrownedGodII, Population: 250000, Control: 85, Own Province: True",10.12
"New Religion: Old Gods, Current Religion: DrownedGodII, Population: 250000, Control: 85, Own Province: False",10.12
"New Religion: Old Gods, Current Religion: DrownedGodII, Population: 250000, Control: 90, Own Province: True",10.14
"New Religion: Old Gods, Current Religion: DrownedGodII, Population: 250000, Control: 90, Own Province: False",10.16
"New Religion: Old Gods, Current Religion: DrownedGodII, Population: 250000, Control: 95, Own Province: True",9.25
"New Religion: Old Gods, Current Religion: DrownedGodII, Population: 250000, Control: 95, Own Province: False",10.15
"New Religion: Old Gods, Current Religion: DrownedGodII, Population: 250000, Control: 100, Own Province: True",8.6
"New Religion: Old Gods, Current Religion: DrownedGodII, Population: 250000, Control: 100, Own Province: False",10.16
"New Religion: Old Gods, Current Religion: DrownedGodII, Population: 300000, Control: 85, Own Province: True",10.16
"New Religion: Old Gods, Current Religion: DrownedGodII, Population: 300000, Control: 85, Own Province: False",10.1
"New Religion: Old Gods, Current Religion: DrownedGodII, Population: 300000, Control: 90, Own Province: True",10.07
"New Religion: Old Gods, Current Religion: DrownedGodII, Population: 300000, Control: 90, Own Province: False",10.16
"New Religion: Old Gods, Current Religion: DrownedGodII, Population: 300000, Control: 95, Own Province: True",10.08
"New Religion: Old Gods, Current Religion: DrownedGodII, Population: 300000, Control: 95, Own Province: False",10.16
"New Religion: Old Gods, Current Religion: DrownedGodII, Population: 300000, Control: 100, Own Province: True",9.3
"New Religion: Old Gods, Current Religion: DrownedGodII, Population: 300000, Control: 100, Own Province: False",10.15
"New Religion: Old Gods, Current Religion: Mother Rhoyne, Population: 1000, Control: 85, Own Province: True",7.39
"New Religion: Old Gods, Current Religion: Mother Rhoyne, Population: 1000, Control: 85, Own Province: False",7.39
"New Religion: Old Gods, Current Religion: Mother Rhoyne, Population: 1000, Control: 90, Own Province: True",6.82
"New Religion: Old Gods, Current Religion: Mother Rhoyne, Population: 1000, Control: 90, Own Province: False",7.95
"New Religion: Old Gods, Current Religion: Mother Rhoyne, Population: 1000, Control: 95, Own Province: True",6.29
"New Religion: Old Gods, Current Religion: Mother Rhoyne, Population: 1000, Control: 95, Own Province: False",8.54
"New Religion: Old Gods, Current Religion: Mother Rhoyne, Population: 1000, Control: 100, Own Province: True",5.82
"New Religion: Old Gods, Current Religion: Mother Rhoyne, Population: 1000, Control: 100, Own Province: False",9.25
"New Religion: Old Gods, Current Religion: Mother Rhoyne, Population: 50000, Control: 85, Own Province: True",7.95
"New Religion: Old Gods, Current Religion: Mother Rhoyne, Population: 50000, Control: 85, Own Province: False",7.98
"New Religion: Old Gods, Current Religion: Mother Rhoyne, Population: 50000, Control: 90, Own Province: True",7.4
"New Religion: Old Gods, Current Religion: Mother Rhoyne, Population: 50000, Control: 90, Own Province: False",8.6
"New Religion: Old Gods, Current Religion: Mother Rhoyne, Population: 50000, Control: 95, Own Province: True",6.84
"New Religion: Old Gods, Current Religion: Mother Rhoyne, Population: 50000, Control: 95, Own Province: False",9.28
"New Religion: Old Gods, Current Religion: Mother Rhoyne, Population: 50000, Control: 100, Own Province: True",6.32
"New Religion: Old Gods, Current Religion: Mother Rhoyne, Population: 50000, Control: 100, Own Province: False",10.12
"New Religion: Old Gods, Current Religion: Mother Rhoyne, Population: 100000, Control: 85, Own Province: True",8.58
"New Religion: Old Gods, Current Religion: Mother Rhoyne, Population: 100000, Control: 85, Own Province: False",8.59
"New Religion: Old Gods, Current Religion: Mother Rhoyne, Population: 100000, Control: 90, Own Province: True",7.94
"New Religion: Old Gods, Current Religion: Mother Rhoyne, Population: 100000, Control: 90, Own Province: False",9.33
"New Religion: Old Gods, Current Religion: Mother Rhoyne, Population: 100000, Control: 95, Own Province: True",7.37
"New Religion: Old Gods, Current Religion: Mother Rhoyne, Population: 100000, Control: 95, Own Province: False",10.2
"New Religion: Old Gods, Current Religion: Mother Rhoyne, Population: 100000, Control: 100, Own Province: True",6.83
"New Religion: Old Gods, Current Religion: Mother Rhoyne, Population: 100000, Control: 100, Own Province: False",10.16
"New Religion: Old Gods, Current Religion: Mother Rhoyne, Population: 150000, Control: 85, Own Province: True",9.31
"New Religion: Old Gods, Current Religion: Mother Rhoyne, Population: 150000, Control: 85, Own Province: False",9.27
"New Religion: Old Gods, Current Religion: Mother Rhoyne, Population: 150000, Control: 90, Own Province: True",8.6
"New Religion: Old Gods, Current Religion: Mother Rhoyne, Population: 150000, Control: 90, Own Province: False",10.14
"New Religion: Old Gods, Current Religion: Mother Rhoyne, Population: 150000, Control: 95, Own Province: True",7.95
"New Religion: Old Gods, Current Religion: Mother Rhoyne, Population: 150000, Control: 95, Own Province: False",10.11
"New Religion: Old Gods, Current Religion: Mother Rhoyne, Population: 150000, Control: 100, Own Province: True",7.38
"New Religion: Old Gods, Current Religion: Mother Rhoyne, Population: 150000, Control: 100, Own Province: False",10.15
"New Religion: Old Gods, Current Religion: Mother Rhoyne, Population: 200000, Control: 85, Own Province: True",10.13
"New Religion: Old Gods, Current Religion: Mother Rhoyne, Population: 200000, Control: 85, Own Province: False",10.12
"New Religion: Old Gods, Current Religion: Mother Rhoyne, Population: 200000, Control: 90, Own Province: True",9.27
"New Religion: Old Gods, Current Religion: Mother Rhoyne, Population: 200000, Control: 90, Own Province: False",10.17
"New Religion: Old Gods, Current Religion: Mother Rhoyne, Population: 200000, Control: 95, Own Province: True",8.55
"New Religion: Old Gods, Current Religion: Mother Rhoyne, Population: 200000, Control: 95, Own Province: False",10.13
"New Religion: Old Gods, Current Religion: Mother Rhoyne, Population: 200000, Control: 100, Own Province: True",7.94
"New Religion: Old Gods, Current Religion: Mother Rhoyne, Population: 200000, Control: 100, Own Province: False",10.11
"New Religion: Old Gods, Current Religion: Mother Rhoyne, Population: 250000, Control: 85, Own Province: True",10.13
"New Religion: Old Gods, Current Religion: Mother Rhoyne, Population: 250000, Control: 85, Own Province: False",10.17
"New Religion: Old Gods, Current Religion: Mother Rhoyne, Population: 250000, Control: 90, Own Province: True",10.1
"New Religion: Old Gods, Current Religion: Mother Rhoyne, Population: 250000, Control: 90, Own Province: False",10.11
"New Religion: Old Gods, Current Religion: Mother Rhoyne, Population: 250000, Control: 95, Own Province: True",9.28
"New Religion: Old Gods, Current Religion: Mother Rhoyne, Population: 250000, Control: 95, Own Province: False",10.2
"New Religion: Old Gods, Current Religion: Mother Rhoyne, Population: 250000, Control: 100, Own Province: True",8.56
"New Religion: Old Gods, Current Religion: Mother Rhoyne, Population: 250000, Control: 100, Own Province: False",10.09
"New Religion: Old Gods, Current Religion: Mother Rhoyne, Population: 300000, Control: 85, Own Province: True",10.14
"New Religion: Old Gods, Current Religion: Mother Rhoyne, Population: 300000, Control: 85, Own Province: False",10.1
"New Religion: Old Gods, Current Religion: Mother Rhoyne, Population: 300000, Control: 90, Own Province: True",10.19
"New Religion: Old Gods, Current Religion: Mother Rhoyne, Population: 300000, Control: 90, Own Province: False",10.18
"New Religion: Old Gods, Current Religion: Mother Rhoyne, Population: 300000, Control: 95, Own Province: True",10.11
"New Religion: Old Gods, Current Religion: Mother Rhoyne, Population: 300000, Control: 95, Own Province: False",10.13
"New Religion: Old Gods, Current Religion: Mother Rhoyne, Population: 300000, Control: 100, Own Province: True",9.32
"New Religion: Old Gods, Current Religion: Mother Rhoyne, Population: 300000, Control: 100, Own Province: False",10.16
"New Religion: Old Gods, Current Religion: Gods of Valyria, Population: 1000, Control: 85, Own Province: True",7.39
"New Religion: Old Gods, Current Religion: Gods of Valyria, Population: 1000, Control: 85, Own Province: False",7.35
"New Religion: Old Gods, Current Religion: Gods of Valyria, Population: 1000, Control: 90, Own Province: True",6.87
"New Religion: Old Gods, Current Religion: Gods of Valyria, Population: 1000, Control: 90, Own Province: False",7.97
"New Religion: Old Gods, Current Religion: Gods of Valyria, Population: 1000, Control: 95, Own Province: True",6.33
"New Religion: Old Gods, Current Religion: Gods of Valyria, Population: 1000, Control: 95, Own Province: False",8.57
"New Religion: Old Gods, Current Religion: Gods of Valyria, Population: 1000, Control: 100, Own Province: True",5.79
"New Religion: Old Gods, Current Religion: Gods of Valyria, Population: 1000, Control: 100, Own Province: False",9.28
"New Religion: Old Gods, Current Religion: Gods of Valyria, Population: 50000, Control: 85, Own Province: True",8.0
"New Religion: Old Gods, Current Religion: Gods of Valyria, Population: 50000, Control: 85, Own Province: False",7.91
"New Religion: Old Gods, Current Religion: Gods of Valyria, Population: 50000, Control: 90, Own Province: True",7.38
"New Religion: Old Gods, Current Religion: Gods of Valyria, Population: 50000, Control: 90, Own Province: False",8.54
"New Religion: Old Gods, Current Religion: Gods of Valyria, Population: 50000, Control: 95, Own Province: True",6.84
"New Religion: Old Gods, Current Religion: Gods of Valyria, Population: 50000, Control: 95, Own Province: False",9.35
"New Religion: Old Gods, Current Religion: Gods of Valyria, Population: 50000, Control: 100, Own Province: True",6.3
"New Religion: Old Gods, Current Religion: Gods of Valyria, Population: 50000, Control: 100, Own Province: False",10.13
"New Religion: Old Gods, Current Religion: Gods of Valyria, Population: 100000, Control: 85, Own Province: True",8.61
"New Religion: Old Gods, Current Religion: Gods of Valyria, Population: 100000, Control: 85, Own Province: False",8.61
"New Religion: Old Gods, Current Religion: Gods of Valyria, Population: 100000, Control: 90, Own Province: True",7.93
"New Religion: Old Gods, Current Religion: Gods of Valyria, Population: 100000, Control: 90, Own Province: False",9.26
"New Religion: Old Gods, Current Religion: Gods of Valyria, Population: 100000, Control: 95, Own Province: True",7.39
"New Religion: Old Gods, Current Religion: Gods of Valyria, Population: 100000, Control: 95, Own Province: False",10.12
"New Religion: Old Gods, Current Religion: Gods of Valyria, Population: 100000, Control: 100, Own Province: True",6.81
"New Religion: Old Gods, Current Religion: Gods of Valyria, Population: 100000, Control: 100, Own Province: False",10.14
"New Religion: Old Gods, Current Religion: Gods of Valyria, Population: 150000, Control: 85, Own Province: True",9.32
"New Religion: Old Gods, Current Religion: Gods of Valyria, Population: 150000, Control: 85, Own Province: False",9.27
"New Religion: Old Gods, Current Religion: Gods of Valyria, Population: 150000, Control: 90, Own Province: True",8.57
"New Religion: Old Gods, Current Religion: Gods of Valyria, Population: 150000, Control: 90, Own Province: False",10.19
"New Religion: Old Gods, Current Religion: Gods of Valyria, Population: 150000, Control: 95, Own Province: True",7.94
"New Religion: Old Gods, Current Religion: Gods of Valyria, Population: 150000, Control: 95, Own Province: False",10.17
"New Religion: Old Gods, Current Religion: Gods of Valyria, Population: 150000, Control: 100, Own Province: True",7.37
"New Religion: Old Gods, Current Religion: Gods of Valyria, Population: 150000, Control: 100, Own Province: False",10.11
"New Religion: Old Gods, Current Religion: Gods of Valyria, Population: 200000, Control: 85, Own Province: True",10.12
"New Religion: Old Gods, Current Religion: Gods of Valyria, Population: 200000, Control: 85, Own Province: False",10.17
"New Religion: Old Gods, Current Religion: Gods of Valyria, Population: 200000, Control: 90, Own Province: True",9.32
"New Religion: Old Gods, Current Religion: Gods of Valyria, Population: 200000, Control: 90, Own Province: False",10.12
"New Religion: Old Gods, Current Religion: Gods of Valyria, Population: 200000, Control: 95, Own Province: True",8.55
"New Religion: Old Gods, Current Religion: Gods of Valyria, Population: 200000, Control: 95, Own Province: False",10.18
"New Religion: Old Gods, Current Religion: Gods of Valyria, Population: 200000, Control: 100, Own Province: True",7.96
"New Religion: Old Gods, Current Religion: Gods of Valyria, Population: 200000, Control: 100, Own Province: False",10.17
"New Religion: Old Gods, Current Religion: Gods of Valyria, Population: 250000, Control: 85, Own Province: True",10.1
"New Religion: Old Gods, Current Religion: Gods of Valyria, Population: 250000, Control: 85, Own Province: False",10.04
"New Religion: Old Gods, Current Religion: Gods of Valyria, Population: 250000, Control: 90, Own Province: True",10.18
"New Religion: Old Gods, Current Religion: Gods of Valyria, Population: 250000, Control: 90, Own Province: False",10.17
"New Religion: Old Gods, Current Religion: Gods of Valyria, Population: 250000, Control: 95, Own Province: True",9.27
"New Religion: Old Gods, Current Religion: Gods of Valyria, Population: 250000, Control: 95, Own Province: False",10.1
"New Religion: Old Gods, Current Religion: Gods of Valyria, Population: 250000, Control: 100, Own Province: True",8.62
"New Religion: Old Gods, Current Religion: Gods of Valyria, Population: 250000, Control: 100, Own Province: False",10.18
"New Religion: Old Gods, Current Religion: Gods of Valyria, Population: 300000, Control: 85, Own Province: True",10.1
"New Religion: Old Gods, Current Religion: Gods of Valyria, Population: 300000, Control: 85, Own Province: False",10.05
"New Religion: Old Gods, Current Religion: Gods of Valyria, Population: 300000, Control: 90, Own Province: True",10.13
"New Religion: Old Gods, Current Religion: Gods of Valyria, Population: 300000, Control: 90, Own Province: False",10.16
"New Religion: Old Gods, Current Religion: Gods of Valyria, Population: 300000, Control: 95, Own Province: True",10.12
"New Religion: Old Gods, Current Religion: Gods of Valyria, Population: 300000, Control: 95, Own Province: False",10.07
"New Religion: Old Gods, Current Religion: Gods of Valyria, Population: 300000, Control: 100, Own Province: True",9.25
"New Religion: Old Gods, Current Religion: Gods of Valyria, Population: 300000, Control: 100, Own Province: False",10.1
"New Religion: Old Gods, Current Religion: R'hllor, Population: 1000, Control: 85, Own Province: True",7.42
"New Religion: Old Gods, Current Religion: R'hllor, Population: 1000, Control: 85, Own Province: False",7.4
"New Religion: Old Gods, Current Religion: R'hllor, Population: 1000, Control: 90, Own Province: True",6.86
"New Religion: Old Gods, Current Religion: R'hllor, Population: 1000, Control: 90, Own Province: False",7.99
"New Religion: Old Gods, Current Religion: R'hllor, Population: 1000, Control: 95, Own Province: True",6.35
"New Religion: Old Gods, Current Religion: R'hllor, Population: 1000, Control: 95, Own Province: False",8.55
"New Religion: Old Gods, Current Religion: R'hllor, Population: 1000, Control: 100, Own Province: True",5.82
"New Religion: Old Gods, Current Religion: R'hllor, Population: 1000, Control: 100, Own Province: False",9.32
"New Religion: Old Gods, Current Religion: R'hllor, Population: 50000, Control: 85, Own Province: True",7.95
"New Religion: Old Gods, Current Religion: R'hllor, Population: 50000, Control: 85, Own Province: False",7.95
"New Religion: Old Gods, Current Religion: R'hllor, Population: 50000, Control: 90, Own Province: True",7.38
"New Religion: Old Gods, Current Religion: R'hllor, Population: 50000, Control: 90, Own Province: False",8.61
"New Religion: Old Gods, Current Religion: R'hllor, Population: 50000, Control: 95, Own Province: True",6.82
"New Religion: Old Gods, Current Religion: R'hllor, Population: 50000, Control: 95, Own Province: False",9.29
"New Religion: Old Gods, Current Religion: R'hllor, Population: 50000, Control: 100, Own Province: True",6.33
"New Religion: Old Gods, Current Religion: R'hllor, Population: 50000, Control: 100, Own Province: False",10.08
"New Religion: Old Gods, Current Religion: R'hllor, Population: 100000, Control: 85, Own Province: True",8.54
"New Religion: Old Gods, Current Religion: R'hllor, Population: 100000, Control: 85, Own Province: False",8.57
"New Religion: Old Gods, Current Religion: R'hllor, Population: 100000, Control: 90, Own Province: True",7.92
"New Religion: Old Gods, Current Religion: R'hllor, Population: 100000, Control: 90, Own Province: False",9.32
"New Religion: Old Gods, Current Religion: R'hllor, Population: 100000, Control: 95, Own Province: True",7.39
"New Religion: Old Gods, Current Religion: R'hllor, Population: 100000, Control: 95, Own Province: False",10.06
"New Religion: Old Gods, Current Religion: R'hllor, Population: 100000, Control: 100, Own Province: True",6.84
"New Religion: Old Gods, Current Religion: R'hllor, Population: 100000, Control: 100, Own Province: False",10.12
"New Religion: Old Gods, Current Religion: R'hllor, Population: 150000, Control: 85, Own Province: True",9.29
"New Religion: Old Gods, Current Religion: R'hllor, Population: 150000, Control: 85, Own Province: False",9.36
"New Religion: Old Gods, Current Religion: R'hllor, Population: 150000, Control: 90, Own Province: True",8.59
"New Religion: Old Gods, Current Religion: R'hllor, Population: 150000, Control: 90, Own Province: False",10.12
"New Religion: Old Gods, Current Religion: R'hllor, Population: 150000, Control: 95, Own Province: True",7.98
"New Religion: Old Gods, Current Religion: R'hllor, Population: 150000, Control: 95, Own Province: False",10.19
"New Religion: Old Gods, Current Religion: R'hllor, Population: 150000, Control: 100, Own Province: True",7.41
"New Religion: Old Gods, Current Religion: R'hllor, Population: 150000, Control: 100, Own Province: False",10.17
"New Religion: Old Gods, Current Religion: R'hllor, Population: 200000, Control: 85, Own Province: True",10.18
"New Religion: Old Gods, Current Religion: R'hllor, Population: 200000, Control: 85, Own Province: False",10.12
"New Religion: Old Gods, Current Religion: R'hllor, Population: 200000, Control: 90, Own Province: True",9.29
"New Religion: Old Gods, Current Religion: R'hllor, Population: 200000, Control: 90, Own Province: False",10.12
"New Religion: Old Gods, Current Religion: R'hllor, Population: 200000, Control: 95, Own Province: True",8.57
"New Religion: Old Gods, Current Religion: R'hllor, Population: 200000, Control: 95, Own Province: False",10.07
"New Religion: Old Gods, Current Religion: R'hllor, Population: 200000, Control: 100, Own Province: True",8.01
"New Religion: Old Gods, Current Religion: R'hllor, Population: 200000, Control: 100, Own Province: False",10.11
"New Religion: Old Gods, Current Religion: R'hllor, Population: 250000, Control: 85, Own Province: True",10.15
"New Religion: Old Gods, Current Religion: R'hllor, Population: 250000, Control: 85, Own Province: False",10.04
"New Religion: Old Gods, Current Religion: R'hllor, Population: 250000, Control: 90, Own Province: True",10.08
"New Religion: Old Gods, Current Religion: R'hllor, Population: 250000, Control: 90, Own Province: False",10.18
"New Religion: Old Gods, Current Religion: R'hllor, Population: 250000, Control: 95, Own Province: True",9.3
"New Religion: Old Gods, Current Religion: R'hllor, Population: 250000, Control: 95, Own Province: False",10.14
"New Religion: Old Gods, Current Religion: R'hllor, Population: 250000, Control: 100, Own Province: True",8.61
"New Religion: Old Gods, Current Religion: R'hllor, Population: 250000, Control: 100, Own Province: False",10.12
"New Religion: Old Gods, Current Religion: R'hllor, Population: 300000, Control: 85, Own Province: True",10.19
"New Religion: Old Gods, Current Religion: R'hllor, Population: 300000, Control: 85, Own Province: False",10.07
"New Religion: Old Gods, Current Religion: R'hllor, Population: 300000, Control: 90, Own Province: True",10.14
"New Religion: Old Gods, Current Religion: R'hllor, Population: 300000, Control: 90, Own Province: False",10.09
"New Religion: Old Gods, Current Religion: R'hllor, Population: 300000, Control: 95, Own Province: True",10.12
"New Religion: Old Gods, Current Religion: R'hllor, Population: 300000, Control: 95, Own Province: False",10.14
"New Religion: Old Gods, Current Religion: R'hllor, Population: 300000, Control: 100, Own Province: True",9.33
"New Religion: Old Gods, Current Religion: R'hllor, Population: 300000, Control: 100, Own Province: False",10.12
"New Religion: Skagosi Old Gods, Current Religion: Faith of the Seven, Population: 1000, Control: 85, Own Province: True",10.06
"New Religion: Skagosi Old Gods, Current Religion: Faith of the Seven, Population: 1000, Control: 85, Own Province: False",10.1
"New Religion: Skagosi Old Gods, Current Religion: Faith of the Seven, Population: 1000, Control: 90, Own Province: True",10.1
"New Religion: Skagosi Old Gods, Current Religion: Faith of the Seven, Population: 1000, Control: 90, Own Province: False",10.16
"New Religion: Skagosi Old Gods, Current Religion: Faith of the Seven, Population: 1000, Control: 95, Own Province: True",10.12
"New Religion: Skagosi Old Gods, Current Religion: Faith of the Seven, Population: 1000, Control: 95, Own Province: False",10.11
"New Religion: Skagosi Old Gods, Current Religion: Faith of the Seven, Population: 1000, Control: 100, Own Province: True",9.22
"New Religion: Skagosi Old Gods, Current Religion: Faith of the Seven, Population: 1000, Control: 100, Own Province: False",10.2
"New Religion: Skagosi Old Gods, Current Religion: Faith of the Seven, Population: 50000, Control: 85, Own Province: True",10.16
"New Religion: Skagosi Old Gods, Current Religion: Faith of the Seven, Population: 50000, Control: 85, Own Province: False",10.19
"New Religion: Skagosi Old Gods, Current Religion: Faith of the Seven, Population: 50000, Control: 90, Own Province: True",10.13
"New Religion: Skagosi Old Gods, Current Religion: Faith of the Seven, Population: 50000, Control: 90, Own Province: False",10.12
"New Religion: Skagosi Old Gods, Current Religion: Faith of the Seven, Population: 50000, Control: 95, Own Province: True",10.12
"New Religion: Skagosi Old Gods, Current Religion: Faith of the Seven, Population: 50000, Control: 95, Own Province: False",10.14
"New Religion: Skagosi Old Gods, Current Religion: Faith of the Seven, Population: 50000, Control: 100, Own Province: True",10.14
"New Religion: Skagosi Old Gods, Current Religion: Faith of the Seven, Population: 50000, Control: 100, Own Province: False",10.16
"New Religion: Skagosi Old Gods, Current Religion: Faith of the Seven, Population: 100000, Control: 85, Own Province: True",10.03
"New Religion: Skagosi Old Gods, Current Religion: Faith of the Seven, Population: 100000, Control: 85, Own Province: False",10.16
"New Religion: Skagosi Old Gods, Current Religion: Faith of the Seven, Population: 100000, Control: 90, Own Province: True",10.08
"New Religion: Skagosi Old Gods, Current Religion: Faith of the Seven, Population: 100000, Control: 90, Own Province: False",10.12
"New Religion: Skagosi Old Gods, Current Religion: Faith of the Seven, Population: 100000, Control: 95, Own Province: True",10.07
"New Religion: Skagosi Old Gods, Current Religion: Faith of the Seven, Population: 100000, Control: 95, Own Province: False",10.11
"New Religion: Skagosi Old Gods, Current Religion: Faith of the Seven, Population: 100000, Control: 100, Own Province: True",10.12
"New Religion: Skagosi Old Gods, Current Religion: Faith of the Seven, Population: 100000, Control: 100, Own Province: False",10.1
"New Religion: Skagosi Old Gods, Current Religion: Faith of the Seven, Population: 150000, Control: 85, Own Province: True",10.17
"New Religion: Skagosi Old Gods, Current Religion: Faith of the Seven, Population: 150000, Control: 85, Own Province: False",10.12
"New Religion: Skagosi Old Gods, Current Religion: Faith of the Seven, Population: 150000, Control: 90, Own Province: True",10.16
"New Religion: Skagosi Old Gods, Current Religion: Faith of the Seven, Population: 150000, Control: 90, Own Province: False",10.14
"New Religion: Skagosi Old Gods, Current Religion: Faith of the Seven, Population: 150000, Control: 95, Own Province: True",10.06
"New Religion: Skagosi Old Gods, Current Religion: Faith of the Seven, Population: 150000, Control: 95, Own Province: False",10.15
"New Religion: Skagosi Old Gods, Current Religion: Faith of the Seven, Population: 150000, Control: 100, Own Province: True",10.08
"New Religion: Skagosi Old Gods, Current Religion: Faith of the Seven, Population: 150000, Control: 100, Own Province: False",10.08
"New Religion: Skagosi Old Gods, Current Religion: Faith of the Seven, Population: 200000, Control: 85, Own Province: True",10.13
"New Religion: Skagosi Old Gods, Current Religion: Faith of the Seven, Population: 200000, Control: 85, Own Province: False",10.13
"New Religion: Skagosi Old Gods, Current Religion: Faith of the Seven, Population: 200000, Control: 90, Own Province: True",10.15
"New Religion: Skagosi Old Gods, Current Religion: Faith of the Seven, Population: 200000, Control: 90, Own Province: False",10.11
"New Religion: Skagosi Old Gods, Current Religion: Faith of the Seven, Population: 200000, Control: 95, Own Province: True",10.14
"New Religion: Skagosi Old Gods, Current Religion: Faith of the Seven, Population: 200000, Control: 95, Own Province: False",10.08
"New Religion: Skagosi Old Gods, Current Religion: Faith of the Seven, Population: 200000, Control: 100, Own Province: True",10.14
"New Religion: Skagosi Old Gods, Current Religion: Faith of the Seven, Population: 200000, Control: 100, Own Province: False",10.07
"New Religion: Skagosi Old Gods, Current Religion: Faith of the Seven, Population: 250000, Control: 85, Own Province: True",10.15
"New Religion: Skagosi Old Gods, Current Religion: Faith of the Seven, Population: 250000, Control: 85, Own Province: False",10.13
"New Religion: Skagosi Old Gods, Current Religion: Faith of the Seven, Population: 250000, Control: 90, Own Province: True",10.15
"New Religion: Skagosi Old Gods, Current Religion: Faith of the Seven, Population: 250000, Control: 90, Own Province: False",10.12
"New Religion: Skagosi Old Gods, Current Religion: Faith of the Seven, Population: 250000, Control: 95, Own Province: True",10.1
"New Religion: Skagosi Old Gods, Current Religion: Faith of the Seven, Population: 250000, Control: 95, Own Province: False",10.15
"New Religion: Skagosi Old Gods, Current Religion: Faith of the Seven, Population: 250000, Control: 100, Own Province: True",10.15
"New Religion: Skagosi Old Gods, Current Religion: Faith of the Seven, Population: 250000, Control: 100, Own Province: False",10.13
"New Religion: Skagosi Old Gods, Current Religion: Faith of the Seven, Population: 300000, Control: 85, Own Province: True",10.12
"New Religion: Skagosi Old Gods, Current Religion: Faith of the Seven, Population: 300000, Control: 85, Own Province: False",10.11
"New Religion: Skagosi Old Gods, Current Religion: Faith of the Seven, Population: 300000, Control: 90, Own Province: True",10.12
"New Religion: Skagosi Old Gods, Current Religion: Faith of the Seven, Population: 300000, Control: 90, Own Province: False",10.1
"New Religion: Skagosi Old Gods, Current Religion: Faith of the Seven, Population: 300000, Control: 95, Own Province: True",10.11
"New Religion: Skagosi Old Gods, Current Religion: Faith of the Seven, Population: 300000, Control: 95, Own Province: False",10.14
"New Religion: Skagosi Old Gods, Current Religion: Faith of the Seven, Population: 300000, Control: 100, Own Province: True",10.16
"New Religion: Skagosi Old Gods, Current Religion: Faith of the Seven, Population: 300000, Control: 100, Own Province: False",10.07
"New Religion: Skagosi Old Gods, Current Religion: Old Gods, Population: 1000, Control: 85, Own Province: True",10.21
"New Religion: Skagosi Old Gods, Current Religion: Old Gods, Population: 1000, Control: 85, Own Province: False",10.11
"New Religion: Skagosi Old Gods, Current Religion: Old Gods, Population: 1000, Control: 90, Own Province: True",10.11
"New Religion: Skagosi Old Gods, Current Religion: Old Gods, Population: 1000, Control: 90, Own Province: False",10.1
"New Religion: Skagosi Old Gods, Current Religion: Old Gods, Population: 1000, Control: 95, Own Province: True",9.25
"New Religion: Skagosi Old Gods, Current Religion: Old Gods, Population: 1000, Control: 95, Own Province: False",10.14
"New Religion: Skagosi Old Gods, Current Religion: Old Gods, Population: 1000, Control: 100, Own Province: True",8.58
"New Religion: Skagosi Old Gods, Current Religion: Old Gods, Population: 1000, Control: 100, Own Province: False",10.13
"New Religion: Skagosi Old Gods, Current Religion: Old Gods, Population: 50000, Control: 85, Own Province: True",10.1
"New Religion: Skagosi Old Gods, Current Religion: Old Gods, Population: 50000, Control: 85, Own Province: False",10.17
"New Religion: Skagosi Old Gods, Current Religion: Old Gods, Population: 50000, Control: 90, Own Province: True",10.12
"New Religion: Skagosi Old Gods, Current Religion: Old Gods, Population: 50000, Control: 90, Own Province: False",10.12
"New Religion: Skagosi Old Gods, Current Religion: Old Gods, Population: 50000, Control: 95, Own Province: True",10.22
"New Religion: Skagosi Old Gods, Current Religion: Old Gods, Population: 50000, Control: 95, Own Province: False",10.1
"New Religion: Skagosi Old Gods, Current Religion: Old Gods, Population: 50000, Control: 100, Own Province: True",9.32
"New Religion: Skagosi Old Gods, Current Religion: Old Gods, Population: 50000, Control: 100, Own Province: False",10.17
"New Religion: Skagosi Old Gods, Current Religion: Old Gods, Population: 100000, Control: 85, Own Province: True",10.13
"New Religion: Skagosi Old Gods, Current Religion: Old Gods, Population: 100000, Control: 85, Own Province: False",10.17
"New Religion: Skagosi Old Gods, Current Religion: Old Gods, Population: 100000, Control: 90, Own Province: True",10.16
"New Religion: Skagosi Old Gods, Current Religion: Old Gods, Population: 100000, Control: 90, Own Province: False",10.16
"New Religion: Skagosi Old Gods, Current Religion: Old Gods, Population: 100000, Control: 95, Own Province: True",10.05
"New Religion: Skagosi Old Gods, Current Religion: Old Gods, Population: 100000, Control: 95, Own Province: False",10.11
"New Religion: Skagosi Old Gods, Current Religion: Old Gods, Population: 100000, Control: 100, Own Province: True",10.13
"New Religion: Skagosi Old Gods, Current Religion: Old Gods, Population: 100000, Control: 100, Own Province: False",10.15
"New Religion: Skagosi Old Gods, Current Religion: Old Gods, Population: 150000, Control: 85, Own Province: True",10.16
"New Religion: Skagosi Old Gods, Current Religion: Old Gods, Population: 150000, Control: 85, Own Province: False",10.08
"New Religion: Skagosi Old Gods, Current Religion: Old Gods, Population: 150000, Control: 90, Own Province: True",10.14
"New Religion: Skagosi Old Gods, Current Religion: Old Gods, Population: 150000, Control: 90, Own Province: False",10.14
"New Religion: Skagosi Old Gods, Current Religion: Old Gods, Population: 150000, Control: 95, Own Province: True",10.08
"New Religion: Skagosi Old Gods, Current Religion: Old Gods, Population: 150000, Control: 95, Own Province: False",10.13
"New Religion: Skagosi Old Gods, Current Religion: Old Gods, Population: 150000, Control: 100, Own Province: True",10.08
"New Religion: Skagosi Old Gods, Current Religion: Old Gods, Population: 150000, Control: 100, Own Province: False",10.17
"New Religion: Skagosi Old Gods, Current Religion: Old Gods, Population: 200000, Control: 85, Own Province: True",10.14
"New Religion: Skagosi Old Gods, Current Religion: Old Gods, Population: 200000, Control: 85, Own Province: False",10.04
"New Religion: Skagosi Old Gods, Current Religion: Old Gods, Population: 200000, Control: 90, Own Province: True",10.14
"New Religion: Skagosi Old Gods, Current Religion: Old Gods, Population: 200000, Control: 90, Own Province: False",10.15
"New Religion: Skagosi Old Gods, Current Religion: Old Gods, Population: 200000, Control: 95, Own Province: True",10.09
"New Religion: Skagosi Old Gods, Current Religion: Old Gods, Population: 200000, Control: 95, Own Province: False",10.06
"New Religion: Skagosi Old Gods, Current Religion: Old Gods, Population: 200000, Control: 100, Own Province: True",10.09
"New Religion: Skagosi Old Gods, Current Religion: Old Gods, Population: 200000, Control: 100, Own Province: False",10.1
"New Religion: Skagosi Old Gods, Current Religion: Old Gods, Population: 250000, Control: 85, Own Province: True",10.1
"New Religion: Skagosi Old Gods, Current Religion: Old Gods, Population: 250000, Control: 85, Own Province: False",10.11
"New Religion: Skagosi Old Gods, Current Religion: Old Gods, Population: 250000, Control: 90, Own Province: True",10.16
"New Religion: Skagosi Old Gods, Current Religion: Old Gods, Population: 250000, Control: 90, Own Province: False",10.12
"New Religion: Skagosi Old Gods, Current Religion: Old Gods, Population: 250000, Control: 95, Own Province: True",10.11
"New Religion: Skagosi Old Gods, Current Religion: Old Gods, Population: 250000, Control: 95, Own Province: False",10.11
"New Religion: Skagosi Old Gods, Current Religion: Old Gods, Population: 250000, Control: 100, Own Province: True",10.12
"New Religion: Skagosi Old Gods, Current Religion: Old Gods, Population: 250000, Control: 100, Own Province: False",10.16
"New Religion: Skagosi Old Gods, Current Religion: Old Gods, Population: 300000, Control: 85, Own Province: True",10.14
"New Religion: Skagosi Old Gods, Current Religion: Old Gods, Population: 300000, Control: 85, Own Province: False",10.16
"New Religion: Skagosi Old Gods, Current Religion: Old Gods, Population: 300000, Control: 90, Own Province: True",10.2
"New Religion: Skagosi Old Gods, Current Religion: Old Gods, Population: 300000, Control: 90, Own Province: False",10.17
"New Religion: Skagosi Old Gods, Current Religion: Old Gods, Population: 300000, Control: 95, Own Province: True",10.15
"New Religion: Skagosi Old Gods, Current Religion: Old Gods, Population: 300000, Control: 95, Own Province: False",10.21
"New Religion: Skagosi Old Gods, Current Religion: Old Gods, Population: 300000, Control: 100, Own Province: True",10.13
"New Religion: Skagosi Old Gods, Current Religion: Old Gods, Population: 300000, Control: 100, Own Province: False",10.08
"New Religion: Skagosi Old Gods, Current Religion: DrownedGod, Population: 1000, Control: 85, Own Province: True",10.22
"New Religion: Skagosi Old Gods, Current Religion: DrownedGod, Population: 1000, Control: 85, Own Province: False",10.17
"New Religion: Skagosi Old Gods, Current Religion: DrownedGod, Population: 1000, Control: 90, Own Province: True",10.18
"New Religion: Skagosi Old Gods, Current Religion: DrownedGod, Population: 1000, Control: 90, Own Province: False",10.11
"New Religion: Skagosi Old Gods, Current Religion: DrownedGod, Population: 1000, Control: 95, Own Province: True",10.01
"New Religion: Skagosi Old Gods, Current Religion: DrownedGod, Population: 1000, Control: 95, Own Province: False",10.13
"New Religion: Skagosi Old Gods, Current Religion: DrownedGod, Population: 1000, Control: 100, Own Province: True",10.13
"New Religion: Skagosi Old Gods, Current Religion: DrownedGod, Population: 1000, Control: 100, Own Province: False",10.09
"New Religion: Skagosi Old Gods, Current Religion: DrownedGod, Population: 50000, Control: 85, Own Province: True",10.19
"New Religion: Skagosi Old Gods, Current Religion: DrownedGod, Population: 50000, Control: 85, Own Province: False",10.11
"New Religion: Skagosi Old Gods, Current Religion: DrownedGod, Population: 50000, Control: 90, Own Province: True",10.11
"New Religion: Skagosi Old Gods, Current Religion: DrownedGod, Population: 50000, Control: 90, Own Province: False",10.12
"New Religion: Skagosi Old Gods, Current Religion: DrownedGod, Population: 50000, Control: 95, Own Province: True",10.12
"New Religion: Skagosi Old Gods, Current Religion: DrownedGod, Population: 50000, Control: 95, Own Province: False",10.15
"New Religion: Skagosi Old Gods, Current Religion: DrownedGod, Population: 50000, Control: 100, Own Province: True",10.15
"New Religion: Skagosi Old Gods, Current Religion: DrownedGod, Population: 50000, Control: 100, Own Province: False",10.15
"New Religion: Skagosi Old Gods, Current Religion: DrownedGod, Population: 100000, Control: 85, Own Province: True",10.16
"New Religion: Skagosi Old Gods, Current Religion: DrownedGod, Population: 100000, Control: 85, Own Province: False",10.1
"New Religion: Skagosi Old Gods, Current Religion: DrownedGod, Population: 100000, Control: 90, Own Province: True",10.18
"New Religion: Skagosi Old Gods, Current Religion: DrownedGod, Population: 100000, Control: 90, Own Province: False",10.08
"New Religion: Skagosi Old Gods, Current Religion: DrownedGod, Population: 100000, Control: 95, Own Province: True",10.12
"New Religion: Skagosi Old Gods, Current Religion: DrownedGod, Population: 100000, Control: 95, Own Province: False",10.09
"New Religion: Skagosi Old Gods, Current Religion: DrownedGod, Population: 100000, Control: 100, Own Province: True",10.14
"New Religion: Skagosi Old Gods, Current Religion: DrownedGod, Population: 100000, Control: 100, Own Province: False",10.11
"New Religion: Skagosi Old Gods, Current Religion: DrownedGod, Population: 150000, Control: 85, Own Province: True",10.19
"New Religion: Skagosi Old Gods, Current Religion: DrownedGod, Population: 150000, Control: 85, Own Province: False",10.14
"New Religion: Skagosi Old Gods, Current Religion: DrownedGod, Population: 150000, Control: 90, Own Province: True",10.21
"New Religion: Skagosi Old Gods, Current Religion: DrownedGod, Population: 150000, Control: 90, Own Province: False",10.12
"New Religion: Skagosi Old Gods, Current Religion: DrownedGod, Population: 150000, Control: 95, Own Province: True",10.15
"New Religion: Skagosi Old Gods, Current Religion: DrownedGod, Population: 150000, Control: 95, Own Province: False",10.18
"New Religion: Skagosi Old Gods, Current Religion: DrownedGod, Population: 150000, Control: 100, Own Province: True",10.09
"New Religion: Skagosi Old Gods, Current Religion: DrownedGod, Population: 150000, Control: 100, Own Province: False",10.11
"New Religion: Skagosi Old Gods, Current Religion: DrownedGod, Population: 200000, Control: 85, Own Province: True",10.08
"New Religion: Skagosi Old Gods, Current Religion: DrownedGod, Population: 200000, Control: 85, Own Province: False",10.07
"New Religion: Skagosi Old Gods, Current Religion: DrownedGod, Population: 200000, Control: 90, Own Province: True",10.12
"New Religion: Skagosi Old Gods, Current Religion: DrownedGod, Population: 200000, Control: 90, Own Province: False",10.11
"New Religion: Skagosi Old Gods, Current Religion: DrownedGod, Population: 200000, Control: 95, Own Province: True",10.19
"New Religion: Skagosi Old Gods, Current Religion: DrownedGod, Population: 200000, Control: 95, Own Province: False",10.18
"New Religion: Skagosi Old Gods, Current Religion: DrownedGod, Population: 200000, Control: 100, Own Province: True",10.12
"New Religion: Skagosi Old Gods, Current Religion: DrownedGod, Population: 200000, Control: 100, Own Province: False",10.15
"New Religion: Skagosi Old Gods, Current Religion: DrownedGod, Population: 250000, Control: 85, Own Province: True",10.15
"New Religion: Skagosi Old Gods, Current Religion: DrownedGod, Population: 250000, Control: 85, Own Province: False",10.12
"New Religion: Skagosi Old Gods, Current Religion: DrownedGod, Population: 250000, Control: 90, Own Province: True",10.12
"New Religion: Skagosi Old Gods, Current Religion: DrownedGod, Population: 250000, Control: 90, Own Province: False",10.16
"New Religion: Skagosi Old Gods, Current Religion: DrownedGod, Population: 250000, Control: 95, Own Province: True",10.12
"New Religion: Skagosi Old Gods, Current Religion: DrownedGod, Population: 250000, Control: 95, Own Province: False",10.15
"New Religion: Skagosi Old Gods, Current Religion: DrownedGod, Population: 250000, Control: 100, Own Province: True",10.11
"New Religion: Skagosi Old Gods, Current Religion: DrownedGod, Population: 250000, Control: 100, Own Province: False",10.17
"New Religion: Skagosi Old Gods, Current Religion: DrownedGod, Population: 300000, Control: 85, Own Province: True",10.13
"New Religion: Skagosi Old Gods, Current Religion: DrownedGod, Population: 300000, Control: 85, Own Province: False",10.1
"New Religion: Skagosi Old Gods, Current Religion: DrownedGod, Population: 300000, Control: 90, Own Province: True",10.18
"New Religion: Skagosi Old Gods, Current Religion: DrownedGod, Population: 300000, Control: 90, Own Province: False",10.11
"New Religion: Skagosi Old Gods, Current Religion: DrownedGod, Population: 300000, Control: 95, Own Province: True",10.13
"New Religion: Skagosi Old Gods, Current Religion: DrownedGod, Population: 300000, Control: 95, Own Province: False",10.17
"New Religion: Skagosi Old Gods, Current Religion: DrownedGod, Population: 300000, Control: 100, Own Province: True",10.11
"New Religion: Skagosi Old Gods, Current Religion: DrownedGod, Population: 300000, Control: 100, Own Province: False",10.05
"New Religion: Skagosi Old Gods, Current Religion: DrownedGodII, Population: 1000, Control: 85, Own Province: True",10.16
"New Religion: Skagosi Old Gods, Current Religion: DrownedGodII, Population: 1000, Control: 85, Own Province: False",10.15
"New Religion: Skagosi Old Gods, Current Religion: DrownedGodII, Population: 1000, Control: 90, Own Province: True",10.09
"New Religion: Skagosi Old Gods, Current Religion: DrownedGodII, Population: 1000, Control: 90, Own Province: False",10.13
"New Religion: Skagosi Old Gods, Current Religion: DrownedGodII, Population: 1000, Control: 95, Own Province: True",10.12
"New Religion: Skagosi Old Gods, Current Religion: DrownedGodII, Population: 1000, Control: 95, Own Province: False",10.13
"New Religion: Skagosi Old Gods, Current Religion: DrownedGodII, Population: 1000, Control: 100, Own Province: True",9.3
"New Religion: Skagosi Old Gods, Current Religion: DrownedGodII, Population: 1000, Control: 100, Own Province: False",10.06
"New Religion: Skagosi Old Gods, Current Religion: DrownedGodII, Population: 50000, Control: 85, Own Province: True",10.16
"New Religion: Skagosi Old Gods, Current Religion: DrownedGodII, Population: 50000, Control: 85, Own Province: False",10.15
"New Religion: Skagosi Old Gods, Current Religion: DrownedGodII, Population: 50000, Control: 90, Own Province: True",10.12
"New Religion: Skagosi Old Gods, Current Religion: DrownedGodII, Population: 50000, Control: 90, Own Province: False",10.1
"New Religion: Skagosi Old Gods, Current Religion: DrownedGodII, Population: 50000, Control: 95, Own Province: True",10.12
"New Religion: Skagosi Old Gods, Current Religion: DrownedGodII, Population: 50000, Control: 95, Own Province: False",10.11
"New Religion: Skagosi Old Gods, Current Religion: DrownedGodII, Population: 50000, Control: 100, Own Province: True",10.14
"New Religion: Skagosi Old Gods, Current Religion: DrownedGodII, Population: 50000, Control: 100, Own Province: False",10.08
"New Religion: Skagosi Old Gods, Current Religion: DrownedGodII, Population: 100000, Control: 85, Own Province: True",10.13
"New Religion: Skagosi Old Gods, Current Religion: DrownedGodII, Population: 100000, Control: 85, Own Province: False",10.07
"New Religion: Skagosi Old Gods, Current Religion: DrownedGodII, Population: 100000, Control: 90, Own Province: True",10.16
"New Religion: Skagosi Old Gods, Current Religion: DrownedGodII, Population: 100000, Control: 90, Own Province: False",10.1
"New Religion: Skagosi Old Gods, Current Religion: DrownedGodII, Population: 100000, Control: 95, Own Province: True",10.12
"New Religion: Skagosi Old Gods, Current Religion: DrownedGodII, Population: 100000, Control: 95, Own Province: False",10.13
"New Religion: Skagosi Old Gods, Current Religion: DrownedGodII, Population: 100000, Control: 100, Own Province: True",10.08
"New Religion: Skagosi Old Gods, Current Religion: DrownedGodII, Population: 100000, Control: 100, Own Province: False",10.0
"New Religion: Skagosi Old Gods, Current Religion: DrownedGodII, Population: 150000, Control: 85, Own Province: True",10.12
"New Religion: Skagosi Old Gods, Current Religion: DrownedGodII, Population: 150000, Control: 85, Own Province: False",10.11
"New Religion: Skagosi Old Gods, Current Religion: DrownedGodII, Population: 150000, Control: 90, Own Province: True",10.08
"New Religion: Skagosi Old Gods, Current Religion: DrownedGodII, Population: 150000, Control: 90, Own Province: False",10.11
"New Religion: Skagosi Old Gods, Current Religion: DrownedGodII, Population: 150000, Control: 95, Own Province: True",10.11
"New Religion: Skagosi Old Gods, Current Religion: DrownedGodII, Population: 150000, Control: 95, Own Province: False",10.11
"New Religion: Skagosi Old Gods, Current Religion: DrownedGodII, Population: 150000, Control: 100, Own Province: True",10.15
"New Religion: Skagosi Old Gods, Current Religion: DrownedGodII, Population: 150000, Control: 100, Own Province: False",10.19
"New Religion: Skagosi Old Gods, Current Religion: DrownedGodII, Population: 200000, Control: 85, Own Province: True",10.19
"New Religion: Skagosi Old Gods, Current Religion: DrownedGodII, Population: 200000, Control: 85, Own Province: False",10.15
"New Religion: Skagosi Old Gods, Current Religion: DrownedGodII, Population: 200000, Control: 90, Own Province: True",10.18
"New Religion: Skagosi Old Gods, Current Religion: DrownedGodII, Population: 200000, Control: 90, Own Province: False",10.08
"New Religion: Skagosi Old Gods, Current Religion: DrownedGodII, Population: 200000, Control: 95, Own Province: True",10.1
"New Religion: Skagosi Old Gods, Current Religion: DrownedGodII, Population: 200000, Control: 95, Own Province: False",10.14
"New Religion: Skagosi Old Gods, Current Religion: DrownedGodII, Population: 200000, Control: 100, Own Province: True",10.18
"New Religion: Skagosi Old Gods, Current Religion: DrownedGodII, Population: 200000, Control: 100, Own Province: False",10.08
"New Religion: Skagosi Old Gods, Current Religion: DrownedGodII, Population: 250000, Control: 85, Own Province: True",10.1
"New Religion: Skagosi Old Gods, Current Religion: DrownedGodII, Population: 250000, Control: 85, Own Province: False",10.15
"New Religion: Skagosi Old Gods, Current Religion: DrownedGodII, Population: 250000, Control: 90, Own Province: True",10.2
"New Religion: Skagosi Old Gods, Current Religion: DrownedGodII, Population: 250000, Control: 90, Own Province: False",10.11
"New Religion: Skagosi Old Gods, Current Religion: DrownedGodII, Population: 250000, Control: 95, Own Province: True",10.09
"New Religion: Skagosi Old Gods, Current Religion: DrownedGodII, Population: 250000, Control: 95, Own Province: False",10.07
"New Religion: Skagosi Old Gods, Current Religion: DrownedGodII, Population: 250000, Control: 100, Own Province: True",10.14
"New Religion: Skagosi Old Gods, Current Religion: DrownedGodII, Population: 250000, Control: 100, Own Province: False",10.14
"New Religion: Skagosi Old Gods, Current Religion: DrownedGodII, Population: 300000, Control: 85, Own Province: True",10.2
"New Religion: Skagosi Old Gods, Current Religion: DrownedGodII, Population: 300000, Control: 85, Own Province: False",10.13
"New Religion: Skagosi Old Gods, Current Religion: DrownedGodII, Population: 300000, Control: 90, Own Province: True",10.17
"New Religion: Skagosi Old Gods, Current Religion: DrownedGodII, Population: 300000, Control: 90, Own Province: False",10.21
"New Religion: Skagosi Old Gods, Current Religion: DrownedGodII, Population: 300000, Control: 95, Own Province: True",10.19
"New Religion: Skagosi Old Gods, Current Religion: DrownedGodII, Population: 300000, Control: 95, Own Province: False",10.13
"New Religion: Skagosi Old Gods, Current Religion: DrownedGodII, Population: 300000, Control: 100, Own Province: True",10.18
"New Religion: Skagosi Old Gods, Current Religion: DrownedGodII, Population: 300000, Control: 100, Own Province: False",10.1
"New Religion: Skagosi Old Gods, Current Religion: Mother Rhoyne, Population: 1000, Control: 85, Own Province: True",10.18
"New Religion: Skagosi Old Gods, Current Religion: Mother Rhoyne, Population: 1000, Control: 85, Own Province: False",10.07
"New Religion: Skagosi Old Gods, Current Religion: Mother Rhoyne, Population: 1000, Control: 90, Own Province: True",10.21
"New Religion: Skagosi Old Gods, Current Religion: Mother Rhoyne, Population: 1000, Control: 90, Own Province: False",10.1
"New Religion: Skagosi Old Gods, Current Religion: Mother Rhoyne, Population: 1000, Control: 95, Own Province: True",10.15
"New Religion: Skagosi Old Gods, Current Religion: Mother Rhoyne, Population: 1000, Control: 95, Own Province: False",10.13
"New Religion: Skagosi Old Gods, Current Religion: Mother Rhoyne, Population: 1000, Control: 100, Own Province: True",9.21
"New Religion: Skagosi Old Gods, Current Religion: Mother Rhoyne, Population: 1000, Control: 100, Own Province: False",10.01
"New Religion: Skagosi Old Gods, Current Religion: Mother Rhoyne, Population: 50000, Control: 85, Own Province: True",10.08
"New Religion: Skagosi Old Gods, Current Religion: Mother Rhoyne, Population: 50000, Control: 85, Own Province: False",10.14
"New Religion: Skagosi Old Gods, Current Religion: Mother Rhoyne, Population: 50000, Control: 90, Own Province: True",10.13
"New Religion: Skagosi Old Gods, Current Religion: Mother Rhoyne, Population: 50000, Control: 90, Own Province: False",10.12
"New Religion: Skagosi Old Gods, Current Religion: Mother Rhoyne, Population: 50000, Control: 95, Own Province: True",10.16
"New Religion: Skagosi Old Gods, Current Religion: Mother Rhoyne, Population: 50000, Control: 95, Own Province: False",10.12
"New Religion: Skagosi Old Gods, Current Religion: Mother Rhoyne, Population: 50000, Control: 100, Own Province: True",10.09
"New Religion: Skagosi Old Gods, Current Religion: Mother Rhoyne, Population: 50000, Control: 100, Own Province: False",10.12
"New Religion: Skagosi Old Gods, Current Religion: Mother Rhoyne, Population: 100000, Control: 85, Own Province: True",10.09
"New Religion: Skagosi Old Gods, Current Religion: Mother Rhoyne, Population: 100000, Control: 85, Own Province: False",10.14
"New Religion: Skagosi Old Gods, Current Religion: Mother Rhoyne, Population: 100000, Control: 90, Own Province: True",10.12
"New Religion: Skagosi Old Gods, Current Religion: Mother Rhoyne, Population: 100000, Control: 90, Own Province: False",10.06
"New Religion: Skagosi Old Gods, Current Religion: Mother Rhoyne, Population: 100000, Control: 95, Own Province: True",10.17
"New Religion: Skagosi Old Gods, Current Religion: Mother Rhoyne, Population: 100000, Control: 95, Own Province: False",10.12
"New Religion: Skagosi Old Gods, Current Religion: Mother Rhoyne, Population: 100000, Control: 100, Own Province: True",10.1
"New Religion: Skagosi Old Gods, Current Religion: Mother Rhoyne, Population: 100000, Control: 100, Own Province: False",10.14
"New Religion: Skagosi Old Gods, Current Religion: Mother Rhoyne, Population: 150000, Control: 85, Own Province: True",10.13
"New Religion: Skagosi Old Gods, Current Religion: Mother Rhoyne, Population: 150000, Control: 85, Own Province: False",10.16
"New Religion: Skagosi Old Gods, Current Religion: Mother Rhoyne, Population: 150000, Control: 90, Own Province: True",10.11
"New Religion: Skagosi Old Gods, Current Religion: Mother Rhoyne, Population: 150000, Control: 90, Own Province: False",10.13
"New Religion: Skagosi Old Gods, Current Religion: Mother Rhoyne, Population: 150000, Control: 95, Own Province: True",10.16
"New Religion: Skagosi Old Gods, Current Religion: Mother Rhoyne, Population: 150000, Control: 95, Own Province: False",10.07
"New Religion: Skagosi Old Gods, Current Religion: Mother Rhoyne, Population: 150000, Control: 100, Own Province: True",10.12
"New Religion: Skagosi Old Gods, Current Religion: Mother Rhoyne, Population: 150000, Control: 100, Own Province: False",10.19
"New Religion: Skagosi Old Gods, Current Religion: Mother Rhoyne, Population: 200000, Control: 85, Own Province: True",10.14
"New Religion: Skagosi Old Gods, Current Religion: Mother Rhoyne, Population: 200000, Control: 85, Own Province: False",10.17
"New Religion: Skagosi Old Gods, Current Religion: Mother Rhoyne, Population: 200000, Control: 90, Own Province: True",10.17
"New Religion: Skagosi Old Gods, Current Religion: Mother Rhoyne, Population: 200000, Control: 90, Own Province: False",10.15
"New Religion: Skagosi Old Gods, Current Religion: Mother Rhoyne, Population: 200000, Control: 95, Own Province: True",10.04
"New Religion: Skagosi Old Gods, Current Religion: Mother Rhoyne, Population: 200000, Control: 95, Own Province: False",10.11
"New Religion: Skagosi Old Gods, Current Religion: Mother Rhoyne, Population: 200000, Control: 100, Own Province: True",10.13
"New Religion: Skagosi Old Gods, Current Religion: Mother Rhoyne, Population: 200000, Control: 100, Own Province: False",10.05
"New Religion: Skagosi Old Gods, Current Religion: Mother Rhoyne, Population: 250000, Control: 85, Own Province: True",10.21
"New Religion: Skagosi Old Gods, Current Religion: Mother Rhoyne, Population: 250000, Control: 85, Own Province: False",10.15
"New Religion: Skagosi Old Gods, Current Religion: Mother Rhoyne, Population: 250000, Control: 90, Own Province: True",10.15
"New Religion: Skagosi Old Gods, Current Religion: Mother Rhoyne, Population: 250000, Control: 90, Own Province: False",10.16
"New Religion: Skagosi Old Gods, Current Religion: Mother Rhoyne, Population: 250000, Control: 95, Own Province: True",10.12
"New Religion: Skagosi Old Gods, Current Religion: Mother Rhoyne, Population: 250000, Control: 95, Own Province: False",10.09
"New Religion: Skagosi Old Gods, Current Religion: Mother Rhoyne, Population: 250000, Control: 100, Own Province: True",10.1
"New Religion: Skagosi Old Gods, Current Religion: Mother Rhoyne, Population: 250000, Control: 100, Own Province: False",10.1
"New Religion: Skagosi Old Gods, Current Religion: Mother Rhoyne, Population: 300000, Control: 85, Own Province: True",10.12
"New Religion: Skagosi Old Gods, Current Religion: Mother Rhoyne, Population: 300000, Control: 85, Own Province: False",10.2
"New Religion: Skagosi Old Gods, Current Religion: Mother Rhoyne, Population: 300000, Control: 90, Own Province: True",10.18
"New Religion: Skagosi Old Gods, Current Religion: Mother Rhoyne, Population: 300000, Control: 90, Own Province: False",10.08
"New Religion: Skagosi Old Gods, Current Religion: Mother Rhoyne, Population: 300000, Control: 95, Own Province: True",10.13
"New Religion: Skagosi Old Gods, Current Religion: Mother Rhoyne, Population: 300000, Control: 95, Own Province: False",10.13
"New Religion: Skagosi Old Gods, Current Religion: Mother Rhoyne, Population: 300000, Control: 100, Own Province: True",10.08
"New Religion: Skagosi Old Gods, Current Religion: Mother Rhoyne, Population: 300000, Control: 100, Own Province: False",10.15
"New Religion: Skagosi Old Gods, Current Religion: Gods of Valyria, Population: 1000, Control: 85, Own Province: True",10.09
"New Religion: Skagosi Old Gods, Current Religion: Gods of Valyria, Population: 1000, Control: 85, Own Province: False",10.12
"New Religion: Skagosi Old Gods, Current Religion: Gods of Valyria, Population: 1000, Control: 90, Own Province: True",10.19
"New Religion: Skagosi Old Gods, Current Religion: Gods of Valyria, Population: 1000, Control: 90, Own Province: False",10.16
"New Religion: Skagosi Old Gods, Current Religion: Gods of Valyria, Population: 1000, Control: 95, Own Province: True",10.1
"New Religion: Skagosi Old Gods, Current Religion: Gods of Valyria, Population: 1000, Control: 95, Own Province: False",10.14
"New Religion: Skagosi Old Gods, Current Religion: Gods of Valyria, Population: 1000, Control: 100, Own Province: True",9.33
"New Religion: Skagosi Old Gods, Current Religion: Gods of Valyria, Population: 1000, Control: 100, Own Province: False",10.12
"New Religion: Skagosi Old Gods, Current Religion: Gods of Valyria, Population: 50000, Control: 85, Own Province: True",10.16
"New Religion: Skagosi Old Gods, Current Religion: Gods of Valyria, Population: 50000, Control: 85, Own Province: False",10.12
"New Religion: Skagosi Old Gods, Current Religion: Gods of Valyria, Population: 50000, Control: 90, Own Province: True",10.16
"New Religion: Skagosi Old Gods, Current Religion: Gods of Valyria, Population: 50000, Control: 90, Own Province: False",10.1
"New Religion: Skagosi Old Gods, Current Religion: Gods of Valyria, Population: 50000, Control: 95, Own Province: True",10.12
"New Religion: Skagosi Old Gods, Current Religion: Gods of Valyria, Population: 50000, Control: 95, Own Province: False",10.15
"New Religion: Skagosi Old Gods, Current Religion: Gods of Valyria, Population: 50000, Control: 100, Own Province: True",10.2
"New Religion: Skagosi Old Gods, Current Religion: Gods of Valyria, Population: 50000, Control: 100, Own Province: False",10.15
"New Religion: Skagosi Old Gods, Current Religion: Gods of Valyria, Population: 100000, Control: 85, Own Province: True",10.1
"New Religion: Skagosi Old Gods, Current Religion: Gods of Valyria, Population: 100000, Control: 85, Own Province: False",10.15
"New Religion: Skagosi Old Gods, Current Religion: Gods of Valyria, Population: 100000, Control: 90, Own Province: True",10.08
"New Religion: Skagosi Old Gods, Current Religion: Gods of Valyria, Population: 100000, Control: 90, Own Province: False",10.14
"New Religion: Skagosi Old Gods, Current Religion: Gods of Valyria, Population: 100000, Control: 95, Own Province: True",10.14
"New Religion: Skagosi Old Gods, Current Religion: Gods of Valyria, Population: 100000, Control: 95, Own Province: False",10.12
"New Religion: Skagosi Old Gods, Current Religion: Gods of Valyria, Population: 100000, Control: 100, Own Province: True",10.11
"New Religion: Skagosi Old Gods, Current Religion: Gods of Valyria, Population: 100000, Control: 100, Own Province: False",10.05
"New Religion: Skagosi Old Gods, Current Religion: Gods of Valyria, Population: 150000, Control: 85, Own Province: True",10.11
"New Religion: Skagosi Old Gods, Current Religion: Gods of Valyria, Population: 150000, Control: 85, Own Province: False",10.12
"New Religion: Skagosi Old Gods, Current Religion: Gods of Valyria, Population: 150000, Control: 90, Own Province: True",10.14
"New Religion: Skagosi Old Gods, Current Religion: Gods of Valyria, Population: 150000, Control: 90, Own Province: False",10.15
"New Religion: Skagosi Old Gods, Current Religion: Gods of Valyria, Population: 150000, Control: 95, Own Province: True",10.14
"New Religion: Skagosi Old Gods, Current Religion: Gods of Valyria, Population: 150000, Control: 95, Own Province: False",10.14
"New Religion: Skagosi Old Gods, Current Religion: Gods of Valyria, Population: 150000, Control: 100, Own Province: True",10.16
"New Religion: Skagosi Old Gods, Current Religion: Gods of Valyria, Population: 150000, Control: 100, Own Province: False",10.14
"New Religion: Skagosi Old Gods, Current Religion: Gods of Valyria, Population: 200000, Control: 85, Own Province: True",10.12
"New Religion: Skagosi Old Gods, Current Religion: Gods of Valyria, Population: 200000, Control: 85, Own Province: False",10.14
"New Religion: Skagosi Old Gods, Current Religion: Gods of Valyria, Population: 200000, Control: 90, Own Province: True",10.1
"New Religion: Skagosi Old Gods, Current Religion: Gods of Valyria, Population: 200000, Control: 90, Own Province: False",10.15
"New Religion: Skagosi Old Gods, Current Religion: Gods of Valyria, Population: 200000, Control: 95, Own Province: True",10.08
"New Religion: Skagosi Old Gods, Current Religion: Gods of Valyria, Population: 200000, Control: 95, Own Province: False",10.13
"New Religion: Skagosi Old Gods, Current Religion: Gods of Valyria, Population: 200000, Control: 100, Own Province: True",10.15
"New Religion: Skagosi Old Gods, Current Religion: Gods of Valyria, Population: 200000, Control: 100, Own Province: False",10.14
"New Religion: Skagosi Old Gods, Current Religion: Gods of Valyria, Population: 250000, Control: 85, Own Province: True",10.2
"New Religion: Skagosi Old Gods, Current Religion: Gods of Valyria, Population: 250000, Control: 85, Own Province: False",10.11
"New Religion: Skagosi Old Gods, Current Religion: Gods of Valyria, Population: 250000, Control: 90, Own Province: True",10.18
"New Religion: Skagosi Old Gods, Current Religion: Gods of Valyria, Population: 250000, Control: 90, Own Province: False",10.08
"New Religion: Skagosi Old Gods, Current Religion: Gods of Valyria, Population: 250000, Control: 95, Own Province: True",10.11
"New Religion: Skagosi Old Gods, Current Religion: Gods of Valyria, Population: 250000, Control: 95, Own Province: False",10.08
"New Religion: Skagosi Old Gods, Current Religion: Gods of Valyria, Population: 250000, Control: 100, Own Province: True",10.18
"New Religion: Skagosi Old Gods, Current Religion: Gods of Valyria, Population: 250000, Control: 100, Own Province: False",10.15
"New Religion: Skagosi Old Gods, Current Religion: Gods of Valyria, Population: 300000, Control: 85, Own Province: True",10.11
"New Religion: Skagosi Old Gods, Current Religion: Gods of Valyria, Population: 300000, Control: 85, Own Province: False",10.1
"New Religion: Skagosi Old Gods, Current Religion: Gods of Valyria, Population: 300000, Control: 90, Own Province: True",10.1
"New Religion: Skagosi Old Gods, Current Religion: Gods of Valyria, Population: 300000, Control: 90, Own Province: False",10.13
"New Religion: Skagosi Old Gods, Current Religion: Gods of Valyria, Population: 300000, Control: 95, Own Province: True",10.1
"New Religion: Skagosi Old Gods, Current Religion: Gods of Valyria, Population: 300000, Control: 95, Own Province: False",10.12
"New Religion: Skagosi Old Gods, Current Religion: Gods of Valyria, Population: 300000, Control: 100, Own Province: True",10.15
"New Religion: Skagosi Old Gods, Current Religion: Gods of Valyria, Population: 300000, Control: 100, Own Province: False",10.15
"New Religion: Skagosi Old Gods, Current Religion: R'hllor, Population: 1000, Control: 85, Own Province: True",10.14
"New Religion: Skagosi Old Gods, Current Religion: R'hllor, Population: 1000, Control: 85, Own Province: False",10.15
"New Religion: Skagosi Old Gods, Current Religion: R'hllor, Population: 1000, Control: 90, Own Province: True",10.16
"New Religion: Skagosi Old Gods, Current Religion: R'hllor, Population: 1000, Control: 90, Own Province: False",10.15
"New Religion: Skagosi Old Gods, Current Religion: R'hllor, Population: 1000, Control: 95, Own Province: True",10.22
"New Religion: Skagosi Old Gods, Current Religion: R'hllor, Population: 1000, Control: 95, Own Province: False",10.16
"New Religion: Skagosi Old Gods, Current Religion: R'hllor, Population: 1000, Control: 100, Own Province: True",9.3
"New Religion: Skagosi Old Gods, Current Religion: R'hllor, Population: 1000, Control: 100, Own Province: False",10.15
"New Religion: Skagosi Old Gods, Current Religion: R'hllor, Population: 50000, Control: 85, Own Province: True",10.18
"New Religion: Skagosi Old Gods, Current Religion: R'hllor, Population: 50000, Control: 85, Own Province: False",10.05
"New Religion: Skagosi Old Gods, Current Religion: R'hllor, Population: 50000, Control: 90, Own Province: True",10.11
"New Religion: Skagosi Old Gods, Current Religion: R'hllor, Population: 50000, Control: 90, Own Province: False",10.13
"New Religion: Skagosi Old Gods, Current Religion: R'hllor, Population: 50000, Control: 95, Own Province: True",10.15
"New Religion: Skagosi Old Gods, Current Religion: R'hllor, Population: 50000, Control: 95, Own Province: False",10.16
"New Religion: Skagosi Old Gods, Current Religion: R'hllor, Population: 50000, Control: 100, Own Province: True",10.14
"New Religion: Skagosi Old Gods, Current Religion: R'hllor, Population: 50000, Control: 100, Own Province: False",10.15
"New Religion: Skagosi Old Gods, Current Religion: R'hllor, Population: 100000, Control: 85, Own Province: True",10.11
"New Religion: Skagosi Old Gods, Current Religion: R'hllor, Population: 100000, Control: 85, Own Province: False",10.15
"New Religion: Skagosi Old Gods, Current Religion: R'hllor, Population: 100000, Control: 90, Own Province: True",10.08
"New Religion: Skagosi Old Gods, Current Religion: R'hllor, Population: 100000, Control: 90, Own Province: False",10.07
"New Religion: Skagosi Old Gods, Current Religion: R'hllor, Population: 100000, Control: 95, Own Province: True",10.18
"New Religion: Skagosi Old Gods, Current Religion: R'hllor, Population: 100000, Control: 95, Own Province: False",10.07
"New Religion: Skagosi Old Gods, Current Religion: R'hllor, Population: 100000, Control: 100, Own Province: True",10.06
"New Religion: Skagosi Old Gods, Current Religion: R'hllor, Population: 100000, Control: 100, Own Province: False",10.08
"New Religion: Skagosi Old Gods, Current Religion: R'hllor, Population: 150000, Control: 85, Own Province: True",10.09
"New Religion: Skagosi Old Gods, Current Religion: R'hllor, Population: 150000, Control: 85, Own Province: False",10.13
"New Religion: Skagosi Old Gods, Current Religion: R'hllor, Population: 150000, Control: 90, Own Province: True",10.13
"New Religion: Skagosi Old Gods, Current Religion: R'hllor, Population: 150000, Control: 90, Own Province: False",10.17
"New Religion: Skagosi Old Gods, Current Religion: R'hllor, Population: 150000, Control: 95, Own Province: True",10.12
"New Religion: Skagosi Old Gods, Current Religion: R'hllor, Population: 150000, Control: 95, Own Province: False",10.13
"New Religion: Skagosi Old Gods, Current Religion: R'hllor, Population: 150000, Control: 100, Own Province: True",10.08
"New Religion: Skagosi Old Gods, Current Religion: R'hllor, Population: 150000, Control: 100, Own Province: False",10.07
"New Religion: Skagosi Old Gods, Current Religion: R'hllor, Population: 200000, Control: 85, Own Province: True",10.09
"New Religion: Skagosi Old Gods, Current Religion: R'hllor, Population: 200000, Control: 85, Own Province: False",10.11
"New Religion: Skagosi Old Gods, Current Religion: R'hllor, Population: 200000, Control: 90, Own Province: True",10.1
"New Religion: Skagosi Old Gods, Current Religion: R'hllor, Population: 200000, Control: 90, Own Province: False",10.14
"New Religion: Skagosi Old Gods, Current Religion: R'hllor, Population: 200000, Control: 95, Own Province: True",10.09
"New Religion: Skagosi Old Gods, Current Religion: R'hllor, Population: 200000, Control: 95, Own Province: False",10.18
"New Religion: Skagosi Old Gods, Current Religion: R'hllor, Population: 200000, Control: 100, Own Province: True",10.17
"New Religion: Skagosi Old Gods, Current Religion: R'hllor, Population: 200000, Control: 100, Own Province: False",10.07
"New Religion: Skagosi Old Gods, Current Religion: R'hllor, Population: 250000, Control: 85, Own Province: True",10.17
"New Religion: Skagosi Old Gods, Current Religion: R'hllor, Population: 250000, Control: 85, Own Province: False",10.13
"New Religion: Skagosi Old Gods, Current Religion: R'hllor, Population: 250000, Control: 90, Own Province: True",10.13
"New Religion: Skagosi Old Gods, Current Religion: R'hllor, Population: 250000, Control: 90, Own Province: False",10.19
"New Religion: Skagosi Old Gods, Current Religion: R'hllor, Population: 250000, Control: 95, Own Province: True",10.17
"New Religion: Skagosi Old Gods, Current Religion: R'hllor, Population: 250000, Control: 95, Own Province: False",10.15
"New Religion: Skagosi Old Gods, Current Religion: R'hllor, Population: 250000, Control: 100, Own Province: True",10.18
"New Religion: Skagosi Old Gods, Current Religion: R'hllor, Population: 250000, Control: 100, Own Province: False",10.13
"New Religion: Skagosi Old Gods, Current Religion: R'hllor, Population: 300000, Control: 85, Own Province: True",10.12
"New Religion: Skagosi Old Gods, Current Religion: R'hllor, Population: 300000, Control: 85, Own Province: False",10.14
"New Religion: Skagosi Old Gods, Current Religion: R'hllor, Population: 300000, Control: 90, Own Province: True",10.14
"New Religion: Skagosi Old Gods, Current Religion: R'hllor, Population: 300000, Control: 90, Own Province: False",10.1
"New Religion: Skagosi Old Gods, Current Religion: R'hllor, Population: 300000, Control: 95, Own Province: True",10.17
"New Religion: Skagosi Old Gods, Current Religion: R'hllor, Population: 300000, Control: 95, Own Province: False",10.18
"New Religion: Skagosi Old Gods, Current Religion: R'hllor, Population: 300000, Control: 100, Own Province: True",10.15
"New Religion: Skagosi Old Gods, Current Religion: R'hllor, Population: 300000, Control: 100, Own Province: False",10.11
"New Religion: DrownedGod, Current Religion: Faith of the Seven, Population: 1000, Control: 85, Own Province: True",8.61
"New Religion: DrownedGod, Current Religion: Faith of the Seven, Population: 1000, Control: 85, Own Province: False",8.61
"New Religion: DrownedGod, Current Religion: Faith of the Seven, Population: 1000, Control: 90, Own Province: True",7.97
"New Religion: DrownedGod, Current Religion: Faith of the Seven, Population: 1000, Control: 90, Own Province: False",9.32
"New Religion: DrownedGod, Current Religion: Faith of the Seven, Population: 1000, Control: 95, Own Province: True",7.37
"New Religion: DrownedGod, Current Religion: Faith of the Seven, Population: 1000, Control: 95, Own Province: False",10.11
"New Religion: DrownedGod, Current Religion: Faith of the Seven, Population: 1000, Control: 100, Own Province: True",6.82
"New Religion: DrownedGod, Current Religion: Faith of the Seven, Population: 1000, Control: 100, Own Province: False",10.17
"New Religion: DrownedGod, Current Religion: Faith of the Seven, Population: 50000, Control: 85, Own Province: True",9.3
"New Religion: DrownedGod, Current Religion: Faith of the Seven, Population: 50000, Control: 85, Own Province: False",9.31
"New Religion: DrownedGod, Current Religion: Faith of the Seven, Population: 50000, Control: 90, Own Province: True",8.6
"New Religion: DrownedGod, Current Religion: Faith of the Seven, Population: 50000, Control: 90, Own Province: False",10.18
"New Religion: DrownedGod, Current Religion: Faith of the Seven, Population: 50000, Control: 95, Own Province: True",7.93
"New Religion: DrownedGod, Current Religion: Faith of the Seven, Population: 50000, Control: 95, Own Province: False",10.17
"New Religion: DrownedGod, Current Religion: Faith of the Seven, Population: 50000, Control: 100, Own Province: True",7.37
"New Religion: DrownedGod, Current Religion: Faith of the Seven, Population: 50000, Control: 100, Own Province: False",10.07
"New Religion: DrownedGod, Current Religion: Faith of the Seven, Population: 100000, Control: 85, Own Province: True",10.1
"New Religion: DrownedGod, Current Religion: Faith of the Seven, Population: 100000, Control: 85, Own Province: False",10.17
"New Religion: DrownedGod, Current Religion: Faith of the Seven, Population: 100000, Control: 90, Own Province: True",9.24
"New Religion: DrownedGod, Current Religion: Faith of the Seven, Population: 100000, Control: 90, Own Province: False",10.1
"New Religion: DrownedGod, Current Religion: Faith of the Seven, Population: 100000, Control: 95, Own Province: True",8.55
"New Religion: DrownedGod, Current Religion: Faith of the Seven, Population: 100000, Control: 95, Own Province: False",10.13
"New Religion: DrownedGod, Current Religion: Faith of the Seven, Population: 100000, Control: 100, Own Province: True",7.96
"New Religion: DrownedGod, Current Religion: Faith of the Seven, Population: 100000, Control: 100, Own Province: False",10.17
"New Religion: DrownedGod, Current Religion: Faith of the Seven, Population: 150000, Control: 85, Own Province: True",10.2
"New Religion: DrownedGod, Current Religion: Faith of the Seven, Population: 150000, Control: 85, Own Province: False",10.12
"New Religion: DrownedGod, Current Religion: Faith of the Seven, Population: 150000, Control: 90, Own Province: True",10.13
"New Religion: DrownedGod, Current Religion: Faith of the Seven, Population: 150000, Control: 90, Own Province: False",10.18
"New Religion: DrownedGod, Current Religion: Faith of the Seven, Population: 150000, Control: 95, Own Province: True",9.32
"New Religion: DrownedGod, Current Religion: Faith of the Seven, Population: 150000, Control: 95, Own Province: False",10.21
"New Religion: DrownedGod, Current Religion: Faith of the Seven, Population: 150000, Control: 100, Own Province: True",8.53
"New Religion: DrownedGod, Current Religion: Faith of the Seven, Population: 150000, Control: 100, Own Province: False",10.08
"New Religion: DrownedGod, Current Religion: Faith of the Seven, Population: 200000, Control: 85, Own Province: True",10.11
"New Religion: DrownedGod, Current Religion: Faith of the Seven, Population: 200000, Control: 85, Own Province: False",10.11
"New Religion: DrownedGod, Current Religion: Faith of the Seven, Population: 200000, Control: 90, Own Province: True",10.1
"New Religion: DrownedGod, Current Religion: Faith of the Seven, Population: 200000, Control: 90, Own Province: False",10.15
"New Religion: DrownedGod, Current Religion: Faith of the Seven, Population: 200000, Control: 95, Own Province: True",10.07
"New Religion: DrownedGod, Current Religion: Faith of the Seven, Population: 200000, Control: 95, Own Province: False",10.16
"New Religion: DrownedGod, Current Religion: Faith of the Seven, Population: 200000, Control: 100, Own Province: True",9.3
"New Religion: DrownedGod, Current Religion: Faith of the Seven, Population: 200000, Control: 100, Own Province: False",10.11
"New Religion: DrownedGod, Current Religion: Faith of the Seven, Population: 250000, Control: 85, Own Province: True",10.14
"New Religion: DrownedGod, Current Religion: Faith of the Seven, Population: 250000, Control: 85, Own Province: False",10.12
"New Religion: DrownedGod, Current Religion: Faith of the Seven, Population: 250000, Control: 90, Own Province: True",10.14
"New Religion: DrownedGod, Current Religion: Faith of the Seven, Population: 250000, Control: 90, Own Province: False",10.11
"New Religion: DrownedGod, Current Religion: Faith of the Seven, Population: 250000, Control: 95, Own Province: True",10.13
"New Religion: DrownedGod, Current Religion: Faith of the Seven, Population: 250000, Control: 95, Own Province: False",10.2
"New Religion: DrownedGod, Current Religion: Faith of the Seven, Population: 250000, Control: 100, Own Province: True",10.15
"New Religion: DrownedGod, Current Religion: Faith of the Seven, Population: 250000, Control: 100, Own Province: False",10.12
"New Religion: DrownedGod, Current Religion: Faith of the Seven, Population: 300000, Control: 85, Own Province: True",10.15
"New Religion: DrownedGod, Current Religion: Faith of the Seven, Population: 300000, Control: 85, Own Province: False",10.11
"New Religion: DrownedGod, Current Religion: Faith of the Seven, Population: 300000, Control: 90, Own Province: True",10.14
"New Religion: DrownedGod, Current Religion: Faith of the Seven, Population: 300000, Control: 90, Own Province: False",10.14
"New Religion: DrownedGod, Current Religion: Faith of the Seven, Population: 300000, Control: 95, Own Province: True",10.09
"New Religion: DrownedGod, Current Religion: Faith of the Seven, Population: 300000, Control: 95, Own Province: False",10.1
"New Religion: DrownedGod, Current Religion: Faith of the Seven, Population: 300000, Control: 100, Own Province: True",10.17
"New Religion: DrownedGod, Current Religion: Faith of the Seven, Population: 300000, Control: 100, Own Province: False",10.13
"New Religion: DrownedGod, Current Religion: Old Gods, Population: 1000, Control: 85, Own Province: True",7.93
"New Religion: DrownedGod, Current Religion: Old Gods, Population: 1000, Control: 85, Own Province: False",7.97
"New Religion: DrownedGod, Current Religion: Old Gods, Population: 1000, Control: 90, Own Province: True",7.38
"New Religion: DrownedGod, Current Religion: Old Gods, Population: 1000, Control: 90, Own Province: False",8.62
"New Religion: DrownedGod, Current Religion: Old Gods, Population: 1000, Control: 95, Own Province: True",6.82
"New Religion: DrownedGod, Current Religion: Old Gods, Population: 1000, Control: 95, Own Province: False",9.26
"New Religion: DrownedGod, Current Religion: Old Gods, Population: 1000, Control: 100, Own Province: True",6.31
"New Religion: DrownedGod, Current Religion: Old Gods, Population: 1000, Control: 100, Own Province: False",10.11
"New Religion: DrownedGod, Current Religion: Old Gods, Population: 50000, Control: 85, Own Province: True",8.55
"New Religion: DrownedGod, Current Religion: Old Gods, Population: 50000, Control: 85, Own Province: False",8.6
"New Religion: DrownedGod, Current Religion: Old Gods, Population: 50000, Control: 90, Own Province: True",7.94
"New Religion: DrownedGod, Current Religion: Old Gods, Population: 50000, Control: 90, Own Province: False",9.28
"New Religion: DrownedGod, Current Religion: Old Gods, Population: 50000, Control: 95, Own Province: True",7.4
"New Religion: DrownedGod, Current Religion: Old Gods, Population: 50000, Control: 95, Own Province: False",10.07
"New Religion: DrownedGod, Current Religion: Old Gods, Population: 50000, Control: 100, Own Province: True",6.82
"New Religion: DrownedGod, Current Religion: Old Gods, Population: 50000, Control: 100, Own Province: False",10.16
"New Religion: DrownedGod, Current Religion: Old Gods, Population: 100000, Control: 85, Own Province: True",9.28
"New Religion: DrownedGod, Current Religion: Old Gods, Population: 100000, Control: 85, Own Province: False",9.31
"New Religion: DrownedGod, Current Religion: Old Gods, Population: 100000, Control: 90, Own Province: True",8.56
"New Religion: DrownedGod, Current Religion: Old Gods, Population: 100000, Control: 90, Own Province: False",10.12
"New Religion: DrownedGod, Current Religion: Old Gods, Population: 100000, Control: 95, Own Province: True",8.02
"New Religion: DrownedGod, Current Religion: Old Gods, Population: 100000, Control: 95, Own Province: False",10.19
"New Religion: DrownedGod, Current Religion: Old Gods, Population: 100000, Control: 100, Own Province: True",7.41
"New Religion: DrownedGod, Current Religion: Old Gods, Population: 100000, Control: 100, Own Province: False",10.18
"New Religion: DrownedGod, Current Religion: Old Gods, Population: 150000, Control: 85, Own Province: True",10.11
"New Religion: DrownedGod, Current Religion: Old Gods, Population: 150000, Control: 85, Own Province: False",10.11
"New Religion: DrownedGod, Current Religion: Old Gods, Population: 150000, Control: 90, Own Province: True",9.29
"New Religion: DrownedGod, Current Religion: Old Gods, Population: 150000, Control: 90, Own Province: False",10.09
"New Religion: DrownedGod, Current Religion: Old Gods, Population: 150000, Control: 95, Own Province: True",8.54
"New Religion: DrownedGod, Current Religion: Old Gods, Population: 150000, Control: 95, Own Province: False",10.1
"New Religion: DrownedGod, Current Religion: Old Gods, Population: 150000, Control: 100, Own Province: True",7.95
"New Religion: DrownedGod, Current Religion: Old Gods, Population: 150000, Control: 100, Own Province: False",10.19
"New Religion: DrownedGod, Current Religion: Old Gods, Population: 200000, Control: 85, Own Province: True",10.18
"New Religion: DrownedGod, Current Religion: Old Gods, Population: 200000, Control: 85, Own Province: False",10.18
"New Religion: DrownedGod, Current Religion: Old Gods, Population: 200000, Control: 90, Own Province: True",10.11
"New Religion: DrownedGod, Current Religion: Old Gods, Population: 200000, Control: 90, Own Province: False",10.14
"New Religion: DrownedGod, Current Religion: Old Gods, Population: 200000, Control: 95, Own Province: True",9.3
"New Religion: DrownedGod, Current Religion: Old Gods, Population: 200000, Control: 95, Own Province: False",10.12
"New Religion: DrownedGod, Current Religion: Old Gods, Population: 200000, Control: 100, Own Province: True",8.57
"New Religion: DrownedGod, Current Religion: Old Gods, Population: 200000, Control: 100, Own Province: False",10.18
"New Religion: DrownedGod, Current Religion: Old Gods, Population: 250000, Control: 85, Own Province: True",10.1
"New Religion: DrownedGod, Current Religion: Old Gods, Population: 250000, Control: 85, Own Province: False",10.13
"New Religion: DrownedGod, Current Religion: Old Gods, Population: 250000, Control: 90, Own Province: True",10.12
"New Religion: DrownedGod, Current Religion: Old Gods, Population: 250000, Control: 90, Own Province: False",10.13
"New Religion: DrownedGod, Current Religion: Old Gods, Population: 250000, Control: 95, Own Province: True",10.05
"New Religion: DrownedGod, Current Religion: Old Gods, Population: 250000, Control: 95, Own Province: False",10.12
"New Religion: DrownedGod, Current Religion: Old Gods, Population: 250000, Control: 100, Own Province: True",9.29
"New Religion: DrownedGod, Current Religion: Old Gods, Population: 250000, Control: 100, Own Province: False",10.22
"New Religion: DrownedGod, Current Religion: Old Gods, Population: 300000, Control: 85, Own Province: True",10.15
"New Religion: DrownedGod, Current Religion: Old Gods, Population: 300000, Control: 85, Own Province: False",10.16
"New Religion: DrownedGod, Current Religion: Old Gods, Population: 300000, Control: 90, Own Province: True",10.11
"New Religion: DrownedGod, Current Religion: Old Gods, Population: 300000, Control: 90, Own Province: False",10.15
"New Religion: DrownedGod, Current Religion: Old Gods, Population: 300000, Control: 95, Own Province: True",10.11
"New Religion: DrownedGod, Current Religion: Old Gods, Population: 300000, Control: 95, Own Province: False",10.1
"New Religion: DrownedGod, Current Religion: Old Gods, Population: 300000, Control: 100, Own Province: True",10.12
"New Religion: DrownedGod, Current Religion: Old Gods, Population: 300000, Control: 100, Own Province: False",10.11
"New Religion: DrownedGod, Current Religion: Skagosi Old Gods, Population: 1000, Control: 85, Own Province: True",8.6
"New Religion: DrownedGod, Current Religion: Skagosi Old Gods, Population: 1000, Control: 85, Own Province: False",8.61
"New Religion: DrownedGod, Current Religion: Skagosi Old Gods, Population: 1000, Control: 90, Own Province: True",7.99
"New Religion: DrownedGod, Current Religion: Skagosi Old Gods, Population: 1000, Control: 90, Own Province: False",9.26
"New Religion: DrownedGod, Current Religion: Skagosi Old Gods, Population: 1000, Control: 95, Own Province: True",7.41
"New Religion: DrownedGod, Current Religion: Skagosi Old Gods, Population: 1000, Control: 95, Own Province: False",10.11
"New Religion: DrownedGod, Current Religion: Skagosi Old Gods, Population: 1000, Control: 100, Own Province: True",6.84
"New Religion: DrownedGod, Current Religion: Skagosi Old Gods, Population: 1000, Control: 100, Own Province: False",10.13
"New Religion: DrownedGod, Current Religion: Skagosi Old Gods, Population: 50000, Control: 85, Own Province: True",9.26
"New Religion: DrownedGod, Current Religion: Skagosi Old Gods, Population: 50000, Control: 85, Own Province: False",9.25
"New Religion: DrownedGod, Current Religion: Skagosi Old Gods, Population: 50000, Control: 90, Own Province: True",8.59
"New Religion: DrownedGod, Current Religion: Skagosi Old Gods, Population: 50000, Control: 90, Own Province: False",10.1
"New Religion: DrownedGod, Current Religion: Skagosi Old Gods, Population: 50000, Control: 95, Own Province: True",7.95
"New Religion: DrownedGod, Current Religion: Skagosi Old Gods, Population: 50000, Control: 95, Own Province: False",10.12
"New Religion: DrownedGod, Current Religion: Skagosi Old Gods, Population: 50000, Control: 100, Own Province: True",7.37
"New Religion: DrownedGod, Current Religion: Skagosi Old Gods, Population: 50000, Control: 100, Own Province: False",10.15
"New Religion: DrownedGod, Current Religion: Skagosi Old Gods, Population: 100000, Control: 85, Own Province: True",10.08
"New Religion: DrownedGod, Current Religion: Skagosi Old Gods, Population: 100000, Control: 85, Own Province: False",10.17
"New Religion: DrownedGod, Current Religion: Skagosi Old Gods, Population: 100000, Control: 90, Own Province: True",9.29
"New Religion: DrownedGod, Current Religion: Skagosi Old Gods, Population: 100000, Control: 90, Own Province: False",10.19
"New Religion: DrownedGod, Current Religion: Skagosi Old Gods, Population: 100000, Control: 95, Own Province: True",8.63
"New Religion: DrownedGod, Current Religion: Skagosi Old Gods, Population: 100000, Control: 95, Own Province: False",10.16
"New Religion: DrownedGod, Current Religion: Skagosi Old Gods, Population: 100000, Control: 100, Own Province: True",7.95
"New Religion: DrownedGod, Current Religion: Skagosi Old Gods, Population: 100000, Control: 100, Own Province: False",10.15
"New Religion: DrownedGod, Current Religion: Skagosi Old Gods, Population: 150000, Control: 85, Own Province: True",10.15
"New Religion: DrownedGod, Current Religion: Skagosi Old Gods, Population: 150000, Control: 85, Own Province: False",10.17
"New Religion: DrownedGod, Current Religion: Skagosi Old Gods, Population: 150000, Control: 90, Own Province: True",10.05
"New Religion: DrownedGod, Current Religion: Skagosi Old Gods, Population: 150000, Control: 90, Own Province: False",10.08
"New Religion: DrownedGod, Current Religion: Skagosi Old Gods, Population: 150000, Control: 95, Own Province: True",9.3
"New Religion: DrownedGod, Current Religion: Skagosi Old Gods, Population: 150000, Control: 95, Own Province: False",10.14
"New Religion: DrownedGod, Current Religion: Skagosi Old Gods, Population: 150000, Control: 100, Own Province: True",8.6
"New Religion: DrownedGod, Current Religion: Skagosi Old Gods, Population: 150000, Control: 100, Own Province: False",10.19
"New Religion: DrownedGod, Current Religion: Skagosi Old Gods, Population: 200000, Control: 85, Own Province: True",10.14
"New Religion: DrownedGod, Current Religion: Skagosi Old Gods, Population: 200000, Control: 85, Own Province: False",10.21
"New Religion: DrownedGod, Current Religion: Skagosi Old Gods, Population: 200000, Control: 90, Own Province: True",10.12
"New Religion: DrownedGod, Current Religion: Skagosi Old Gods, Population: 200000, Control: 90, Own Province: False",10.2
"New Religion: DrownedGod, Current Religion: Skagosi Old Gods, Population: 200000, Control: 95, Own Province: True",10.08
"New Religion: DrownedGod, Current Religion: Skagosi Old Gods, Population: 200000, Control: 95, Own Province: False",10.11
"New Religion: DrownedGod, Current Religion: Skagosi Old Gods, Population: 200000, Control: 100, Own Province: True",9.28
"New Religion: DrownedGod, Current Religion: Skagosi Old Gods, Population: 200000, Control: 100, Own Province: False",10.06
"New Religion: DrownedGod, Current Religion: Skagosi Old Gods, Population: 250000, Control: 85, Own Province: True",10.15
"New Religion: DrownedGod, Current Religion: Skagosi Old Gods, Population: 250000, Control: 85, Own Province: False",10.13
"New Religion: DrownedGod, Current Religion: Skagosi Old Gods, Population: 250000, Control: 90, Own Province: True",10.06
"New Religion: DrownedGod, Current Religion: Skagosi Old Gods, Population: 250000, Control: 90, Own Province: False",10.09
"New Religion: DrownedGod, Current Religion: Skagosi Old Gods, Population: 250000, Control: 95, Own Province: True",10.05
"New Religion: DrownedGod, Current Religion: Skagosi Old Gods, Population: 250000, Control: 95, Own Province: False",10.13
"New Religion: DrownedGod, Current Religion: Skagosi Old Gods, Population: 250000, Control: 100, Own Province: True",10.11
"New Religion: DrownedGod, Current Religion: Skagosi Old Gods, Population: 250000, Control: 100, Own Province: False",10.18
"New Religion: DrownedGod, Current Religion: Skagosi Old Gods, Population: 300000, Control: 85, Own Province: True",10.09
"New Religion: DrownedGod, Current Religion: Skagosi Old Gods, Population: 300000, Control: 85, Own Province: False",10.14
"New Religion: DrownedGod, Current Religion: Skagosi Old Gods, Population: 300000, Control: 90, Own Province: True",10.16
"New Religion: DrownedGod, Current Religion: Skagosi Old Gods, Population: 300000, Control: 90, Own Province: False",10.1
"New Religion: DrownedGod, Current Religion: Skagosi Old Gods, Population: 300000, Control: 95, Own Province: True",10.12
"New Religion: DrownedGod, Current Religion: Skagosi Old Gods, Population: 300000, Control: 95, Own Province: False",10.19
"New Religion: DrownedGod, Current Religion: Skagosi Old Gods, Population: 300000, Control: 100, Own Province: True",10.12
"New Religion: DrownedGod, Current Religion: Skagosi Old Gods, Population: 300000, Control: 100, Own Province: False",10.13
"New Religion: DrownedGod, Current Religion: DrownedGodII, Population: 1000, Control: 85, Own Province: True",8.57
"New Religion: DrownedGod, Current Religion: DrownedGodII, Population: 1000, Control: 85, Own Province: False",8.55
"New Religion: DrownedGod, Current Religion: DrownedGodII, Population: 1000, Control: 90, Own Province: True",8.0
"New Religion: DrownedGod, Current Religion: DrownedGodII, Population: 1000, Control: 90, Own Province: False",9.3
"New Religion: DrownedGod, Current Religion: DrownedGodII, Population: 1000, Control: 95, Own Province: True",7.38
"New Religion: DrownedGod, Current Religion: DrownedGodII, Population: 1000, Control: 95, Own Province: False",10.11
"New Religion: DrownedGod, Current Religion: DrownedGodII, Population: 1000, Control: 100, Own Province: True",6.86
"New Religion: DrownedGod, Current Religion: DrownedGodII, Population: 1000, Control: 100, Own Province: False",10.12
"New Religion: DrownedGod, Current Religion: DrownedGodII, Population: 50000, Control: 85, Own Province: True",9.28
"New Religion: DrownedGod, Current Religion: DrownedGodII, Population: 50000, Control: 85, Own Province: False",9.33
"New Religion: DrownedGod, Current Religion: DrownedGodII, Population: 50000, Control: 90, Own Province: True",8.6
"New Religion: DrownedGod, Current Religion: DrownedGodII, Population: 50000, Control: 90, Own Province: False",10.19
"New Religion: DrownedGod, Current Religion: DrownedGodII, Population: 50000, Control: 95, Own Province: True",7.98
"New Religion: DrownedGod, Current Religion: DrownedGodII, Population: 50000, Control: 95, Own Province: False",10.14
"New Religion: DrownedGod, Current Religion: DrownedGodII, Population: 50000, Control: 100, Own Province: True",7.35
"New Religion: DrownedGod, Current Religion: DrownedGodII, Population: 50000, Control: 100, Own Province: False",10.13
"New Religion: DrownedGod, Current Religion: DrownedGodII, Population: 100000, Control: 85, Own Province: True",10.12
"New Religion: DrownedGod, Current Religion: DrownedGodII, Population: 100000, Control: 85, Own Province: False",10.12
"New Religion: DrownedGod, Current Religion: DrownedGodII, Population: 100000, Control: 90, Own Province: True",9.3
"New Religion: DrownedGod, Current Religion: DrownedGodII, Population: 100000, Control: 90, Own Province: False",10.11
"New Religion: DrownedGod, Current Religion: DrownedGodII, Population: 100000, Control: 95, Own Province: True",8.59
"New Religion: DrownedGod, Current Religion: DrownedGodII, Population: 100000, Control: 95, Own Province: False",10.18
"New Religion: DrownedGod, Current Religion: DrownedGodII, Population: 100000, Control: 100, Own Province: True",7.94
"New Religion: DrownedGod, Current Religion: DrownedGodII, Population: 100000, Control: 100, Own Province: False",10.14
"New Religion: DrownedGod, Current Religion: DrownedGodII, Population: 150000, Control: 85, Own Province: True",10.11
"New Religion: DrownedGod, Current Religion: DrownedGodII, Population: 150000, Control: 85, Own Province: False",10.16
"New Religion: DrownedGod, Current Religion: DrownedGodII, Population: 150000, Control: 90, Own Province: True",10.18
"New Religion: DrownedGod, Current Religion: DrownedGodII, Population: 150000, Control: 90, Own Province: False",10.09
"New Religion: DrownedGod, Current Religion: DrownedGodII, Population: 150000, Control: 95, Own Province: True",9.26
"New Religion: DrownedGod, Current Religion: DrownedGodII, Population: 150000, Control: 95, Own Province: False",10.09
"New Religion: DrownedGod, Current Religion: DrownedGodII, Population: 150000, Control: 100, Own Province: True",8.57
"New Religion: DrownedGod, Current Religion: DrownedGodII, Population: 150000, Control: 100, Own Province: False",10.11
"New Religion: DrownedGod, Current Religion: DrownedGodII, Population: 200000, Control: 85, Own Province: True",10.13
"New Religion: DrownedGod, Current Religion: DrownedGodII, Population: 200000, Control: 85, Own Province: False",10.11
"New Religion: DrownedGod, Current Religion: DrownedGodII, Population: 200000, Control: 90, Own Province: True",10.13
"New Religion: DrownedGod, Current Religion: DrownedGodII, Population: 200000, Control: 90, Own Province: False",10.14
"New Religion: DrownedGod, Current Religion: DrownedGodII, Population: 200000, Control: 95, Own Province: True",10.09
"New Religion: DrownedGod, Current Religion: DrownedGodII, Population: 200000, Control: 95, Own Province: False",10.24
"New Religion: DrownedGod, Current Religion: DrownedGodII, Population: 200000, Control: 100, Own Province: True",9.28
"New Religion: DrownedGod, Current Religion: DrownedGodII, Population: 200000, Control: 100, Own Province: False",10.09
"New Religion: DrownedGod, Current Religion: DrownedGodII, Population: 250000, Control: 85, Own Province: True",10.12
"New Religion: DrownedGod, Current Religion: DrownedGodII, Population: 250000, Control: 85, Own Province: False",10.13
"New Religion: DrownedGod, Current Religion: DrownedGodII, Population: 250000, Control: 90, Own Province: True",10.13
"New Religion: DrownedGod, Current Religion: DrownedGodII, Population: 250000, Control: 90, Own Province: False",10.12
"New Religion: DrownedGod, Current Religion: DrownedGodII, Population: 250000, Control: 95, Own Province: True",10.2
"New Religion: DrownedGod, Current Religion: DrownedGodII, Population: 250000, Control: 95, Own Province: False",10.18
"New Religion: DrownedGod, Current Religion: DrownedGodII, Population: 250000, Control: 100, Own Province: True",10.11
"New Religion: DrownedGod, Current Religion: DrownedGodII, Population: 250000, Control: 100, Own Province: False",10.15
"New Religion: DrownedGod, Current Religion: DrownedGodII, Population: 300000, Control: 85, Own Province: True",10.16
"New Religion: DrownedGod, Current Religion: DrownedGodII, Population: 300000, Control: 85, Own Province: False",10.12
"New Religion: DrownedGod, Current Religion: DrownedGodII, Population: 300000, Control: 90, Own Province: True",10.15
"New Religion: DrownedGod, Current Religion: DrownedGodII, Population: 300000, Control: 90, Own Province: False",10.12
"New Religion: DrownedGod, Current Religion: DrownedGodII, Population: 300000, Control: 95, Own Province: True",10.11
"New Religion: DrownedGod, Current Religion: DrownedGodII, Population: 300000, Control: 95, Own Province: False",10.08
"New Religion: DrownedGod, Current Religion: DrownedGodII, Population: 300000, Control: 100, Own Province: True",10.15
"New Religion: DrownedGod, Current Religion: DrownedGodII, Population: 300000, Control: 100, Own Province: False",10.14
"New Religion: DrownedGod, Current Religion: Mother Rhoyne, Population: 1000, Control: 85, Own Province: True",8.57
"New Religion: DrownedGod, Current Religion: Mother Rhoyne, Population: 1000, Control: 85, Own Province: False",8.63
"New Religion: DrownedGod, Current Religion: Mother Rhoyne, Population: 1000, Control: 90, Own Province: True",8.0
"New Religion: DrownedGod, Current Religion: Mother Rhoyne, Population: 1000, Control: 90, Own Province: False",9.23
"New Religion: DrownedGod, Current Religion: Mother Rhoyne, Population: 1000, Control: 95, Own Province: True",7.37
"New Religion: DrownedGod, Current Religion: Mother Rhoyne, Population: 1000, Control: 95, Own Province: False",10.12
"New Religion: DrownedGod, Current Religion: Mother Rhoyne, Population: 1000, Control: 100, Own Province: True",6.85
"New Religion: DrownedGod, Current Religion: Mother Rhoyne, Population: 1000, Control: 100, Own Province: False",10.07
"New Religion: DrownedGod, Current Religion: Mother Rhoyne, Population: 50000, Control: 85, Own Province: True",9.22
"New Religion: DrownedGod, Current Religion: Mother Rhoyne, Population: 50000, Control: 85, Own Province: False",9.27
"New Religion: DrownedGod, Current Religion: Mother Rhoyne, Population: 50000, Control: 90, Own Province: True",8.6
"New Religion: DrownedGod, Current Religion: Mother Rhoyne, Population: 50000, Control: 90, Own Province: False",10.1
"New Religion: DrownedGod, Current Religion: Mother Rhoyne, Population: 50000, Control: 95, Own Province: True",7.98
"New Religion: DrownedGod, Current Religion: Mother Rhoyne, Population: 50000, Control: 95, Own Province: False",10.15
"New Religion: DrownedGod, Current Religion: Mother Rhoyne, Population: 50000, Control: 100, Own Province: True",7.39
"New Religion: DrownedGod, Current Religion: Mother Rhoyne, Population: 50000, Control: 100, Own Province: False",10.11
"New Religion: DrownedGod, Current Religion: Mother Rhoyne, Population: 100000, Control: 85, Own Province: True",10.13
"New Religion: DrownedGod, Current Religion: Mother Rhoyne, Population: 100000, Control: 85, Own Province: False",10.11
"New Religion: DrownedGod, Current Religion: Mother Rhoyne, Population: 100000, Control: 90, Own Province: True",9.32
"New Religion: DrownedGod, Current Religion: Mother Rhoyne, Population: 100000, Control: 90, Own Province: False",10.11
"New Religion: DrownedGod, Current Religion: Mother Rhoyne, Population: 100000, Control: 95, Own Province: True",8.61
"New Religion: DrownedGod, Current Religion: Mother Rhoyne, Population: 100000, Control: 95, Own Province: False",10.17
"New Religion: DrownedGod, Current Religion: Mother Rhoyne, Population: 100000, Control: 100, Own Province: True",7.94
"New Religion: DrownedGod, Current Religion: Mother Rhoyne, Population: 100000, Control: 100, Own Province: False",10.19
"New Religion: DrownedGod, Current Religion: Mother Rhoyne, Population: 150000, Control: 85, Own Province: True",10.1
"New Religion: DrownedGod, Current Religion: Mother Rhoyne, Population: 150000, Control: 85, Own Province: False",10.18
"New Religion: DrownedGod, Current Religion: Mother Rhoyne, Population: 150000, Control: 90, Own Province: True",10.12
"New Religion: DrownedGod, Current Religion: Mother Rhoyne, Population: 150000, Control: 90, Own Province: False",10.18
"New Religion: DrownedGod, Current Religion: Mother Rhoyne, Population: 150000, Control: 95, Own Province: True",9.26
"New Religion: DrownedGod, Current Religion: Mother Rhoyne, Population: 150000, Control: 95, Own Province: False",10.13
"New Religion: DrownedGod, Current Religion: Mother Rhoyne, Population: 150000, Control: 100, Own Province: True",8.55
"New Religion: DrownedGod, Current Religion: Mother Rhoyne, Population: 150000, Control: 100, Own Province: False",10.12
"New Religion: DrownedGod, Current Religion: Mother Rhoyne, Population: 200000, Control: 85, Own Province: True",10.08
"New Religion: DrownedGod, Current Religion: Mother Rhoyne, Population: 200000, Control: 85, Own Province: False",10.13
"New Religion: DrownedGod, Current Religion: Mother Rhoyne, Population: 200000, Control: 90, Own Province: True",10.14
"New Religion: DrownedGod, Current Religion: Mother Rhoyne, Population: 200000, Control: 90, Own Province: False",10.15
"New Religion: DrownedGod, Current Religion: Mother Rhoyne, Population: 200000, Control: 95, Own Province: True",10.19
"New Religion: DrownedGod, Current Religion: Mother Rhoyne, Population: 200000, Control: 95, Own Province: False",10.13
"New Religion: DrownedGod, Current Religion: Mother Rhoyne, Population: 200000, Control: 100, Own Province: True",9.32
"New Religion: DrownedGod, Current Religion: Mother Rhoyne, Population: 200000, Control: 100, Own Province: False",10.13
"New Religion: DrownedGod, Current Religion: Mother Rhoyne, Population: 250000, Control: 85, Own Province: True",10.13
"New Religion: DrownedGod, Current Religion: Mother Rhoyne, Population: 250000, Control: 85, Own Province: False",10.13
"New Religion: DrownedGod, Current Religion: Mother Rhoyne, Population: 250000, Control: 90, Own Province: True",10.17
"New Religion: DrownedGod, Current Religion: Mother Rhoyne, Population: 250000, Control: 90, Own Province: False",10.16
"New Religion: DrownedGod, Current Religion: Mother Rhoyne, Population: 250000, Control: 95, Own Province: True",10.14
"New Religion: DrownedGod, Current Religion: Mother Rhoyne, Population: 250000, Control: 95, Own Province: False",10.11
"New Religion: DrownedGod, Current Religion: Mother Rhoyne, Population: 250000, Control: 100, Own Province: True",10.14
"New Religion: DrownedGod, Current Religion: Mother Rhoyne, Population: 250000, Control: 100, Own Province: False",10.17
"New Religion: DrownedGod, Current Religion: Mother Rhoyne, Population: 300000, Control: 85, Own Province: True",10.08
"New Religion: DrownedGod, Current Religion: Mother Rhoyne, Population: 300000, Control: 85, Own Province: False",10.08
"New Religion: DrownedGod, Current Religion: Mother Rhoyne, Population: 300000, Control: 90, Own Province: True",10.08
"New Religion: DrownedGod, Current Religion: Mother Rhoyne, Population: 300000, Control: 90, Own Province: False",10.08
"New Religion: DrownedGod, Current Religion: Mother Rhoyne, Population: 300000, Control: 95, Own Province: True",10.16
"New Religion: DrownedGod, Current Religion: Mother Rhoyne, Population: 300000, Control: 95, Own Province: False",10.12
"New Religion: DrownedGod, Current Religion: Mother Rhoyne, Population: 300000, Control: 100, Own Province: True",10.12
"New Religion: DrownedGod, Current Religion: Mother Rhoyne, Population: 300000, Control: 100, Own Province: False",10.11
"New Religion: DrownedGod, Current Religion: Gods of Valyria, Population: 1000, Control: 85, Own Province: True",8.6
"New Religion: DrownedGod, Current Religion: Gods of Valyria, Population: 1000, Control: 85, Own Province: False",8.56
"New Religion: DrownedGod, Current Religion: Gods of Valyria, Population: 1000, Control: 90, Own Province: True",8.0
"New Religion: DrownedGod, Current Religion: Gods of Valyria, Population: 1000, Control: 90, Own Province: False",9.26
"New Religion: DrownedGod, Current Religion: Gods of Valyria, Population: 1000, Control: 95, Own Province: True",7.39
"New Religion: DrownedGod, Current Religion: Gods of Valyria, Population: 1000, Control: 95, Own Province: False",10.09
"New Religion: DrownedGod, Current Religion: Gods of Valyria, Population: 1000, Control: 100, Own Province: True",6.82
"New Religion: DrownedGod, Current Religion: Gods of Valyria, Population: 1000, Control: 100, Own Province: False",10.12
"New Religion: DrownedGod, Current Religion: Gods of Valyria, Population: 50000, Control: 85, Own Province: True",9.26
"New Religion: DrownedGod, Current Religion: Gods of Valyria, Population: 50000, Control: 85, Own Province: False",9.27
"New Religion: DrownedGod, Current Religion: Gods of Valyria, Population: 50000, Control: 90, Own Province: True",8.6
"New Religion: DrownedGod, Current Religion: Gods of Valyria, Population: 50000, Control: 90, Own Province: False",10.21
"New Religion: DrownedGod, Current Religion: Gods of Valyria, Population: 50000, Control: 95, Own Province: True",7.97
"New Religion: DrownedGod, Current Religion: Gods of Valyria, Population: 50000, Control: 95, Own Province: False",10.13
"New Religion: DrownedGod, Current Religion: Gods of Valyria, Population: 50000, Control: 100, Own Province: True",7.4
"New Religion: DrownedGod, Current Religion: Gods of Valyria, Population: 50000, Control: 100, Own Province: False",10.11
"New Religion: DrownedGod, Current Religion: Gods of Valyria, Population: 100000, Control: 85, Own Province: True",10.1
"New Religion: DrownedGod, Current Religion: Gods of Valyria, Population: 100000, Control: 85, Own Province: False",10.14
"New Religion: DrownedGod, Current Religion: Gods of Valyria, Population: 100000, Control: 90, Own Province: True",9.28
"New Religion: DrownedGod, Current Religion: Gods of Valyria, Population: 100000, Control: 90, Own Province: False",10.18
"New Religion: DrownedGod, Current Religion: Gods of Valyria, Population: 100000, Control: 95, Own Province: True",8.59
"New Religion: DrownedGod, Current Religion: Gods of Valyria, Population: 100000, Control: 95, Own Province: False",10.13
"New Religion: DrownedGod, Current Religion: Gods of Valyria, Population: 100000, Control: 100, Own Province: True",7.94
"New Religion: DrownedGod, Current Religion: Gods of Valyria, Population: 100000, Control: 100, Own Province: False",10.13
"New Religion: DrownedGod, Current Religion: Gods of Valyria, Population: 150000, Control: 85, Own Province: True",10.13
"New Religion: DrownedGod, Current Religion: Gods of Valyria, Population: 150000, Control: 85, Own Province: False",10.11
"New Religion: DrownedGod, Current Religion: Gods of Valyria, Population: 150000, Control: 90, Own Province: True",10.03
"New Religion: DrownedGod, Current Religion: Gods of Valyria, Population: 150000, Control: 90, Own Province: False",10.14
"New Religion: DrownedGod, Current Religion: Gods of Valyria, Population: 150000, Control: 95, Own Province: True",9.29
"New Religion: DrownedGod, Current Religion: Gods of Valyria, Population: 150000, Control: 95, Own Province: False",10.12
"New Religion: DrownedGod, Current Religion: Gods of Valyria, Population: 150000, Control: 100, Own Province: True",8.6
"New Religion: DrownedGod, Current Religion: Gods of Valyria, Population: 150000, Control: 100, Own Province: False",10.16
"New Religion: DrownedGod, Current Religion: Gods of Valyria, Population: 200000, Control: 85, Own Province: True",10.15
"New Religion: DrownedGod, Current Religion: Gods of Valyria, Population: 200000, Control: 85, Own Province: False",10.17
"New Religion: DrownedGod, Current Religion: Gods of Valyria, Population: 200000, Control: 90, Own Province: True",10.14
"New Religion: DrownedGod, Current Religion: Gods of Valyria, Population: 200000, Control: 90, Own Province: False",10.1
"New Religion: DrownedGod, Current Religion: Gods of Valyria, Population: 200000, Control: 95, Own Province: True",10.11
"New Religion: DrownedGod, Current Religion: Gods of Valyria, Population: 200000, Control: 95, Own Province: False",10.16
"New Religion: DrownedGod, Current Religion: Gods of Valyria, Population: 200000, Control: 100, Own Province: True",9.25
"New Religion: DrownedGod, Current Religion: Gods of Valyria, Population: 200000, Control: 100, Own Province: False",10.17
"New Religion: DrownedGod, Current Religion: Gods of Valyria, Population: 250000, Control: 85, Own Province: True",10.15
"New Religion: DrownedGod, Current Religion: Gods of Valyria, Population: 250000, Control: 85, Own Province: False",10.15
"New Religion: DrownedGod, Current Religion: Gods of Valyria, Population: 250000, Control: 90, Own Province: True",10.06
"New Religion: DrownedGod, Current Religion: Gods of Valyria, Population: 250000, Control: 90, Own Province: False",10.15
"New Religion: DrownedGod, Current Religion: Gods of Valyria, Population: 250000, Control: 95, Own Province: True",10.15
"New Religion: DrownedGod, Current Religion: Gods of Valyria, Population: 250000, Control: 95, Own Province: False",10.16
"New Religion: DrownedGod, Current Religion: Gods of Valyria, Population: 250000, Control: 100, Own Province: True",10.06
"New Religion: DrownedGod, Current Religion: Gods of Valyria, Population: 250000, Control: 100, Own Province: False",10.15
"New Religion: DrownedGod, Current Religion: Gods of Valyria, Population: 300000, Control: 85, Own Province: True",10.14
"New Religion: DrownedGod, Current Religion: Gods of Valyria, Population: 300000, Control: 85, Own Province: False",10.08
"New Religion: DrownedGod, Current Religion: Gods of Valyria, Population: 300000, Control: 90, Own Province: True",10.17
"New Religion: DrownedGod, Current Religion: Gods of Valyria, Population: 300000, Control: 90, Own Province: False",10.07
"New Religion: DrownedGod, Current Religion: Gods of Valyria, Population: 300000, Control: 95, Own Province: True",10.2
"New Religion: DrownedGod, Current Religion: Gods of Valyria, Population: 300000, Control: 95, Own Province: False",10.21
"New Religion: DrownedGod, Current Religion: Gods of Valyria, Population: 300000, Control: 100, Own Province: True",10.15
"New Religion: DrownedGod, Current Religion: Gods of Valyria, Population: 300000, Control: 100, Own Province: False",10.17
"New Religion: DrownedGod, Current Religion: R'hllor, Population: 1000, Control: 85, Own Province: True",8.57
"New Religion: DrownedGod, Current Religion: R'hllor, Population: 1000, Control: 85, Own Province: False",8.55
"New Religion: DrownedGod, Current Religion: R'hllor, Population: 1000, Control: 90, Own Province: True",7.98
"New Religion: DrownedGod, Current Religion: R'hllor, Population: 1000, Control: 90, Own Province: False",9.29
"New Religion: DrownedGod, Current Religion: R'hllor, Population: 1000, Control: 95, Own Province: True",7.38
"New Religion: DrownedGod, Current Religion: R'hllor, Population: 1000, Control: 95, Own Province: False",10.18
"New Religion: DrownedGod, Current Religion: R'hllor, Population: 1000, Control: 100, Own Province: True",6.85
"New Religion: DrownedGod, Current Religion: R'hllor, Population: 1000, Control: 100, Own Province: False",10.13
"New Religion: DrownedGod, Current Religion: R'hllor, Population: 50000, Control: 85, Own Province: True",9.33
"New Religion: DrownedGod, Current Religion: R'hllor, Population: 50000, Control: 85, Own Province: False",9.25
"New Religion: DrownedGod, Current Religion: R'hllor, Population: 50000, Control: 90, Own Province: True",8.59
"New Religion: DrownedGod, Current Religion: R'hllor, Population: 50000, Control: 90, Own Province: False",10.17
"New Religion: DrownedGod, Current Religion: R'hllor, Population: 50000, Control: 95, Own Province: True",7.92
"New Religion: DrownedGod, Current Religion: R'hllor, Population: 50000, Control: 95, Own Province: False",10.1
"New Religion: DrownedGod, Current Religion: R'hllor, Population: 50000, Control: 100, Own Province: True",7.39
"New Religion: DrownedGod, Current Religion: R'hllor, Population: 50000, Control: 100, Own Province: False",10.1
"New Religion: DrownedGod, Current Religion: R'hllor, Population: 100000, Control: 85, Own Province: True",10.17
"New Religion: DrownedGod, Current Religion: R'hllor, Population: 100000, Control: 85, Own Province: False",10.12
"New Religion: DrownedGod, Current Religion: R'hllor, Population: 100000, Control: 90, Own Province: True",9.25
"New Religion: DrownedGod, Current Religion: R'hllor, Population: 100000, Control: 90, Own Province: False",10.17
"New Religion: DrownedGod, Current Religion: R'hllor, Population: 100000, Control: 95, Own Province: True",8.6
"New Religion: DrownedGod, Current Religion: R'hllor, Population: 100000, Control: 95, Own Province: False",10.15
"New Religion: DrownedGod, Current Religion: R'hllor, Population: 100000, Control: 100, Own Province: True",7.95
"New Religion: DrownedGod, Current Religion: R'hllor, Population: 100000, Control: 100, Own Province: False",10.15
"New Religion: DrownedGod, Current Religion: R'hllor, Population: 150000, Control: 85, Own Province: True",10.22
"New Religion: DrownedGod, Current Religion: R'hllor, Population: 150000, Control: 85, Own Province: False",10.11
"New Religion: DrownedGod, Current Religion: R'hllor, Population: 150000, Control: 90, Own Province: True",10.14
"New Religion: DrownedGod, Current Religion: R'hllor, Population: 150000, Control: 90, Own Province: False",10.1
"New Religion: DrownedGod, Current Religion: R'hllor, Population: 150000, Control: 95, Own Province: True",9.39
"New Religion: DrownedGod, Current Religion: R'hllor, Population: 150000, Control: 95, Own Province: False",10.22
"New Religion: DrownedGod, Current Religion: R'hllor, Population: 150000, Control: 100, Own Province: True",8.59
"New Religion: DrownedGod, Current Religion: R'hllor, Population: 150000, Control: 100, Own Province: False",10.13
"New Religion: DrownedGod, Current Religion: R'hllor, Population: 200000, Control: 85, Own Province: True",10.09
"New Religion: DrownedGod, Current Religion: R'hllor, Population: 200000, Control: 85, Own Province: False",10.15
"New Religion: DrownedGod, Current Religion: R'hllor, Population: 200000, Control: 90, Own Province: True",10.09
"New Religion: DrownedGod, Current Religion: R'hllor, Population: 200000, Control: 90, Own Province: False",10.16
"New Religion: DrownedGod, Current Religion: R'hllor, Population: 200000, Control: 95, Own Province: True",10.11
"New Religion: DrownedGod, Current Religion: R'hllor, Population: 200000, Control: 95, Own Province: False",10.16
"New Religion: DrownedGod, Current Religion: R'hllor, Population: 200000, Control: 100, Own Province: True",9.27
"New Religion: DrownedGod, Current Religion: R'hllor, Population: 200000, Control: 100, Own Province: False",10.13
"New Religion: DrownedGod, Current Religion: R'hllor, Population: 250000, Control: 85, Own Province: True",10.17
"New Religion: DrownedGod, Current Religion: R'hllor, Population: 250000, Control: 85, Own Province: False",10.16
"New Religion: DrownedGod, Current Religion: R'hllor, Population: 250000, Control: 90, Own Province: True",10.05
"New Religion: DrownedGod, Current Religion: R'hllor, Population: 250000, Control: 90, Own Province: False",10.23
"New Religion: DrownedGod, Current Religion: R'hllor, Population: 250000, Control: 95, Own Province: True",10.08
"New Religion: DrownedGod, Current Religion: R'hllor, Population: 250000, Control: 95, Own Province: False",10.09
"New Religion: DrownedGod, Current Religion: R'hllor, Population: 250000, Control: 100, Own Province: True",10.08
"New Religion: DrownedGod, Current Religion: R'hllor, Population: 250000, Control: 100, Own Province: False",10.09
"New Religion: DrownedGod, Current Religion: R'hllor, Population: 300000, Control: 85, Own Province: True",10.2
"New Religion: DrownedGod, Current Religion: R'hllor, Population: 300000, Control: 85, Own Province: False",10.08
"New Religion: DrownedGod, Current Religion: R'hllor, Population: 300000, Control: 90, Own Province: True",10.19
"New Religion: DrownedGod, Current Religion: R'hllor, Population: 300000, Control: 90, Own Province: False",10.11
"New Religion: DrownedGod, Current Religion: R'hllor, Population: 300000, Control: 95, Own Province: True",10.18
"New Religion: DrownedGod, Current Religion: R'hllor, Population: 300000, Control: 95, Own Province: False",10.13
"New Religion: DrownedGod, Current Religion: R'hllor, Population: 300000, Control: 100, Own Province: True",10.17
"New Religion: DrownedGod, Current Religion: R'hllor, Population: 300000, Control: 100, Own Province: False",10.17
"New Religion: DrownedGodII, Current Religion: Faith of the Seven, Population: 1000, Control: 85, Own Province: True",7.39
"New Religion: DrownedGodII, Current Religion: Faith of the Seven, Population: 1000, Control: 85, Own Province: False",7.38
"New Religion: DrownedGodII, Current Religion: Faith of the Seven, Population: 1000, Control: 90, Own Province: True",6.85
"New Religion: DrownedGodII, Current Religion: Faith of the Seven, Population: 1000, Control: 90, Own Province: False",7.92
"New Religion: DrownedGodII, Current Religion: Faith of the Seven, Population: 1000, Control: 95, Own Province: True",6.3
"New Religion: DrownedGodII, Current Religion: Faith of the Seven, Population: 1000, Control: 95, Own Province: False",8.62
"New Religion: DrownedGodII, Current Religion: Faith of the Seven, Population: 1000, Control: 100, Own Province: True",5.8
"New Religion: DrownedGodII, Current Religion: Faith of the Seven, Population: 1000, Control: 100, Own Province: False",9.29
"New Religion: DrownedGodII, Current Religion: Faith of the Seven, Population: 50000, Control: 85, Own Province: True",7.95
"New Religion: DrownedGodII, Current Religion: Faith of the Seven, Population: 50000, Control: 85, Own Province: False",7.98
"New Religion: DrownedGodII, Current Religion: Faith of the Seven, Population: 50000, Control: 90, Own Province: True",7.38
"New Religion: DrownedGodII, Current Religion: Faith of the Seven, Population: 50000, Control: 90, Own Province: False",8.55
"New Religion: DrownedGodII, Current Religion: Faith of the Seven, Population: 50000, Control: 95, Own Province: True",6.85
"New Religion: DrownedGodII, Current Religion: Faith of the Seven, Population: 50000, Control: 95, Own Province: False",9.34
"New Religion: DrownedGodII, Current Religion: Faith of the Seven, Population: 50000, Control: 100, Own Province: True",6.31
"New Religion: DrownedGodII, Current Religion: Faith of the Seven, Population: 50000, Control: 100, Own Province: False",10.09
"New Religion: DrownedGodII, Current Religion: Faith of the Seven, Population: 100000, Control: 85, Own Province: True",8.57
"New Religion: DrownedGodII, Current Religion: Faith of the Seven, Population: 100000, Control: 85, Own Province: False",8.56
"New Religion: DrownedGodII, Current Religion: Faith of the Seven, Population: 100000, Control: 90, Own Province: True",7.97
"New Religion: DrownedGodII, Current Religion: Faith of the Seven, Population: 100000, Control: 90, Own Province: False",9.34
"New Religion: DrownedGodII, Current Religion: Faith of the Seven, Population: 100000, Control: 95, Own Province: True",7.36
"New Religion: DrownedGodII, Current Religion: Faith of the Seven, Population: 100000, Control: 95, Own Province: False",10.17
"New Religion: DrownedGodII, Current Religion: Faith of the Seven, Population: 100000, Control: 100, Own Province: True",6.82
"New Religion: DrownedGodII, Current Religion: Faith of the Seven, Population: 100000, Control: 100, Own Province: False",10.06
"New Religion: DrownedGodII, Current Religion: Faith of the Seven, Population: 150000, Control: 85, Own Province: True",9.31
"New Religion: DrownedGodII, Current Religion: Faith of the Seven, Population: 150000, Control: 85, Own Province: False",9.3
"New Religion: DrownedGodII, Current Religion: Faith of the Seven, Population: 150000, Control: 90, Own Province: True",8.59
"New Religion: DrownedGodII, Current Religion: Faith of the Seven, Population: 150000, Control: 90, Own Province: False",10.17
"New Religion: DrownedGodII, Current Religion: Faith of the Seven, Population: 150000, Control: 95, Own Province: True",7.93
"New Religion: DrownedGodII, Current Religion: Faith of the Seven, Population: 150000, Control: 95, Own Province: False",10.12
"New Religion: DrownedGodII, Current Religion: Faith of the Seven, Population: 150000, Control: 100, Own Province: True",7.38
"New Religion: DrownedGodII, Current Religion: Faith of the Seven, Population: 150000, Control: 100, Own Province: False",10.11
"New Religion: DrownedGodII, Current Religion: Faith of the Seven, Population: 200000, Control: 85, Own Province: True",10.05
"New Religion: DrownedGodII, Current Religion: Faith of the Seven, Population: 200000, Control: 85, Own Province: False",10.14
"New Religion: DrownedGodII, Current Religion: Faith of the Seven, Population: 200000, Control: 90, Own Province: True",9.23
"New Religion: DrownedGodII, Current Religion: Faith of the Seven, Population: 200000, Control: 90, Own Province: False",10.16
"New Religion: DrownedGodII, Current Religion: Faith of the Seven, Population: 200000, Control: 95, Own Province: True",8.58
"New Religion: DrownedGodII, Current Religion: Faith of the Seven, Population: 200000, Control: 95, Own Province: False",10.12
"New Religion: DrownedGodII, Current Religion: Faith of the Seven, Population: 200000, Control: 100, Own Province: True",7.99
"New Religion: DrownedGodII, Current Religion: Faith of the Seven, Population: 200000, Control: 100, Own Province: False",10.16
"New Religion: DrownedGodII, Current Religion: Faith of the Seven, Population: 250000, Control: 85, Own Province: True",10.17
"New Religion: DrownedGodII, Current Religion: Faith of the Seven, Population: 250000, Control: 85, Own Province: False",10.17
"New Religion: DrownedGodII, Current Religion: Faith of the Seven, Population: 250000, Control: 90, Own Province: True",10.07
"New Religion: DrownedGodII, Current Religion: Faith of the Seven, Population: 250000, Control: 90, Own Province: False",10.06
"New Religion: DrownedGodII, Current Religion: Faith of the Seven, Population: 250000, Control: 95, Own Province: True",9.24
"New Religion: DrownedGodII, Current Religion: Faith of the Seven, Population: 250000, Control: 95, Own Province: False",10.09
"New Religion: DrownedGodII, Current Religion: Faith of the Seven, Population: 250000, Control: 100, Own Province: True",8.61
"New Religion: DrownedGodII, Current Religion: Faith of the Seven, Population: 250000, Control: 100, Own Province: False",10.07
"New Religion: DrownedGodII, Current Religion: Faith of the Seven, Population: 300000, Control: 85, Own Province: True",10.23
"New Religion: DrownedGodII, Current Religion: Faith of the Seven, Population: 300000, Control: 85, Own Province: False",10.08
"New Religion: DrownedGodII, Current Religion: Faith of the Seven, Population: 300000, Control: 90, Own Province: True",10.16
"New Religion: DrownedGodII, Current Religion: Faith of the Seven, Population: 300000, Control: 90, Own Province: False",10.18
"New Religion: DrownedGodII, Current Religion: Faith of the Seven, Population: 300000, Control: 95, Own Province: True",10.23
"New Religion: DrownedGodII, Current Religion: Faith of the Seven, Population: 300000, Control: 95, Own Province: False",10.06
"New Religion: DrownedGodII, Current Religion: Faith of the Seven, Population: 300000, Control: 100, Own Province: True",9.26
"New Religion: DrownedGodII, Current Religion: Faith of the Seven, Population: 300000, Control: 100, Own Province: False",10.15
"New Religion: DrownedGodII, Current Religion: Old Gods, Population: 1000, Control: 85, Own Province: True",6.84
"New Religion: DrownedGodII, Current Religion: Old Gods, Population: 1000, Control: 85, Own Province: False",6.85
"New Religion: DrownedGodII, Current Religion: Old Gods, Population: 1000, Control: 90, Own Province: True",6.31
"New Religion: DrownedGodII, Current Religion: Old Gods, Population: 1000, Control: 90, Own Province: False",7.37
"New Religion: DrownedGodII, Current Religion: Old Gods, Population: 1000, Control: 95, Own Province: True",5.81
"New Religion: DrownedGodII, Current Religion: Old Gods, Population: 1000, Control: 95, Own Province: False",7.98
"New Religion: DrownedGodII, Current Religion: Old Gods, Population: 1000, Control: 100, Own Province: True",5.25
"New Religion: DrownedGodII, Current Religion: Old Gods, Population: 1000, Control: 100, Own Province: False",8.54
"New Religion: DrownedGodII, Current Religion: Old Gods, Population: 50000, Control: 85, Own Province: True",7.38
"New Religion: DrownedGodII, Current Religion: Old Gods, Population: 50000, Control: 85, Own Province: False",7.38
"New Religion: DrownedGodII, Current Religion: Old Gods, Population: 50000, Control: 90, Own Province: True",6.81
"New Religion: DrownedGodII, Current Religion: Old Gods, Population: 50000, Control: 90, Own Province: False",8.0
"New Religion: DrownedGodII, Current Religion: Old Gods, Population: 50000, Control: 95, Own Province: True",6.34
"New Religion: DrownedGodII, Current Religion: Old Gods, Population: 50000, Control: 95, Own Province: False",8.58
"New Religion: DrownedGodII, Current Religion: Old Gods, Population: 50000, Control: 100, Own Province: True",5.78
"New Religion: DrownedGodII, Current Religion: Old Gods, Population: 50000, Control: 100, Own Province: False",9.23
"New Religion: DrownedGodII, Current Religion: Old Gods, Population: 100000, Control: 85, Own Province: True",7.97
"New Religion: DrownedGodII, Current Religion: Old Gods, Population: 100000, Control: 85, Own Province: False",7.94
"New Religion: DrownedGodII, Current Religion: Old Gods, Population: 100000, Control: 90, Own Province: True",7.38
"New Religion: DrownedGodII, Current Religion: Old Gods, Population: 100000, Control: 90, Own Province: False",8.54
"New Religion: DrownedGodII, Current Religion: Old Gods, Population: 100000, Control: 95, Own Province: True",6.84
"New Religion: DrownedGodII, Current Religion: Old Gods, Population: 100000, Control: 95, Own Province: False",9.24
"New Religion: DrownedGodII, Current Religion: Old Gods, Population: 100000, Control: 100, Own Province: True",6.34
"New Religion: DrownedGodII, Current Religion: Old Gods, Population: 100000, Control: 100, Own Province: False",10.12
"New Religion: DrownedGodII, Current Religion: Old Gods, Population: 150000, Control: 85, Own Province: True",8.57
"New Religion: DrownedGodII, Current Religion: Old Gods, Population: 150000, Control: 85, Own Province: False",8.6
"New Religion: DrownedGodII, Current Religion: Old Gods, Population: 150000, Control: 90, Own Province: True",7.99
"New Religion: DrownedGodII, Current Religion: Old Gods, Population: 150000, Control: 90, Own Province: False",9.23
"New Religion: DrownedGodII, Current Religion: Old Gods, Population: 150000, Control: 95, Own Province: True",7.38
"New Religion: DrownedGodII, Current Religion: Old Gods, Population: 150000, Control: 95, Own Province: False",10.17
"New Religion: DrownedGodII, Current Religion: Old Gods, Population: 150000, Control: 100, Own Province: True",6.83
"New Religion: DrownedGodII, Current Religion: Old Gods, Population: 150000, Control: 100, Own Province: False",10.07
"New Religion: DrownedGodII, Current Religion: Old Gods, Population: 200000, Control: 85, Own Province: True",9.29
"New Religion: DrownedGodII, Current Religion: Old Gods, Population: 200000, Control: 85, Own Province: False",9.24
"New Religion: DrownedGodII, Current Religion: Old Gods, Population: 200000, Control: 90, Own Province: True",8.6
"New Religion: DrownedGodII, Current Religion: Old Gods, Population: 200000, Control: 90, Own Province: False",10.11
"New Religion: DrownedGodII, Current Religion: Old Gods, Population: 200000, Control: 95, Own Province: True",7.95
"New Religion: DrownedGodII, Current Religion: Old Gods, Population: 200000, Control: 95, Own Province: False",10.06
"New Religion: DrownedGodII, Current Religion: Old Gods, Population: 200000, Control: 100, Own Province: True",7.39
"New Religion: DrownedGodII, Current Religion: Old Gods, Population: 200000, Control: 100, Own Province: False",10.09
"New Religion: DrownedGodII, Current Religion: Old Gods, Population: 250000, Control: 85, Own Province: True",10.13
"New Religion: DrownedGodII, Current Religion: Old Gods, Population: 250000, Control: 85, Own Province: False",10.17
"New Religion: DrownedGodII, Current Religion: Old Gods, Population: 250000, Control: 90, Own Province: True",9.27
"New Religion: DrownedGodII, Current Religion: Old Gods, Population: 250000, Control: 90, Own Province: False",10.18
"New Religion: DrownedGodII, Current Religion: Old Gods, Population: 250000, Control: 95, Own Province: True",8.55
"New Religion: DrownedGodII, Current Religion: Old Gods, Population: 250000, Control: 95, Own Province: False",10.15
"New Religion: DrownedGodII, Current Religion: Old Gods, Population: 250000, Control: 100, Own Province: True",7.97
"New Religion: DrownedGodII, Current Religion: Old Gods, Population: 250000, Control: 100, Own Province: False",10.03
"New Religion: DrownedGodII, Current Religion: Old Gods, Population: 300000, Control: 85, Own Province: True",10.2
"New Religion: DrownedGodII, Current Religion: Old Gods, Population: 300000, Control: 85, Own Province: False",10.11
"New Religion: DrownedGodII, Current Religion: Old Gods, Population: 300000, Control: 90, Own Province: True",10.18
"New Religion: DrownedGodII, Current Religion: Old Gods, Population: 300000, Control: 90, Own Province: False",10.17
"New Religion: DrownedGodII, Current Religion: Old Gods, Population: 300000, Control: 95, Own Province: True",9.3
"New Religion: DrownedGodII, Current Religion: Old Gods, Population: 300000, Control: 95, Own Province: False",10.18
"New Religion: DrownedGodII, Current Religion: Old Gods, Population: 300000, Control: 100, Own Province: True",8.6
"New Religion: DrownedGodII, Current Religion: Old Gods, Population: 300000, Control: 100, Own Province: False",10.17
"New Religion: DrownedGodII, Current Religion: Skagosi Old Gods, Population: 1000, Control: 85, Own Province: True",7.37
"New Religion: DrownedGodII, Current Religion: Skagosi Old Gods, Population: 1000, Control: 85, Own Province: False",7.4
"New Religion: DrownedGodII, Current Religion: Skagosi Old Gods, Population: 1000, Control: 90, Own Province: True",6.83
"New Religion: DrownedGodII, Current Religion: Skagosi Old Gods, Population: 1000, Control: 90, Own Province: False",7.99
"New Religion: DrownedGodII, Current Religion: Skagosi Old Gods, Population: 1000, Control: 95, Own Province: True",6.32
"New Religion: DrownedGodII, Current Religion: Skagosi Old Gods, Population: 1000, Control: 95, Own Province: False",8.56
"New Religion: DrownedGodII, Current Religion: Skagosi Old Gods, Population: 1000, Control: 100, Own Province: True",5.8
"New Religion: DrownedGodII, Current Religion: Skagosi Old Gods, Population: 1000, Control: 100, Own Province: False",9.34
"New Religion: DrownedGodII, Current Religion: Skagosi Old Gods, Population: 50000, Control: 85, Own Province: True",7.98
"New Religion: DrownedGodII, Current Religion: Skagosi Old Gods, Population: 50000, Control: 85, Own Province: False",7.98
"New Religion: DrownedGodII, Current Religion: Skagosi Old Gods, Population: 50000, Control: 90, Own Province: True",7.36
"New Religion: DrownedGodII, Current Religion: Skagosi Old Gods, Population: 50000, Control: 90, Own Province: False",8.58
"New Religion: DrownedGodII, Current Religion: Skagosi Old Gods, Population: 50000, Control: 95, Own Province: True",6.84
"New Religion: DrownedGodII, Current Religion: Skagosi Old Gods, Population: 50000, Control: 95, Own Province: False",9.3
"New Religion: DrownedGodII, Current Religion: Skagosi Old Gods, Population: 50000, Control: 100, Own Province: True",6.31
"New Religion: DrownedGodII, Current Religion: Skagosi Old Gods, Population: 50000, Control: 100, Own Province: False",10.05
"New Religion: DrownedGodII, Current Religion: Skagosi Old Gods, Population: 100000, Control: 85, Own Province: True",8.65
"New Religion: DrownedGodII, Current Religion: Skagosi Old Gods, Population: 100000, Control: 85, Own Province: False",8.58
"New Religion: DrownedGodII, Current Religion: Skagosi Old Gods, Population: 100000, Control: 90, Own Province: True",7.92
"New Religion: DrownedGodII, Current Religion: Skagosi Old Gods, Population: 100000, Control: 90, Own Province: False",9.28
"New Religion: DrownedGodII, Current Religion: Skagosi Old Gods, Population: 100000, Control: 95, Own Province: True",7.4
"New Religion: DrownedGodII, Current Religion: Skagosi Old Gods, Population: 100000, Control: 95, Own Province: False",10.14
"New Religion: DrownedGodII, Current Religion: Skagosi Old Gods, Population: 100000, Control: 100, Own Province: True",6.83
"New Religion: DrownedGodII, Current Religion: Skagosi Old Gods, Population: 100000, Control: 100, Own Province: False",10.09
"New Religion: DrownedGodII, Current Religion: Skagosi Old Gods, Population: 150000, Control: 85, Own Province: True",9.24
"New Religion: DrownedGodII, Current Religion: Skagosi Old Gods, Population: 150000, Control: 85, Own Province: False",9.32
"New Religion: DrownedGodII, Current Religion: Skagosi Old Gods, Population: 150000, Control: 90, Own Province: True",8.62
"New Religion: DrownedGodII, Current Religion: Skagosi Old Gods, Population: 150000, Control: 90, Own Province: False",10.16
"New Religion: DrownedGodII, Current Religion: Skagosi Old Gods, Population: 150000, Control: 95, Own Province: True",7.95
"New Religion: DrownedGodII, Current Religion: Skagosi Old Gods, Population: 150000, Control: 95, Own Province: False",10.13
"New Religion: DrownedGodII, Current Religion: Skagosi Old Gods, Population: 150000, Control: 100, Own Province: True",7.38
"New Religion: DrownedGodII, Current Religion: Skagosi Old Gods, Population: 150000, Control: 100, Own Province: False",10.15
"New Religion: DrownedGodII, Current Religion: Skagosi Old Gods, Population: 200000, Control: 85, Own Province: True",10.03
"New Religion: DrownedGodII, Current Religion: Skagosi Old Gods, Population: 200000, Control: 85, Own Province: False",10.12
"New Religion: DrownedGodII, Current Religion: Skagosi Old Gods, Population: 200000, Control: 90, Own Province: True",9.29
"New Religion: DrownedGodII, Current Religion: Skagosi Old Gods, Population: 200000, Control: 90, Own Province: False",10.11
"New Religion: DrownedGodII, Current Religion: Skagosi Old Gods, Population: 200000, Control: 95, Own Province: True",8.6
"New Religion: DrownedGodII, Current Religion: Skagosi Old Gods, Population: 200000, Control: 95, Own Province: False",10.12
"New Religion: DrownedGodII, Current Religion: Skagosi Old Gods, Population: 200000, Control: 100, Own Province: True",7.98
"New Religion: DrownedGodII, Current Religion: Skagosi Old Gods, Population: 200000, Control: 100, Own Province: False",10.18
"New Religion: DrownedGodII, Current Religion: Skagosi Old Gods, Population: 250000, Control: 85, Own Province: True",10.1
"New Religion: DrownedGodII, Current Religion: Skagosi Old Gods, Population: 250000, Control: 85, Own Province: False",10.12
"New Religion: DrownedGodII, Current Religion: Skagosi Old Gods, Population: 250000, Control: 90, Own Province: True",10.14
"New Religion: DrownedGodII, Current Religion: Skagosi Old Gods, Population: 250000, Control: 90, Own Province: False",10.13
"New Religion: DrownedGodII, Current Religion: Skagosi Old Gods, Population: 250000, Control: 95, Own Province: True",9.31
"New Religion: DrownedGodII, Current Religion: Skagosi Old Gods, Population: 250000, Control: 95, Own Province: False",10.16
"New Religion: DrownedGodII, Current Religion: Skagosi Old Gods, Population: 250000, Control: 100, Own Province: True",8.58
"New Religion: DrownedGodII, Current Religion: Skagosi Old Gods, Population: 250000, Control: 100, Own Province: False",10.13
"New Religion: DrownedGodII, Current Religion: Skagosi Old Gods, Population: 300000, Control: 85, Own Province: True",10.06
"New Religion: DrownedGodII, Current Religion: Skagosi Old Gods, Population: 300000, Control: 85, Own Province: False",10.16
"New Religion: DrownedGodII, Current Religion: Skagosi Old Gods, Population: 300000, Control: 90, Own Province: True",10.09
"New Religion: DrownedGodII, Current Religion: Skagosi Old Gods, Population: 300000, Control: 90, Own Province: False",10.07
"New Religion: DrownedGodII, Current Religion: Skagosi Old Gods, Population: 300000, Control: 95, Own Province: True",10.08
"New Religion: DrownedGodII, Current Religion: Skagosi Old Gods, Population: 300000, Control: 95, Own Province: False",10.16
"New Religion: DrownedGodII, Current Religion: Skagosi Old Gods, Population: 300000, Control: 100, Own Province: True",9.29
"New Religion: DrownedGodII, Current Religion: Skagosi Old Gods, Population: 300000, Control: 100, Own Province: False",10.12
"New Religion: DrownedGodII, Current Religion: DrownedGod, Population: 1000, Control: 85, Own Province: True",8.0
"New Religion: DrownedGodII, Current Religion: DrownedGod, Population: 1000, Control: 85, Own Province: False",7.92
"New Religion: DrownedGodII, Current Religion: DrownedGod, Population: 1000, Control: 90, Own Province: True",7.39
"New Religion: DrownedGodII, Current Religion: DrownedGod, Population: 1000, Control: 90, Own Province: False",8.63
"New Religion: DrownedGodII, Current Religion: DrownedGod, Population: 1000, Control: 95, Own Province: True",6.88
"New Religion: DrownedGodII, Current Religion: DrownedGod, Population: 1000, Control: 95, Own Province: False",9.22
"New Religion: DrownedGodII, Current Religion: DrownedGod, Population: 1000, Control: 100, Own Province: True",6.33
"New Religion: DrownedGodII, Current Religion: DrownedGod, Population: 1000, Control: 100, Own Province: False",10.1
"New Religion: DrownedGodII, Current Religion: DrownedGod, Population: 50000, Control: 85, Own Province: True",8.61
"New Religion: DrownedGodII, Current Religion: DrownedGod, Population: 50000, Control: 85, Own Province: False",8.53
"New Religion: DrownedGodII, Current Religion: DrownedGod, Population: 50000, Control: 90, Own Province: True",7.97
"New Religion: DrownedGodII, Current Religion: DrownedGod, Population: 50000, Control: 90, Own Province: False",9.28
"New Religion: DrownedGodII, Current Religion: DrownedGod, Population: 50000, Control: 95, Own Province: True",7.39
"New Religion: DrownedGodII, Current Religion: DrownedGod, Population: 50000, Control: 95, Own Province: False",10.2
"New Religion: DrownedGodII, Current Religion: DrownedGod, Population: 50000, Control: 100, Own Province: True",6.83
"New Religion: DrownedGodII, Current Religion: DrownedGod, Population: 50000, Control: 100, Own Province: False",10.1
"New Religion: DrownedGodII, Current Religion: DrownedGod, Population: 100000, Control: 85, Own Province: True",9.27
"New Religion: DrownedGodII, Current Religion: DrownedGod, Population: 100000, Control: 85, Own Province: False",9.28
"New Religion: DrownedGodII, Current Religion: DrownedGod, Population: 100000, Control: 90, Own Province: True",8.56
"New Religion: DrownedGodII, Current Religion: DrownedGod, Population: 100000, Control: 90, Own Province: False",10.2
"New Religion: DrownedGodII, Current Religion: DrownedGod, Population: 100000, Control: 95, Own Province: True",7.94
"New Religion: DrownedGodII, Current Religion: DrownedGod, Population: 100000, Control: 95, Own Province: False",10.16
"New Religion: DrownedGodII, Current Religion: DrownedGod, Population: 100000, Control: 100, Own Province: True",7.37
"New Religion: DrownedGodII, Current Religion: DrownedGod, Population: 100000, Control: 100, Own Province: False",10.2
"New Religion: DrownedGodII, Current Religion: DrownedGod, Population: 150000, Control: 85, Own Province: True",10.04
"New Religion: DrownedGodII, Current Religion: DrownedGod, Population: 150000, Control: 85, Own Province: False",10.08
"New Religion: DrownedGodII, Current Religion: DrownedGod, Population: 150000, Control: 90, Own Province: True",9.24
"New Religion: DrownedGodII, Current Religion: DrownedGod, Population: 150000, Control: 90, Own Province: False",10.22
"New Religion: DrownedGodII, Current Religion: DrownedGod, Population: 150000, Control: 95, Own Province: True",8.58
"New Religion: DrownedGodII, Current Religion: DrownedGod, Population: 150000, Control: 95, Own Province: False",10.13
"New Religion: DrownedGodII, Current Religion: DrownedGod, Population: 150000, Control: 100, Own Province: True",7.97
"New Religion: DrownedGodII, Current Religion: DrownedGod, Population: 150000, Control: 100, Own Province: False",10.11
"New Religion: DrownedGodII, Current Religion: DrownedGod, Population: 200000, Control: 85, Own Province: True",10.11
"New Religion: DrownedGodII, Current Religion: DrownedGod, Population: 200000, Control: 85, Own Province: False",10.2
"New Religion: DrownedGodII, Current Religion: DrownedGod, Population: 200000, Control: 90, Own Province: True",10.09
"New Religion: DrownedGodII, Current Religion: DrownedGod, Population: 200000, Control: 90, Own Province: False",10.12
"New Religion: DrownedGodII, Current Religion: DrownedGod, Population: 200000, Control: 95, Own Province: True",9.27
"New Religion: DrownedGodII, Current Religion: DrownedGod, Population: 200000, Control: 95, Own Province: False",10.12
"New Religion: DrownedGodII, Current Religion: DrownedGod, Population: 200000, Control: 100, Own Province: True",8.57
"New Religion: DrownedGodII, Current Religion: DrownedGod, Population: 200000, Control: 100, Own Province: False",10.11
"New Religion: DrownedGodII, Current Religion: DrownedGod, Population: 250000, Control: 85, Own Province: True",10.1
"New Religion: DrownedGodII, Current Religion: DrownedGod, Population: 250000, Control: 85, Own Province: False",10.13
"New Religion: DrownedGodII, Current Religion: DrownedGod, Population: 250000, Control: 90, Own Province: True",10.09
"New Religion: DrownedGodII, Current Religion: DrownedGod, Population: 250000, Control: 90, Own Province: False",10.08
"New Religion: DrownedGodII, Current Religion: DrownedGod, Population: 250000, Control: 95, Own Province: True",10.16
"New Religion: DrownedGodII, Current Religion: DrownedGod, Population: 250000, Control: 95, Own Province: False",10.18
"New Religion: DrownedGodII, Current Religion: DrownedGod, Population: 250000, Control: 100, Own Province: True",9.32
"New Religion: DrownedGodII, Current Religion: DrownedGod, Population: 250000, Control: 100, Own Province: False",10.18
"New Religion: DrownedGodII, Current Religion: DrownedGod, Population: 300000, Control: 85, Own Province: True",10.09
"New Religion: DrownedGodII, Current Religion: DrownedGod, Population: 300000, Control: 85, Own Province: False",10.11
"New Religion: DrownedGodII, Current Religion: DrownedGod, Population: 300000, Control: 90, Own Province: True",10.12
"New Religion: DrownedGodII, Current Religion: DrownedGod, Population: 300000, Control: 90, Own Province: False",10.09
"New Religion: DrownedGodII, Current Religion: DrownedGod, Population: 300000, Control: 95, Own Province: True",10.14
"New Religion: DrownedGodII, Current Religion: DrownedGod, Population: 300000, Control: 95, Own Province: False",10.14
"New Religion: DrownedGodII, Current Religion: DrownedGod, Population: 300000, Control: 100, Own Province: True",10.14
"New Religion: DrownedGodII, Current Religion: DrownedGod, Population: 300000, Control: 100, Own Province: False",10.16
"New Religion: DrownedGodII, Current Religion: Mother Rhoyne, Population: 1000, Control: 85, Own Province: True",7.38
"New Religion: DrownedGodII, Current Religion: Mother Rhoyne, Population: 1000, Control: 85, Own Province: False",7.37
"New Religion: DrownedGodII, Current Religion: Mother Rhoyne, Population: 1000, Control: 90, Own Province: True",6.86
"New Religion: DrownedGodII, Current Religion: Mother Rhoyne, Population: 1000, Control: 90, Own Province: False",7.93
"New Religion: DrownedGodII, Current Religion: Mother Rhoyne, Population: 1000, Control: 95, Own Province: True",6.32
"New Religion: DrownedGodII, Current Religion: Mother Rhoyne, Population: 1000, Control: 95, Own Province: False",8.6
"New Religion: DrownedGodII, Current Religion: Mother Rhoyne, Population: 1000, Control: 100, Own Province: True",5.81
"New Religion: DrownedGodII, Current Religion: Mother Rhoyne, Population: 1000, Control: 100, Own Province: False",9.27
"New Religion: DrownedGodII, Current Religion: Mother Rhoyne, Population: 50000, Control: 85, Own Province: True",7.96
"New Religion: DrownedGodII, Current Religion: Mother Rhoyne, Population: 50000, Control: 85, Own Province: False",7.95
"New Religion: DrownedGodII, Current Religion: Mother Rhoyne, Population: 50000, Control: 90, Own Province: True",7.42
"New Religion: DrownedGodII, Current Religion: Mother Rhoyne, Population: 50000, Control: 90, Own Province: False",8.6
"New Religion: DrownedGodII, Current Religion: Mother Rhoyne, Population: 50000, Control: 95, Own Province: True",6.85
"New Religion: DrownedGodII, Current Religion: Mother Rhoyne, Population: 50000, Control: 95, Own Province: False",9.27
"New Religion: DrownedGodII, Current Religion: Mother Rhoyne, Population: 50000, Control: 100, Own Province: True",6.33
"New Religion: DrownedGodII, Current Religion: Mother Rhoyne, Population: 50000, Control: 100, Own Province: False",10.13
"New Religion: DrownedGodII, Current Religion: Mother Rhoyne, Population: 100000, Control: 85, Own Province: True",8.59
"New Religion: DrownedGodII, Current Religion: Mother Rhoyne, Population: 100000, Control: 85, Own Province: False",8.59
"New Religion: DrownedGodII, Current Religion: Mother Rhoyne, Population: 100000, Control: 90, Own Province: True",7.95
"New Religion: DrownedGodII, Current Religion: Mother Rhoyne, Population: 100000, Control: 90, Own Province: False",9.28
"New Religion: DrownedGodII, Current Religion: Mother Rhoyne, Population: 100000, Control: 95, Own Province: True",7.38
"New Religion: DrownedGodII, Current Religion: Mother Rhoyne, Population: 100000, Control: 95, Own Province: False",10.18
"New Religion: DrownedGodII, Current Religion: Mother Rhoyne, Population: 100000, Control: 100, Own Province: True",6.83
"New Religion: DrownedGodII, Current Religion: Mother Rhoyne, Population: 100000, Control: 100, Own Province: False",10.15
"New Religion: DrownedGodII, Current Religion: Mother Rhoyne, Population: 150000, Control: 85, Own Province: True",9.3
"New Religion: DrownedGodII, Current Religion: Mother Rhoyne, Population: 150000, Control: 85, Own Province: False",9.3
"New Religion: DrownedGodII, Current Religion: Mother Rhoyne, Population: 150000, Control: 90, Own Province: True",8.55
"New Religion: DrownedGodII, Current Religion: Mother Rhoyne, Population: 150000, Control: 90, Own Province: False",10.18
"New Religion: DrownedGodII, Current Religion: Mother Rhoyne, Population: 150000, Control: 95, Own Province: True",7.97
"New Religion: DrownedGodII, Current Religion: Mother Rhoyne, Population: 150000, Control: 95, Own Province: False",10.19
"New Religion: DrownedGodII, Current Religion: Mother Rhoyne, Population: 150000, Control: 100, Own Province: True",7.35
"New Religion: DrownedGodII, Current Religion: Mother Rhoyne, Population: 150000, Control: 100, Own Province: False",10.11
"New Religion: DrownedGodII, Current Religion: Mother Rhoyne, Population: 200000, Control: 85, Own Province: True",10.05
"New Religion: DrownedGodII, Current Religion: Mother Rhoyne, Population: 200000, Control: 85, Own Province: False",10.1
"New Religion: DrownedGodII, Current Religion: Mother Rhoyne, Population: 200000, Control: 90, Own Province: True",9.31
"New Religion: DrownedGodII, Current Religion: Mother Rhoyne, Population: 200000, Control: 90, Own Province: False",10.11
"New Religion: DrownedGodII, Current Religion: Mother Rhoyne, Population: 200000, Control: 95, Own Province: True",8.55
"New Religion: DrownedGodII, Current Religion: Mother Rhoyne, Population: 200000, Control: 95, Own Province: False",10.16
"New Religion: DrownedGodII, Current Religion: Mother Rhoyne, Population: 200000, Control: 100, Own Province: True",7.95
"New Religion: DrownedGodII, Current Religion: Mother Rhoyne, Population: 200000, Control: 100, Own Province: False",10.12
"New Religion: DrownedGodII, Current Religion: Mother Rhoyne, Population: 250000, Control: 85, Own Province: True",10.07
"New Religion: DrownedGodII, Current Religion: Mother Rhoyne, Population: 250000, Control: 85, Own Province: False",10.09
"New Religion: DrownedGodII, Current Religion: Mother Rhoyne, Population: 250000, Control: 90, Own Province: True",10.1
"New Religion: DrownedGodII, Current Religion: Mother Rhoyne, Population: 250000, Control: 90, Own Province: False",10.12
"New Religion: DrownedGodII, Current Religion: Mother Rhoyne, Population: 250000, Control: 95, Own Province: True",9.26
"New Religion: DrownedGodII, Current Religion: Mother Rhoyne, Population: 250000, Control: 95, Own Province: False",10.18
"New Religion: DrownedGodII, Current Religion: Mother Rhoyne, Population: 250000, Control: 100, Own Province: True",8.62
"New Religion: DrownedGodII, Current Religion: Mother Rhoyne, Population: 250000, Control: 100, Own Province: False",10.14
"New Religion: DrownedGodII, Current Religion: Mother Rhoyne, Population: 300000, Control: 85, Own Province: True",10.12
"New Religion: DrownedGodII, Current Religion: Mother Rhoyne, Population: 300000, Control: 85, Own Province: False",10.16
"New Religion: DrownedGodII, Current Religion: Mother Rhoyne, Population: 300000, Control: 90, Own Province: True",10.13
"New Religion: DrownedGodII, Current Religion: Mother Rhoyne, Population: 300000, Control: 90, Own Province: False",10.12
"New Religion: DrownedGodII, Current Religion: Mother Rhoyne, Population: 300000, Control: 95, Own Province: True",10.16
"New Religion: DrownedGodII, Current Religion: Mother Rhoyne, Population: 300000, Control: 95, Own Province: False",10.11
"New Religion: DrownedGodII, Current Religion: Mother Rhoyne, Population: 300000, Control: 100, Own Province: True",9.32
"New Religion: DrownedGodII, Current Religion: Mother Rhoyne, Population: 300000, Control: 100, Own Province: False",10.07
"New Religion: DrownedGodII, Current Religion: Gods of Valyria, Population: 1000, Control: 85, Own Province: True",7.38
"New Religion: DrownedGodII, Current Religion: Gods of Valyria, Population: 1000, Control: 85, Own Province: False",7.38
"New Religion: DrownedGodII, Current Religion: Gods of Valyria, Population: 1000, Control: 90, Own Province: True",6.83
"New Religion: DrownedGodII, Current Religion: Gods of Valyria, Population: 1000, Control: 90, Own Province: False",7.95
"New Religion: DrownedGodII, Current Religion: Gods of Valyria, Population: 1000, Control: 95, Own Province: True",6.34
"New Religion: DrownedGodII, Current Religion: Gods of Valyria, Population: 1000, Control: 95, Own Province: False",8.59
"New Religion: DrownedGodII, Current Religion: Gods of Valyria, Population: 1000, Control: 100, Own Province: True",5.79
"New Religion: DrownedGodII, Current Religion: Gods of Valyria, Population: 1000, Control: 100, Own Province: False",9.27
"New Religion: DrownedGodII, Current Religion: Gods of Valyria, Population: 50000, Control: 85, Own Province: True",7.95
"New Religion: DrownedGodII, Current Religion: Gods of Valyria, Population: 50000, Control: 85, Own Province: False",7.94
"New Religion: DrownedGodII, Current Religion: Gods of Valyria, Population: 50000, Control: 90, Own Province: True",7.35
"New Religion: DrownedGodII, Current Religion: Gods of Valyria, Population: 50000, Control: 90, Own Province: False",8.6
"New Religion: DrownedGodII, Current Religion: Gods of Valyria, Population: 50000, Control: 95, Own Province: True",6.84
"New Religion: DrownedGodII, Current Religion: Gods of Valyria, Population: 50000, Control: 95, Own Province: False",9.28
"New Religion: DrownedGodII, Current Religion: Gods of Valyria, Population: 50000, Control: 100, Own Province: True",6.33
"New Religion: DrownedGodII, Current Religion: Gods of Valyria, Population: 50000, Control: 100, Own Province: False",10.16
"New Religion: DrownedGodII, Current Religion: Gods of Valyria, Population: 100000, Control: 85, Own Province: True",8.56
"New Religion: DrownedGodII, Current Religion: Gods of Valyria, Population: 100000, Control: 85, Own Province: False",8.57
"New Religion: DrownedGodII, Current Religion: Gods of Valyria, Population: 100000, Control: 90, Own Province: True",7.95
"New Religion: DrownedGodII, Current Religion: Gods of Valyria, Population: 100000, Control: 90, Own Province: False",9.31
"New Religion: DrownedGodII, Current Religion: Gods of Valyria, Population: 100000, Control: 95, Own Province: True",7.4
"New Religion: DrownedGodII, Current Religion: Gods of Valyria, Population: 100000, Control: 95, Own Province: False",10.18
"New Religion: DrownedGodII, Current Religion: Gods of Valyria, Population: 100000, Control: 100, Own Province: True",6.84
"New Religion: DrownedGodII, Current Religion: Gods of Valyria, Population: 100000, Control: 100, Own Province: False",10.13
"New Religion: DrownedGodII, Current Religion: Gods of Valyria, Population: 150000, Control: 85, Own Province: True",9.27
"New Religion: DrownedGodII, Current Religion: Gods of Valyria, Population: 150000, Control: 85, Own Province: False",9.31
"New Religion: DrownedGodII, Current Religion: Gods of Valyria, Population: 150000, Control: 90, Own Province: True",8.63
"New Religion: DrownedGodII, Current Religion: Gods of Valyria, Population: 150000, Control: 90, Own Province: False",10.08
"New Religion: DrownedGodII, Current Religion: Gods of Valyria, Population: 150000, Control: 95, Own Province: True",7.95
"New Religion: DrownedGodII, Current Religion: Gods of Valyria, Population: 150000, Control: 95, Own Province: False",10.11
"New Religion: DrownedGodII, Current Religion: Gods of Valyria, Population: 150000, Control: 100, Own Province: True",7.41
"New Religion: DrownedGodII, Current Religion: Gods of Valyria, Population: 150000, Control: 100, Own Province: False",10.13
"New Religion: DrownedGodII, Current Religion: Gods of Valyria, Population: 200000, Control: 85, Own Province: True",10.06
"New Religion: DrownedGodII, Current Religion: Gods of Valyria, Population: 200000, Control: 85, Own Province: False",10.16
"New Religion: DrownedGodII, Current Religion: Gods of Valyria, Population: 200000, Control: 90, Own Province: True",9.23
"New Religion: DrownedGodII, Current Religion: Gods of Valyria, Population: 200000, Control: 90, Own Province: False",10.09
"New Religion: DrownedGodII, Current Religion: Gods of Valyria, Population: 200000, Control: 95, Own Province: True",8.58
"New Religion: DrownedGodII, Current Religion: Gods of Valyria, Population: 200000, Control: 95, Own Province: False",10.15
"New Religion: DrownedGodII, Current Religion: Gods of Valyria, Population: 200000, Control: 100, Own Province: True",7.96
"New Religion: DrownedGodII, Current Religion: Gods of Valyria, Population: 200000, Control: 100, Own Province: False",10.16
"New Religion: DrownedGodII, Current Religion: Gods of Valyria, Population: 250000, Control: 85, Own Province: True",10.14
"New Religion: DrownedGodII, Current Religion: Gods of Valyria, Population: 250000, Control: 85, Own Province: False",10.16
"New Religion: DrownedGodII, Current Religion: Gods of Valyria, Population: 250000, Control: 90, Own Province: True",10.09
"New Religion: DrownedGodII, Current Religion: Gods of Valyria, Population: 250000, Control: 90, Own Province: False",10.13
"New Religion: DrownedGodII, Current Religion: Gods of Valyria, Population: 250000, Control: 95, Own Province: True",9.28
"New Religion: DrownedGodII, Current Religion: Gods of Valyria, Population: 250000, Control: 95, Own Province: False",10.13
"New Religion: DrownedGodII, Current Religion: Gods of Valyria, Population: 250000, Control: 100, Own Province: True",8.58
"New Religion: DrownedGodII, Current Religion: Gods of Valyria, Population: 250000, Control: 100, Own Province: False",10.14
"New Religion: DrownedGodII, Current Religion: Gods of Valyria, Population: 300000, Control: 85, Own Province: True",10.09
"New Religion: DrownedGodII, Current Religion: Gods of Valyria, Population: 300000, Control: 85, Own Province: False",10.1
"New Religion: DrownedGodII, Current Religion: Gods of Valyria, Population: 300000, Control: 90, Own Province: True",10.14
"New Religion: DrownedGodII, Current Religion: Gods of Valyria, Population: 300000, Control: 90, Own Province: False",10.1
"New Religion: DrownedGodII, Current Religion: Gods of Valyria, Population: 300000, Control: 95, Own Province: True",10.16
"New Religion: DrownedGodII, Current Religion: Gods of Valyria, Population: 300000, Control: 95, Own Province: False",10.12
"New Religion: DrownedGodII, Current Religion: Gods of Valyria, Population: 300000, Control: 100, Own Province: True",9.26
"New Religion: DrownedGodII, Current Religion: Gods of Valyria, Population: 300000, Control: 100, Own Province: False",10.14
"New Religion: DrownedGodII, Current Religion: R'hllor, Population: 1000, Control: 85, Own Province: True",7.36
"New Religion: DrownedGodII, Current Religion: R'hllor, Population: 1000, Control: 85, Own Province: False",7.38
"New Religion: DrownedGodII, Current Religion: R'hllor, Population: 1000, Control: 90, Own Province: True",6.86
"New Religion: DrownedGodII, Current Religion: R'hllor, Population: 1000, Control: 90, Own Province: False",7.97
"New Religion: DrownedGodII, Current Religion: R'hllor, Population: 1000, Control: 95, Own Province: True",6.33
"New Religion: DrownedGodII, Current Religion: R'hllor, Population: 1000, Control: 95, Own Province: False",8.6
"New Religion: DrownedGodII, Current Religion: R'hllor, Population: 1000, Control: 100, Own Province: True",5.78
"New Religion: DrownedGodII, Current Religion: R'hllor, Population: 1000, Control: 100, Own Province: False",9.29
"New Religion: DrownedGodII, Current Religion: R'hllor, Population: 50000, Control: 85, Own Province: True",7.95
"New Religion: DrownedGodII, Current Religion: R'hllor, Population: 50000, Control: 85, Own Province: False",7.96
"New Religion: DrownedGodII, Current Religion: R'hllor, Population: 50000, Control: 90, Own Province: True",7.38
"New Religion: DrownedGodII, Current Religion: R'hllor, Population: 50000, Control: 90, Own Province: False",8.6
"New Religion: DrownedGodII, Current Religion: R'hllor, Population: 50000, Control: 95, Own Province: True",6.84
"New Religion: DrownedGodII, Current Religion: R'hllor, Population: 50000, Control: 95, Own Province: False",9.3
"New Religion: DrownedGodII, Current Religion: R'hllor, Population: 50000, Control: 100, Own Province: True",6.29
"New Religion: DrownedGodII, Current Religion: R'hllor, Population: 50000, Control: 100, Own Province: False",10.19
"New Religion: DrownedGodII, Current Religion: R'hllor, Population: 100000, Control: 85, Own Province: True",8.6
"New Religion: DrownedGodII, Current Religion: R'hllor, Population: 100000, Control: 85, Own Province: False",8.59
"New Religion: DrownedGodII, Current Religion: R'hllor, Population: 100000, Control: 90, Own Province: True",7.96
"New Religion: DrownedGodII, Current Religion: R'hllor, Population: 100000, Control: 90, Own Province: False",9.36
"New Religion: DrownedGodII, Current Religion: R'hllor, Population: 100000, Control: 95, Own Province: True",7.38
"New Religion: DrownedGodII, Current Religion: R'hllor, Population: 100000, Control: 95, Own Province: False",10.12
"New Religion: DrownedGodII, Current Religion: R'hllor, Population: 100000, Control: 100, Own Province: True",6.84
"New Religion: DrownedGodII, Current Religion: R'hllor, Population: 100000, Control: 100, Own Province: False",10.09
"New Religion: DrownedGodII, Current Religion: R'hllor, Population: 150000, Control: 85, Own Province: True",9.34
"New Religion: DrownedGodII, Current Religion: R'hllor, Population: 150000, Control: 85, Own Province: False",9.3
"New Religion: DrownedGodII, Current Religion: R'hllor, Population: 150000, Control: 90, Own Province: True",8.58
"New Religion: DrownedGodII, Current Religion: R'hllor, Population: 150000, Control: 90, Own Province: False",10.08
"New Religion: DrownedGodII, Current Religion: R'hllor, Population: 150000, Control: 95, Own Province: True",7.96
"New Religion: DrownedGodII, Current Religion: R'hllor, Population: 150000, Control: 95, Own Province: False",10.08
"New Religion: DrownedGodII, Current Religion: R'hllor, Population: 150000, Control: 100, Own Province: True",7.37
"New Religion: DrownedGodII, Current Religion: R'hllor, Population: 150000, Control: 100, Own Province: False",10.16
"New Religion: DrownedGodII, Current Religion: R'hllor, Population: 200000, Control: 85, Own Province: True",10.13
"New Religion: DrownedGodII, Current Religion: R'hllor, Population: 200000, Control: 85, Own Province: False",10.17
"New Religion: DrownedGodII, Current Religion: R'hllor, Population: 200000, Control: 90, Own Province: True",9.25
"New Religion: DrownedGodII, Current Religion: R'hllor, Population: 200000, Control: 90, Own Province: False",10.16
"New Religion: DrownedGodII, Current Religion: R'hllor, Population: 200000, Control: 95, Own Province: True",8.58
"New Religion: DrownedGodII, Current Religion: R'hllor, Population: 200000, Control: 95, Own Province: False",10.1
"New Religion: DrownedGodII, Current Religion: R'hllor, Population: 200000, Control: 100, Own Province: True",7.94
"New Religion: DrownedGodII, Current Religion: R'hllor, Population: 200000, Control: 100, Own Province: False",10.09
"New Religion: DrownedGodII, Current Religion: R'hllor, Population: 250000, Control: 85, Own Province: True",10.13
"New Religion: DrownedGodII, Current Religion: R'hllor, Population: 250000, Control: 85, Own Province: False",10.13
"New Religion: DrownedGodII, Current Religion: R'hllor, Population: 250000, Control: 90, Own Province: True",10.12
"New Religion: DrownedGodII, Current Religion: R'hllor, Population: 250000, Control: 90, Own Province: False",10.09
"New Religion: DrownedGodII, Current Religion: R'hllor, Population: 250000, Control: 95, Own Province: True",9.3
"New Religion: DrownedGodII, Current Religion: R'hllor, Population: 250000, Control: 95, Own Province: False",10.08
"New Religion: DrownedGodII, Current Religion: R'hllor, Population: 250000, Control: 100, Own Province: True",8.58
"New Religion: DrownedGodII, Current Religion: R'hllor, Population: 250000, Control: 100, Own Province: False",10.08
"New Religion: DrownedGodII, Current Religion: R'hllor, Population: 300000, Control: 85, Own Province: True",10.12
"New Religion: DrownedGodII, Current Religion: R'hllor, Population: 300000, Control: 85, Own Province: False",10.09
"New Religion: DrownedGodII, Current Religion: R'hllor, Population: 300000, Control: 90, Own Province: True",10.1
"New Religion: DrownedGodII, Current Religion: R'hllor, Population: 300000, Control: 90, Own Province: False",10.13
"New Religion: DrownedGodII, Current Religion: R'hllor, Population: 300000, Control: 95, Own Province: True",10.14
"New Religion: DrownedGodII, Current Religion: R'hllor, Population: 300000, Control: 95, Own Province: False",10.01
"New Religion: DrownedGodII, Current Religion: R'hllor, Population: 300000, Control: 100, Own Province: True",9.25
"New Religion: DrownedGodII, Current Religion: R'hllor, Population: 300000, Control: 100, Own Province: False",10.2
"New Religion: Mother Rhoyne, Current Religion: Faith of the Seven, Population: 1000, Control: 85, Own Province: True",7.38
"New Religion: Mother Rhoyne, Current Religion: Faith of the Seven, Population: 1000, Control: 85, Own Province: False",7.38
"New Religion: Mother Rhoyne, Current Religion: Faith of the Seven, Population: 1000, Control: 90, Own Province: True",6.85
"New Religion: Mother Rhoyne, Current Religion: Faith of the Seven, Population: 1000, Control: 90, Own Province: False",7.89
"New Religion: Mother Rhoyne, Current Religion: Faith of the Seven, Population: 1000, Control: 95, Own Province: True",6.32
"New Religion: Mother Rhoyne, Current Religion: Faith of the Seven, Population: 1000, Control: 95, Own Province: False",8.59
"New Religion: Mother Rhoyne, Current Religion: Faith of the Seven, Population: 1000, Control: 100, Own Province: True",5.8
"New Religion: Mother Rhoyne, Current Religion: Faith of the Seven, Population: 1000, Control: 100, Own Province: False",9.3
"New Religion: Mother Rhoyne, Current Religion: Faith of the Seven, Population: 50000, Control: 85, Own Province: True",7.94
"New Religion: Mother Rhoyne, Current Religion: Faith of the Seven, Population: 50000, Control: 85, Own Province: False",7.97
"New Religion: Mother Rhoyne, Current Religion: Faith of the Seven, Population: 50000, Control: 90, Own Province: True",7.37
"New Religion: Mother Rhoyne, Current Religion: Faith of the Seven, Population: 50000, Control: 90, Own Province: False",8.53
"New Religion: Mother Rhoyne, Current Religion: Faith of the Seven, Population: 50000, Control: 95, Own Province: True",6.85
"New Religion: Mother Rhoyne, Current Religion: Faith of the Seven, Population: 50000, Control: 95, Own Province: False",9.24
"New Religion: Mother Rhoyne, Current Religion: Faith of the Seven, Population: 50000, Control: 100, Own Province: True",6.31
"New Religion: Mother Rhoyne, Current Religion: Faith of the Seven, Population: 50000, Control: 100, Own Province: False",10.08
"New Religion: Mother Rhoyne, Current Religion: Faith of the Seven, Population: 100000, Control: 85, Own Province: True",8.55
"New Religion: Mother Rhoyne, Current Religion: Faith of the Seven, Population: 100000, Control: 85, Own Province: False",8.58
"New Religion: Mother Rhoyne, Current Religion: Faith of the Seven, Population: 100000, Control: 90, Own Province: True",7.94
"New Religion: Mother Rhoyne, Current Religion: Faith of the Seven, Population: 100000, Control: 90, Own Province: False",9.23
"New Religion: Mother Rhoyne, Current Religion: Faith of the Seven, Population: 100000, Control: 95, Own Province: True",7.34
"New Religion: Mother Rhoyne, Current Religion: Faith of the Seven, Population: 100000, Control: 95, Own Province: False",10.16
"New Religion: Mother Rhoyne, Current Religion: Faith of the Seven, Population: 100000, Control: 100, Own Province: True",6.83
"New Religion: Mother Rhoyne, Current Religion: Faith of the Seven, Population: 100000, Control: 100, Own Province: False",10.14
"New Religion: Mother Rhoyne, Current Religion: Faith of the Seven, Population: 150000, Control: 85, Own Province: True",9.34
"New Religion: Mother Rhoyne, Current Religion: Faith of the Seven, Population: 150000, Control: 85, Own Province: False",9.27
"New Religion: Mother Rhoyne, Current Religion: Faith of the Seven, Population: 150000, Control: 90, Own Province: True",8.6
"New Religion: Mother Rhoyne, Current Religion: Faith of the Seven, Population: 150000, Control: 90, Own Province: False",10.18
"New Religion: Mother Rhoyne, Current Religion: Faith of the Seven, Population: 150000, Control: 95, Own Province: True",7.94
"New Religion: Mother Rhoyne, Current Religion: Faith of the Seven, Population: 150000, Control: 95, Own Province: False",10.14
"New Religion: Mother Rhoyne, Current Religion: Faith of the Seven, Population: 150000, Control: 100, Own Province: True",7.4
"New Religion: Mother Rhoyne, Current Religion: Faith of the Seven, Population: 150000, Control: 100, Own Province: False",10.12
"New Religion: Mother Rhoyne, Current Religion: Faith of the Seven, Population: 200000, Control: 85, Own Province: True",10.1
"New Religion: Mother Rhoyne, Current Religion: Faith of the Seven, Population: 200000, Control: 85, Own Province: False",10.08
"New Religion: Mother Rhoyne, Current Religion: Faith of the Seven, Population: 200000, Control: 90, Own Province: True",9.3
"New Religion: Mother Rhoyne, Current Religion: Faith of the Seven, Population: 200000, Control: 90, Own Province: False",10.17
"New Religion: Mother Rhoyne, Current Religion: Faith of the Seven, Population: 200000, Control: 95, Own Province: True",8.6
"New Religion: Mother Rhoyne, Current Religion: Faith of the Seven, Population: 200000, Control: 95, Own Province: False",10.12
"New Religion: Mother Rhoyne, Current Religion: Faith of the Seven, Population: 200000, Control: 100, Own Province: True",7.92
"New Religion: Mother Rhoyne, Current Religion: Faith of the Seven, Population: 200000, Control: 100, Own Province: False",10.13
"New Religion: Mother Rhoyne, Current Religion: Faith of the Seven, Population: 250000, Control: 85, Own Province: True",10.22
"New Religion: Mother Rhoyne, Current Religion: Faith of the Seven, Population: 250000, Control: 85, Own Province: False",10.13
"New Religion: Mother Rhoyne, Current Religion: Faith of the Seven, Population: 250000, Control: 90, Own Province: True",10.15
"New Religion: Mother Rhoyne, Current Religion: Faith of the Seven, Population: 250000, Control: 90, Own Province: False",10.11
"New Religion: Mother Rhoyne, Current Religion: Faith of the Seven, Population: 250000, Control: 95, Own Province: True",9.35
"New Religion: Mother Rhoyne, Current Religion: Faith of the Seven, Population: 250000, Control: 95, Own Province: False",10.14
"New Religion: Mother Rhoyne, Current Religion: Faith of the Seven, Population: 250000, Control: 100, Own Province: True",8.53
"New Religion: Mother Rhoyne, Current Religion: Faith of the Seven, Population: 250000, Control: 100, Own Province: False",10.2
"New Religion: Mother Rhoyne, Current Religion: Faith of the Seven, Population: 300000, Control: 85, Own Province: True",10.12
"New Religion: Mother Rhoyne, Current Religion: Faith of the Seven, Population: 300000, Control: 85, Own Province: False",10.17
"New Religion: Mother Rhoyne, Current Religion: Faith of the Seven, Population: 300000, Control: 90, Own Province: True",10.09
"New Religion: Mother Rhoyne, Current Religion: Faith of the Seven, Population: 300000, Control: 90, Own Province: False",10.13
"New Religion: Mother Rhoyne, Current Religion: Faith of the Seven, Population: 300000, Control: 95, Own Province: True",10.06
"New Religion: Mother Rhoyne, Current Religion: Faith of the Seven, Population: 300000, Control: 95, Own Province: False",10.11
"New Religion: Mother Rhoyne, Current Religion: Faith of the Seven, Population: 300000, Control: 100, Own Province: True",9.28
"New Religion: Mother Rhoyne, Current Religion: Faith of the Seven, Population: 300000, Control: 100, Own Province: False",10.07
"New Religion: Mother Rhoyne, Current Religion: Old Gods, Population: 1000, Control: 85, Own Province: True",6.84
"New Religion: Mother Rhoyne, Current Religion: Old Gods, Population: 1000, Control: 85, Own Province: False",6.84
"New Religion: Mother Rhoyne, Current Religion: Old Gods, Population: 1000, Control: 90, Own Province: True",6.33
"New Religion: Mother Rhoyne, Current Religion: Old Gods, Population: 1000, Control: 90, Own Province: False",7.38
"New Religion: Mother Rhoyne, Current Religion: Old Gods, Population: 1000, Control: 95, Own Province: True",5.79
"New Religion: Mother Rhoyne, Current Religion: Old Gods, Population: 1000, Control: 95, Own Province: False",7.97
"New Religion: Mother Rhoyne, Current Religion: Old Gods, Population: 1000, Control: 100, Own Province: True",5.28
"New Religion: Mother Rhoyne, Current Religion: Old Gods, Population: 1000, Control: 100, Own Province: False",8.59
"New Religion: Mother Rhoyne, Current Religion: Old Gods, Population: 50000, Control: 85, Own Province: True",7.38
"New Religion: Mother Rhoyne, Current Religion: Old Gods, Population: 50000, Control: 85, Own Province: False",7.43
"New Religion: Mother Rhoyne, Current Religion: Old Gods, Population: 50000, Control: 90, Own Province: True",6.85
"New Religion: Mother Rhoyne, Current Religion: Old Gods, Population: 50000, Control: 90, Own Province: False",7.92
"New Religion: Mother Rhoyne, Current Religion: Old Gods, Population: 50000, Control: 95, Own Province: True",6.34
"New Religion: Mother Rhoyne, Current Religion: Old Gods, Population: 50000, Control: 95, Own Province: False",8.57
"New Religion: Mother Rhoyne, Current Religion: Old Gods, Population: 50000, Control: 100, Own Province: True",5.79
"New Religion: Mother Rhoyne, Current Religion: Old Gods, Population: 50000, Control: 100, Own Province: False",9.28
"New Religion: Mother Rhoyne, Current Religion: Old Gods, Population: 100000, Control: 85, Own Province: True",7.94
"New Religion: Mother Rhoyne, Current Religion: Old Gods, Population: 100000, Control: 85, Own Province: False",7.98
"New Religion: Mother Rhoyne, Current Religion: Old Gods, Population: 100000, Control: 90, Own Province: True",7.39
"New Religion: Mother Rhoyne, Current Religion: Old Gods, Population: 100000, Control: 90, Own Province: False",8.55
"New Religion: Mother Rhoyne, Current Religion: Old Gods, Population: 100000, Control: 95, Own Province: True",6.83
"New Religion: Mother Rhoyne, Current Religion: Old Gods, Population: 100000, Control: 95, Own Province: False",9.25
"New Religion: Mother Rhoyne, Current Religion: Old Gods, Population: 100000, Control: 100, Own Province: True",6.32
"New Religion: Mother Rhoyne, Current Religion: Old Gods, Population: 100000, Control: 100, Own Province: False",10.18
"New Religion: Mother Rhoyne, Current Religion: Old Gods, Population: 150000, Control: 85, Own Province: True",8.56
"New Religion: Mother Rhoyne, Current Religion: Old Gods, Population: 150000, Control: 85, Own Province: False",8.64
"New Religion: Mother Rhoyne, Current Religion: Old Gods, Population: 150000, Control: 90, Own Province: True",7.97
"New Religion: Mother Rhoyne, Current Religion: Old Gods, Population: 150000, Control: 90, Own Province: False",9.31
"New Religion: Mother Rhoyne, Current Religion: Old Gods, Population: 150000, Control: 95, Own Province: True",7.41
"New Religion: Mother Rhoyne, Current Religion: Old Gods, Population: 150000, Control: 95, Own Province: False",10.15
"New Religion: Mother Rhoyne, Current Religion: Old Gods, Population: 150000, Control: 100, Own Province: True",6.84
"New Religion: Mother Rhoyne, Current Religion: Old Gods, Population: 150000, Control: 100, Own Province: False",10.17
"New Religion: Mother Rhoyne, Current Religion: Old Gods, Population: 200000, Control: 85, Own Province: True",9.3
"New Religion: Mother Rhoyne, Current Religion: Old Gods, Population: 200000, Control: 85, Own Province: False",9.29
"New Religion: Mother Rhoyne, Current Religion: Old Gods, Population: 200000, Control: 90, Own Province: True",8.6
"New Religion: Mother Rhoyne, Current Religion: Old Gods, Population: 200000, Control: 90, Own Province: False",10.06
"New Religion: Mother Rhoyne, Current Religion: Old Gods, Population: 200000, Control: 95, Own Province: True",7.93
"New Religion: Mother Rhoyne, Current Religion: Old Gods, Population: 200000, Control: 95, Own Province: False",10.1
"New Religion: Mother Rhoyne, Current Religion: Old Gods, Population: 200000, Control: 100, Own Province: True",7.4
"New Religion: Mother Rhoyne, Current Religion: Old Gods, Population: 200000, Control: 100, Own Province: False",10.1
"New Religion: Mother Rhoyne, Current Religion: Old Gods, Population: 250000, Control: 85, Own Province: True",10.12
"New Religion: Mother Rhoyne, Current Religion: Old Gods, Population: 250000, Control: 85, Own Province: False",10.08
"New Religion: Mother Rhoyne, Current Religion: Old Gods, Population: 250000, Control: 90, Own Province: True",9.26
"New Religion: Mother Rhoyne, Current Religion: Old Gods, Population: 250000, Control: 90, Own Province: False",10.13
"New Religion: Mother Rhoyne, Current Religion: Old Gods, Population: 250000, Control: 95, Own Province: True",8.64
"New Religion: Mother Rhoyne, Current Religion: Old Gods, Population: 250000, Control: 95, Own Province: False",10.11
"New Religion: Mother Rhoyne, Current Religion: Old Gods, Population: 250000, Control: 100, Own Province: True",7.98
"New Religion: Mother Rhoyne, Current Religion: Old Gods, Population: 250000, Control: 100, Own Province: False",10.11
"New Religion: Mother Rhoyne, Current Religion: Old Gods, Population: 300000, Control: 85, Own Province: True",10.2
"New Religion: Mother Rhoyne, Current Religion: Old Gods, Population: 300000, Control: 85, Own Province: False",10.13
"New Religion: Mother Rhoyne, Current Religion: Old Gods, Population: 300000, Control: 90, Own Province: True",10.11
"New Religion: Mother Rhoyne, Current Religion: Old Gods, Population: 300000, Control: 90, Own Province: False",10.09
"New Religion: Mother Rhoyne, Current Religion: Old Gods, Population: 300000, Control: 95, Own Province: True",9.34
"New Religion: Mother Rhoyne, Current Religion: Old Gods, Population: 300000, Control: 95, Own Province: False",10.09
"New Religion: Mother Rhoyne, Current Religion: Old Gods, Population: 300000, Control: 100, Own Province: True",8.58
"New Religion: Mother Rhoyne, Current Religion: Old Gods, Population: 300000, Control: 100, Own Province: False",10.13
"New Religion: Mother Rhoyne, Current Religion: Skagosi Old Gods, Population: 1000, Control: 85, Own Province: True",7.4
"New Religion: Mother Rhoyne, Current Religion: Skagosi Old Gods, Population: 1000, Control: 85, Own Province: False",7.38
"New Religion: Mother Rhoyne, Current Religion: Skagosi Old Gods, Population: 1000, Control: 90, Own Province: True",6.84
"New Religion: Mother Rhoyne, Current Religion: Skagosi Old Gods, Population: 1000, Control: 90, Own Province: False",7.99
"New Religion: Mother Rhoyne, Current Religion: Skagosi Old Gods, Population: 1000, Control: 95, Own Province: True",6.31
"New Religion: Mother Rhoyne, Current Religion: Skagosi Old Gods, Population: 1000, Control: 95, Own Province: False",8.58
"New Religion: Mother Rhoyne, Current Religion: Skagosi Old Gods, Population: 1000, Control: 100, Own Province: True",5.81
"New Religion: Mother Rhoyne, Current Religion: Skagosi Old Gods, Population: 1000, Control: 100, Own Province: False",9.25
"New Religion: Mother Rhoyne, Current Religion: Skagosi Old Gods, Population: 50000, Control: 85, Own Province: True",7.96
"New Religion: Mother Rhoyne, Current Religion: Skagosi Old Gods, Population: 50000, Control: 85, Own Province: False",7.94
"New Religion: Mother Rhoyne, Current Religion: Skagosi Old Gods, Population: 50000, Control: 90, Own Province: True",7.35
"New Religion: Mother Rhoyne, Current Religion: Skagosi Old Gods, Population: 50000, Control: 90, Own Province: False",8.59
"New Religion: Mother Rhoyne, Current Religion: Skagosi Old Gods, Population: 50000, Control: 95, Own Province: True",6.84
"New Religion: Mother Rhoyne, Current Religion: Skagosi Old Gods, Population: 50000, Control: 95, Own Province: False",9.27
"New Religion: Mother Rhoyne, Current Religion: Skagosi Old Gods, Population: 50000, Control: 100, Own Province: True",6.37
"New Religion: Mother Rhoyne, Current Religion: Skagosi Old Gods, Population: 50000, Control: 100, Own Province: False",10.09
"New Religion: Mother Rhoyne, Current Religion: Skagosi Old Gods, Population: 100000, Control: 85, Own Province: True",8.59
"New Religion: Mother Rhoyne, Current Religion: Skagosi Old Gods, Population: 100000, Control: 85, Own Province: False",8.61
"New Religion: Mother Rhoyne, Current Religion: Skagosi Old Gods, Population: 100000, Control: 90, Own Province: True",7.95
"New Religion: Mother Rhoyne, Current Religion: Skagosi Old Gods, Population: 100000, Control: 90, Own Province: False",9.32
"New Religion: Mother Rhoyne, Current Religion: Skagosi Old Gods, Population: 100000, Control: 95, Own Province: True",7.4
"New Religion: Mother Rhoyne, Current Religion: Skagosi Old Gods, Population: 100000, Control: 95, Own Province: False",10.15
"New Religion: Mother Rhoyne, Current Religion: Skagosi Old Gods, Population: 100000, Control: 100, Own Province: True",6.85
"New Religion: Mother Rhoyne, Current Religion: Skagosi Old Gods, Population: 100000, Control: 100, Own Province: False",10.1
"New Religion: Mother Rhoyne, Current Religion: Skagosi Old Gods, Population: 150000, Control: 85, Own Province: True",9.26
"New Religion: Mother Rhoyne, Current Religion: Skagosi Old Gods, Population: 150000, Control: 85, Own Province: False",9.28
"New Religion: Mother Rhoyne, Current Religion: Skagosi Old Gods, Population: 150000, Control: 90, Own Province: True",8.6
"New Religion: Mother Rhoyne, Current Religion: Skagosi Old Gods, Population: 150000, Control: 90, Own Province: False",10.18
"New Religion: Mother Rhoyne, Current Religion: Skagosi Old Gods, Population: 150000, Control: 95, Own Province: True",7.99
"New Religion: Mother Rhoyne, Current Religion: Skagosi Old Gods, Population: 150000, Control: 95, Own Province: False",10.14
"New Religion: Mother Rhoyne, Current Religion: Skagosi Old Gods, Population: 150000, Control: 100, Own Province: True",7.4
"New Religion: Mother Rhoyne, Current Religion: Skagosi Old Gods, Population: 150000, Control: 100, Own Province: False",10.1
"New Religion: Mother Rhoyne, Current Religion: Skagosi Old Gods, Population: 200000, Control: 85, Own Province: True",10.13
"New Religion: Mother Rhoyne, Current Religion: Skagosi Old Gods, Population: 200000, Control: 85, Own Province: False",10.18
"New Religion: Mother Rhoyne, Current Religion: Skagosi Old Gods, Population: 200000, Control: 90, Own Province: True",9.33
"New Religion: Mother Rhoyne, Current Religion: Skagosi Old Gods, Population: 200000, Control: 90, Own Province: False",10.13
"New Religion: Mother Rhoyne, Current Religion: Skagosi Old Gods, Population: 200000, Control: 95, Own Province: True",8.6
"New Religion: Mother Rhoyne, Current Religion: Skagosi Old Gods, Population: 200000, Control: 95, Own Province: False",10.11
"New Religion: Mother Rhoyne, Current Religion: Skagosi Old Gods, Population: 200000, Control: 100, Own Province: True",7.96
"New Religion: Mother Rhoyne, Current Religion: Skagosi Old Gods, Population: 200000, Control: 100, Own Province: False",10.17
"New Religion: Mother Rhoyne, Current Religion: Skagosi Old Gods, Population: 250000, Control: 85, Own Province: True",10.1
"New Religion: Mother Rhoyne, Current Religion: Skagosi Old Gods, Population: 250000, Control: 85, Own Province: False",10.13
"New Religion: Mother Rhoyne, Current Religion: Skagosi Old Gods, Population: 250000, Control: 90, Own Province: True",10.13
"New Religion: Mother Rhoyne, Current Religion: Skagosi Old Gods, Population: 250000, Control: 90, Own Province: False",10.09
"New Religion: Mother Rhoyne, Current Religion: Skagosi Old Gods, Population: 250000, Control: 95, Own Province: True",9.21
"New Religion: Mother Rhoyne, Current Religion: Skagosi Old Gods, Population: 250000, Control: 95, Own Province: False",10.1
"New Religion: Mother Rhoyne, Current Religion: Skagosi Old Gods, Population: 250000, Control: 100, Own Province: True",8.55
"New Religion: Mother Rhoyne, Current Religion: Skagosi Old Gods, Population: 250000, Control: 100, Own Province: False",10.13
"New Religion: Mother Rhoyne, Current Religion: Skagosi Old Gods, Population: 300000, Control: 85, Own Province: True",10.09
"New Religion: Mother Rhoyne, Current Religion: Skagosi Old Gods, Population: 300000, Control: 85, Own Province: False",10.08
"New Religion: Mother Rhoyne, Current Religion: Skagosi Old Gods, Population: 300000, Control: 90, Own Province: True",10.14
"New Religion: Mother Rhoyne, Current Religion: Skagosi Old Gods, Population: 300000, Control: 90, Own Province: False",10.07
"New Religion: Mother Rhoyne, Current Religion: Skagosi Old Gods, Population: 300000, Control: 95, Own Province: True",10.14
"New Religion: Mother Rhoyne, Current Religion: Skagosi Old Gods, Population: 300000, Control: 95, Own Province: False",10.23
"New Religion: Mother Rhoyne, Current Religion: Skagosi Old Gods, Population: 300000, Control: 100, Own Province: True",9.27
"New Religion: Mother Rhoyne, Current Religion: Skagosi Old Gods, Population: 300000, Control: 100, Own Province: False",10.17
"New Religion: Mother Rhoyne, Current Religion: DrownedGod, Population: 1000, Control: 85, Own Province: True",7.95
"New Religion: Mother Rhoyne, Current Religion: DrownedGod, Population: 1000, Control: 85, Own Province: False",7.98
"New Religion: Mother Rhoyne, Current Religion: DrownedGod, Population: 1000, Control: 90, Own Province: True",7.38
"New Religion: Mother Rhoyne, Current Religion: DrownedGod, Population: 1000, Control: 90, Own Province: False",8.56
"New Religion: Mother Rhoyne, Current Religion: DrownedGod, Population: 1000, Control: 95, Own Province: True",6.86
"New Religion: Mother Rhoyne, Current Religion: DrownedGod, Population: 1000, Control: 95, Own Province: False",9.31
"New Religion: Mother Rhoyne, Current Religion: DrownedGod, Population: 1000, Control: 100, Own Province: True",6.31
"New Religion: Mother Rhoyne, Current Religion: DrownedGod, Population: 1000, Control: 100, Own Province: False",10.1
"New Religion: Mother Rhoyne, Current Religion: DrownedGod, Population: 50000, Control: 85, Own Province: True",8.56
"New Religion: Mother Rhoyne, Current Religion: DrownedGod, Population: 50000, Control: 85, Own Province: False",8.57
"New Religion: Mother Rhoyne, Current Religion: DrownedGod, Population: 50000, Control: 90, Own Province: True",7.92
"New Religion: Mother Rhoyne, Current Religion: DrownedGod, Population: 50000, Control: 90, Own Province: False",9.3
"New Religion: Mother Rhoyne, Current Religion: DrownedGod, Population: 50000, Control: 95, Own Province: True",7.38
"New Religion: Mother Rhoyne, Current Religion: DrownedGod, Population: 50000, Control: 95, Own Province: False",10.16
"New Religion: Mother Rhoyne, Current Religion: DrownedGod, Population: 50000, Control: 100, Own Province: True",6.82
"New Religion: Mother Rhoyne, Current Religion: DrownedGod, Population: 50000, Control: 100, Own Province: False",10.13
"New Religion: Mother Rhoyne, Current Religion: DrownedGod, Population: 100000, Control: 85, Own Province: True",9.26
"New Religion: Mother Rhoyne, Current Religion: DrownedGod, Population: 100000, Control: 85, Own Province: False",9.29
"New Religion: Mother Rhoyne, Current Religion: DrownedGod, Population: 100000, Control: 90, Own Province: True",8.57
"New Religion: Mother Rhoyne, Current Religion: DrownedGod, Population: 100000, Control: 90, Own Province: False",10.15
"New Religion: Mother Rhoyne, Current Religion: DrownedGod, Population: 100000, Control: 95, Own Province: True",7.97
"New Religion: Mother Rhoyne, Current Religion: DrownedGod, Population: 100000, Control: 95, Own Province: False",10.16
"New Religion: Mother Rhoyne, Current Religion: DrownedGod, Population: 100000, Control: 100, Own Province: True",7.39
"New Religion: Mother Rhoyne, Current Religion: DrownedGod, Population: 100000, Control: 100, Own Province: False",10.14
"New Religion: Mother Rhoyne, Current Religion: DrownedGod, Population: 150000, Control: 85, Own Province: True",10.1
"New Religion: Mother Rhoyne, Current Religion: DrownedGod, Population: 150000, Control: 85, Own Province: False",10.07
"New Religion: Mother Rhoyne, Current Religion: DrownedGod, Population: 150000, Control: 90, Own Province: True",9.33
"New Religion: Mother Rhoyne, Current Religion: DrownedGod, Population: 150000, Control: 90, Own Province: False",10.11
"New Religion: Mother Rhoyne, Current Religion: DrownedGod, Population: 150000, Control: 95, Own Province: True",8.58
"New Religion: Mother Rhoyne, Current Religion: DrownedGod, Population: 150000, Control: 95, Own Province: False",10.06
"New Religion: Mother Rhoyne, Current Religion: DrownedGod, Population: 150000, Control: 100, Own Province: True",7.99
"New Religion: Mother Rhoyne, Current Religion: DrownedGod, Population: 150000, Control: 100, Own Province: False",10.13
"New Religion: Mother Rhoyne, Current Religion: DrownedGod, Population: 200000, Control: 85, Own Province: True",10.12
"New Religion: Mother Rhoyne, Current Religion: DrownedGod, Population: 200000, Control: 85, Own Province: False",10.11
"New Religion: Mother Rhoyne, Current Religion: DrownedGod, Population: 200000, Control: 90, Own Province: True",10.2
"New Religion: Mother Rhoyne, Current Religion: DrownedGod, Population: 200000, Control: 90, Own Province: False",10.09
"New Religion: Mother Rhoyne, Current Religion: DrownedGod, Population: 200000, Control: 95, Own Province: True",9.22
"New Religion: Mother Rhoyne, Current Religion: DrownedGod, Population: 200000, Control: 95, Own Province: False",10.15
"New Religion: Mother Rhoyne, Current Religion: DrownedGod, Population: 200000, Control: 100, Own Province: True",8.57
"New Religion: Mother Rhoyne, Current Religion: DrownedGod, Population: 200000, Control: 100, Own Province: False",10.11
"New Religion: Mother Rhoyne, Current Religion: DrownedGod, Population: 250000, Control: 85, Own Province: True",10.18
"New Religion: Mother Rhoyne, Current Religion: DrownedGod, Population: 250000, Control: 85, Own Province: False",10.11
"New Religion: Mother Rhoyne, Current Religion: DrownedGod, Population: 250000, Control: 90, Own Province: True",10.14
"New Religion: Mother Rhoyne, Current Religion: DrownedGod, Population: 250000, Control: 90, Own Province: False",10.19
"New Religion: Mother Rhoyne, Current Religion: DrownedGod, Population: 250000, Control: 95, Own Province: True",10.21
"New Religion: Mother Rhoyne, Current Religion: DrownedGod, Population: 250000, Control: 95, Own Province: False",10.18
"New Religion: Mother Rhoyne, Current Religion: DrownedGod, Population: 250000, Control: 100, Own Province: True",9.31
"New Religion: Mother Rhoyne, Current Religion: DrownedGod, Population: 250000, Control: 100, Own Province: False",10.13
"New Religion: Mother Rhoyne, Current Religion: DrownedGod, Population: 300000, Control: 85, Own Province: True",10.12
"New Religion: Mother Rhoyne, Current Religion: DrownedGod, Population: 300000, Control: 85, Own Province: False",10.09
"New Religion: Mother Rhoyne, Current Religion: DrownedGod, Population: 300000, Control: 90, Own Province: True",10.13
"New Religion: Mother Rhoyne, Current Religion: DrownedGod, Population: 300000, Control: 90, Own Province: False",10.16
"New Religion: Mother Rhoyne, Current Religion: DrownedGod, Population: 300000, Control: 95, Own Province: True",10.13
"New Religion: Mother Rhoyne, Current Religion: DrownedGod, Population: 300000, Control: 95, Own Province: False",10.12
"New Religion: Mother Rhoyne, Current Religion: DrownedGod, Population: 300000, Control: 100, Own Province: True",10.12
"New Religion: Mother Rhoyne, Current Religion: DrownedGod, Population: 300000, Control: 100, Own Province: False",10.09
"New Religion: Mother Rhoyne, Current Religion: DrownedGodII, Population: 1000, Control: 85, Own Province: True",7.39
"New Religion: Mother Rhoyne, Current Religion: DrownedGodII, Population: 1000, Control: 85, Own Province: False",7.43
"New Religion: Mother Rhoyne, Current Religion: DrownedGodII, Population: 1000, Control: 90, Own Province: True",6.84
"New Religion: Mother Rhoyne, Current Religion: DrownedGodII, Population: 1000, Control: 90, Own Province: False",7.96
"New Religion: Mother Rhoyne, Current Religion: DrownedGodII, Population: 1000, Control: 95, Own Province: True",6.29
"New Religion: Mother Rhoyne, Current Religion: DrownedGodII, Population: 1000, Control: 95, Own Province: False",8.59
"New Religion: Mother Rhoyne, Current Religion: DrownedGodII, Population: 1000, Control: 100, Own Province: True",5.8
"New Religion: Mother Rhoyne, Current Religion: DrownedGodII, Population: 1000, Control: 100, Own Province: False",9.29
"New Religion: Mother Rhoyne, Current Religion: DrownedGodII, Population: 50000, Control: 85, Own Province: True",7.96
"New Religion: Mother Rhoyne, Current Religion: DrownedGodII, Population: 50000, Control: 85, Own Province: False",7.96
"New Religion: Mother Rhoyne, Current Religion: DrownedGodII, Population: 50000, Control: 90, Own Province: True",7.38
"New Religion: Mother Rhoyne, Current Religion: DrownedGodII, Population: 50000, Control: 90, Own Province: False",8.57
"New Religion: Mother Rhoyne, Current Religion: DrownedGodII, Population: 50000, Control: 95, Own Province: True",6.81
"New Religion: Mother Rhoyne, Current Religion: DrownedGodII, Population: 50000, Control: 95, Own Province: False",9.33
"New Religion: Mother Rhoyne, Current Religion: DrownedGodII, Population: 50000, Control: 100, Own Province: True",6.3
"New Religion: Mother Rhoyne, Current Religion: DrownedGodII, Population: 50000, Control: 100, Own Province: False",10.1
"New Religion: Mother Rhoyne, Current Religion: DrownedGodII, Population: 100000, Control: 85, Own Province: True",8.59
"New Religion: Mother Rhoyne, Current Religion: DrownedGodII, Population: 100000, Control: 85, Own Province: False",8.62
"New Religion: Mother Rhoyne, Current Religion: DrownedGodII, Population: 100000, Control: 90, Own Province: True",7.98
"New Religion: Mother Rhoyne, Current Religion: DrownedGodII, Population: 100000, Control: 90, Own Province: False",9.27
"New Religion: Mother Rhoyne, Current Religion: DrownedGodII, Population: 100000, Control: 95, Own Province: True",7.39
"New Religion: Mother Rhoyne, Current Religion: DrownedGodII, Population: 100000, Control: 95, Own Province: False",10.15
"New Religion: Mother Rhoyne, Current Religion: DrownedGodII, Population: 100000, Control: 100, Own Province: True",6.84
"New Religion: Mother Rhoyne, Current Religion: DrownedGodII, Population: 100000, Control: 100, Own Province: False",10.11
"New Religion: Mother Rhoyne, Current Religion: DrownedGodII, Population: 150000, Control: 85, Own Province: True",9.27
"New Religion: Mother Rhoyne, Current Religion: DrownedGodII, Population: 150000, Control: 85, Own Province: False",9.27
"New Religion: Mother Rhoyne, Current Religion: DrownedGodII, Population: 150000, Control: 90, Own Province: True",8.55
"New Religion: Mother Rhoyne, Current Religion: DrownedGodII, Population: 150000, Control: 90, Own Province: False",10.1
"New Religion: Mother Rhoyne, Current Religion: DrownedGodII, Population: 150000, Control: 95, Own Province: True",7.95
"New Religion: Mother Rhoyne, Current Religion: DrownedGodII, Population: 150000, Control: 95, Own Province: False",10.17
"New Religion: Mother Rhoyne, Current Religion: DrownedGodII, Population: 150000, Control: 100, Own Province: True",7.36
"New Religion: Mother Rhoyne, Current Religion: DrownedGodII, Population: 150000, Control: 100, Own Province: False",10.15
"New Religion: Mother Rhoyne, Current Religion: DrownedGodII, Population: 200000, Control: 85, Own Province: True",10.18
"New Religion: Mother Rhoyne, Current Religion: DrownedGodII, Population: 200000, Control: 85, Own Province: False",10.13
"New Religion: Mother Rhoyne, Current Religion: DrownedGodII, Population: 200000, Control: 90, Own Province: True",9.31
"New Religion: Mother Rhoyne, Current Religion: DrownedGodII, Population: 200000, Control: 90, Own Province: False",10.12
"New Religion: Mother Rhoyne, Current Religion: DrownedGodII, Population: 200000, Control: 95, Own Province: True",8.57
"New Religion: Mother Rhoyne, Current Religion: DrownedGodII, Population: 200000, Control: 95, Own Province: False",10.16
"New Religion: Mother Rhoyne, Current Religion: DrownedGodII, Population: 200000, Control: 100, Own Province: True",7.96
"New Religion: Mother Rhoyne, Current Religion: DrownedGodII, Population: 200000, Control: 100, Own Province: False",10.18
"New Religion: Mother Rhoyne, Current Religion: DrownedGodII, Population: 250000, Control: 85, Own Province: True",10.12
"New Religion: Mother Rhoyne, Current Religion: DrownedGodII, Population: 250000, Control: 85, Own Province: False",10.11
"New Religion: Mother Rhoyne, Current Religion: DrownedGodII, Population: 250000, Control: 90, Own Province: True",10.08
"New Religion: Mother Rhoyne, Current Religion: DrownedGodII, Population: 250000, Control: 90, Own Province: False",10.15
"New Religion: Mother Rhoyne, Current Religion: DrownedGodII, Population: 250000, Control: 95, Own Province: True",9.33
"New Religion: Mother Rhoyne, Current Religion: DrownedGodII, Population: 250000, Control: 95, Own Province: False",10.17
"New Religion: Mother Rhoyne, Current Religion: DrownedGodII, Population: 250000, Control: 100, Own Province: True",8.55
"New Religion: Mother Rhoyne, Current Religion: DrownedGodII, Population: 250000, Control: 100, Own Province: False",10.11
"New Religion: Mother Rhoyne, Current Religion: DrownedGodII, Population: 300000, Control: 85, Own Province: True",10.18
"New Religion: Mother Rhoyne, Current Religion: DrownedGodII, Population: 300000, Control: 85, Own Province: False",10.08
"New Religion: Mother Rhoyne, Current Religion: DrownedGodII, Population: 300000, Control: 90, Own Province: True",10.11
"New Religion: Mother Rhoyne, Current Religion: DrownedGodII, Population: 300000, Control: 90, Own Province: False",10.11
"New Religion: Mother Rhoyne, Current Religion: DrownedGodII, Population: 300000, Control: 95, Own Province: True",10.09
"New Religion: Mother Rhoyne, Current Religion: DrownedGodII, Population: 300000, Control: 95, Own Province: False",10.03
"New Religion: Mother Rhoyne, Current Religion: DrownedGodII, Population: 300000, Control: 100, Own Province: True",9.33
"New Religion: Mother Rhoyne, Current Religion: DrownedGodII, Population: 300000, Control: 100, Own Province: False",10.15
"New Religion: Mother Rhoyne, Current Religion: Gods of Valyria, Population: 1000, Control: 85, Own Province: True",7.38
"New Religion: Mother Rhoyne, Current Religion: Gods of Valyria, Population: 1000, Control: 85, Own Province: False",7.37
"New Religion: Mother Rhoyne, Current Religion: Gods of Valyria, Population: 1000, Control: 90, Own Province: True",6.88
"New Religion: Mother Rhoyne, Current Religion: Gods of Valyria, Population: 1000, Control: 90, Own Province: False",7.97
"New Religion: Mother Rhoyne, Current Religion: Gods of Valyria, Population: 1000, Control: 95, Own Province: True",6.28
"New Religion: Mother Rhoyne, Current Religion: Gods of Valyria, Population: 1000, Control: 95, Own Province: False",8.6
"New Religion: Mother Rhoyne, Current Religion: Gods of Valyria, Population: 1000, Control: 100, Own Province: True",5.82
"New Religion: Mother Rhoyne, Current Religion: Gods of Valyria, Population: 1000, Control: 100, Own Province: False",9.25
"New Religion: Mother Rhoyne, Current Religion: Gods of Valyria, Population: 50000, Control: 85, Own Province: True",7.94
"New Religion: Mother Rhoyne, Current Religion: Gods of Valyria, Population: 50000, Control: 85, Own Province: False",7.91
"New Religion: Mother Rhoyne, Current Religion: Gods of Valyria, Population: 50000, Control: 90, Own Province: True",7.42
"New Religion: Mother Rhoyne, Current Religion: Gods of Valyria, Population: 50000, Control: 90, Own Province: False",8.62
"New Religion: Mother Rhoyne, Current Religion: Gods of Valyria, Population: 50000, Control: 95, Own Province: True",6.83
"New Religion: Mother Rhoyne, Current Religion: Gods of Valyria, Population: 50000, Control: 95, Own Province: False",9.3
"New Religion: Mother Rhoyne, Current Religion: Gods of Valyria, Population: 50000, Control: 100, Own Province: True",6.33
"New Religion: Mother Rhoyne, Current Religion: Gods of Valyria, Population: 50000, Control: 100, Own Province: False",10.15
"New Religion: Mother Rhoyne, Current Religion: Gods of Valyria, Population: 100000, Control: 85, Own Province: True",8.55
"New Religion: Mother Rhoyne, Current Religion: Gods of Valyria, Population: 100000, Control: 85, Own Province: False",8.6
"New Religion: Mother Rhoyne, Current Religion: Gods of Valyria, Population: 100000, Control: 90, Own Province: True",7.94
"New Religion: Mother Rhoyne, Current Religion: Gods of Valyria, Population: 100000, Control: 90, Own Province: False",9.24
"New Religion: Mother Rhoyne, Current Religion: Gods of Valyria, Population: 100000, Control: 95, Own Province: True",7.39
"New Religion: Mother Rhoyne, Current Religion: Gods of Valyria, Population: 100000, Control: 95, Own Province: False",10.13
"New Religion: Mother Rhoyne, Current Religion: Gods of Valyria, Population: 100000, Control: 100, Own Province: True",6.85
"New Religion: Mother Rhoyne, Current Religion: Gods of Valyria, Population: 100000, Control: 100, Own Province: False",10.15
"New Religion: Mother Rhoyne, Current Religion: Gods of Valyria, Population: 150000, Control: 85, Own Province: True",9.28
"New Religion: Mother Rhoyne, Current Religion: Gods of Valyria, Population: 150000, Control: 85, Own Province: False",9.25
"New Religion: Mother Rhoyne, Current Religion: Gods of Valyria, Population: 150000, Control: 90, Own Province: True",8.55
"New Religion: Mother Rhoyne, Current Religion: Gods of Valyria, Population: 150000, Control: 90, Own Province: False",10.14
"New Religion: Mother Rhoyne, Current Religion: Gods of Valyria, Population: 150000, Control: 95, Own Province: True",7.96
"New Religion: Mother Rhoyne, Current Religion: Gods of Valyria, Population: 150000, Control: 95, Own Province: False",10.1
"New Religion: Mother Rhoyne, Current Religion: Gods of Valyria, Population: 150000, Control: 100, Own Province: True",7.35
"New Religion: Mother Rhoyne, Current Religion: Gods of Valyria, Population: 150000, Control: 100, Own Province: False",10.15
"New Religion: Mother Rhoyne, Current Religion: Gods of Valyria, Population: 200000, Control: 85, Own Province: True",10.14
"New Religion: Mother Rhoyne, Current Religion: Gods of Valyria, Population: 200000, Control: 85, Own Province: False",10.14
"New Religion: Mother Rhoyne, Current Religion: Gods of Valyria, Population: 200000, Control: 90, Own Province: True",9.27
"New Religion: Mother Rhoyne, Current Religion: Gods of Valyria, Population: 200000, Control: 90, Own Province: False",10.13
"New Religion: Mother Rhoyne, Current Religion: Gods of Valyria, Population: 200000, Control: 95, Own Province: True",8.61
"New Religion: Mother Rhoyne, Current Religion: Gods of Valyria, Population: 200000, Control: 95, Own Province: False",10.15
"New Religion: Mother Rhoyne, Current Religion: Gods of Valyria, Population: 200000, Control: 100, Own Province: True",7.92
"New Religion: Mother Rhoyne, Current Religion: Gods of Valyria, Population: 200000, Control: 100, Own Province: False",10.21
"New Religion: Mother Rhoyne, Current Religion: Gods of Valyria, Population: 250000, Control: 85, Own Province: True",10.11
"New Religion: Mother Rhoyne, Current Religion: Gods of Valyria, Population: 250000, Control: 85, Own Province: False",10.07
"New Religion: Mother Rhoyne, Current Religion: Gods of Valyria, Population: 250000, Control: 90, Own Province: True",10.1
"New Religion: Mother Rhoyne, Current Religion: Gods of Valyria, Population: 250000, Control: 90, Own Province: False",10.08
"New Religion: Mother Rhoyne, Current Religion: Gods of Valyria, Population: 250000, Control: 95, Own Province: True",9.3
"New Religion: Mother Rhoyne, Current Religion: Gods of Valyria, Population: 250000, Control: 95, Own Province: False",10.12
"New Religion: Mother Rhoyne, Current Religion: Gods of Valyria, Population: 250000, Control: 100, Own Province: True",8.58
"New Religion: Mother Rhoyne, Current Religion: Gods of Valyria, Population: 250000, Control: 100, Own Province: False",10.13
"New Religion: Mother Rhoyne, Current Religion: Gods of Valyria, Population: 300000, Control: 85, Own Province: True",10.15
"New Religion: Mother Rhoyne, Current Religion: Gods of Valyria, Population: 300000, Control: 85, Own Province: False",10.15
"New Religion: Mother Rhoyne, Current Religion: Gods of Valyria, Population: 300000, Control: 90, Own Province: True",10.15
"New Religion: Mother Rhoyne, Current Religion: Gods of Valyria, Population: 300000, Control: 90, Own Province: False",10.11
"New Religion: Mother Rhoyne, Current Religion: Gods of Valyria, Population: 300000, Control: 95, Own Province: True",10.21
"New Religion: Mother Rhoyne, Current Religion: Gods of Valyria, Population: 300000, Control: 95, Own Province: False",10.16
"New Religion: Mother Rhoyne, Current Religion: Gods of Valyria, Population: 300000, Control: 100, Own Province: True",9.27
"New Religion: Mother Rhoyne, Current Religion: Gods of Valyria, Population: 300000, Control: 100, Own Province: False",10.08
"New Religion: Mother Rhoyne, Current Religion: R'hllor, Population: 1000, Control: 85, Own Province: True",7.38
"New Religion: Mother Rhoyne, Current Religion: R'hllor, Population: 1000, Control: 85, Own Province: False",7.38
"New Religion: Mother Rhoyne, Current Religion: R'hllor, Population: 1000, Control: 90, Own Province: True",6.82
"New Religion: Mother Rhoyne, Current Religion: R'hllor, Population: 1000, Control: 90, Own Province: False",7.97
"New Religion: Mother Rhoyne, Current Religion: R'hllor, Population: 1000, Control: 95, Own Province: True",6.32
"New Religion: Mother Rhoyne, Current Religion: R'hllor, Population: 1000, Control: 95, Own Province: False",8.61
"New Religion: Mother Rhoyne, Current Religion: R'hllor, Population: 1000, Control: 100, Own Province: True",5.81
"New Religion: Mother Rhoyne, Current Religion: R'hllor, Population: 1000, Control: 100, Own Province: False",9.32
"New Religion: Mother Rhoyne, Current Religion: R'hllor, Population: 50000, Control: 85, Own Province: True",7.92
"New Religion: Mother Rhoyne, Current Religion: R'hllor, Population: 50000, Control: 85, Own Province: False",7.97
"New Religion: Mother Rhoyne, Current Religion: R'hllor, Population: 50000, Control: 90, Own Province: True",7.37
"New Religion: Mother Rhoyne, Current Religion: R'hllor, Population: 50000, Control: 90, Own Province: False",8.62
"New Religion: Mother Rhoyne, Current Religion: R'hllor, Population: 50000, Control: 95, Own Province: True",6.84
"New Religion: Mother Rhoyne, Current Religion: R'hllor, Population: 50000, Control: 95, Own Province: False",9.28
"New Religion: Mother Rhoyne, Current Religion: R'hllor, Population: 50000, Control: 100, Own Province: True",6.31
"New Religion: Mother Rhoyne, Current Religion: R'hllor, Population: 50000, Control: 100, Own Province: False",10.15
"New Religion: Mother Rhoyne, Current Religion: R'hllor, Population: 100000, Control: 85, Own Province: True",8.58
"New Religion: Mother Rhoyne, Current Religion: R'hllor, Population: 100000, Control: 85, Own Province: False",8.58
"New Religion: Mother Rhoyne, Current Religion: R'hllor, Population: 100000, Control: 90, Own Province: True",7.99
"New Religion: Mother Rhoyne, Current Religion: R'hllor, Population: 100000, Control: 90, Own Province: False",9.26
"New Religion: Mother Rhoyne, Current Religion: R'hllor, Population: 100000, Control: 95, Own Province: True",7.39
"New Religion: Mother Rhoyne, Current Religion: R'hllor, Population: 100000, Control: 95, Own Province: False",10.15
"New Religion: Mother Rhoyne, Current Religion: R'hllor, Population: 100000, Control: 100, Own Province: True",6.88
"New Religion: Mother Rhoyne, Current Religion: R'hllor, Population: 100000, Control: 100, Own Province: False",10.08
"New Religion: Mother Rhoyne, Current Religion: R'hllor, Population: 150000, Control: 85, Own Province: True",9.3
"New Religion: Mother Rhoyne, Current Religion: R'hllor, Population: 150000, Control: 85, Own Province: False",9.27
"New Religion: Mother Rhoyne, Current Religion: R'hllor, Population: 150000, Control: 90, Own Province: True",8.57
"New Religion: Mother Rhoyne, Current Religion: R'hllor, Population: 150000, Control: 90, Own Province: False",10.07
"New Religion: Mother Rhoyne, Current Religion: R'hllor, Population: 150000, Control: 95, Own Province: True",7.97
"New Religion: Mother Rhoyne, Current Religion: R'hllor, Population: 150000, Control: 95, Own Province: False",10.13
"New Religion: Mother Rhoyne, Current Religion: R'hllor, Population: 150000, Control: 100, Own Province: True",7.37
"New Religion: Mother Rhoyne, Current Religion: R'hllor, Population: 150000, Control: 100, Own Province: False",10.1
"New Religion: Mother Rhoyne, Current Religion: R'hllor, Population: 200000, Control: 85, Own Province: True",10.19
"New Religion: Mother Rhoyne, Current Religion: R'hllor, Population: 200000, Control: 85, Own Province: False",10.16
"New Religion: Mother Rhoyne, Current Religion: R'hllor, Population: 200000, Control: 90, Own Province: True",9.28
"New Religion: Mother Rhoyne, Current Religion: R'hllor, Population: 200000, Control: 90, Own Province: False",10.11
"New Religion: Mother Rhoyne, Current Religion: R'hllor, Population: 200000, Control: 95, Own Province: True",8.59
"New Religion: Mother Rhoyne, Current Religion: R'hllor, Population: 200000, Control: 95, Own Province: False",10.15
"New Religion: Mother Rhoyne, Current Religion: R'hllor, Population: 200000, Control: 100, Own Province: True",7.93
"New Religion: Mother Rhoyne, Current Religion: R'hllor, Population: 200000, Control: 100, Own Province: False",10.13
"New Religion: Mother Rhoyne, Current Religion: R'hllor, Population: 250000, Control: 85, Own Province: True",10.15
"New Religion: Mother Rhoyne, Current Religion: R'hllor, Population: 250000, Control: 85, Own Province: False",10.13
"New Religion: Mother Rhoyne, Current Religion: R'hllor, Population: 250000, Control: 90, Own Province: True",10.16
"New Religion: Mother Rhoyne, Current Religion: R'hllor, Population: 250000, Control: 90, Own Province: False",10.06
"New Religion: Mother Rhoyne, Current Religion: R'hllor, Population: 250000, Control: 95, Own Province: True",9.28
"New Religion: Mother Rhoyne, Current Religion: R'hllor, Population: 250000, Control: 95, Own Province: False",10.18
"New Religion: Mother Rhoyne, Current Religion: R'hllor, Population: 250000, Control: 100, Own Province: True",8.63
"New Religion: Mother Rhoyne, Current Religion: R'hllor, Population: 250000, Control: 100, Own Province: False",10.11
"New Religion: Mother Rhoyne, Current Religion: R'hllor, Population: 300000, Control: 85, Own Province: True",10.14
"New Religion: Mother Rhoyne, Current Religion: R'hllor, Population: 300000, Control: 85, Own Province: False",10.12
"New Religion: Mother Rhoyne, Current Religion: R'hllor, Population: 300000, Control: 90, Own Province: True",10.16
"New Religion: Mother Rhoyne, Current Religion: R'hllor, Population: 300000, Control: 90, Own Province: False",10.13
"New Religion: Mother Rhoyne, Current Religion: R'hllor, Population: 300000, Control: 95, Own Province: True",10.1
"New Religion: Mother Rhoyne, Current Religion: R'hllor, Population: 300000, Control: 95, Own Province: False",10.15
"New Religion: Mother Rhoyne, Current Religion: R'hllor, Population: 300000, Control: 100, Own Province: True",9.29
"New Religion: Mother Rhoyne, Current Religion: R'hllor, Population: 300000, Control: 100, Own Province: False",10.11
"New Religion: Gods of Valyria, Current Religion: Faith of the Seven, Population: 1000, Control: 85, Own Province: True",7.39
"New Religion: Gods of Valyria, Current Religion: Faith of the Seven, Population: 1000, Control: 85, Own Province: False",7.38
"New Religion: Gods of Valyria, Current Religion: Faith of the Seven, Population: 1000, Control: 90, Own Province: True",6.87
"New Religion: Gods of Valyria, Current Religion: Faith of the Seven, Population: 1000, Control: 90, Own Province: False",7.96
"New Religion: Gods of Valyria, Current Religion: Faith of the Seven, Population: 1000, Control: 95, Own Province: True",6.34
"New Religion: Gods of Valyria, Current Religion: Faith of the Seven, Population: 1000, Control: 95, Own Province: False",8.6
"New Religion: Gods of Valyria, Current Religion: Faith of the Seven, Population: 1000, Control: 100, Own Province: True",5.81
"New Religion: Gods of Valyria, Current Religion: Faith of the Seven, Population: 1000, Control: 100, Own Province: False",9.33
"New Religion: Gods of Valyria, Current Religion: Faith of the Seven, Population: 50000, Control: 85, Own Province: True",7.94
"New Religion: Gods of Valyria, Current Religion: Faith of the Seven, Population: 50000, Control: 85, Own Province: False",7.97
"New Religion: Gods of Valyria, Current Religion: Faith of the Seven, Population: 50000, Control: 90, Own Province: True",7.4
"New Religion: Gods of Valyria, Current Religion: Faith of the Seven, Population: 50000, Control: 90, Own Province: False",8.6
"New Religion: Gods of Valyria, Current Religion: Faith of the Seven, Population: 50000, Control: 95, Own Province: True",6.85
"New Religion: Gods of Valyria, Current Religion: Faith of the Seven, Population: 50000, Control: 95, Own Province: False",9.31
"New Religion: Gods of Valyria, Current Religion: Faith of the Seven, Population: 50000, Control: 100, Own Province: True",6.31
"New Religion: Gods of Valyria, Current Religion: Faith of the Seven, Population: 50000, Control: 100, Own Province: False",10.17
"New Religion: Gods of Valyria, Current Religion: Faith of the Seven, Population: 100000, Control: 85, Own Province: True",8.63
"New Religion: Gods of Valyria, Current Religion: Faith of the Seven, Population: 100000, Control: 85, Own Province: False",8.58
"New Religion: Gods of Valyria, Current Religion: Faith of the Seven, Population: 100000, Control: 90, Own Province: True",7.96
"New Religion: Gods of Valyria, Current Religion: Faith of the Seven, Population: 100000, Control: 90, Own Province: False",9.29
"New Religion: Gods of Valyria, Current Religion: Faith of the Seven, Population: 100000, Control: 95, Own Province: True",7.36
"New Religion: Gods of Valyria, Current Religion: Faith of the Seven, Population: 100000, Control: 95, Own Province: False",10.13
"New Religion: Gods of Valyria, Current Religion: Faith of the Seven, Population: 100000, Control: 100, Own Province: True",6.84
"New Religion: Gods of Valyria, Current Religion: Faith of the Seven, Population: 100000, Control: 100, Own Province: False",10.12
"New Religion: Gods of Valyria, Current Religion: Faith of the Seven, Population: 150000, Control: 85, Own Province: True",9.3
"New Religion: Gods of Valyria, Current Religion: Faith of the Seven, Population: 150000, Control: 85, Own Province: False",9.27
"New Religion: Gods of Valyria, Current Religion: Faith of the Seven, Population: 150000, Control: 90, Own Province: True",8.59
"New Religion: Gods of Valyria, Current Religion: Faith of the Seven, Population: 150000, Control: 90, Own Province: False",10.2
"New Religion: Gods of Valyria, Current Religion: Faith of the Seven, Population: 150000, Control: 95, Own Province: True",7.98
"New Religion: Gods of Valyria, Current Religion: Faith of the Seven, Population: 150000, Control: 95, Own Province: False",10.2
"New Religion: Gods of Valyria, Current Religion: Faith of the Seven, Population: 150000, Control: 100, Own Province: True",7.36
"New Religion: Gods of Valyria, Current Religion: Faith of the Seven, Population: 150000, Control: 100, Own Province: False",10.14
"New Religion: Gods of Valyria, Current Religion: Faith of the Seven, Population: 200000, Control: 85, Own Province: True",10.11
"New Religion: Gods of Valyria, Current Religion: Faith of the Seven, Population: 200000, Control: 85, Own Province: False",10.12
"New Religion: Gods of Valyria, Current Religion: Faith of the Seven, Population: 200000, Control: 90, Own Province: True",9.21
"New Religion: Gods of Valyria, Current Religion: Faith of the Seven, Population: 200000, Control: 90, Own Province: False",10.12
"New Religion: Gods of Valyria, Current Religion: Faith of the Seven, Population: 200000, Control: 95, Own Province: True",8.59
"New Religion: Gods of Valyria, Current Religion: Faith of the Seven, Population: 200000, Control: 95, Own Province: False",10.17
"New Religion: Gods of Valyria, Current Religion: Faith of the Seven, Population: 200000, Control: 100, Own Province: True",7.97
"New Religion: Gods of Valyria, Current Religion: Faith of the Seven, Population: 200000, Control: 100, Own Province: False",10.12
"New Religion: Gods of Valyria, Current Religion: Faith of the Seven, Population: 250000, Control: 85, Own Province: True",10.16
"New Religion: Gods of Valyria, Current Religion: Faith of the Seven, Population: 250000, Control: 85, Own Province: False",10.09
"New Religion: Gods of Valyria, Current Religion: Faith of the Seven, Population: 250000, Control: 90, Own Province: True",10.11
"New Religion: Gods of Valyria, Current Religion: Faith of the Seven, Population: 250000, Control: 90, Own Province: False",10.17
"New Religion: Gods of Valyria, Current Religion: Faith of the Seven, Population: 250000, Control: 95, Own Province: True",9.29
"New Religion: Gods of Valyria, Current Religion: Faith of the Seven, Population: 250000, Control: 95, Own Province: False",10.14
"New Religion: Gods of Valyria, Current Religion: Faith of the Seven, Population: 250000, Control: 100, Own Province: True",8.6
"New Religion: Gods of Valyria, Current Religion: Faith of the Seven, Population: 250000, Control: 100, Own Province: False",10.07
"New Religion: Gods of Valyria, Current Religion: Faith of the Seven, Population: 300000, Control: 85, Own Province: True",10.13
"New Religion: Gods of Valyria, Current Religion: Faith of the Seven, Population: 300000, Control: 85, Own Province: False",10.1
"New Religion: Gods of Valyria, Current Religion: Faith of the Seven, Population: 300000, Control: 90, Own Province: True",10.14
"New Religion: Gods of Valyria, Current Religion: Faith of the Seven, Population: 300000, Control: 90, Own Province: False",10.13
"New Religion: Gods of Valyria, Current Religion: Faith of the Seven, Population: 300000, Control: 95, Own Province: True",10.11
"New Religion: Gods of Valyria, Current Religion: Faith of the Seven, Population: 300000, Control: 95, Own Province: False",10.11
"New Religion: Gods of Valyria, Current Religion: Faith of the Seven, Population: 300000, Control: 100, Own Province: True",9.25
"New Religion: Gods of Valyria, Current Religion: Faith of the Seven, Population: 300000, Control: 100, Own Province: False",10.24
"New Religion: Gods of Valyria, Current Religion: Old Gods, Population: 1000, Control: 85, Own Province: True",6.83
"New Religion: Gods of Valyria, Current Religion: Old Gods, Population: 1000, Control: 85, Own Province: False",6.83
"New Religion: Gods of Valyria, Current Religion: Old Gods, Population: 1000, Control: 90, Own Province: True",6.33
"New Religion: Gods of Valyria, Current Religion: Old Gods, Population: 1000, Control: 90, Own Province: False",7.4
"New Religion: Gods of Valyria, Current Religion: Old Gods, Population: 1000, Control: 95, Own Province: True",5.81
"New Religion: Gods of Valyria, Current Religion: Old Gods, Population: 1000, Control: 95, Own Province: False",7.95
"New Religion: Gods of Valyria, Current Religion: Old Gods, Population: 1000, Control: 100, Own Province: True",5.27
"New Religion: Gods of Valyria, Current Religion: Old Gods, Population: 1000, Control: 100, Own Province: False",8.6
"New Religion: Gods of Valyria, Current Religion: Old Gods, Population: 50000, Control: 85, Own Province: True",7.4
"New Religion: Gods of Valyria, Current Religion: Old Gods, Population: 50000, Control: 85, Own Province: False",7.38
"New Religion: Gods of Valyria, Current Religion: Old Gods, Population: 50000, Control: 90, Own Province: True",6.84
"New Religion: Gods of Valyria, Current Religion: Old Gods, Population: 50000, Control: 90, Own Province: False",7.96
"New Religion: Gods of Valyria, Current Religion: Old Gods, Population: 50000, Control: 95, Own Province: True",6.32
"New Religion: Gods of Valyria, Current Religion: Old Gods, Population: 50000, Control: 95, Own Province: False",8.59
"New Religion: Gods of Valyria, Current Religion: Old Gods, Population: 50000, Control: 100, Own Province: True",5.81
"New Religion: Gods of Valyria, Current Religion: Old Gods, Population: 50000, Control: 100, Own Province: False",9.31
"New Religion: Gods of Valyria, Current Religion: Old Gods, Population: 100000, Control: 85, Own Province: True",7.97
"New Religion: Gods of Valyria, Current Religion: Old Gods, Population: 100000, Control: 85, Own Province: False",7.99
"New Religion: Gods of Valyria, Current Religion: Old Gods, Population: 100000, Control: 90, Own Province: True",7.39
"New Religion: Gods of Valyria, Current Religion: Old Gods, Population: 100000, Control: 90, Own Province: False",8.55
"New Religion: Gods of Valyria, Current Religion: Old Gods, Population: 100000, Control: 95, Own Province: True",6.84
"New Religion: Gods of Valyria, Current Religion: Old Gods, Population: 100000, Control: 95, Own Province: False",9.29
"New Religion: Gods of Valyria, Current Religion: Old Gods, Population: 100000, Control: 100, Own Province: True",6.31
"New Religion: Gods of Valyria, Current Religion: Old Gods, Population: 100000, Control: 100, Own Province: False",10.13
"New Religion: Gods of Valyria, Current Religion: Old Gods, Population: 150000, Control: 85, Own Province: True",8.56
"New Religion: Gods of Valyria, Current Religion: Old Gods, Population: 150000, Control: 85, Own Province: False",8.61
"New Religion: Gods of Valyria, Current Religion: Old Gods, Population: 150000, Control: 90, Own Province: True",7.95
"New Religion: Gods of Valyria, Current Religion: Old Gods, Population: 150000, Control: 90, Own Province: False",9.26
"New Religion: Gods of Valyria, Current Religion: Old Gods, Population: 150000, Control: 95, Own Province: True",7.35
"New Religion: Gods of Valyria, Current Religion: Old Gods, Population: 150000, Control: 95, Own Province: False",10.09
"New Religion: Gods of Valyria, Current Religion: Old Gods, Population: 150000, Control: 100, Own Province: True",6.84
"New Religion: Gods of Valyria, Current Religion: Old Gods, Population: 150000, Control: 100, Own Province: False",10.12
"New Religion: Gods of Valyria, Current Religion: Old Gods, Population: 200000, Control: 85, Own Province: True",9.29
"New Religion: Gods of Valyria, Current Religion: Old Gods, Population: 200000, Control: 85, Own Province: False",9.29
"New Religion: Gods of Valyria, Current Religion: Old Gods, Population: 200000, Control: 90, Own Province: True",8.57
"New Religion: Gods of Valyria, Current Religion: Old Gods, Population: 200000, Control: 90, Own Province: False",10.06
"New Religion: Gods of Valyria, Current Religion: Old Gods, Population: 200000, Control: 95, Own Province: True",7.99
"New Religion: Gods of Valyria, Current Religion: Old Gods, Population: 200000, Control: 95, Own Province: False",10.13
"New Religion: Gods of Valyria, Current Religion: Old Gods, Population: 200000, Control: 100, Own Province: True",7.37
"New Religion: Gods of Valyria, Current Religion: Old Gods, Population: 200000, Control: 100, Own Province: False",10.13
"New Religion: Gods of Valyria, Current Religion: Old Gods, Population: 250000, Control: 85, Own Province: True",10.14
"New Religion: Gods of Valyria, Current Religion: Old Gods, Population: 250000, Control: 85, Own Province: False",10.12
"New Religion: Gods of Valyria, Current Religion: Old Gods, Population: 250000, Control: 90, Own Province: True",9.26
"New Religion: Gods of Valyria, Current Religion: Old Gods, Population: 250000, Control: 90, Own Province: False",10.05
"New Religion: Gods of Valyria, Current Religion: Old Gods, Population: 250000, Control: 95, Own Province: True",8.61
"New Religion: Gods of Valyria, Current Religion: Old Gods, Population: 250000, Control: 95, Own Province: False",10.1
"New Religion: Gods of Valyria, Current Religion: Old Gods, Population: 250000, Control: 100, Own Province: True",7.95
"New Religion: Gods of Valyria, Current Religion: Old Gods, Population: 250000, Control: 100, Own Province: False",10.06
"New Religion: Gods of Valyria, Current Religion: Old Gods, Population: 300000, Control: 85, Own Province: True",10.13
"New Religion: Gods of Valyria, Current Religion: Old Gods, Population: 300000, Control: 85, Own Province: False",10.07
"New Religion: Gods of Valyria, Current Religion: Old Gods, Population: 300000, Control: 90, Own Province: True",10.07
"New Religion: Gods of Valyria, Current Religion: Old Gods, Population: 300000, Control: 90, Own Province: False",10.13
"New Religion: Gods of Valyria, Current Religion: Old Gods, Population: 300000, Control: 95, Own Province: True",9.28
"New Religion: Gods of Valyria, Current Religion: Old Gods, Population: 300000, Control: 95, Own Province: False",10.08
"New Religion: Gods of Valyria, Current Religion: Old Gods, Population: 300000, Control: 100, Own Province: True",8.56
"New Religion: Gods of Valyria, Current Religion: Old Gods, Population: 300000, Control: 100, Own Province: False",10.08
"New Religion: Gods of Valyria, Current Religion: Skagosi Old Gods, Population: 1000, Control: 85, Own Province: True",7.39
"New Religion: Gods of Valyria, Current Religion: Skagosi Old Gods, Population: 1000, Control: 85, Own Province: False",7.4
"New Religion: Gods of Valyria, Current Religion: Skagosi Old Gods, Population: 1000, Control: 90, Own Province: True",6.81
"New Religion: Gods of Valyria, Current Religion: Skagosi Old Gods, Population: 1000, Control: 90, Own Province: False",7.96
"New Religion: Gods of Valyria, Current Religion: Skagosi Old Gods, Population: 1000, Control: 95, Own Province: True",6.31
"New Religion: Gods of Valyria, Current Religion: Skagosi Old Gods, Population: 1000, Control: 95, Own Province: False",8.61
"New Religion: Gods of Valyria, Current Religion: Skagosi Old Gods, Population: 1000, Control: 100, Own Province: True",5.81
"New Religion: Gods of Valyria, Current Religion: Skagosi Old Gods, Population: 1000, Control: 100, Own Province: False",9.26
"New Religion: Gods of Valyria, Current Religion: Skagosi Old Gods, Population: 50000, Control: 85, Own Province: True",7.95
"New Religion: Gods of Valyria, Current Religion: Skagosi Old Gods, Population: 50000, Control: 85, Own Province: False",7.93
"New Religion: Gods of Valyria, Current Religion: Skagosi Old Gods, Population: 50000, Control: 90, Own Province: True",7.39
"New Religion: Gods of Valyria, Current Religion: Skagosi Old Gods, Population: 50000, Control: 90, Own Province: False",8.57
"New Religion: Gods of Valyria, Current Religion: Skagosi Old Gods, Population: 50000, Control: 95, Own Province: True",6.83
"New Religion: Gods of Valyria, Current Religion: Skagosi Old Gods, Population: 50000, Control: 95, Own Province: False",9.28
"New Religion: Gods of Valyria, Current Religion: Skagosi Old Gods, Population: 50000, Control: 100, Own Province: True",6.34
"New Religion: Gods of Valyria, Current Religion: Skagosi Old Gods, Population: 50000, Control: 100, Own Province: False",10.15
"New Religion: Gods of Valyria, Current Religion: Skagosi Old Gods, Population: 100000, Control: 85, Own Province: True",8.57
"New Religion: Gods of Valyria, Current Religion: Skagosi Old Gods, Population: 100000, Control: 85, Own Province: False",8.6
"New Religion: Gods of Valyria, Current Religion: Skagosi Old Gods, Population: 100000, Control: 90, Own Province: True",7.98
"New Religion: Gods of Valyria, Current Religion: Skagosi Old Gods, Population: 100000, Control: 90, Own Province: False",9.31
"New Religion: Gods of Valyria, Current Religion: Skagosi Old Gods, Population: 100000, Control: 95, Own Province: True",7.37
"New Religion: Gods of Valyria, Current Religion: Skagosi Old Gods, Population: 100000, Control: 95, Own Province: False",10.23
"New Religion: Gods of Valyria, Current Religion: Skagosi Old Gods, Population: 100000, Control: 100, Own Province: True",6.83
"New Religion: Gods of Valyria, Current Religion: Skagosi Old Gods, Population: 100000, Control: 100, Own Province: False",10.15
"New Religion: Gods of Valyria, Current Religion: Skagosi Old Gods, Population: 150000, Control: 85, Own Province: True",9.32
"New Religion: Gods of Valyria, Current Religion: Skagosi Old Gods, Population: 150000, Control: 85, Own Province: False",9.29
"New Religion: Gods of Valyria, Current Religion: Skagosi Old Gods, Population: 150000, Control: 90, Own Province: True",8.54
"New Religion: Gods of Valyria, Current Religion: Skagosi Old Gods, Population: 150000, Control: 90, Own Province: False",10.16
"New Religion: Gods of Valyria, Current Religion: Skagosi Old Gods, Population: 150000, Control: 95, Own Province: True",7.95
"New Religion: Gods of Valyria, Current Religion: Skagosi Old Gods, Population: 150000, Control: 95, Own Province: False",10.14
"New Religion: Gods of Valyria, Current Religion: Skagosi Old Gods, Population: 150000, Control: 100, Own Province: True",7.39
"New Religion: Gods of Valyria, Current Religion: Skagosi Old Gods, Population: 150000, Control: 100, Own Province: False",10.24
"New Religion: Gods of Valyria, Current Religion: Skagosi Old Gods, Population: 200000, Control: 85, Own Province: True",10.09
"New Religion: Gods of Valyria, Current Religion: Skagosi Old Gods, Population: 200000, Control: 85, Own Province: False",10.14
"New Religion: Gods of Valyria, Current Religion: Skagosi Old Gods, Population: 200000, Control: 90, Own Province: True",9.29
"New Religion: Gods of Valyria, Current Religion: Skagosi Old Gods, Population: 200000, Control: 90, Own Province: False",10.14
"New Religion: Gods of Valyria, Current Religion: Skagosi Old Gods, Population: 200000, Control: 95, Own Province: True",8.61
"New Religion: Gods of Valyria, Current Religion: Skagosi Old Gods, Population: 200000, Control: 95, Own Province: False",10.18
"New Religion: Gods of Valyria, Current Religion: Skagosi Old Gods, Population: 200000, Control: 100, Own Province: True",7.97
"New Religion: Gods of Valyria, Current Religion: Skagosi Old Gods, Population: 200000, Control: 100, Own Province: False",10.11
"New Religion: Gods of Valyria, Current Religion: Skagosi Old Gods, Population: 250000, Control: 85, Own Province: True",10.1
"New Religion: Gods of Valyria, Current Religion: Skagosi Old Gods, Population: 250000, Control: 85, Own Province: False",10.15
"New Religion: Gods of Valyria, Current Religion: Skagosi Old Gods, Population: 250000, Control: 90, Own Province: True",10.1
"New Religion: Gods of Valyria, Current Religion: Skagosi Old Gods, Population: 250000, Control: 90, Own Province: False",10.11
"New Religion: Gods of Valyria, Current Religion: Skagosi Old Gods, Population: 250000, Control: 95, Own Province: True",9.32
"New Religion: Gods of Valyria, Current Religion: Skagosi Old Gods, Population: 250000, Control: 95, Own Province: False",10.19
"New Religion: Gods of Valyria, Current Religion: Skagosi Old Gods, Population: 250000, Control: 100, Own Province: True",8.59
"New Religion: Gods of Valyria, Current Religion: Skagosi Old Gods, Population: 250000, Control: 100, Own Province: False",10.11
"New Religion: Gods of Valyria, Current Religion: Skagosi Old Gods, Population: 300000, Control: 85, Own Province: True",10.11
"New Religion: Gods of Valyria, Current Religion: Skagosi Old Gods, Population: 300000, Control: 85, Own Province: False",10.14
"New Religion: Gods of Valyria, Current Religion: Skagosi Old Gods, Population: 300000, Control: 90, Own Province: True",10.11
"New Religion: Gods of Valyria, Current Religion: Skagosi Old Gods, Population: 300000, Control: 90, Own Province: False",10.14
"New Religion: Gods of Valyria, Current Religion: Skagosi Old Gods, Population: 300000, Control: 95, Own Province: True",10.16
"New Religion: Gods of Valyria, Current Religion: Skagosi Old Gods, Population: 300000, Control: 95, Own Province: False",10.1
"New Religion: Gods of Valyria, Current Religion: Skagosi Old Gods, Population: 300000, Control: 100, Own Province: True",9.3
"New Religion: Gods of Valyria, Current Religion: Skagosi Old Gods, Population: 300000, Control: 100, Own Province: False",10.13
"New Religion: Gods of Valyria, Current Religion: DrownedGod, Population: 1000, Control: 85, Own Province: True",7.98
"New Religion: Gods of Valyria, Current Religion: DrownedGod, Population: 1000, Control: 85, Own Province: False",7.94
"New Religion: Gods of Valyria, Current Religion: DrownedGod, Population: 1000, Control: 90, Own Province: True",7.36
"New Religion: Gods of Valyria, Current Religion: DrownedGod, Population: 1000, Control: 90, Own Province: False",8.62
"New Religion: Gods of Valyria, Current Religion: DrownedGod, Population: 1000, Control: 95, Own Province: True",6.81
"New Religion: Gods of Valyria, Current Religion: DrownedGod, Population: 1000, Control: 95, Own Province: False",9.31
"New Religion: Gods of Valyria, Current Religion: DrownedGod, Population: 1000, Control: 100, Own Province: True",6.29
"New Religion: Gods of Valyria, Current Religion: DrownedGod, Population: 1000, Control: 100, Own Province: False",10.15
"New Religion: Gods of Valyria, Current Religion: DrownedGod, Population: 50000, Control: 85, Own Province: True",8.62
"New Religion: Gods of Valyria, Current Religion: DrownedGod, Population: 50000, Control: 85, Own Province: False",8.55
"New Religion: Gods of Valyria, Current Religion: DrownedGod, Population: 50000, Control: 90, Own Province: True",7.98
"New Religion: Gods of Valyria, Current Religion: DrownedGod, Population: 50000, Control: 90, Own Province: False",9.29
"New Religion: Gods of Valyria, Current Religion: DrownedGod, Population: 50000, Control: 95, Own Province: True",7.36
"New Religion: Gods of Valyria, Current Religion: DrownedGod, Population: 50000, Control: 95, Own Province: False",10.09
"New Religion: Gods of Valyria, Current Religion: DrownedGod, Population: 50000, Control: 100, Own Province: True",6.82
"New Religion: Gods of Valyria, Current Religion: DrownedGod, Population: 50000, Control: 100, Own Province: False",10.13
"New Religion: Gods of Valyria, Current Religion: DrownedGod, Population: 100000, Control: 85, Own Province: True",9.26
"New Religion: Gods of Valyria, Current Religion: DrownedGod, Population: 100000, Control: 85, Own Province: False",9.26
"New Religion: Gods of Valyria, Current Religion: DrownedGod, Population: 100000, Control: 90, Own Province: True",8.55
"New Religion: Gods of Valyria, Current Religion: DrownedGod, Population: 100000, Control: 90, Own Province: False",10.13
"New Religion: Gods of Valyria, Current Religion: DrownedGod, Population: 100000, Control: 95, Own Province: True",7.93
"New Religion: Gods of Valyria, Current Religion: DrownedGod, Population: 100000, Control: 95, Own Province: False",10.0
"New Religion: Gods of Valyria, Current Religion: DrownedGod, Population: 100000, Control: 100, Own Province: True",7.38
"New Religion: Gods of Valyria, Current Religion: DrownedGod, Population: 100000, Control: 100, Own Province: False",10.07
"New Religion: Gods of Valyria, Current Religion: DrownedGod, Population: 150000, Control: 85, Own Province: True",10.12
"New Religion: Gods of Valyria, Current Religion: DrownedGod, Population: 150000, Control: 85, Own Province: False",10.05
"New Religion: Gods of Valyria, Current Religion: DrownedGod, Population: 150000, Control: 90, Own Province: True",9.26
"New Religion: Gods of Valyria, Current Religion: DrownedGod, Population: 150000, Control: 90, Own Province: False",10.17
"New Religion: Gods of Valyria, Current Religion: DrownedGod, Population: 150000, Control: 95, Own Province: True",8.6
"New Religion: Gods of Valyria, Current Religion: DrownedGod, Population: 150000, Control: 95, Own Province: False",10.11
"New Religion: Gods of Valyria, Current Religion: DrownedGod, Population: 150000, Control: 100, Own Province: True",7.94
"New Religion: Gods of Valyria, Current Religion: DrownedGod, Population: 150000, Control: 100, Own Province: False",10.17
"New Religion: Gods of Valyria, Current Religion: DrownedGod, Population: 200000, Control: 85, Own Province: True",10.14
"New Religion: Gods of Valyria, Current Religion: DrownedGod, Population: 200000, Control: 85, Own Province: False",10.16
"New Religion: Gods of Valyria, Current Religion: DrownedGod, Population: 200000, Control: 90, Own Province: True",10.09
"New Religion: Gods of Valyria, Current Religion: DrownedGod, Population: 200000, Control: 90, Own Province: False",10.14
"New Religion: Gods of Valyria, Current Religion: DrownedGod, Population: 200000, Control: 95, Own Province: True",9.27
"New Religion: Gods of Valyria, Current Religion: DrownedGod, Population: 200000, Control: 95, Own Province: False",10.16
"New Religion: Gods of Valyria, Current Religion: DrownedGod, Population: 200000, Control: 100, Own Province: True",8.59
"New Religion: Gods of Valyria, Current Religion: DrownedGod, Population: 200000, Control: 100, Own Province: False",10.08
"New Religion: Gods of Valyria, Current Religion: DrownedGod, Population: 250000, Control: 85, Own Province: True",10.2
"New Religion: Gods of Valyria, Current Religion: DrownedGod, Population: 250000, Control: 85, Own Province: False",10.13
"New Religion: Gods of Valyria, Current Religion: DrownedGod, Population: 250000, Control: 90, Own Province: True",10.12
"New Religion: Gods of Valyria, Current Religion: DrownedGod, Population: 250000, Control: 90, Own Province: False",10.13
"New Religion: Gods of Valyria, Current Religion: DrownedGod, Population: 250000, Control: 95, Own Province: True",10.2
"New Religion: Gods of Valyria, Current Religion: DrownedGod, Population: 250000, Control: 95, Own Province: False",10.08
"New Religion: Gods of Valyria, Current Religion: DrownedGod, Population: 250000, Control: 100, Own Province: True",9.33
"New Religion: Gods of Valyria, Current Religion: DrownedGod, Population: 250000, Control: 100, Own Province: False",10.03
"New Religion: Gods of Valyria, Current Religion: DrownedGod, Population: 300000, Control: 85, Own Province: True",10.17
"New Religion: Gods of Valyria, Current Religion: DrownedGod, Population: 300000, Control: 85, Own Province: False",10.1
"New Religion: Gods of Valyria, Current Religion: DrownedGod, Population: 300000, Control: 90, Own Province: True",10.12
"New Religion: Gods of Valyria, Current Religion: DrownedGod, Population: 300000, Control: 90, Own Province: False",10.09
"New Religion: Gods of Valyria, Current Religion: DrownedGod, Population: 300000, Control: 95, Own Province: True",10.22
"New Religion: Gods of Valyria, Current Religion: DrownedGod, Population: 300000, Control: 95, Own Province: False",10.14
"New Religion: Gods of Valyria, Current Religion: DrownedGod, Population: 300000, Control: 100, Own Province: True",10.11
"New Religion: Gods of Valyria, Current Religion: DrownedGod, Population: 300000, Control: 100, Own Province: False",10.16
"New Religion: Gods of Valyria, Current Religion: DrownedGodII, Population: 1000, Control: 85, Own Province: True",7.4
"New Religion: Gods of Valyria, Current Religion: DrownedGodII, Population: 1000, Control: 85, Own Province: False",7.39
"New Religion: Gods of Valyria, Current Religion: DrownedGodII, Population: 1000, Control: 90, Own Province: True",6.85
"New Religion: Gods of Valyria, Current Religion: DrownedGodII, Population: 1000, Control: 90, Own Province: False",7.95
"New Religion: Gods of Valyria, Current Religion: DrownedGodII, Population: 1000, Control: 95, Own Province: True",6.31
"New Religion: Gods of Valyria, Current Religion: DrownedGodII, Population: 1000, Control: 95, Own Province: False",8.54
"New Religion: Gods of Valyria, Current Religion: DrownedGodII, Population: 1000, Control: 100, Own Province: True",5.77
"New Religion: Gods of Valyria, Current Religion: DrownedGodII, Population: 1000, Control: 100, Own Province: False",9.3
"New Religion: Gods of Valyria, Current Religion: DrownedGodII, Population: 50000, Control: 85, Own Province: True",8.0
"New Religion: Gods of Valyria, Current Religion: DrownedGodII, Population: 50000, Control: 85, Own Province: False",7.98
"New Religion: Gods of Valyria, Current Religion: DrownedGodII, Population: 50000, Control: 90, Own Province: True",7.4
"New Religion: Gods of Valyria, Current Religion: DrownedGodII, Population: 50000, Control: 90, Own Province: False",8.56
"New Religion: Gods of Valyria, Current Religion: DrownedGodII, Population: 50000, Control: 95, Own Province: True",6.84
"New Religion: Gods of Valyria, Current Religion: DrownedGodII, Population: 50000, Control: 95, Own Province: False",9.32
"New Religion: Gods of Valyria, Current Religion: DrownedGodII, Population: 50000, Control: 100, Own Province: True",6.34
"New Religion: Gods of Valyria, Current Religion: DrownedGodII, Population: 50000, Control: 100, Own Province: False",10.15
"New Religion: Gods of Valyria, Current Religion: DrownedGodII, Population: 100000, Control: 85, Own Province: True",8.57
"New Religion: Gods of Valyria, Current Religion: DrownedGodII, Population: 100000, Control: 85, Own Province: False",8.59
"New Religion: Gods of Valyria, Current Religion: DrownedGodII, Population: 100000, Control: 90, Own Province: True",7.96
"New Religion: Gods of Valyria, Current Religion: DrownedGodII, Population: 100000, Control: 90, Own Province: False",9.31
"New Religion: Gods of Valyria, Current Religion: DrownedGodII, Population: 100000, Control: 95, Own Province: True",7.38
"New Religion: Gods of Valyria, Current Religion: DrownedGodII, Population: 100000, Control: 95, Own Province: False",10.08
"New Religion: Gods of Valyria, Current Religion: DrownedGodII, Population: 100000, Control: 100, Own Province: True",6.85
"New Religion: Gods of Valyria, Current Religion: DrownedGodII, Population: 100000, Control: 100, Own Province: False",10.1
"New Religion: Gods of Valyria, Current Religion: DrownedGodII, Population: 150000, Control: 85, Own Province: True",9.27
"New Religion: Gods of Valyria, Current Religion: DrownedGodII, Population: 150000, Control: 85, Own Province: False",9.32
"New Religion: Gods of Valyria, Current Religion: DrownedGodII, Population: 150000, Control: 90, Own Province: True",8.56
"New Religion: Gods of Valyria, Current Religion: DrownedGodII, Population: 150000, Control: 90, Own Province: False",10.13
"New Religion: Gods of Valyria, Current Religion: DrownedGodII, Population: 150000, Control: 95, Own Province: True",7.95
"New Religion: Gods of Valyria, Current Religion: DrownedGodII, Population: 150000, Control: 95, Own Province: False",10.08
"New Religion: Gods of Valyria, Current Religion: DrownedGodII, Population: 150000, Control: 100, Own Province: True",7.36
"New Religion: Gods of Valyria, Current Religion: DrownedGodII, Population: 150000, Control: 100, Own Province: False",10.11
"New Religion: Gods of Valyria, Current Religion: DrownedGodII, Population: 200000, Control: 85, Own Province: True",10.05
"New Religion: Gods of Valyria, Current Religion: DrownedGodII, Population: 200000, Control: 85, Own Province: False",10.2
"New Religion: Gods of Valyria, Current Religion: DrownedGodII, Population: 200000, Control: 90, Own Province: True",9.32
"New Religion: Gods of Valyria, Current Religion: DrownedGodII, Population: 200000, Control: 90, Own Province: False",10.12
"New Religion: Gods of Valyria, Current Religion: DrownedGodII, Population: 200000, Control: 95, Own Province: True",8.58
"New Religion: Gods of Valyria, Current Religion: DrownedGodII, Population: 200000, Control: 95, Own Province: False",10.05
"New Religion: Gods of Valyria, Current Religion: DrownedGodII, Population: 200000, Control: 100, Own Province: True",7.99
"New Religion: Gods of Valyria, Current Religion: DrownedGodII, Population: 200000, Control: 100, Own Province: False",10.1
"New Religion: Gods of Valyria, Current Religion: DrownedGodII, Population: 250000, Control: 85, Own Province: True",10.09
"New Religion: Gods of Valyria, Current Religion: DrownedGodII, Population: 250000, Control: 85, Own Province: False",10.11
"New Religion: Gods of Valyria, Current Religion: DrownedGodII, Population: 250000, Control: 90, Own Province: True",10.08
"New Religion: Gods of Valyria, Current Religion: DrownedGodII, Population: 250000, Control: 90, Own Province: False",10.19
"New Religion: Gods of Valyria, Current Religion: DrownedGodII, Population: 250000, Control: 95, Own Province: True",9.3
"New Religion: Gods of Valyria, Current Religion: DrownedGodII, Population: 250000, Control: 95, Own Province: False",10.12
"New Religion: Gods of Valyria, Current Religion: DrownedGodII, Population: 250000, Control: 100, Own Province: True",8.56
"New Religion: Gods of Valyria, Current Religion: DrownedGodII, Population: 250000, Control: 100, Own Province: False",10.18
"New Religion: Gods of Valyria, Current Religion: DrownedGodII, Population: 300000, Control: 85, Own Province: True",10.15
"New Religion: Gods of Valyria, Current Religion: DrownedGodII, Population: 300000, Control: 85, Own Province: False",10.1
"New Religion: Gods of Valyria, Current Religion: DrownedGodII, Population: 300000, Control: 90, Own Province: True",10.11
"New Religion: Gods of Valyria, Current Religion: DrownedGodII, Population: 300000, Control: 90, Own Province: False",10.12
"New Religion: Gods of Valyria, Current Religion: DrownedGodII, Population: 300000, Control: 95, Own Province: True",10.16
"New Religion: Gods of Valyria, Current Religion: DrownedGodII, Population: 300000, Control: 95, Own Province: False",10.14
"New Religion: Gods of Valyria, Current Religion: DrownedGodII, Population: 300000, Control: 100, Own Province: True",9.33
"New Religion: Gods of Valyria, Current Religion: DrownedGodII, Population: 300000, Control: 100, Own Province: False",10.11
"New Religion: Gods of Valyria, Current Religion: Mother Rhoyne, Population: 1000, Control: 85, Own Province: True",7.38
"New Religion: Gods of Valyria, Current Religion: Mother Rhoyne, Population: 1000, Control: 85, Own Province: False",7.38
"New Religion: Gods of Valyria, Current Religion: Mother Rhoyne, Population: 1000, Control: 90, Own Province: True",6.83
"New Religion: Gods of Valyria, Current Religion: Mother Rhoyne, Population: 1000, Control: 90, Own Province: False",7.94
"New Religion: Gods of Valyria, Current Religion: Mother Rhoyne, Population: 1000, Control: 95, Own Province: True",6.35
"New Religion: Gods of Valyria, Current Religion: Mother Rhoyne, Population: 1000, Control: 95, Own Province: False",8.54
"New Religion: Gods of Valyria, Current Religion: Mother Rhoyne, Population: 1000, Control: 100, Own Province: True",5.79
"New Religion: Gods of Valyria, Current Religion: Mother Rhoyne, Population: 1000, Control: 100, Own Province: False",9.3
"New Religion: Gods of Valyria, Current Religion: Mother Rhoyne, Population: 50000, Control: 85, Own Province: True",7.94
"New Religion: Gods of Valyria, Current Religion: Mother Rhoyne, Population: 50000, Control: 85, Own Province: False",7.93
"New Religion: Gods of Valyria, Current Religion: Mother Rhoyne, Population: 50000, Control: 90, Own Province: True",7.4
"New Religion: Gods of Valyria, Current Religion: Mother Rhoyne, Population: 50000, Control: 90, Own Province: False",8.56
"New Religion: Gods of Valyria, Current Religion: Mother Rhoyne, Population: 50000, Control: 95, Own Province: True",6.86
"New Religion: Gods of Valyria, Current Religion: Mother Rhoyne, Population: 50000, Control: 95, Own Province: False",9.29
"New Religion: Gods of Valyria, Current Religion: Mother Rhoyne, Population: 50000, Control: 100, Own Province: True",6.33
"New Religion: Gods of Valyria, Current Religion: Mother Rhoyne, Population: 50000, Control: 100, Own Province: False",10.14
"New Religion: Gods of Valyria, Current Religion: Mother Rhoyne, Population: 100000, Control: 85, Own Province: True",8.57
"New Religion: Gods of Valyria, Current Religion: Mother Rhoyne, Population: 100000, Control: 85, Own Province: False",8.6
"New Religion: Gods of Valyria, Current Religion: Mother Rhoyne, Population: 100000, Control: 90, Own Province: True",7.92
"New Religion: Gods of Valyria, Current Religion: Mother Rhoyne, Population: 100000, Control: 90, Own Province: False",9.26
"New Religion: Gods of Valyria, Current Religion: Mother Rhoyne, Population: 100000, Control: 95, Own Province: True",7.36
"New Religion: Gods of Valyria, Current Religion: Mother Rhoyne, Population: 100000, Control: 95, Own Province: False",10.11
"New Religion: Gods of Valyria, Current Religion: Mother Rhoyne, Population: 100000, Control: 100, Own Province: True",6.84
"New Religion: Gods of Valyria, Current Religion: Mother Rhoyne, Population: 100000, Control: 100, Own Province: False",10.12
"New Religion: Gods of Valyria, Current Religion: Mother Rhoyne, Population: 150000, Control: 85, Own Province: True",9.34
"New Religion: Gods of Valyria, Current Religion: Mother Rhoyne, Population: 150000, Control: 85, Own Province: False",9.25
"New Religion: Gods of Valyria, Current Religion: Mother Rhoyne, Population: 150000, Control: 90, Own Province: True",8.54
"New Religion: Gods of Valyria, Current Religion: Mother Rhoyne, Population: 150000, Control: 90, Own Province: False",10.11
"New Religion: Gods of Valyria, Current Religion: Mother Rhoyne, Population: 150000, Control: 95, Own Province: True",7.97
"New Religion: Gods of Valyria, Current Religion: Mother Rhoyne, Population: 150000, Control: 95, Own Province: False",10.11
"New Religion: Gods of Valyria, Current Religion: Mother Rhoyne, Population: 150000, Control: 100, Own Province: True",7.4
"New Religion: Gods of Valyria, Current Religion: Mother Rhoyne, Population: 150000, Control: 100, Own Province: False",10.11
"New Religion: Gods of Valyria, Current Religion: Mother Rhoyne, Population: 200000, Control: 85, Own Province: True",10.16
"New Religion: Gods of Valyria, Current Religion: Mother Rhoyne, Population: 200000, Control: 85, Own Province: False",10.16
"New Religion: Gods of Valyria, Current Religion: Mother Rhoyne, Population: 200000, Control: 90, Own Province: True",9.28
"New Religion: Gods of Valyria, Current Religion: Mother Rhoyne, Population: 200000, Control: 90, Own Province: False",10.13
"New Religion: Gods of Valyria, Current Religion: Mother Rhoyne, Population: 200000, Control: 95, Own Province: True",8.64
"New Religion: Gods of Valyria, Current Religion: Mother Rhoyne, Population: 200000, Control: 95, Own Province: False",10.14
"New Religion: Gods of Valyria, Current Religion: Mother Rhoyne, Population: 200000, Control: 100, Own Province: True",7.95
"New Religion: Gods of Valyria, Current Religion: Mother Rhoyne, Population: 200000, Control: 100, Own Province: False",10.12
"New Religion: Gods of Valyria, Current Religion: Mother Rhoyne, Population: 250000, Control: 85, Own Province: True",10.11
"New Religion: Gods of Valyria, Current Religion: Mother Rhoyne, Population: 250000, Control: 85, Own Province: False",10.08
"New Religion: Gods of Valyria, Current Religion: Mother Rhoyne, Population: 250000, Control: 90, Own Province: True",10.08
"New Religion: Gods of Valyria, Current Religion: Mother Rhoyne, Population: 250000, Control: 90, Own Province: False",10.13
"New Religion: Gods of Valyria, Current Religion: Mother Rhoyne, Population: 250000, Control: 95, Own Province: True",9.27
"New Religion: Gods of Valyria, Current Religion: Mother Rhoyne, Population: 250000, Control: 95, Own Province: False",10.09
"New Religion: Gods of Valyria, Current Religion: Mother Rhoyne, Population: 250000, Control: 100, Own Province: True",8.6
"New Religion: Gods of Valyria, Current Religion: Mother Rhoyne, Population: 250000, Control: 100, Own Province: False",10.2
"New Religion: Gods of Valyria, Current Religion: Mother Rhoyne, Population: 300000, Control: 85, Own Province: True",10.14
"New Religion: Gods of Valyria, Current Religion: Mother Rhoyne, Population: 300000, Control: 85, Own Province: False",10.17
"New Religion: Gods of Valyria, Current Religion: Mother Rhoyne, Population: 300000, Control: 90, Own Province: True",10.1
"New Religion: Gods of Valyria, Current Religion: Mother Rhoyne, Population: 300000, Control: 90, Own Province: False",10.1
"New Religion: Gods of Valyria, Current Religion: Mother Rhoyne, Population: 300000, Control: 95, Own Province: True",10.15
"New Religion: Gods of Valyria, Current Religion: Mother Rhoyne, Population: 300000, Control: 95, Own Province: False",10.07
"New Religion: Gods of Valyria, Current Religion: Mother Rhoyne, Population: 300000, Control: 100, Own Province: True",9.29
"New Religion: Gods of Valyria, Current Religion: Mother Rhoyne, Population: 300000, Control: 100, Own Province: False",10.14
"New Religion: Gods of Valyria, Current Religion: R'hllor, Population: 1000, Control: 85, Own Province: True",7.38
"New Religion: Gods of Valyria, Current Religion: R'hllor, Population: 1000, Control: 85, Own Province: False",7.4
"New Religion: Gods of Valyria, Current Religion: R'hllor, Population: 1000, Control: 90, Own Province: True",6.86
"New Religion: Gods of Valyria, Current Religion: R'hllor, Population: 1000, Control: 90, Own Province: False",7.97
"New Religion: Gods of Valyria, Current Religion: R'hllor, Population: 1000, Control: 95, Own Province: True",6.34
"New Religion: Gods of Valyria, Current Religion: R'hllor, Population: 1000, Control: 95, Own Province: False",8.54
"New Religion: Gods of Valyria, Current Religion: R'hllor, Population: 1000, Control: 100, Own Province: True",5.81
"New Religion: Gods of Valyria, Current Religion: R'hllor, Population: 1000, Control: 100, Own Province: False",9.36
"New Religion: Gods of Valyria, Current Religion: R'hllor, Population: 50000, Control: 85, Own Province: True",7.98
"New Religion: Gods of Valyria, Current Religion: R'hllor, Population: 50000, Control: 85, Own Province: False",7.97
"New Religion: Gods of Valyria, Current Religion: R'hllor, Population: 50000, Control: 90, Own Province: True",7.38
"New Religion: Gods of Valyria, Current Religion: R'hllor, Population: 50000, Control: 90, Own Province: False",8.62
"New Religion: Gods of Valyria, Current Religion: R'hllor, Population: 50000, Control: 95, Own Province: True",6.85
"New Religion: Gods of Valyria, Current Religion: R'hllor, Population: 50000, Control: 95, Own Province: False",9.28
"New Religion: Gods of Valyria, Current Religion: R'hllor, Population: 50000, Control: 100, Own Province: True",6.31
"New Religion: Gods of Valyria, Current Religion: R'hllor, Population: 50000, Control: 100, Own Province: False",10.18
"New Religion: Gods of Valyria, Current Religion: R'hllor, Population: 100000, Control: 85, Own Province: True",8.56
"New Religion: Gods of Valyria, Current Religion: R'hllor, Population: 100000, Control: 85, Own Province: False",8.6
"New Religion: Gods of Valyria, Current Religion: R'hllor, Population: 100000, Control: 90, Own Province: True",8.0
"New Religion: Gods of Valyria, Current Religion: R'hllor, Population: 100000, Control: 90, Own Province: False",9.25
"New Religion: Gods of Valyria, Current Religion: R'hllor, Population: 100000, Control: 95, Own Province: True",7.39
"New Religion: Gods of Valyria, Current Religion: R'hllor, Population: 100000, Control: 95, Own Province: False",10.18
"New Religion: Gods of Valyria, Current Religion: R'hllor, Population: 100000, Control: 100, Own Province: True",6.86
"New Religion: Gods of Valyria, Current Religion: R'hllor, Population: 100000, Control: 100, Own Province: False",10.16
"New Religion: Gods of Valyria, Current Religion: R'hllor, Population: 150000, Control: 85, Own Province: True",9.29
"New Religion: Gods of Valyria, Current Religion: R'hllor, Population: 150000, Control: 85, Own Province: False",9.25
"New Religion: Gods of Valyria, Current Religion: R'hllor, Population: 150000, Control: 90, Own Province: True",8.58
"New Religion: Gods of Valyria, Current Religion: R'hllor, Population: 150000, Control: 90, Own Province: False",10.21
"New Religion: Gods of Valyria, Current Religion: R'hllor, Population: 150000, Control: 95, Own Province: True",7.98
"New Religion: Gods of Valyria, Current Religion: R'hllor, Population: 150000, Control: 95, Own Province: False",10.19
"New Religion: Gods of Valyria, Current Religion: R'hllor, Population: 150000, Control: 100, Own Province: True",7.4
"New Religion: Gods of Valyria, Current Religion: R'hllor, Population: 150000, Control: 100, Own Province: False",10.15
"New Religion: Gods of Valyria, Current Religion: R'hllor, Population: 200000, Control: 85, Own Province: True",10.15
"New Religion: Gods of Valyria, Current Religion: R'hllor, Population: 200000, Control: 85, Own Province: False",10.12
"New Religion: Gods of Valyria, Current Religion: R'hllor, Population: 200000, Control: 90, Own Province: True",9.3
"New Religion: Gods of Valyria, Current Religion: R'hllor, Population: 200000, Control: 90, Own Province: False",10.15
"New Religion: Gods of Valyria, Current Religion: R'hllor, Population: 200000, Control: 95, Own Province: True",8.57
"New Religion: Gods of Valyria, Current Religion: R'hllor, Population: 200000, Control: 95, Own Province: False",10.15
"New Religion: Gods of Valyria, Current Religion: R'hllor, Population: 200000, Control: 100, Own Province: True",7.96
"New Religion: Gods of Valyria, Current Religion: R'hllor, Population: 200000, Control: 100, Own Province: False",10.08
"New Religion: Gods of Valyria, Current Religion: R'hllor, Population: 250000, Control: 85, Own Province: True",10.1
"New Religion: Gods of Valyria, Current Religion: R'hllor, Population: 250000, Control: 85, Own Province: False",10.19
"New Religion: Gods of Valyria, Current Religion: R'hllor, Population: 250000, Control: 90, Own Province: True",10.15
"New Religion: Gods of Valyria, Current Religion: R'hllor, Population: 250000, Control: 90, Own Province: False",10.14
"New Religion: Gods of Valyria, Current Religion: R'hllor, Population: 250000, Control: 95, Own Province: True",9.26
"New Religion: Gods of Valyria, Current Religion: R'hllor, Population: 250000, Control: 95, Own Province: False",10.12
"New Religion: Gods of Valyria, Current Religion: R'hllor, Population: 250000, Control: 100, Own Province: True",8.59
"New Religion: Gods of Valyria, Current Religion: R'hllor, Population: 250000, Control: 100, Own Province: False",10.1
"New Religion: Gods of Valyria, Current Religion: R'hllor, Population: 300000, Control: 85, Own Province: True",10.15
"New Religion: Gods of Valyria, Current Religion: R'hllor, Population: 300000, Control: 85, Own Province: False",10.11
"New Religion: Gods of Valyria, Current Religion: R'hllor, Population: 300000, Control: 90, Own Province: True",10.13
"New Religion: Gods of Valyria, Current Religion: R'hllor, Population: 300000, Control: 90, Own Province: False",10.19
"New Religion: Gods of Valyria, Current Religion: R'hllor, Population: 300000, Control: 95, Own Province: True",10.14
"New Religion: Gods of Valyria, Current Religion: R'hllor, Population: 300000, Control: 95, Own Province: False",10.12
"New Religion: Gods of Valyria, Current Religion: R'hllor, Population: 300000, Control: 100, Own Province: True",9.25
"New Religion: Gods of Valyria, Current Religion: R'hllor, Population: 300000, Control: 100, Own Province: False",10.09
"New Religion: R'hllor, Current Religion: Faith of the Seven, Population: 1000, Control: 85, Own Province: True",8.01
"New Religion: R'hllor, Current Religion: Faith of the Seven, Population: 1000, Control: 85, Own Province: False",7.97
"New Religion: R'hllor, Current Religion: Faith of the Seven, Population: 1000, Control: 90, Own Province: True",7.36
"New Religion: R'hllor, Current Religion: Faith of the Seven, Population: 1000, Control: 90, Own Province: False",8.58
"New Religion: R'hllor, Current Religion: Faith of the Seven, Population: 1000, Control: 95, Own Province: True",6.87
"New Religion: R'hllor, Current Religion: Faith of the Seven, Population: 1000, Control: 95, Own Province: False",9.3
"New Religion: R'hllor, Current Religion: Faith of the Seven, Population: 1000, Control: 100, Own Province: True",6.33
"New Religion: R'hllor, Current Religion: Faith of the Seven, Population: 1000, Control: 100, Own Province: False",10.09
"New Religion: R'hllor, Current Religion: Faith of the Seven, Population: 50000, Control: 85, Own Province: True",8.64
"New Religion: R'hllor, Current Religion: Faith of the Seven, Population: 50000, Control: 85, Own Province: False",8.61
"New Religion: R'hllor, Current Religion: Faith of the Seven, Population: 50000, Control: 90, Own Province: True",7.96
"New Religion: R'hllor, Current Religion: Faith of the Seven, Population: 50000, Control: 90, Own Province: False",9.32
"New Religion: R'hllor, Current Religion: Faith of the Seven, Population: 50000, Control: 95, Own Province: True",7.42
"New Religion: R'hllor, Current Religion: Faith of the Seven, Population: 50000, Control: 95, Own Province: False",10.14
"New Religion: R'hllor, Current Religion: Faith of the Seven, Population: 50000, Control: 100, Own Province: True",6.84
"New Religion: R'hllor, Current Religion: Faith of the Seven, Population: 50000, Control: 100, Own Province: False",10.09
"New Religion: R'hllor, Current Religion: Faith of the Seven, Population: 100000, Control: 85, Own Province: True",9.31
"New Religion: R'hllor, Current Religion: Faith of the Seven, Population: 100000, Control: 85, Own Province: False",9.27
"New Religion: R'hllor, Current Religion: Faith of the Seven, Population: 100000, Control: 90, Own Province: True",8.59
"New Religion: R'hllor, Current Religion: Faith of the Seven, Population: 100000, Control: 90, Own Province: False",10.18
"New Religion: R'hllor, Current Religion: Faith of the Seven, Population: 100000, Control: 95, Own Province: True",7.99
"New Religion: R'hllor, Current Religion: Faith of the Seven, Population: 100000, Control: 95, Own Province: False",10.15
"New Religion: R'hllor, Current Religion: Faith of the Seven, Population: 100000, Control: 100, Own Province: True",7.4
"New Religion: R'hllor, Current Religion: Faith of the Seven, Population: 100000, Control: 100, Own Province: False",10.18
"New Religion: R'hllor, Current Religion: Faith of the Seven, Population: 150000, Control: 85, Own Province: True",10.13
"New Religion: R'hllor, Current Religion: Faith of the Seven, Population: 150000, Control: 85, Own Province: False",10.15
"New Religion: R'hllor, Current Religion: Faith of the Seven, Population: 150000, Control: 90, Own Province: True",9.24
"New Religion: R'hllor, Current Religion: Faith of the Seven, Population: 150000, Control: 90, Own Province: False",10.17
"New Religion: R'hllor, Current Religion: Faith of the Seven, Population: 150000, Control: 95, Own Province: True",8.59
"New Religion: R'hllor, Current Religion: Faith of the Seven, Population: 150000, Control: 95, Own Province: False",10.07
"New Religion: R'hllor, Current Religion: Faith of the Seven, Population: 150000, Control: 100, Own Province: True",8.0
"New Religion: R'hllor, Current Religion: Faith of the Seven, Population: 150000, Control: 100, Own Province: False",10.19
"New Religion: R'hllor, Current Religion: Faith of the Seven, Population: 200000, Control: 85, Own Province: True",10.16
"New Religion: R'hllor, Current Religion: Faith of the Seven, Population: 200000, Control: 85, Own Province: False",10.11
"New Religion: R'hllor, Current Religion: Faith of the Seven, Population: 200000, Control: 90, Own Province: True",10.14
"New Religion: R'hllor, Current Religion: Faith of the Seven, Population: 200000, Control: 90, Own Province: False",10.11
"New Religion: R'hllor, Current Religion: Faith of the Seven, Population: 200000, Control: 95, Own Province: True",9.28
"New Religion: R'hllor, Current Religion: Faith of the Seven, Population: 200000, Control: 95, Own Province: False",10.13
"New Religion: R'hllor, Current Religion: Faith of the Seven, Population: 200000, Control: 100, Own Province: True",8.59
"New Religion: R'hllor, Current Religion: Faith of the Seven, Population: 200000, Control: 100, Own Province: False",10.06
"New Religion: R'hllor, Current Religion: Faith of the Seven, Population: 250000, Control: 85, Own Province: True",10.14
"New Religion: R'hllor, Current Religion: Faith of the Seven, Population: 250000, Control: 85, Own Province: False",10.13
"New Religion: R'hllor, Current Religion: Faith of the Seven, Population: 250000, Control: 90, Own Province: True",10.18
"New Religion: R'hllor, Current Religion: Faith of the Seven, Population: 250000, Control: 90, Own Province: False",10.17
"New Religion: R'hllor, Current Religion: Faith of the Seven, Population: 250000, Control: 95, Own Province: True",10.16
"New Religion: R'hllor, Current Religion: Faith of the Seven, Population: 250000, Control: 95, Own Province: False",10.13
"New Religion: R'hllor, Current Religion: Faith of the Seven, Population: 250000, Control: 100, Own Province: True",9.29
"New Religion: R'hllor, Current Religion: Faith of the Seven, Population: 250000, Control: 100, Own Province: False",10.09
"New Religion: R'hllor, Current Religion: Faith of the Seven, Population: 300000, Control: 85, Own Province: True",10.11
"New Religion: R'hllor, Current Religion: Faith of the Seven, Population: 300000, Control: 85, Own Province: False",10.11
"New Religion: R'hllor, Current Religion: Faith of the Seven, Population: 300000, Control: 90, Own Province: True",10.19
"New Religion: R'hllor, Current Religion: Faith of the Seven, Population: 300000, Control: 90, Own Province: False",10.12
"New Religion: R'hllor, Current Religion: Faith of the Seven, Population: 300000, Control: 95, Own Province: True",10.17
"New Religion: R'hllor, Current Religion: Faith of the Seven, Population: 300000, Control: 95, Own Province: False",10.06
"New Religion: R'hllor, Current Religion: Faith of the Seven, Population: 300000, Control: 100, Own Province: True",10.07
"New Religion: R'hllor, Current Religion: Faith of the Seven, Population: 300000, Control: 100, Own Province: False",10.14
"New Religion: R'hllor, Current Religion: Old Gods, Population: 1000, Control: 85, Own Province: True",7.4
"New Religion: R'hllor, Current Religion: Old Gods, Population: 1000, Control: 85, Own Province: False",7.4
"New Religion: R'hllor, Current Religion: Old Gods, Population: 1000, Control: 90, Own Province: True",6.83
"New Religion: R'hllor, Current Religion: Old Gods, Population: 1000, Control: 90, Own Province: False",7.98
"New Religion: R'hllor, Current Religion: Old Gods, Population: 1000, Control: 95, Own Province: True",6.33
"New Religion: R'hllor, Current Religion: Old Gods, Population: 1000, Control: 95, Own Province: False",8.55
"New Religion: R'hllor, Current Religion: Old Gods, Population: 1000, Control: 100, Own Province: True",5.81
"New Religion: R'hllor, Current Religion: Old Gods, Population: 1000, Control: 100, Own Province: False",9.28
"New Religion: R'hllor, Current Religion: Old Gods, Population: 50000, Control: 85, Own Province: True",7.98
"New Religion: R'hllor, Current Religion: Old Gods, Population: 50000, Control: 85, Own Province: False",7.96
"New Religion: R'hllor, Current Religion: Old Gods, Population: 50000, Control: 90, Own Province: True",7.35
"New Religion: R'hllor, Current Religion: Old Gods, Population: 50000, Control: 90, Own Province: False",8.61
"New Religion: R'hllor, Current Religion: Old Gods, Population: 50000, Control: 95, Own Province: True",6.86
"New Religion: R'hllor, Current Religion: Old Gods, Population: 50000, Control: 95, Own Province: False",9.28
"New Religion: R'hllor, Current Religion: Old Gods, Population: 50000, Control: 100, Own Province: True",6.29
"New Religion: R'hllor, Current Religion: Old Gods, Population: 50000, Control: 100, Own Province: False",10.14
"New Religion: R'hllor, Current Religion: Old Gods, Population: 100000, Control: 85, Own Province: True",8.59
"New Religion: R'hllor, Current Religion: Old Gods, Population: 100000, Control: 85, Own Province: False",8.58
"New Religion: R'hllor, Current Religion: Old Gods, Population: 100000, Control: 90, Own Province: True",7.99
"New Religion: R'hllor, Current Religion: Old Gods, Population: 100000, Control: 90, Own Province: False",9.28
"New Religion: R'hllor, Current Religion: Old Gods, Population: 100000, Control: 95, Own Province: True",7.39
"New Religion: R'hllor, Current Religion: Old Gods, Population: 100000, Control: 95, Own Province: False",10.14
"New Religion: R'hllor, Current Religion: Old Gods, Population: 100000, Control: 100, Own Province: True",6.82
"New Religion: R'hllor, Current Religion: Old Gods, Population: 100000, Control: 100, Own Province: False",10.11
"New Religion: R'hllor, Current Religion: Old Gods, Population: 150000, Control: 85, Own Province: True",9.33
"New Religion: R'hllor, Current Religion: Old Gods, Population: 150000, Control: 85, Own Province: False",9.37
"New Religion: R'hllor, Current Religion: Old Gods, Population: 150000, Control: 90, Own Province: True",8.6
"New Religion: R'hllor, Current Religion: Old Gods, Population: 150000, Control: 90, Own Province: False",10.16
"New Religion: R'hllor, Current Religion: Old Gods, Population: 150000, Control: 95, Own Province: True",7.95
"New Religion: R'hllor, Current Religion: Old Gods, Population: 150000, Control: 95, Own Province: False",10.16
"New Religion: R'hllor, Current Religion: Old Gods, Population: 150000, Control: 100, Own Province: True",7.4
"New Religion: R'hllor, Current Religion: Old Gods, Population: 150000, Control: 100, Own Province: False",10.24
"New Religion: R'hllor, Current Religion: Old Gods, Population: 200000, Control: 85, Own Province: True",10.08
"New Religion: R'hllor, Current Religion: Old Gods, Population: 200000, Control: 85, Own Province: False",10.08
"New Religion: R'hllor, Current Religion: Old Gods, Population: 200000, Control: 90, Own Province: True",9.3
"New Religion: R'hllor, Current Religion: Old Gods, Population: 200000, Control: 90, Own Province: False",10.16
"New Religion: R'hllor, Current Religion: Old Gods, Population: 200000, Control: 95, Own Province: True",8.58
"New Religion: R'hllor, Current Religion: Old Gods, Population: 200000, Control: 95, Own Province: False",10.08
"New Religion: R'hllor, Current Religion: Old Gods, Population: 200000, Control: 100, Own Province: True",7.93
"New Religion: R'hllor, Current Religion: Old Gods, Population: 200000, Control: 100, Own Province: False",10.15
"New Religion: R'hllor, Current Religion: Old Gods, Population: 250000, Control: 85, Own Province: True",10.19
"New Religion: R'hllor, Current Religion: Old Gods, Population: 250000, Control: 85, Own Province: False",10.14
"New Religion: R'hllor, Current Religion: Old Gods, Population: 250000, Control: 90, Own Province: True",10.15
"New Religion: R'hllor, Current Religion: Old Gods, Population: 250000, Control: 90, Own Province: False",10.14
"New Religion: R'hllor, Current Religion: Old Gods, Population: 250000, Control: 95, Own Province: True",9.28
"New Religion: R'hllor, Current Religion: Old Gods, Population: 250000, Control: 95, Own Province: False",10.07
"New Religion: R'hllor, Current Religion: Old Gods, Population: 250000, Control: 100, Own Province: True",8.55
"New Religion: R'hllor, Current Religion: Old Gods, Population: 250000, Control: 100, Own Province: False",10.12
"New Religion: R'hllor, Current Religion: Old Gods, Population: 300000, Control: 85, Own Province: True",10.13
"New Religion: R'hllor, Current Religion: Old Gods, Population: 300000, Control: 85, Own Province: False",10.12
"New Religion: R'hllor, Current Religion: Old Gods, Population: 300000, Control: 90, Own Province: True",10.2
"New Religion: R'hllor, Current Religion: Old Gods, Population: 300000, Control: 90, Own Province: False",10.13
"New Religion: R'hllor, Current Religion: Old Gods, Population: 300000, Control: 95, Own Province: True",10.13
"New Religion: R'hllor, Current Religion: Old Gods, Population: 300000, Control: 95, Own Province: False",10.15
"New Religion: R'hllor, Current Religion: Old Gods, Population: 300000, Control: 100, Own Province: True",9.31
"New Religion: R'hllor, Current Religion: Old Gods, Population: 300000, Control: 100, Own Province: False",10.15
"New Religion: R'hllor, Current Religion: Skagosi Old Gods, Population: 1000, Control: 85, Own Province: True",7.97
"New Religion: R'hllor, Current Religion: Skagosi Old Gods, Population: 1000, Control: 85, Own Province: False",7.93
"New Religion: R'hllor, Current Religion: Skagosi Old Gods, Population: 1000, Control: 90, Own Province: True",7.38
"New Religion: R'hllor, Current Religion: Skagosi Old Gods, Population: 1000, Control: 90, Own Province: False",8.59
"New Religion: R'hllor, Current Religion: Skagosi Old Gods, Population: 1000, Control: 95, Own Province: True",6.86
"New Religion: R'hllor, Current Religion: Skagosi Old Gods, Population: 1000, Control: 95, Own Province: False",9.34
"New Religion: R'hllor, Current Religion: Skagosi Old Gods, Population: 1000, Control: 100, Own Province: True",6.31
"New Religion: R'hllor, Current Religion: Skagosi Old Gods, Population: 1000, Control: 100, Own Province: False",10.15
"New Religion: R'hllor, Current Religion: Skagosi Old Gods, Population: 50000, Control: 85, Own Province: True",8.59
"New Religion: R'hllor, Current Religion: Skagosi Old Gods, Population: 50000, Control: 85, Own Province: False",8.55
"New Religion: R'hllor, Current Religion: Skagosi Old Gods, Population: 50000, Control: 90, Own Province: True",7.97
"New Religion: R'hllor, Current Religion: Skagosi Old Gods, Population: 50000, Control: 90, Own Province: False",9.23
"New Religion: R'hllor, Current Religion: Skagosi Old Gods, Population: 50000, Control: 95, Own Province: True",7.36
"New Religion: R'hllor, Current Religion: Skagosi Old Gods, Population: 50000, Control: 95, Own Province: False",10.15
"New Religion: R'hllor, Current Religion: Skagosi Old Gods, Population: 50000, Control: 100, Own Province: True",6.86
"New Religion: R'hllor, Current Religion: Skagosi Old Gods, Population: 50000, Control: 100, Own Province: False",10.1
"New Religion: R'hllor, Current Religion: Skagosi Old Gods, Population: 100000, Control: 85, Own Province: True",9.36
"New Religion: R'hllor, Current Religion: Skagosi Old Gods, Population: 100000, Control: 85, Own Province: False",9.3
"New Religion: R'hllor, Current Religion: Skagosi Old Gods, Population: 100000, Control: 90, Own Province: True",8.59
"New Religion: R'hllor, Current Religion: Skagosi Old Gods, Population: 100000, Control: 90, Own Province: False",10.17
"New Religion: R'hllor, Current Religion: Skagosi Old Gods, Population: 100000, Control: 95, Own Province: True",7.92
"New Religion: R'hllor, Current Religion: Skagosi Old Gods, Population: 100000, Control: 95, Own Province: False",10.05
"New Religion: R'hllor, Current Religion: Skagosi Old Gods, Population: 100000, Control: 100, Own Province: True",7.41
"New Religion: R'hllor, Current Religion: Skagosi Old Gods, Population: 100000, Control: 100, Own Province: False",10.04
"New Religion: R'hllor, Current Religion: Skagosi Old Gods, Population: 150000, Control: 85, Own Province: True",10.14
"New Religion: R'hllor, Current Religion: Skagosi Old Gods, Population: 150000, Control: 85, Own Province: False",10.16
"New Religion: R'hllor, Current Religion: Skagosi Old Gods, Population: 150000, Control: 90, Own Province: True",9.24
"New Religion: R'hllor, Current Religion: Skagosi Old Gods, Population: 150000, Control: 90, Own Province: False",10.17
"New Religion: R'hllor, Current Religion: Skagosi Old Gods, Population: 150000, Control: 95, Own Province: True",8.59
"New Religion: R'hllor, Current Religion: Skagosi Old Gods, Population: 150000, Control: 95, Own Province: False",10.05
"New Religion: R'hllor, Current Religion: Skagosi Old Gods, Population: 150000, Control: 100, Own Province: True",7.95
"New Religion: R'hllor, Current Religion: Skagosi Old Gods, Population: 150000, Control: 100, Own Province: False",10.16
"New Religion: R'hllor, Current Religion: Skagosi Old Gods, Population: 200000, Control: 85, Own Province: True",10.16
"New Religion: R'hllor, Current Religion: Skagosi Old Gods, Population: 200000, Control: 85, Own Province: False",10.16
"New Religion: R'hllor, Current Religion: Skagosi Old Gods, Population: 200000, Control: 90, Own Province: True",10.09
"New Religion: R'hllor, Current Religion: Skagosi Old Gods, Population: 200000, Control: 90, Own Province: False",10.13
"New Religion: R'hllor, Current Religion: Skagosi Old Gods, Population: 200000, Control: 95, Own Province: True",9.31
"New Religion: R'hllor, Current Religion: Skagosi Old Gods, Population: 200000, Control: 95, Own Province: False",10.11
"New Religion: R'hllor, Current Religion: Skagosi Old Gods, Population: 200000, Control: 100, Own Province: True",8.6
"New Religion: R'hllor, Current Religion: Skagosi Old Gods, Population: 200000, Control: 100, Own Province: False",10.12
"New Religion: R'hllor, Current Religion: Skagosi Old Gods, Population: 250000, Control: 85, Own Province: True",10.12
"New Religion: R'hllor, Current Religion: Skagosi Old Gods, Population: 250000, Control: 85, Own Province: False",10.13
"New Religion: R'hllor, Current Religion: Skagosi Old Gods, Population: 250000, Control: 90, Own Province: True",10.14
"New Religion: R'hllor, Current Religion: Skagosi Old Gods, Population: 250000, Control: 90, Own Province: False",10.14
"New Religion: R'hllor, Current Religion: Skagosi Old Gods, Population: 250000, Control: 95, Own Province: True",10.1
"New Religion: R'hllor, Current Religion: Skagosi Old Gods, Population: 250000, Control: 95, Own Province: False",10.13
"New Religion: R'hllor, Current Religion: Skagosi Old Gods, Population: 250000, Control: 100, Own Province: True",9.3
"New Religion: R'hllor, Current Religion: Skagosi Old Gods, Population: 250000, Control: 100, Own Province: False",10.13
"New Religion: R'hllor, Current Religion: Skagosi Old Gods, Population: 300000, Control: 85, Own Province: True",10.11
"New Religion: R'hllor, Current Religion: Skagosi Old Gods, Population: 300000, Control: 85, Own Province: False",10.16
"New Religion: R'hllor, Current Religion: Skagosi Old Gods, Population: 300000, Control: 90, Own Province: True",10.12
"New Religion: R'hllor, Current Religion: Skagosi Old Gods, Population: 300000, Control: 90, Own Province: False",10.14
"New Religion: R'hllor, Current Religion: Skagosi Old Gods, Population: 300000, Control: 95, Own Province: True",10.12
"New Religion: R'hllor, Current Religion: Skagosi Old Gods, Population: 300000, Control: 95, Own Province: False",10.13
"New Religion: R'hllor, Current Religion: Skagosi Old Gods, Population: 300000, Control: 100, Own Province: True",10.15
"New Religion: R'hllor, Current Religion: Skagosi Old Gods, Population: 300000, Control: 100, Own Province: False",10.1
"New Religion: R'hllor, Current Religion: DrownedGod, Population: 1000, Control: 85, Own Province: True",8.56
"New Religion: R'hllor, Current Religion: DrownedGod, Population: 1000, Control: 85, Own Province: False",8.58
"New Religion: R'hllor, Current Religion: DrownedGod, Population: 1000, Control: 90, Own Province: True",7.93
"New Religion: R'hllor, Current Religion: DrownedGod, Population: 1000, Control: 90, Own Province: False",9.3
"New Religion: R'hllor, Current Religion: DrownedGod, Population: 1000, Control: 95, Own Province: True",7.37
"New Religion: R'hllor, Current Religion: DrownedGod, Population: 1000, Control: 95, Own Province: False",10.22
"New Religion: R'hllor, Current Religion: DrownedGod, Population: 1000, Control: 100, Own Province: True",6.83
"New Religion: R'hllor, Current Religion: DrownedGod, Population: 1000, Control: 100, Own Province: False",10.1
"New Religion: R'hllor, Current Religion: DrownedGod, Population: 50000, Control: 85, Own Province: True",9.28
"New Religion: R'hllor, Current Religion: DrownedGod, Population: 50000, Control: 85, Own Province: False",9.31
"New Religion: R'hllor, Current Religion: DrownedGod, Population: 50000, Control: 90, Own Province: True",8.59
"New Religion: R'hllor, Current Religion: DrownedGod, Population: 50000, Control: 90, Own Province: False",10.16
"New Religion: R'hllor, Current Religion: DrownedGod, Population: 50000, Control: 95, Own Province: True",7.97
"New Religion: R'hllor, Current Religion: DrownedGod, Population: 50000, Control: 95, Own Province: False",10.07
"New Religion: R'hllor, Current Religion: DrownedGod, Population: 50000, Control: 100, Own Province: True",7.38
"New Religion: R'hllor, Current Religion: DrownedGod, Population: 50000, Control: 100, Own Province: False",10.2
"New Religion: R'hllor, Current Religion: DrownedGod, Population: 100000, Control: 85, Own Province: True",10.1
"New Religion: R'hllor, Current Religion: DrownedGod, Population: 100000, Control: 85, Own Province: False",10.05
"New Religion: R'hllor, Current Religion: DrownedGod, Population: 100000, Control: 90, Own Province: True",9.26
"New Religion: R'hllor, Current Religion: DrownedGod, Population: 100000, Control: 90, Own Province: False",10.17
"New Religion: R'hllor, Current Religion: DrownedGod, Population: 100000, Control: 95, Own Province: True",8.58
"New Religion: R'hllor, Current Religion: DrownedGod, Population: 100000, Control: 95, Own Province: False",10.08
"New Religion: R'hllor, Current Religion: DrownedGod, Population: 100000, Control: 100, Own Province: True",7.95
"New Religion: R'hllor, Current Religion: DrownedGod, Population: 100000, Control: 100, Own Province: False",10.12
"New Religion: R'hllor, Current Religion: DrownedGod, Population: 150000, Control: 85, Own Province: True",10.17
"New Religion: R'hllor, Current Religion: DrownedGod, Population: 150000, Control: 85, Own Province: False",10.05
"New Religion: R'hllor, Current Religion: DrownedGod, Population: 150000, Control: 90, Own Province: True",10.04
"New Religion: R'hllor, Current Religion: DrownedGod, Population: 150000, Control: 90, Own Province: False",10.16
"New Religion: R'hllor, Current Religion: DrownedGod, Population: 150000, Control: 95, Own Province: True",9.28
"New Religion: R'hllor, Current Religion: DrownedGod, Population: 150000, Control: 95, Own Province: False",10.13
"New Religion: R'hllor, Current Religion: DrownedGod, Population: 150000, Control: 100, Own Province: True",8.6
"New Religion: R'hllor, Current Religion: DrownedGod, Population: 150000, Control: 100, Own Province: False",10.07
"New Religion: R'hllor, Current Religion: DrownedGod, Population: 200000, Control: 85, Own Province: True",10.18
"New Religion: R'hllor, Current Religion: DrownedGod, Population: 200000, Control: 85, Own Province: False",10.05
"New Religion: R'hllor, Current Religion: DrownedGod, Population: 200000, Control: 90, Own Province: True",10.17
"New Religion: R'hllor, Current Religion: DrownedGod, Population: 200000, Control: 90, Own Province: False",10.07
"New Religion: R'hllor, Current Religion: DrownedGod, Population: 200000, Control: 95, Own Province: True",10.07
"New Religion: R'hllor, Current Religion: DrownedGod, Population: 200000, Control: 95, Own Province: False",10.15
"New Religion: R'hllor, Current Religion: DrownedGod, Population: 200000, Control: 100, Own Province: True",9.28
"New Religion: R'hllor, Current Religion: DrownedGod, Population: 200000, Control: 100, Own Province: False",10.17
"New Religion: R'hllor, Current Religion: DrownedGod, Population: 250000, Control: 85, Own Province: True",10.06
"New Religion: R'hllor, Current Religion: DrownedGod, Population: 250000, Control: 85, Own Province: False",10.08
"New Religion: R'hllor, Current Religion: DrownedGod, Population: 250000, Control: 90, Own Province: True",10.23
"New Religion: R'hllor, Current Religion: DrownedGod, Population: 250000, Control: 90, Own Province: False",10.16
"New Religion: R'hllor, Current Religion: DrownedGod, Population: 250000, Control: 95, Own Province: True",10.15
"New Religion: R'hllor, Current Religion: DrownedGod, Population: 250000, Control: 95, Own Province: False",10.14
"New Religion: R'hllor, Current Religion: DrownedGod, Population: 250000, Control: 100, Own Province: True",10.11
"New Religion: R'hllor, Current Religion: DrownedGod, Population: 250000, Control: 100, Own Province: False",10.1
"New Religion: R'hllor, Current Religion: DrownedGod, Population: 300000, Control: 85, Own Province: True",10.05
"New Religion: R'hllor, Current Religion: DrownedGod, Population: 300000, Control: 85, Own Province: False",10.15
"New Religion: R'hllor, Current Religion: DrownedGod, Population: 300000, Control: 90, Own Province: True",10.11
"New Religion: R'hllor, Current Religion: DrownedGod, Population: 300000, Control: 90, Own Province: False",10.12
"New Religion: R'hllor, Current Religion: DrownedGod, Population: 300000, Control: 95, Own Province: True",10.1
"New Religion: R'hllor, Current Religion: DrownedGod, Population: 300000, Control: 95, Own Province: False",10.15
"New Religion: R'hllor, Current Religion: DrownedGod, Population: 300000, Control: 100, Own Province: True",10.19
"New Religion: R'hllor, Current Religion: DrownedGod, Population: 300000, Control: 100, Own Province: False",10.12
"New Religion: R'hllor, Current Religion: DrownedGodII, Population: 1000, Control: 85, Own Province: True",7.94
"New Religion: R'hllor, Current Religion: DrownedGodII, Population: 1000, Control: 85, Own Province: False",7.97
"New Religion: R'hllor, Current Religion: DrownedGodII, Population: 1000, Control: 90, Own Province: True",7.42
"New Religion: R'hllor, Current Religion: DrownedGodII, Population: 1000, Control: 90, Own Province: False",8.59
"New Religion: R'hllor, Current Religion: DrownedGodII, Population: 1000, Control: 95, Own Province: True",6.81
"New Religion: R'hllor, Current Religion: DrownedGodII, Population: 1000, Control: 95, Own Province: False",9.26
"New Religion: R'hllor, Current Religion: DrownedGodII, Population: 1000, Control: 100, Own Province: True",6.33
"New Religion: R'hllor, Current Religion: DrownedGodII, Population: 1000, Control: 100, Own Province: False",10.16
"New Religion: R'hllor, Current Religion: DrownedGodII, Population: 50000, Control: 85, Own Province: True",8.57
"New Religion: R'hllor, Current Religion: DrownedGodII, Population: 50000, Control: 85, Own Province: False",8.58
"New Religion: R'hllor, Current Religion: DrownedGodII, Population: 50000, Control: 90, Own Province: True",7.95
"New Religion: R'hllor, Current Religion: DrownedGodII, Population: 50000, Control: 90, Own Province: False",9.32
"New Religion: R'hllor, Current Religion: DrownedGodII, Population: 50000, Control: 95, Own Province: True",7.38
"New Religion: R'hllor, Current Religion: DrownedGodII, Population: 50000, Control: 95, Own Province: False",10.17
"New Religion: R'hllor, Current Religion: DrownedGodII, Population: 50000, Control: 100, Own Province: True",6.84
"New Religion: R'hllor, Current Religion: DrownedGodII, Population: 50000, Control: 100, Own Province: False",10.14
"New Religion: R'hllor, Current Religion: DrownedGodII, Population: 100000, Control: 85, Own Province: True",9.29
"New Religion: R'hllor, Current Religion: DrownedGodII, Population: 100000, Control: 85, Own Province: False",9.3
"New Religion: R'hllor, Current Religion: DrownedGodII, Population: 100000, Control: 90, Own Province: True",8.61
"New Religion: R'hllor, Current Religion: DrownedGodII, Population: 100000, Control: 90, Own Province: False",10.13
"New Religion: R'hllor, Current Religion: DrownedGodII, Population: 100000, Control: 95, Own Province: True",7.91
"New Religion: R'hllor, Current Religion: DrownedGodII, Population: 100000, Control: 95, Own Province: False",10.13
"New Religion: R'hllor, Current Religion: DrownedGodII, Population: 100000, Control: 100, Own Province: True",7.39
"New Religion: R'hllor, Current Religion: DrownedGodII, Population: 100000, Control: 100, Own Province: False",10.17
"New Religion: R'hllor, Current Religion: DrownedGodII, Population: 150000, Control: 85, Own Province: True",10.14
"New Religion: R'hllor, Current Religion: DrownedGodII, Population: 150000, Control: 85, Own Province: False",10.2
"New Religion: R'hllor, Current Religion: DrownedGodII, Population: 150000, Control: 90, Own Province: True",9.23
"New Religion: R'hllor, Current Religion: DrownedGodII, Population: 150000, Control: 90, Own Province: False",10.16
"New Religion: R'hllor, Current Religion: DrownedGodII, Population: 150000, Control: 95, Own Province: True",8.57
"New Religion: R'hllor, Current Religion: DrownedGodII, Population: 150000, Control: 95, Own Province: False",10.13
"New Religion: R'hllor, Current Religion: DrownedGodII, Population: 150000, Control: 100, Own Province: True",7.99
"New Religion: R'hllor, Current Religion: DrownedGodII, Population: 150000, Control: 100, Own Province: False",10.11
"New Religion: R'hllor, Current Religion: DrownedGodII, Population: 200000, Control: 85, Own Province: True",10.18
"New Religion: R'hllor, Current Religion: DrownedGodII, Population: 200000, Control: 85, Own Province: False",10.14
"New Religion: R'hllor, Current Religion: DrownedGodII, Population: 200000, Control: 90, Own Province: True",10.15
"New Religion: R'hllor, Current Religion: DrownedGodII, Population: 200000, Control: 90, Own Province: False",10.06
"New Religion: R'hllor, Current Religion: DrownedGodII, Population: 200000, Control: 95, Own Province: True",9.25
"New Religion: R'hllor, Current Religion: DrownedGodII, Population: 200000, Control: 95, Own Province: False",10.09
"New Religion: R'hllor, Current Religion: DrownedGodII, Population: 200000, Control: 100, Own Province: True",8.59
"New Religion: R'hllor, Current Religion: DrownedGodII, Population: 200000, Control: 100, Own Province: False",10.14
"New Religion: R'hllor, Current Religion: DrownedGodII, Population: 250000, Control: 85, Own Province: True",10.11
"New Religion: R'hllor, Current Religion: DrownedGodII, Population: 250000, Control: 85, Own Province: False",10.16
"New Religion: R'hllor, Current Religion: DrownedGodII, Population: 250000, Control: 90, Own Province: True",10.13
"New Religion: R'hllor, Current Religion: DrownedGodII, Population: 250000, Control: 90, Own Province: False",10.11
"New Religion: R'hllor, Current Religion: DrownedGodII, Population: 250000, Control: 95, Own Province: True",10.13
"New Religion: R'hllor, Current Religion: DrownedGodII, Population: 250000, Control: 95, Own Province: False",10.1
"New Religion: R'hllor, Current Religion: DrownedGodII, Population: 250000, Control: 100, Own Province: True",9.24
"New Religion: R'hllor, Current Religion: DrownedGodII, Population: 250000, Control: 100, Own Province: False",10.13
"New Religion: R'hllor, Current Religion: DrownedGodII, Population: 300000, Control: 85, Own Province: True",10.17
"New Religion: R'hllor, Current Religion: DrownedGodII, Population: 300000, Control: 85, Own Province: False",10.16
"New Religion: R'hllor, Current Religion: DrownedGodII, Population: 300000, Control: 90, Own Province: True",10.11
"New Religion: R'hllor, Current Religion: DrownedGodII, Population: 300000, Control: 90, Own Province: False",10.13
"New Religion: R'hllor, Current Religion: DrownedGodII, Population: 300000, Control: 95, Own Province: True",10.11
"New Religion: R'hllor, Current Religion: DrownedGodII, Population: 300000, Control: 95, Own Province: False",10.15
"New Religion: R'hllor, Current Religion: DrownedGodII, Population: 300000, Control: 100, Own Province: True",10.19
"New Religion: R'hllor, Current Religion: DrownedGodII, Population: 300000, Control: 100, Own Province: False",10.07
"New Religion: R'hllor, Current Religion: Mother Rhoyne, Population: 1000, Control: 85, Own Province: True",7.92
"New Religion: R'hllor, Current Religion: Mother Rhoyne, Population: 1000, Control: 85, Own Province: False",7.93
"New Religion: R'hllor, Current Religion: Mother Rhoyne, Population: 1000, Control: 90, Own Province: True",7.36
"New Religion: R'hllor, Current Religion: Mother Rhoyne, Population: 1000, Control: 90, Own Province: False",8.59
"New Religion: R'hllor, Current Religion: Mother Rhoyne, Population: 1000, Control: 95, Own Province: True",6.85
"New Religion: R'hllor, Current Religion: Mother Rhoyne, Population: 1000, Control: 95, Own Province: False",9.25
"New Religion: R'hllor, Current Religion: Mother Rhoyne, Population: 1000, Control: 100, Own Province: True",6.31
"New Religion: R'hllor, Current Religion: Mother Rhoyne, Population: 1000, Control: 100, Own Province: False",10.13
"New Religion: R'hllor, Current Religion: Mother Rhoyne, Population: 50000, Control: 85, Own Province: True",8.6
"New Religion: R'hllor, Current Religion: Mother Rhoyne, Population: 50000, Control: 85, Own Province: False",8.64
"New Religion: R'hllor, Current Religion: Mother Rhoyne, Population: 50000, Control: 90, Own Province: True",7.98
"New Religion: R'hllor, Current Religion: Mother Rhoyne, Population: 50000, Control: 90, Own Province: False",9.27
"New Religion: R'hllor, Current Religion: Mother Rhoyne, Population: 50000, Control: 95, Own Province: True",7.36
"New Religion: R'hllor, Current Religion: Mother Rhoyne, Population: 50000, Control: 95, Own Province: False",10.14
"New Religion: R'hllor, Current Religion: Mother Rhoyne, Population: 50000, Control: 100, Own Province: True",6.86
"New Religion: R'hllor, Current Religion: Mother Rhoyne, Population: 50000, Control: 100, Own Province: False",10.18
"New Religion: R'hllor, Current Religion: Mother Rhoyne, Population: 100000, Control: 85, Own Province: True",9.31
"New Religion: R'hllor, Current Religion: Mother Rhoyne, Population: 100000, Control: 85, Own Province: False",9.31
"New Religion: R'hllor, Current Religion: Mother Rhoyne, Population: 100000, Control: 90, Own Province: True",8.55
"New Religion: R'hllor, Current Religion: Mother Rhoyne, Population: 100000, Control: 90, Own Province: False",10.11
"New Religion: R'hllor, Current Religion: Mother Rhoyne, Population: 100000, Control: 95, Own Province: True",7.95
"New Religion: R'hllor, Current Religion: Mother Rhoyne, Population: 100000, Control: 95, Own Province: False",10.15
"New Religion: R'hllor, Current Religion: Mother Rhoyne, Population: 100000, Control: 100, Own Province: True",7.35
"New Religion: R'hllor, Current Religion: Mother Rhoyne, Population: 100000, Control: 100, Own Province: False",10.1
"New Religion: R'hllor, Current Religion: Mother Rhoyne, Population: 150000, Control: 85, Own Province: True",10.19
"New Religion: R'hllor, Current Religion: Mother Rhoyne, Population: 150000, Control: 85, Own Province: False",10.19
"New Religion: R'hllor, Current Religion: Mother Rhoyne, Population: 150000, Control: 90, Own Province: True",9.25
"New Religion: R'hllor, Current Religion: Mother Rhoyne, Population: 150000, Control: 90, Own Province: False",10.14
"New Religion: R'hllor, Current Religion: Mother Rhoyne, Population: 150000, Control: 95, Own Province: True",8.56
"New Religion: R'hllor, Current Religion: Mother Rhoyne, Population: 150000, Control: 95, Own Province: False",10.14
"New Religion: R'hllor, Current Religion: Mother Rhoyne, Population: 150000, Control: 100, Own Province: True",7.97
"New Religion: R'hllor, Current Religion: Mother Rhoyne, Population: 150000, Control: 100, Own Province: False",10.17
"New Religion: R'hllor, Current Religion: Mother Rhoyne, Population: 200000, Control: 85, Own Province: True",10.21
"New Religion: R'hllor, Current Religion: Mother Rhoyne, Population: 200000, Control: 85, Own Province: False",10.07
"New Religion: R'hllor, Current Religion: Mother Rhoyne, Population: 200000, Control: 90, Own Province: True",10.16
"New Religion: R'hllor, Current Religion: Mother Rhoyne, Population: 200000, Control: 90, Own Province: False",10.06
"New Religion: R'hllor, Current Religion: Mother Rhoyne, Population: 200000, Control: 95, Own Province: True",9.29
"New Religion: R'hllor, Current Religion: Mother Rhoyne, Population: 200000, Control: 95, Own Province: False",10.07
"New Religion: R'hllor, Current Religion: Mother Rhoyne, Population: 200000, Control: 100, Own Province: True",8.56
"New Religion: R'hllor, Current Religion: Mother Rhoyne, Population: 200000, Control: 100, Own Province: False",10.14
"New Religion: R'hllor, Current Religion: Mother Rhoyne, Population: 250000, Control: 85, Own Province: True",10.17
"New Religion: R'hllor, Current Religion: Mother Rhoyne, Population: 250000, Control: 85, Own Province: False",10.21
"New Religion: R'hllor, Current Religion: Mother Rhoyne, Population: 250000, Control: 90, Own Province: True",10.08
"New Religion: R'hllor, Current Religion: Mother Rhoyne, Population: 250000, Control: 90, Own Province: False",10.15
"New Religion: R'hllor, Current Religion: Mother Rhoyne, Population: 250000, Control: 95, Own Province: True",10.13
"New Religion: R'hllor, Current Religion: Mother Rhoyne, Population: 250000, Control: 95, Own Province: False",10.08
"New Religion: R'hllor, Current Religion: Mother Rhoyne, Population: 250000, Control: 100, Own Province: True",9.28
"New Religion: R'hllor, Current Religion: Mother Rhoyne, Population: 250000, Control: 100, Own Province: False",10.12
"New Religion: R'hllor, Current Religion: Mother Rhoyne, Population: 300000, Control: 85, Own Province: True",10.13
"New Religion: R'hllor, Current Religion: Mother Rhoyne, Population: 300000, Control: 85, Own Province: False",10.18
"New Religion: R'hllor, Current Religion: Mother Rhoyne, Population: 300000, Control: 90, Own Province: True",10.07
"New Religion: R'hllor, Current Religion: Mother Rhoyne, Population: 300000, Control: 90, Own Province: False",10.14
"New Religion: R'hllor, Current Religion: Mother Rhoyne, Population: 300000, Control: 95, Own Province: True",10.1
"New Religion: R'hllor, Current Religion: Mother Rhoyne, Population: 300000, Control: 95, Own Province: False",10.11
"New Religion: R'hllor, Current Religion: Mother Rhoyne, Population: 300000, Control: 100, Own Province: True",10.12
"New Religion: R'hllor, Current Religion: Mother Rhoyne, Population: 300000, Control: 100, Own Province: False",10.13
"New Religion: R'hllor, Current Religion: Gods of Valyria, Population: 1000, Control: 85, Own Province: True",7.97
"New Religion: R'hllor, Current Religion: Gods of Valyria, Population: 1000, Control: 85, Own Province: False",7.95
"New Religion: R'hllor, Current Religion: Gods of Valyria, Population: 1000, Control: 90, Own Province: True",7.4
"New Religion: R'hllor, Current Religion: Gods of Valyria, Population: 1000, Control: 90, Own Province: False",8.61
"New Religion: R'hllor, Current Religion: Gods of Valyria, Population: 1000, Control: 95, Own Province: True",6.87
"New Religion: R'hllor, Current Religion: Gods of Valyria, Population: 1000, Control: 95, Own Province: False",9.22
"New Religion: R'hllor, Current Religion: Gods of Valyria, Population: 1000, Control: 100, Own Province: True",6.34
"New Religion: R'hllor, Current Religion: Gods of Valyria, Population: 1000, Control: 100, Own Province: False",10.17
"New Religion: R'hllor, Current Religion: Gods of Valyria, Population: 50000, Control: 85, Own Province: True",8.57
"New Religion: R'hllor, Current Religion: Gods of Valyria, Population: 50000, Control: 85, Own Province: False",8.61
"New Religion: R'hllor, Current Religion: Gods of Valyria, Population: 50000, Control: 90, Own Province: True",8.0
"New Religion: R'hllor, Current Religion: Gods of Valyria, Population: 50000, Control: 90, Own Province: False",9.31
"New Religion: R'hllor, Current Religion: Gods of Valyria, Population: 50000, Control: 95, Own Province: True",7.37
"New Religion: R'hllor, Current Religion: Gods of Valyria, Population: 50000, Control: 95, Own Province: False",10.22
"New Religion: R'hllor, Current Religion: Gods of Valyria, Population: 50000, Control: 100, Own Province: True",6.84
"New Religion: R'hllor, Current Religion: Gods of Valyria, Population: 50000, Control: 100, Own Province: False",10.1
"New Religion: R'hllor, Current Religion: Gods of Valyria, Population: 100000, Control: 85, Own Province: True",9.31
"New Religion: R'hllor, Current Religion: Gods of Valyria, Population: 100000, Control: 85, Own Province: False",9.29
"New Religion: R'hllor, Current Religion: Gods of Valyria, Population: 100000, Control: 90, Own Province: True",8.58
"New Religion: R'hllor, Current Religion: Gods of Valyria, Population: 100000, Control: 90, Own Province: False",10.16
"New Religion: R'hllor, Current Religion: Gods of Valyria, Population: 100000, Control: 95, Own Province: True",7.96
"New Religion: R'hllor, Current Religion: Gods of Valyria, Population: 100000, Control: 95, Own Province: False",10.13
"New Religion: R'hllor, Current Religion: Gods of Valyria, Population: 100000, Control: 100, Own Province: True",7.37
"New Religion: R'hllor, Current Religion: Gods of Valyria, Population: 100000, Control: 100, Own Province: False",10.08
"New Religion: R'hllor, Current Religion: Gods of Valyria, Population: 150000, Control: 85, Own Province: True",10.12
"New Religion: R'hllor, Current Religion: Gods of Valyria, Population: 150000, Control: 85, Own Province: False",10.03
"New Religion: R'hllor, Current Religion: Gods of Valyria, Population: 150000, Control: 90, Own Province: True",9.28
"New Religion: R'hllor, Current Religion: Gods of Valyria, Population: 150000, Control: 90, Own Province: False",10.12
"New Religion: R'hllor, Current Religion: Gods of Valyria, Population: 150000, Control: 95, Own Province: True",8.55
"New Religion: R'hllor, Current Religion: Gods of Valyria, Population: 150000, Control: 95, Own Province: False",10.17
"New Religion: R'hllor, Current Religion: Gods of Valyria, Population: 150000, Control: 100, Own Province: True",7.95
"New Religion: R'hllor, Current Religion: Gods of Valyria, Population: 150000, Control: 100, Own Province: False",10.21
"New Religion: R'hllor, Current Religion: Gods of Valyria, Population: 200000, Control: 85, Own Province: True",10.15
"New Religion: R'hllor, Current Religion: Gods of Valyria, Population: 200000, Control: 85, Own Province: False",10.08
"New Religion: R'hllor, Current Religion: Gods of Valyria, Population: 200000, Control: 90, Own Province: True",10.17
"New Religion: R'hllor, Current Religion: Gods of Valyria, Population: 200000, Control: 90, Own Province: False",10.08
"New Religion: R'hllor, Current Religion: Gods of Valyria, Population: 200000, Control: 95, Own Province: True",9.28
"New Religion: R'hllor, Current Religion: Gods of Valyria, Population: 200000, Control: 95, Own Province: False",10.18
"New Religion: R'hllor, Current Religion: Gods of Valyria, Population: 200000, Control: 100, Own Province: True",8.6
"New Religion: R'hllor, Current Religion: Gods of Valyria, Population: 200000, Control: 100, Own Province: False",10.18
"New Religion: R'hllor, Current Religion: Gods of Valyria, Population: 250000, Control: 85, Own Province: True",10.13
"New Religion: R'hllor, Current Religion: Gods of Valyria, Population: 250000, Control: 85, Own Province: False",10.15
"New Religion: R'hllor, Current Religion: Gods of Valyria, Population: 250000, Control: 90, Own Province: True",10.09
"New Religion: R'hllor, Current Religion: Gods of Valyria, Population: 250000, Control: 90, Own Province: False",10.09
"New Religion: R'hllor, Current Religion: Gods of Valyria, Population: 250000, Control: 95, Own Province: True",10.12
"New Religion: R'hllor, Current Religion: Gods of Valyria, Population: 250000, Control: 95, Own Province: False",10.14
"New Religion: R'hllor, Current Religion: Gods of Valyria, Population: 250000, Control: 100, Own Province: True",9.31
"New Religion: R'hllor, Current Religion: Gods of Valyria, Population: 250000, Control: 100, Own Province: False",10.17
"New Religion: R'hllor, Current Religion: Gods of Valyria, Population: 300000, Control: 85, Own Province: True",10.07
"New Religion: R'hllor, Current Religion: Gods of Valyria, Population: 300000, Control: 85, Own Province: False",10.18
"New Religion: R'hllor, Current Religion: Gods of Valyria, Population: 300000, Control: 90, Own Province: True",10.13
"New Religion: R'hllor, Current Religion: Gods of Valyria, Population: 300000, Control: 90, Own Province: False",10.0
"New Religion: R'hllor, Current Religion: Gods of Valyria, Population: 300000, Control: 95, Own Province: True",10.14
"New Religion: R'hllor, Current Religion: Gods of Valyria, Population: 300000, Control: 95, Own Province: False",10.18
"New Religion: R'hllor, Current Religion: Gods of Valyria, Population: 300000, Control: 100, Own Province: True",10.13
"New Religion: R'hllor, Current Religion: Gods of Valyria, Population: 300000, Control: 100, Own Province: False",10.09
