Conversion Type,% Chance of Failure
"New Religion: Faith of the Seven, Current Religion: Old Gods, Population: 1000, Control: 85, Own Province: True",13.51
"New Religion: Faith of the Seven, Current Religion: Old Gods, Population: 1000, Control: 85, Own Province: False",14.08
"New Religion: Faith of the Seven, Current Religion: Old Gods, Population: 1000, Control: 90, Own Province: True",6.11
"New Religion: Faith of the Seven, Current Religion: Old Gods, Population: 1000, Control: 90, Own Province: False",24.41
"New Religion: Faith of the Seven, Current Religion: Old Gods, Population: 1000, Control: 95, Own Province: True",0.0
"New Religion: Faith of the Seven, Current Religion: Old Gods, Population: 1000, Control: 95, Own Province: False",35.28
"New Religion: Faith of the Seven, Current Religion: Old Gods, Population: 1000, Control: 100, Own Province: True",0.0
"New Religion: Faith of the Seven, Current Religion: Old Gods, Population: 1000, Control: 100, Own Province: False",47.54
"New Religion: Faith of the Seven, Current Religion: Old Gods, Population: 50000, Control: 85, Own Province: True",24.72
"New Religion: Faith of the Seven, Current Religion: Old Gods, Population: 50000, Control: 85, Own Province: False",24.4
"New Religion: Faith of the Seven, Current Religion: Old Gods, Population: 50000, Control: 90, Own Province: True",13.67
"New Religion: Faith of the Seven, Current Religion: Old Gods, Population: 50000, Control: 90, Own Province: False",34.92
"New Religion: Faith of the Seven, Current Religion: Old Gods, Population: 50000, Control: 95, Own Province: True",6.27
"New Religion: Faith of the Seven, Current Religion: Old Gods, Population: 50000, Control: 95, Own Province: False",47.59
"New Religion: Faith of the Seven, Current Religion: Old Gods, Population: 50000, Control: 100, Own Province: True",0.0
"New Religion: Faith of the Seven, Current Religion: Old Gods, Population: 50000, Control: 100, Own Province: False",60.04
"New Religion: Faith of the Seven, Current Religion: Old Gods, Population: 100000, Control: 85, Own Province: True",35.47
"New Religion: Faith of the Seven, Current Religion: Old Gods, Population: 100000, Control: 85, Own Province: False",34.82
"New Religion: Faith of the Seven, Current Religion: Old Gods, Population: 100000, Control: 90, Own Province: True",24.41
"New Religion: Faith of the Seven, Current Religion: Old Gods, Population: 100000, Control: 90, Own Province: False",48.12
"New Religion: Faith of the Seven, Current Religion: Old Gods, Population: 100000, Control: 95, Own Province: True",14.14
"New Religion: Faith of the Seven, Current Religion: Old Gods, Population: 100000, Control: 95, Own Province: False",61.59
"New Religion: Faith of the Seven, Current Religion: Old Gods, Population: 100000, Control: 100, Own Province: True",6.32
"New Religion: Faith of the Seven, Current Religion: Old Gods, Population: 100000, Control: 100, Own Province: False",74.08
"New Religion: Faith of the Seven, Current Religion: Old Gods, Population: 150000, Control: 85, Own Province: True",48.3
"New Religion: Faith of the Seven, Current Religion: Old Gods, Population: 150000, Control: 85, Own Province: False",47.93
"New Religion: Faith of the Seven, Current Religion: Old Gods, Population: 150000, Control: 90, Own Province: True",34.57
"New Religion: Faith of the Seven, Current Religion: Old Gods, Population: 150000, Control: 90, Own Province: False",61.36
"New Religion: Faith of the Seven, Current Religion: Old Gods, Population: 150000, Control: 95, Own Province: True",24.32
"New Religion: Faith of the Seven, Current Religion: Old Gods, Population: 150000, Control: 95, Own Province: False",74.2
"New Religion: Faith of the Seven, Current Religion: Old Gods, Population: 150000, Control: 100, Own Province: True",14.23
"New Religion: Faith of the Seven, Current Religion: Old Gods, Population: 150000, Control: 100, Own Province: False",73.82
"New Religion: Faith of the Seven, Current Religion: Old Gods, Population: 200000, Control: 85, Own Province: True",61.02
"New Religion: Faith of the Seven, Current Religion: Old Gods, Population: 200000, Control: 85, Own Province: False",60.87
"New Religion: Faith of the Seven, Current Religion: Old Gods, Population: 200000, Control: 90, Own Province: True",47.58
"New Religion: Faith of the Seven, Current Religion: Old Gods, Population: 200000, Control: 90, Own Province: False",73.69
"New Religion: Faith of the Seven, Current Religion: Old Gods, Population: 200000, Control: 95, Own Province: True",34.0
"New Religion: Faith of the Seven, Current Religion: Old Gods, Population: 200000, Control: 95, Own Province: False",74.26
"New Religion: Faith of the Seven, Current Religion: Old Gods, Population: 200000, Control: 100, Own Province: True",24.19
"New Religion: Faith of the Seven, Current Religion: Old Gods, Population: 200000, Control: 100, Own Province: False",74.39
"New Religion: Faith of the Seven, Current Religion: Old Gods, Population: 250000, Control: 85, Own Province: True",74.01
"New Religion: Faith of the Seven, Current Religion: Old Gods, Population: 250000, Control: 85, Own Province: False",73.88
"New Religion: Faith of the Seven, Current Religion: Old Gods, Population: 250000, Control: 90, Own Province: True",61.04
"New Religion: Faith of the Seven, Current Religion: Old Gods, Population: 250000, Control: 90, Own Province: False",74.22
"New Religion: Faith of the Seven, Current Religion: Old Gods, Population: 250000, Control: 95, Own Province: True",48.95
"New Religion: Faith of the Seven, Current Religion: Old Gods, Population: 250000, Control: 95, Own Province: False",73.58
"New Religion: Faith of the Seven, Current Religion: Old Gods, Population: 250000, Control: 100, Own Province: True",35.73
"New Religion: Faith of the Seven, Current Religion: Old Gods, Population: 250000, Control: 100, Own Province: False",74.13
"New Religion: Faith of the Seven, Current Religion: Old Gods, Population: 300000, Control: 85, Own Province: True",73.9
"New Religion: Faith of the Seven, Current Religion: Old Gods, Population: 300000, Control: 85, Own Province: False",73.88
"New Religion: Faith of the Seven, Current Religion: Old Gods, Population: 300000, Control: 90, Own Province: True",74.46
"New Religion: Faith of the Seven, Current Religion: Old Gods, Population: 300000, Control: 90, Own Province: False",72.99
"New Religion: Faith of the Seven, Current Religion: Old Gods, Population: 300000, Control: 95, Own Province: True",62.3
"New Religion: Faith of the Seven, Current Religion: Old Gods, Population: 300000, Control: 95, Own Province: False",74.24
"New Religion: Faith of the Seven, Current Religion: Old Gods, Population: 300000, Control: 100, Own Province: True",47.95
"New Religion: Faith of the Seven, Current Religion: Old Gods, Population: 300000, Control: 100, Own Province: False",74.55
"New Religion: Faith of the Seven, Current Religion: Skagosi Old Gods, Population: 1000, Control: 85, Own Province: True",23.74
"New Religion: Faith of the Seven, Current Religion: Skagosi Old Gods, Population: 1000, Control: 85, Own Province: False",24.22
"New Religion: Faith of the Seven, Current Religion: Skagosi Old Gods, Population: 1000, Control: 90, Own Province: True",14.33
"New Religion: Faith of the Seven, Current Religion: Skagosi Old Gods, Population: 1000, Control: 90, Own Province: False",35.67
"New Religion: Faith of the Seven, Current Religion: Skagosi Old Gods, Population: 1000, Control: 95, Own Province: True",6.0
"New Religion: Faith of the Seven, Current Religion: Skagosi Old Gods, Population: 1000, Control: 95, Own Province: False",47.53
"New Religion: Faith of the Seven, Current Religion: Skagosi Old Gods, Population: 1000, Control: 100, Own Province: True",0.0
"New Religion: Faith of the Seven, Current Religion: Skagosi Old Gods, Population: 1000, Control: 100, Own Province: False",60.92
"New Religion: Faith of the Seven, Current Religion: Skagosi Old Gods, Population: 50000, Control: 85, Own Province: True",35.09
"New Religion: Faith of the Seven, Current Religion: Skagosi Old Gods, Population: 50000, Control: 85, Own Province: False",35.11
"New Religion: Faith of the Seven, Current Religion: Skagosi Old Gods, Population: 50000, Control: 90, Own Province: True",23.9
"New Religion: Faith of the Seven, Current Religion: Skagosi Old Gods, Population: 50000, Control: 90, Own Province: False",47.88
"New Religion: Faith of the Seven, Current Religion: Skagosi Old Gods, Population: 50000, Control: 95, Own Province: True",13.98
"New Religion: Faith of the Seven, Current Religion: Skagosi Old Gods, Population: 50000, Control: 95, Own Province: False",61.59
"New Religion: Faith of the Seven, Current Religion: Skagosi Old Gods, Population: 50000, Control: 100, Own Province: True",5.72
"New Religion: Faith of the Seven, Current Religion: Skagosi Old Gods, Population: 50000, Control: 100, Own Province: False",74.38
"New Religion: Faith of the Seven, Current Religion: Skagosi Old Gods, Population: 100000, Control: 85, Own Province: True",49.15
"New Religion: Faith of the Seven, Current Religion: Skagosi Old Gods, Population: 100000, Control: 85, Own Province: False",47.29
"New Religion: Faith of the Seven, Current Religion: Skagosi Old Gods, Population: 100000, Control: 90, Own Province: True",35.1
"New Religion: Faith of the Seven, Current Religion: Skagosi Old Gods, Population: 100000, Control: 90, Own Province: False",60.69
"New Religion: Faith of the Seven, Current Religion: Skagosi Old Gods, Population: 100000, Control: 95, Own Province: True",24.17
"New Religion: Faith of the Seven, Current Religion: Skagosi Old Gods, Population: 100000, Control: 95, Own Province: False",74.82
"New Religion: Faith of the Seven, Current Religion: Skagosi Old Gods, Population: 100000, Control: 100, Own Province: True",13.91
"New Religion: Faith of the Seven, Current Religion: Skagosi Old Gods, Population: 100000, Control: 100, Own Province: False",74.58
"New Religion: Faith of the Seven, Current Religion: Skagosi Old Gods, Population: 150000, Control: 85, Own Province: True",60.73
"New Religion: Faith of the Seven, Current Religion: Skagosi Old Gods, Population: 150000, Control: 85, Own Province: False",61.22
"New Religion: Faith of the Seven, Current Religion: Skagosi Old Gods, Population: 150000, Control: 90, Own Province: True",47.89
"New Religion: Faith of the Seven, Current Religion: Skagosi Old Gods, Population: 150000, Control: 90, Own Province: False",74.32
"New Religion: Faith of the Seven, Current Religion: Skagosi Old Gods, Population: 150000, Control: 95, Own Province: True",36.5
"New Religion: Faith of the Seven, Current Religion: Skagosi Old Gods, Population: 150000, Control: 95, Own Province: False",73.63
"New Religion: Faith of the Seven, Current Religion: Skagosi Old Gods, Population: 150000, Control: 100, Own Province: True",23.35
"New Religion: Faith of the Seven, Current Religion: Skagosi Old Gods, Population: 150000, Control: 100, Own Province: False",73.86
"New Religion: Faith of the Seven, Current Religion: Skagosi Old Gods, Population: 200000, Control: 85, Own Province: True",74.53
"New Religion: Faith of the Seven, Current Religion: Skagosi Old Gods, Population: 200000, Control: 85, Own Province: False",74.16
"New Religion: Faith of the Seven, Current Religion: Skagosi Old Gods, Population: 200000, Control: 90, Own Province: True",60.32
"New Religion: Faith of the Seven, Current Religion: Skagosi Old Gods, Population: 200000, Control: 90, Own Province: False",73.54
"New Religion: Faith of the Seven, Current Religion: Skagosi Old Gods, Population: 200000, Control: 95, Own Province: True",47.34
"New Religion: Faith of the Seven, Current Religion: Skagosi Old Gods, Population: 200000, Control: 95, Own Province: False",74.18
"New Religion: Faith of the Seven, Current Religion: Skagosi Old Gods, Population: 200000, Control: 100, Own Province: True",34.95
"New Religion: Faith of the Seven, Current Religion: Skagosi Old Gods, Population: 200000, Control: 100, Own Province: False",73.61
"New Religion: Faith of the Seven, Current Religion: Skagosi Old Gods, Population: 250000, Control: 85, Own Province: True",74.84
"New Religion: Faith of the Seven, Current Religion: Skagosi Old Gods, Population: 250000, Control: 85, Own Province: False",74.75
"New Religion: Faith of the Seven, Current Religion: Skagosi Old Gods, Population: 250000, Control: 90, Own Province: True",74.28
"New Religion: Faith of the Seven, Current Religion: Skagosi Old Gods, Population: 250000, Control: 90, Own Province: False",73.83
"New Religion: Faith of the Seven, Current Religion: Skagosi Old Gods, Population: 250000, Control: 95, Own Province: True",61.0
"New Religion: Faith of the Seven, Current Religion: Skagosi Old Gods, Population: 250000, Control: 95, Own Province: False",73.86
"New Religion: Faith of the Seven, Current Religion: Skagosi Old Gods, Population: 250000, Control: 100, Own Province: True",47.45
"New Religion: Faith of the Seven, Current Religion: Skagosi Old Gods, Population: 250000, Control: 100, Own Province: False",74.27
"New Religion: Faith of the Seven, Current Religion: Skagosi Old Gods, Population: 300000, Control: 85, Own Province: True",74.14
"New Religion: Faith of the Seven, Current Religion: Skagosi Old Gods, Population: 300000, Control: 85, Own Province: False",73.54
"New Religion: Faith of the Seven, Current Religion: Skagosi Old Gods, Population: 300000, Control: 90, Own Province: True",74.63
"New Religion: Faith of the Seven, Current Religion: Skagosi Old Gods, Population: 300000, Control: 90, Own Province: False",74.92
"New Religion: Faith of the Seven, Current Religion: Skagosi Old Gods, Population: 300000, Control: 95, Own Province: True",73.39
"New Religion: Faith of the Seven, Current Religion: Skagosi Old Gods, Population: 300000, Control: 95, Own Province: False",75.01
"New Religion: Faith of the Seven, Current Religion: Skagosi Old Gods, Population: 300000, Control: 100, Own Province: True",60.9
"New Religion: Faith of the Seven, Current Religion: Skagosi Old Gods, Population: 300000, Control: 100, Own Province: False",74.93
"New Religion: Faith of the Seven, Current Religion: DrownedGod, Population: 1000, Control: 85, Own Province: True",34.6
"New Religion: Faith of the Seven, Current Religion: DrownedGod, Population: 1000, Control: 85, Own Province: False",35.32
"New Religion: Faith of the Seven, Current Religion: DrownedGod, Population: 1000, Control: 90, Own Province: True",23.63
"New Religion: Faith of the Seven, Current Religion: DrownedGod, Population: 1000, Control: 90, Own Province: False",48.22
"New Religion: Faith of the Seven, Current Religion: DrownedGod, Population: 1000, Control: 95, Own Province: True",14.06
"New Religion: Faith of the Seven, Current Religion: DrownedGod, Population: 1000, Control: 95, Own Province: False",61.72
"New Religion: Faith of the Seven, Current Religion: DrownedGod, Population: 1000, Control: 100, Own Province: True",5.82
"New Religion: Faith of the Seven, Current Religion: DrownedGod, Population: 1000, Control: 100, Own Province: False",74.94
"New Religion: Faith of the Seven, Current Religion: DrownedGod, Population: 50000, Control: 85, Own Province: True",48.34
"New Religion: Faith of the Seven, Current Religion: DrownedGod, Population: 50000, Control: 85, Own Province: False",48.24
"New Religion: Faith of the Seven, Current Religion: DrownedGod, Population: 50000, Control: 90, Own Province: True",34.67
"New Religion: Faith of the Seven, Current Religion: DrownedGod, Population: 50000, Control: 90, Own Province: False",60.79
"New Religion: Faith of the Seven, Current Religion: DrownedGod, Population: 50000, Control: 95, Own Province: True",24.73
"New Religion: Faith of the Seven, Current Religion: DrownedGod, Population: 50000, Control: 95, Own Province: False",74.31
"New Religion: Faith of the Seven, Current Religion: DrownedGod, Population: 50000, Control: 100, Own Province: True",13.45
"New Religion: Faith of the Seven, Current Religion: DrownedGod, Population: 50000, Control: 100, Own Province: False",74.09
"New Religion: Faith of the Seven, Current Religion: DrownedGod, Population: 100000, Control: 85, Own Province: True",61.42
"New Religion: Faith of the Seven, Current Religion: DrownedGod, Population: 100000, Control: 85, Own Province: False",60.76
"New Religion: Faith of the Seven, Current Religion: DrownedGod, Population: 100000, Control: 90, Own Province: True",48.36
"New Religion: Faith of the Seven, Current Religion: DrownedGod, Population: 100000, Control: 90, Own Province: False",74.61
"New Religion: Faith of the Seven, Current Religion: DrownedGod, Population: 100000, Control: 95, Own Province: True",34.23
"New Religion: Faith of the Seven, Current Religion: DrownedGod, Population: 100000, Control: 95, Own Province: False",75.12
"New Religion: Faith of the Seven, Current Religion: DrownedGod, Population: 100000, Control: 100, Own Province: True",23.94
"New Religion: Faith of the Seven, Current Religion: DrownedGod, Population: 100000, Control: 100, Own Province: False",73.91
"New Religion: Faith of the Seven, Current Religion: DrownedGod, Population: 150000, Control: 85, Own Province: True",74.36
"New Religion: Faith of the Seven, Current Religion: DrownedGod, Population: 150000, Control: 85, Own Province: False",73.87
"New Religion: Faith of the Seven, Current Religion: DrownedGod, Population: 150000, Control: 90, Own Province: True",61.41
"New Religion: Faith of the Seven, Current Religion: DrownedGod, Population: 150000, Control: 90, Own Province: False",75.41
"New Religion: Faith of the Seven, Current Religion: DrownedGod, Population: 150000, Control: 95, Own Province: True",48.51
"New Religion: Faith of the Seven, Current Religion: DrownedGod, Population: 150000, Control: 95, Own Province: False",74.28
"New Religion: Faith of the Seven, Current Religion: DrownedGod, Population: 150000, Control: 100, Own Province: True",34.75
"New Religion: Faith of the Seven, Current Religion: DrownedGod, Population: 150000, Control: 100, Own Province: False",74.71
"New Religion: Faith of the Seven, Current Religion: DrownedGod, Population: 200000, Control: 85, Own Province: True",73.87
"New Religion: Faith of the Seven, Current Religion: DrownedGod, Population: 200000, Control: 85, Own Province: False",73.51
"New Religion: Faith of the Seven, Current Religion: DrownedGod, Population: 200000, Control: 90, Own Province: True",74.13
"New Religion: Faith of the Seven, Current Religion: DrownedGod, Population: 200000, Control: 90, Own Province: False",74.24
"New Religion: Faith of the Seven, Current Religion: DrownedGod, Population: 200000, Control: 95, Own Province: True",61.96
"New Religion: Faith of the Seven, Current Religion: DrownedGod, Population: 200000, Control: 95, Own Province: False",73.65
"New Religion: Faith of the Seven, Current Religion: DrownedGod, Population: 200000, Control: 100, Own Province: True",47.53
"New Religion: Faith of the Seven, Current Religion: DrownedGod, Population: 200000, Control: 100, Own Province: False",73.59
"New Religion: Faith of the Seven, Current Religion: DrownedGod, Population: 250000, Control: 85, Own Province: True",74.14
"New Religion: Faith of the Seven, Current Religion: DrownedGod, Population: 250000, Control: 85, Own Province: False",74.28
"New Religion: Faith of the Seven, Current Religion: DrownedGod, Population: 250000, Control: 90, Own Province: True",74.56
"New Religion: Faith of the Seven, Current Religion: DrownedGod, Population: 250000, Control: 90, Own Province: False",74.26
"New Religion: Faith of the Seven, Current Religion: DrownedGod, Population: 250000, Control: 95, Own Province: True",73.71
"New Religion: Faith of the Seven, Current Religion: DrownedGod, Population: 250000, Control: 95, Own Province: False",73.77
"New Religion: Faith of the Seven, Current Religion: DrownedGod, Population: 250000, Control: 100, Own Province: True",61.35
"New Religion: Faith of the Seven, Current Religion: DrownedGod, Population: 250000, Control: 100, Own Province: False",73.33
"New Religion: Faith of the Seven, Current Religion: DrownedGod, Population: 300000, Control: 85, Own Province: True",74.6
"New Religion: Faith of the Seven, Current Religion: DrownedGod, Population: 300000, Control: 85, Own Province: False",74.05
"New Religion: Faith of the Seven, Current Religion: DrownedGod, Population: 300000, Control: 90, Own Province: True",74.29
"New Religion: Faith of the Seven, Current Religion: DrownedGod, Population: 300000, Control: 90, Own Province: False",74.32
"New Religion: Faith of the Seven, Current Religion: DrownedGod, Population: 300000, Control: 95, Own Province: True",73.61
"New Religion: Faith of the Seven, Current Religion: DrownedGod, Population: 300000, Control: 95, Own Province: False",74.1
"New Religion: Faith of the Seven, Current Religion: DrownedGod, Population: 300000, Control: 100, Own Province: True",74.69
"New Religion: Faith of the Seven, Current Religion: DrownedGod, Population: 300000, Control: 100, Own Province: False",74.69
"New Religion: Faith of the Seven, Current Religion: DrownedGodII, Population: 1000, Control: 85, Own Province: True",24.52
"New Religion: Faith of the Seven, Current Religion: DrownedGodII, Population: 1000, Control: 85, Own Province: False",24.1
"New Religion: Faith of the Seven, Current Religion: DrownedGodII, Population: 1000, Control: 90, Own Province: True",13.59
"New Religion: Faith of the Seven, Current Religion: DrownedGodII, Population: 1000, Control: 90, Own Province: False",34.91
"New Religion: Faith of the Seven, Current Religion: DrownedGodII, Population: 1000, Control: 95, Own Province: True",5.98
"New Religion: Faith of the Seven, Current Religion: DrownedGodII, Population: 1000, Control: 95, Own Province: False",48.07
"New Religion: Faith of the Seven, Current Religion: DrownedGodII, Population: 1000, Control: 100, Own Province: True",0.0
"New Religion: Faith of the Seven, Current Religion: DrownedGodII, Population: 1000, Control: 100, Own Province: False",61.07
"New Religion: Faith of the Seven, Current Religion: DrownedGodII, Population: 50000, Control: 85, Own Province: True",34.9
"New Religion: Faith of the Seven, Current Religion: DrownedGodII, Population: 50000, Control: 85, Own Province: False",34.69
"New Religion: Faith of the Seven, Current Religion: DrownedGodII, Population: 50000, Control: 90, Own Province: True",24.25
"New Religion: Faith of the Seven, Current Religion: DrownedGodII, Population: 50000, Control: 90, Own Province: False",48.45
"New Religion: Faith of the Seven, Current Religion: DrownedGodII, Population: 50000, Control: 95, Own Province: True",13.05
"New Religion: Faith of the Seven, Current Religion: DrownedGodII, Population: 50000, Control: 95, Own Province: False",61.99
"New Religion: Faith of the Seven, Current Religion: DrownedGodII, Population: 50000, Control: 100, Own Province: True",5.74
"New Religion: Faith of the Seven, Current Religion: DrownedGodII, Population: 50000, Control: 100, Own Province: False",73.96
"New Religion: Faith of the Seven, Current Religion: DrownedGodII, Population: 100000, Control: 85, Own Province: True",48.09
"New Religion: Faith of the Seven, Current Religion: DrownedGodII, Population: 100000, Control: 85, Own Province: False",48.5
"New Religion: Faith of the Seven, Current Religion: DrownedGodII, Population: 100000, Control: 90, Own Province: True",35.34
"New Religion: Faith of the Seven, Current Religion: DrownedGodII, Population: 100000, Control: 90, Own Province: False",61.39
"New Religion: Faith of the Seven, Current Religion: DrownedGodII, Population: 100000, Control: 95, Own Province: True",23.91
"New Religion: Faith of the Seven, Current Religion: DrownedGodII, Population: 100000, Control: 95, Own Province: False",74.47
"New Religion: Faith of the Seven, Current Religion: DrownedGodII, Population: 100000, Control: 100, Own Province: True",13.87
"New Religion: Faith of the Seven, Current Religion: DrownedGodII, Population: 100000, Control: 100, Own Province: False",74.71
"New Religion: Faith of the Seven, Current Religion: DrownedGodII, Population: 150000, Control: 85, Own Province: True",60.99
"New Religion: Faith of the Seven, Current Religion: DrownedGodII, Population: 150000, Control: 85, Own Province: False",61.05
"New Religion: Faith of the Seven, Current Religion: DrownedGodII, Population: 150000, Control: 90, Own Province: True",48.17
"New Religion: Faith of the Seven, Current Religion: DrownedGodII, Population: 150000, Control: 90, Own Province: False",73.92
"New Religion: Faith of the Seven, Current Religion: DrownedGodII, Population: 150000, Control: 95, Own Province: True",35.75
"New Religion: Faith of the Seven, Current Religion: DrownedGodII, Population: 150000, Control: 95, Own Province: False",73.72
"New Religion: Faith of the Seven, Current Religion: DrownedGodII, Population: 150000, Control: 100, Own Province: True",24.03
"New Religion: Faith of the Seven, Current Religion: DrownedGodII, Population: 150000, Control: 100, Own Province: False",73.45
"New Religion: Faith of the Seven, Current Religion: DrownedGodII, Population: 200000, Control: 85, Own Province: True",74.48
"New Religion: Faith of the Seven, Current Religion: DrownedGodII, Population: 200000, Control: 85, Own Province: False",74.25
"New Religion: Faith of the Seven, Current Religion: DrownedGodII, Population: 200000, Control: 90, Own Province: True",61.29
"New Religion: Faith of the Seven, Current Religion: DrownedGodII, Population: 200000, Control: 90, Own Province: False",73.83
"New Religion: Faith of the Seven, Current Religion: DrownedGodII, Population: 200000, Control: 95, Own Province: True",47.81
"New Religion: Faith of the Seven, Current Religion: DrownedGodII, Population: 200000, Control: 95, Own Province: False",74.13
"New Religion: Faith of the Seven, Current Religion: DrownedGodII, Population: 200000, Control: 100, Own Province: True",35.23
"New Religion: Faith of the Seven, Current Religion: DrownedGodII, Population: 200000, Control: 100, Own Province: False",73.59
"New Religion: Faith of the Seven, Current Religion: DrownedGodII, Population: 250000, Control: 85, Own Province: True",73.88
"New Religion: Faith of the Seven, Current Religion: DrownedGodII, Population: 250000, Control: 85, Own Province: False",73.55
"New Religion: Faith of the Seven, Current Religion: DrownedGodII, Population: 250000, Control: 90, Own Province: True",74.27
"New Religion: Faith of the Seven, Current Religion: DrownedGodII, Population: 250000, Control: 90, Own Province: False",73.92
"New Religion: Faith of the Seven, Current Religion: DrownedGodII, Population: 250000, Control: 95, Own Province: True",61.27
"New Religion: Faith of the Seven, Current Religion: DrownedGodII, Population: 250000, Control: 95, Own Province: False",73.69
"New Religion: Faith of the Seven, Current Religion: DrownedGodII, Population: 250000, Control: 100, Own Province: True",49.01
"New Religion: Faith of the Seven, Current Religion: DrownedGodII, Population: 250000, Control: 100, Own Province: False",74.58
"New Religion: Faith of the Seven, Current Religion: DrownedGodII, Population: 300000, Control: 85, Own Province: True",73.58
"New Religion: Faith of the Seven, Current Religion: DrownedGodII, Population: 300000, Control: 85, Own Province: False",73.09
"New Religion: Faith of the Seven, Current Religion: DrownedGodII, Population: 300000, Control: 90, Own Province: True",73.54
"New Religion: Faith of the Seven, Current Religion: DrownedGodII, Population: 300000, Control: 90, Own Province: False",74.34
"New Religion: Faith of the Seven, Current Religion: DrownedGodII, Population: 300000, Control: 95, Own Province: True",74.36
"New Religion: Faith of the Seven, Current Religion: DrownedGodII, Population: 300000, Control: 95, Own Province: False",74.2
"New Religion: Faith of the Seven, Current Religion: DrownedGodII, Population: 300000, Control: 100, Own Province: True",61.23
"New Religion: Faith of the Seven, Current Religion: DrownedGodII, Population: 300000, Control: 100, Own Province: False",73.65
"New Religion: Faith of the Seven, Current Religion: Mother Rhoyne, Population: 1000, Control: 85, Own Province: True",23.17
"New Religion: Faith of the Seven, Current Religion: Mother Rhoyne, Population: 1000, Control: 85, Own Province: False",23.51
"New Religion: Faith of the Seven, Current Religion: Mother Rhoyne, Population: 1000, Control: 90, Own Province: True",13.72
"New Religion: Faith of the Seven, Current Religion: Mother Rhoyne, Population: 1000, Control: 90, Own Province: False",35.65
"New Religion: Faith of the Seven, Current Religion: Mother Rhoyne, Population: 1000, Control: 95, Own Province: True",5.99
"New Religion: Faith of the Seven, Current Religion: Mother Rhoyne, Population: 1000, Control: 95, Own Province: False",48.92
"New Religion: Faith of the Seven, Current Religion: Mother Rhoyne, Population: 1000, Control: 100, Own Province: True",0.0
"New Religion: Faith of the Seven, Current Religion: Mother Rhoyne, Population: 1000, Control: 100, Own Province: False",60.87
"New Religion: Faith of the Seven, Current Religion: Mother Rhoyne, Population: 50000, Control: 85, Own Province: True",34.68
"New Religion: Faith of the Seven, Current Religion: Mother Rhoyne, Population: 50000, Control: 85, Own Province: False",34.43
"New Religion: Faith of the Seven, Current Religion: Mother Rhoyne, Population: 50000, Control: 90, Own Province: True",24.44
"New Religion: Faith of the Seven, Current Religion: Mother Rhoyne, Population: 50000, Control: 90, Own Province: False",48.14
"New Religion: Faith of the Seven, Current Religion: Mother Rhoyne, Population: 50000, Control: 95, Own Province: True",13.86
"New Religion: Faith of the Seven, Current Religion: Mother Rhoyne, Population: 50000, Control: 95, Own Province: False",62.1
"New Religion: Faith of the Seven, Current Religion: Mother Rhoyne, Population: 50000, Control: 100, Own Province: True",5.66
"New Religion: Faith of the Seven, Current Religion: Mother Rhoyne, Population: 50000, Control: 100, Own Province: False",74.21
"New Religion: Faith of the Seven, Current Religion: Mother Rhoyne, Population: 100000, Control: 85, Own Province: True",48.14
"New Religion: Faith of the Seven, Current Religion: Mother Rhoyne, Population: 100000, Control: 85, Own Province: False",48.15
"New Religion: Faith of the Seven, Current Religion: Mother Rhoyne, Population: 100000, Control: 90, Own Province: True",35.28
"New Religion: Faith of the Seven, Current Religion: Mother Rhoyne, Population: 100000, Control: 90, Own Province: False",61.52
"New Religion: Faith of the Seven, Current Religion: Mother Rhoyne, Population: 100000, Control: 95, Own Province: True",24.51
"New Religion: Faith of the Seven, Current Religion: Mother Rhoyne, Population: 100000, Control: 95, Own Province: False",74.32
"New Religion: Faith of the Seven, Current Religion: Mother Rhoyne, Population: 100000, Control: 100, Own Province: True",14.25
"New Religion: Faith of the Seven, Current Religion: Mother Rhoyne, Population: 100000, Control: 100, Own Province: False",74.59
"New Religion: Faith of the Seven, Current Religion: Mother Rhoyne, Population: 150000, Control: 85, Own Province: True",61.2
"New Religion: Faith of the Seven, Current Religion: Mother Rhoyne, Population: 150000, Control: 85, Own Province: False",61.68
"New Religion: Faith of the Seven, Current Religion: Mother Rhoyne, Population: 150000, Control: 90, Own Province: True",49.11
"New Religion: Faith of the Seven, Current Religion: Mother Rhoyne, Population: 150000, Control: 90, Own Province: False",73.95
"New Religion: Faith of the Seven, Current Religion: Mother Rhoyne, Population: 150000, Control: 95, Own Province: True",35.9
"New Religion: Faith of the Seven, Current Religion: Mother Rhoyne, Population: 150000, Control: 95, Own Province: False",74.77
"New Religion: Faith of the Seven, Current Religion: Mother Rhoyne, Population: 150000, Control: 100, Own Province: True",23.39
"New Religion: Faith of the Seven, Current Religion: Mother Rhoyne, Population: 150000, Control: 100, Own Province: False",74.14
"New Religion: Faith of the Seven, Current Religion: Mother Rhoyne, Population: 200000, Control: 85, Own Province: True",73.62
"New Religion: Faith of the Seven, Current Religion: Mother Rhoyne, Population: 200000, Control: 85, Own Province: False",74.58
"New Religion: Faith of the Seven, Current Religion: Mother Rhoyne, Population: 200000, Control: 90, Own Province: True",61.49
"New Religion: Faith of the Seven, Current Religion: Mother Rhoyne, Population: 200000, Control: 90, Own Province: False",74.08
"New Religion: Faith of the Seven, Current Religion: Mother Rhoyne, Population: 200000, Control: 95, Own Province: True",48.22
"New Religion: Faith of the Seven, Current Religion: Mother Rhoyne, Population: 200000, Control: 95, Own Province: False",74.24
"New Religion: Faith of the Seven, Current Religion: Mother Rhoyne, Population: 200000, Control: 100, Own Province: True",34.63
"New Religion: Faith of the Seven, Current Religion: Mother Rhoyne, Population: 200000, Control: 100, Own Province: False",73.56
"New Religion: Faith of the Seven, Current Religion: Mother Rhoyne, Population: 250000, Control: 85, Own Province: True",74.0
"New Religion: Faith of the Seven, Current Religion: Mother Rhoyne, Population: 250000, Control: 85, Own Province: False",73.86
"New Religion: Faith of the Seven, Current Religion: Mother Rhoyne, Population: 250000, Control: 90, Own Province: True",74.09
"New Religion: Faith of the Seven, Current Religion: Mother Rhoyne, Population: 250000, Control: 90, Own Province: False",74.88
"New Religion: Faith of the Seven, Current Religion: Mother Rhoyne, Population: 250000, Control: 95, Own Province: True",61.6
"New Religion: Faith of the Seven, Current Religion: Mother Rhoyne, Population: 250000, Control: 95, Own Province: False",74.36
"New Religion: Faith of the Seven, Current Religion: Mother Rhoyne, Population: 250000, Control: 100, Own Province: True",47.56
"New Religion: Faith of the Seven, Current Religion: Mother Rhoyne, Population: 250000, Control: 100, Own Province: False",73.56
"New Religion: Faith of the Seven, Current Religion: Mother Rhoyne, Population: 300000, Control: 85, Own Province: True",74.29
"New Religion: Faith of the Seven, Current Religion: Mother Rhoyne, Population: 300000, Control: 85, Own Province: False",73.21
"New Religion: Faith of the Seven, Current Religion: Mother Rhoyne, Population: 300000, Control: 90, Own Province: True",73.77
"New Religion: Faith of the Seven, Current Religion: Mother Rhoyne, Population: 300000, Control: 90, Own Province: False",73.95
"New Religion: Faith of the Seven, Current Religion: Mother Rhoyne, Population: 300000, Control: 95, Own Province: True",74.34
"New Religion: Faith of the Seven, Current Religion: Mother Rhoyne, Population: 300000, Control: 95, Own Province: False",73.77
"New Religion: Faith of the Seven, Current Religion: Mother Rhoyne, Population: 300000, Control: 100, Own Province: True",60.2
"New Religion: Faith of the Seven, Current Religion: Mother Rhoyne, Population: 300000, Control: 100, Own Province: False",74.69
"New Religion: Faith of the Seven, Current Religion: Gods of Valyria, Population: 1000, Control: 85, Own Province: True",24.23
"New Religion: Faith of the Seven, Current Religion: Gods of Valyria, Population: 1000, Control: 85, Own Province: False",24.37
"New Religion: Faith of the Seven, Current Religion: Gods of Valyria, Population: 1000, Control: 90, Own Province: True",13.29
"New Religion: Faith of the Seven, Current Religion: Gods of Valyria, Population: 1000, Control: 90, Own Province: False",34.52
"New Religion: Faith of the Seven, Current Religion: Gods of Valyria, Population: 1000, Control: 95, Own Province: True",6.04
"New Religion: Faith of the Seven, Current Religion: Gods of Valyria, Population: 1000, Control: 95, Own Province: False",48.33
"New Religion: Faith of the Seven, Current Religion: Gods of Valyria, Population: 1000, Control: 100, Own Province: True",0.0
"New Religion: Faith of the Seven, Current Religion: Gods of Valyria, Population: 1000, Control: 100, Own Province: False",62.56
"New Religion: Faith of the Seven, Current Religion: Gods of Valyria, Population: 50000, Control: 85, Own Province: True",35.65
"New Religion: Faith of the Seven, Current Religion: Gods of Valyria, Population: 50000, Control: 85, Own Province: False",35.17
"New Religion: Faith of the Seven, Current Religion: Gods of Valyria, Population: 50000, Control: 90, Own Province: True",23.79
"New Religion: Faith of the Seven, Current Religion: Gods of Valyria, Population: 50000, Control: 90, Own Province: False",49.12
"New Religion: Faith of the Seven, Current Religion: Gods of Valyria, Population: 50000, Control: 95, Own Province: True",13.6
"New Religion: Faith of the Seven, Current Religion: Gods of Valyria, Population: 50000, Control: 95, Own Province: False",61.45
"New Religion: Faith of the Seven, Current Religion: Gods of Valyria, Population: 50000, Control: 100, Own Province: True",6.15
"New Religion: Faith of the Seven, Current Religion: Gods of Valyria, Population: 50000, Control: 100, Own Province: False",74.01
"New Religion: Faith of the Seven, Current Religion: Gods of Valyria, Population: 100000, Control: 85, Own Province: True",47.81
"New Religion: Faith of the Seven, Current Religion: Gods of Valyria, Population: 100000, Control: 85, Own Province: False",48.72
"New Religion: Faith of the Seven, Current Religion: Gods of Valyria, Population: 100000, Control: 90, Own Province: True",35.66
"New Religion: Faith of the Seven, Current Religion: Gods of Valyria, Population: 100000, Control: 90, Own Province: False",61.8
"New Religion: Faith of the Seven, Current Religion: Gods of Valyria, Population: 100000, Control: 95, Own Province: True",23.58
"New Religion: Faith of the Seven, Current Religion: Gods of Valyria, Population: 100000, Control: 95, Own Province: False",73.59
"New Religion: Faith of the Seven, Current Religion: Gods of Valyria, Population: 100000, Control: 100, Own Province: True",13.89
"New Religion: Faith of the Seven, Current Religion: Gods of Valyria, Population: 100000, Control: 100, Own Province: False",73.88
"New Religion: Faith of the Seven, Current Religion: Gods of Valyria, Population: 150000, Control: 85, Own Province: True",61.33
"New Religion: Faith of the Seven, Current Religion: Gods of Valyria, Population: 150000, Control: 85, Own Province: False",61.45
"New Religion: Faith of the Seven, Current Religion: Gods of Valyria, Population: 150000, Control: 90, Own Province: True",48.05
"New Religion: Faith of the Seven, Current Religion: Gods of Valyria, Population: 150000, Control: 90, Own Province: False",74.34
"New Religion: Faith of the Seven, Current Religion: Gods of Valyria, Population: 150000, Control: 95, Own Province: True",34.75
"New Religion: Faith of the Seven, Current Religion: Gods of Valyria, Population: 150000, Control: 95, Own Province: False",74.22
"New Religion: Faith of the Seven, Current Religion: Gods of Valyria, Population: 150000, Control: 100, Own Province: True",23.62
"New Religion: Faith of the Seven, Current Religion: Gods of Valyria, Population: 150000, Control: 100, Own Province: False",74.01
"New Religion: Faith of the Seven, Current Religion: Gods of Valyria, Population: 200000, Control: 85, Own Province: True",73.8
"New Religion: Faith of the Seven, Current Religion: Gods of Valyria, Population: 200000, Control: 85, Own Province: False",74.55
"New Religion: Faith of the Seven, Current Religion: Gods of Valyria, Population: 200000, Control: 90, Own Province: True",61.85
"New Religion: Faith of the Seven, Current Religion: Gods of Valyria, Population: 200000, Control: 90, Own Province: False",74.14
"New Religion: Faith of the Seven, Current Religion: Gods of Valyria, Population: 200000, Control: 95, Own Province: True",48.4
"New Religion: Faith of the Seven, Current Religion: Gods of Valyria, Population: 200000, Control: 95, Own Province: False",73.96
"New Religion: Faith of the Seven, Current Religion: Gods of Valyria, Population: 200000, Control: 100, Own Province: True",35.42
"New Religion: Faith of the Seven, Current Religion: Gods of Valyria, Population: 200000, Control: 100, Own Province: False",74.14
"New Religion: Faith of the Seven, Current Religion: Gods of Valyria, Population: 250000, Control: 85, Own Province: True",75.37
"New Religion: Faith of the Seven, Current Religion: Gods of Valyria, Population: 250000, Control: 85, Own Province: False",75.12
"New Religion: Faith of the Seven, Current Religion: Gods of Valyria, Population: 250000, Control: 90, Own Province: True",74.38
"New Religion: Faith of the Seven, Current Religion: Gods of Valyria, Population: 250000, Control: 90, Own Province: False",73.35
"New Religion: Faith of the Seven, Current Religion: Gods of Valyria, Population: 250000, Control: 95, Own Province: True",61.63
"New Religion: Faith of the Seven, Current Religion: Gods of Valyria, Population: 250000, Control: 95, Own Province: False",73.36
"New Religion: Faith of the Seven, Current Religion: Gods of Valyria, Population: 250000, Control: 100, Own Province: True",47.99
"New Religion: Faith of the Seven, Current Religion: Gods of Valyria, Population: 250000, Control: 100, Own Province: False",74.01
"New Religion: Faith of the Seven, Current Religion: Gods of Valyria, Population: 300000, Control: 85, Own Province: True",73.25
"New Religion: Faith of the Seven, Current Religion: Gods of Valyria, Population: 300000, Control: 85, Own Province: False",74.58
"New Religion: Faith of the Seven, Current Religion: Gods of Valyria, Population: 300000, Control: 90, Own Province: True",73.5
"New Religion: Faith of the Seven, Current Religion: Gods of Valyria, Population: 300000, Control: 90, Own Province: False",74.48
"New Religion: Faith of the Seven, Current Religion: Gods of Valyria, Population: 300000, Control: 95, Own Province: True",74.55
"New Religion: Faith of the Seven, Current Religion: Gods of Valyria, Population: 300000, Control: 95, Own Province: False",74.45
"New Religion: Faith of the Seven, Current Religion: Gods of Valyria, Population: 300000, Control: 100, Own Province: True",61.45
"New Religion: Faith of the Seven, Current Religion: Gods of Valyria, Population: 300000, Control: 100, Own Province: False",74.64
"New Religion: Faith of the Seven, Current Religion: R'hllor, Population: 1000, Control: 85, Own Province: True",23.37
"New Religion: Faith of the Seven, Current Religion: R'hllor, Population: 1000, Control: 85, Own Province: False",24.04
"New Religion: Faith of the Seven, Current Religion: R'hllor, Population: 1000, Control: 90, Own Province: True",13.5
"New Religion: Faith of the Seven, Current Religion: R'hllor, Population: 1000, Control: 90, Own Province: False",36.29
"New Religion: Faith of the Seven, Current Religion: R'hllor, Population: 1000, Control: 95, Own Province: True",6.18
"New Religion: Faith of the Seven, Current Religion: R'hllor, Population: 1000, Control: 95, Own Province: False",48.08
"New Religion: Faith of the Seven, Current Religion: R'hllor, Population: 1000, Control: 100, Own Province: True",0.0
"New Religion: Faith of the Seven, Current Religion: R'hllor, Population: 1000, Control: 100, Own Province: False",61.7
"New Religion: Faith of the Seven, Current Religion: R'hllor, Population: 50000, Control: 85, Own Province: True",34.54
"New Religion: Faith of the Seven, Current Religion: R'hllor, Population: 50000, Control: 85, Own Province: False",34.3
"New Religion: Faith of the Seven, Current Religion: R'hllor, Population: 50000, Control: 90, Own Province: True",24.68
"New Religion: Faith of the Seven, Current Religion: R'hllor, Population: 50000, Control: 90, Own Province: False",48.41
"New Religion: Faith of the Seven, Current Religion: R'hllor, Population: 50000, Control: 95, Own Province: True",13.92
"New Religion: Faith of the Seven, Current Religion: R'hllor, Population: 50000, Control: 95, Own Province: False",61.64
"New Religion: Faith of the Seven, Current Religion: R'hllor, Population: 50000, Control: 100, Own Province: True",5.53
"New Religion: Faith of the Seven, Current Religion: R'hllor, Population: 50000, Control: 100, Own Province: False",73.92
"New Religion: Faith of the Seven, Current Religion: R'hllor, Population: 100000, Control: 85, Own Province: True",47.4
"New Religion: Faith of the Seven, Current Religion: R'hllor, Population: 100000, Control: 85, Own Province: False",48.62
"New Religion: Faith of the Seven, Current Religion: R'hllor, Population: 100000, Control: 90, Own Province: True",34.98
"New Religion: Faith of the Seven, Current Religion: R'hllor, Population: 100000, Control: 90, Own Province: False",61.52
"New Religion: Faith of the Seven, Current Religion: R'hllor, Population: 100000, Control: 95, Own Province: True",23.57
"New Religion: Faith of the Seven, Current Religion: R'hllor, Population: 100000, Control: 95, Own Province: False",74.61
"New Religion: Faith of the Seven, Current Religion: R'hllor, Population: 100000, Control: 100, Own Province: True",13.48
"New Religion: Faith of the Seven, Current Religion: R'hllor, Population: 100000, Control: 100, Own Province: False",73.0
"New Religion: Faith of the Seven, Current Religion: R'hllor, Population: 150000, Control: 85, Own Province: True",61.57
"New Religion: Faith of the Seven, Current Religion: R'hllor, Population: 150000, Control: 85, Own Province: False",61.35
"New Religion: Faith of the Seven, Current Religion: R'hllor, Population: 150000, Control: 90, Own Province: True",47.62
"New Religion: Faith of the Seven, Current Religion: R'hllor, Population: 150000, Control: 90, Own Province: False",74.47
"New Religion: Faith of the Seven, Current Religion: R'hllor, Population: 150000, Control: 95, Own Province: True",34.55
"New Religion: Faith of the Seven, Current Religion: R'hllor, Population: 150000, Control: 95, Own Province: False",73.87
"New Religion: Faith of the Seven, Current Religion: R'hllor, Population: 150000, Control: 100, Own Province: True",23.55
"New Religion: Faith of the Seven, Current Religion: R'hllor, Population: 150000, Control: 100, Own Province: False",74.11
"New Religion: Faith of the Seven, Current Religion: R'hllor, Population: 200000, Control: 85, Own Province: True",74.54
"New Religion: Faith of the Seven, Current Religion: R'hllor, Population: 200000, Control: 85, Own Province: False",74.41
"New Religion: Faith of the Seven, Current Religion: R'hllor, Population: 200000, Control: 90, Own Province: True",61.28
"New Religion: Faith of the Seven, Current Religion: R'hllor, Population: 200000, Control: 90, Own Province: False",74.09
"New Religion: Faith of the Seven, Current Religion: R'hllor, Population: 200000, Control: 95, Own Province: True",48.52
"New Religion: Faith of the Seven, Current Religion: R'hllor, Population: 200000, Control: 95, Own Province: False",74.01
"New Religion: Faith of the Seven, Current Religion: R'hllor, Population: 200000, Control: 100, Own Province: True",34.92
"New Religion: Faith of the Seven, Current Religion: R'hllor, Population: 200000, Control: 100, Own Province: False",75.08
"New Religion: Faith of the Seven, Current Religion: R'hllor, Population: 250000, Control: 85, Own Province: True",74.85
"New Religion: Faith of the Seven, Current Religion: R'hllor, Population: 250000, Control: 85, Own Province: False",74.18
"New Religion: Faith of the Seven, Current Religion: R'hllor, Population: 250000, Control: 90, Own Province: True",73.96
"New Religion: Faith of the Seven, Current Religion: R'hllor, Population: 250000, Control: 90, Own Province: False",74.44
"New Religion: Faith of the Seven, Current Religion: R'hllor, Population: 250000, Control: 95, Own Province: True",61.82
"New Religion: Faith of the Seven, Current Religion: R'hllor, Population: 250000, Control: 95, Own Province: False",74.61
"New Religion: Faith of the Seven, Current Religion: R'hllor, Population: 250000, Control: 100, Own Province: True",47.7
"New Religion: Faith of the Seven, Current Religion: R'hllor, Population: 250000, Control: 100, Own Province: False",73.93
"New Religion: Faith of the Seven, Current Religion: R'hllor, Population: 300000, Control: 85, Own Province: True",73.82
"New Religion: Faith of the Seven, Current Religion: R'hllor, Population: 300000, Control: 85, Own Province: False",74.26
"New Religion: Faith of the Seven, Current Religion: R'hllor, Population: 300000, Control: 90, Own Province: True",74.12
"New Religion: Faith of the Seven, Current Religion: R'hllor, Population: 300000, Control: 90, Own Province: False",74.28
"New Religion: Faith of the Seven, Current Religion: R'hllor, Population: 300000, Control: 95, Own Province: True",74.97
"New Religion: Faith of the Seven, Current Religion: R'hllor, Population: 300000, Control: 95, Own Province: False",73.23
"New Religion: Faith of the Seven, Current Religion: R'hllor, Population: 300000, Control: 100, Own Province: True",61.44
"New Religion: Faith of the Seven, Current Religion: R'hllor, Population: 300000, Control: 100, Own Province: False",73.86
"New Religion: Old Gods, Current Religion: Faith of the Seven, Population: 1000, Control: 85, Own Province: True",24.18
"New Religion: Old Gods, Current Religion: Faith of the Seven, Population: 1000, Control: 85, Own Province: False",24.28
"New Religion: Old Gods, Current Religion: Faith of the Seven, Population: 1000, Control: 90, Own Province: True",13.79
"New Religion: Old Gods, Current Religion: Faith of the Seven, Population: 1000, Control: 90, Own Province: False",35.05
"New Religion: Old Gods, Current Religion: Faith of the Seven, Population: 1000, Control: 95, Own Province: True",6.0
"New Religion: Old Gods, Current Religion: Faith of the Seven, Population: 1000, Control: 95, Own Province: False",48.2
"New Religion: Old Gods, Current Religion: Faith of the Seven, Population: 1000, Control: 100, Own Province: True",0.0
"New Religion: Old Gods, Current Religion: Faith of the Seven, Population: 1000, Control: 100, Own Province: False",62.96
"New Religion: Old Gods, Current Religion: Faith of the Seven, Population: 50000, Control: 85, Own Province: True",35.06
"New Religion: Old Gods, Current Religion: Faith of the Seven, Population: 50000, Control: 85, Own Province: False",33.98
"New Religion: Old Gods, Current Religion: Faith of the Seven, Population: 50000, Control: 90, Own Province: True",23.75
"New Religion: Old Gods, Current Religion: Faith of the Seven, Population: 50000, Control: 90, Own Province: False",48.74
"New Religion: Old Gods, Current Religion: Faith of the Seven, Population: 50000, Control: 95, Own Province: True",14.17
"New Religion: Old Gods, Current Religion: Faith of the Seven, Population: 50000, Control: 95, Own Province: False",61.77
"New Religion: Old Gods, Current Religion: Faith of the Seven, Population: 50000, Control: 100, Own Province: True",5.5
"New Religion: Old Gods, Current Religion: Faith of the Seven, Population: 50000, Control: 100, Own Province: False",74.42
"New Religion: Old Gods, Current Religion: Faith of the Seven, Population: 100000, Control: 85, Own Province: True",48.19
"New Religion: Old Gods, Current Religion: Faith of the Seven, Population: 100000, Control: 85, Own Province: False",48.37
"New Religion: Old Gods, Current Religion: Faith of the Seven, Population: 100000, Control: 90, Own Province: True",34.63
"New Religion: Old Gods, Current Religion: Faith of the Seven, Population: 100000, Control: 90, Own Province: False",61.98
"New Religion: Old Gods, Current Religion: Faith of the Seven, Population: 100000, Control: 95, Own Province: True",24.75
"New Religion: Old Gods, Current Religion: Faith of the Seven, Population: 100000, Control: 95, Own Province: False",73.98
"New Religion: Old Gods, Current Religion: Faith of the Seven, Population: 100000, Control: 100, Own Province: True",13.98
"New Religion: Old Gods, Current Religion: Faith of the Seven, Population: 100000, Control: 100, Own Province: False",73.56
"New Religion: Old Gods, Current Religion: Faith of the Seven, Population: 150000, Control: 85, Own Province: True",61.67
"New Religion: Old Gods, Current Religion: Faith of the Seven, Population: 150000, Control: 85, Own Province: False",60.47
"New Religion: Old Gods, Current Religion: Faith of the Seven, Population: 150000, Control: 90, Own Province: True",48.11
"New Religion: Old Gods, Current Religion: Faith of the Seven, Population: 150000, Control: 90, Own Province: False",74.35
"New Religion: Old Gods, Current Religion: Faith of the Seven, Population: 150000, Control: 95, Own Province: True",35.77
"New Religion: Old Gods, Current Religion: Faith of the Seven, Population: 150000, Control: 95, Own Province: False",73.96
"New Religion: Old Gods, Current Religion: Faith of the Seven, Population: 150000, Control: 100, Own Province: True",24.1
"New Religion: Old Gods, Current Religion: Faith of the Seven, Population: 150000, Control: 100, Own Province: False",74.29
"New Religion: Old Gods, Current Religion: Faith of the Seven, Population: 200000, Control: 85, Own Province: True",75.05
"New Religion: Old Gods, Current Religion: Faith of the Seven, Population: 200000, Control: 85, Own Province: False",73.82
"New Religion: Old Gods, Current Religion: Faith of the Seven, Population: 200000, Control: 90, Own Province: True",61.08
"New Religion: Old Gods, Current Religion: Faith of the Seven, Population: 200000, Control: 90, Own Province: False",74.18
"New Religion: Old Gods, Current Religion: Faith of the Seven, Population: 200000, Control: 95, Own Province: True",48.65
"New Religion: Old Gods, Current Religion: Faith of the Seven, Population: 200000, Control: 95, Own Province: False",73.78
"New Religion: Old Gods, Current Religion: Faith of the Seven, Population: 200000, Control: 100, Own Province: True",35.12
"New Religion: Old Gods, Current Religion: Faith of the Seven, Population: 200000, Control: 100, Own Province: False",74.43
"New Religion: Old Gods, Current Religion: Faith of the Seven, Population: 250000, Control: 85, Own Province: True",74.22
"New Religion: Old Gods, Current Religion: Faith of the Seven, Population: 250000, Control: 85, Own Province: False",74.66
"New Religion: Old Gods, Current Religion: Faith of the Seven, Population: 250000, Control: 90, Own Province: True",74.04
"New Religion: Old Gods, Current Religion: Faith of the Seven, Population: 250000, Control: 90, Own Province: False",73.98
"New Religion: Old Gods, Current Religion: Faith of the Seven, Population: 250000, Control: 95, Own Province: True",61.41
"New Religion: Old Gods, Current Religion: Faith of the Seven, Population: 250000, Control: 95, Own Province: False",73.89
"New Religion: Old Gods, Current Religion: Faith of the Seven, Population: 250000, Control: 100, Own Province: True",48.34
"New Religion: Old Gods, Current Religion: Faith of the Seven, Population: 250000, Control: 100, Own Province: False",73.48
"New Religion: Old Gods, Current Religion: Faith of the Seven, Population: 300000, Control: 85, Own Province: True",74.07
"New Religion: Old Gods, Current Religion: Faith of the Seven, Population: 300000, Control: 85, Own Province: False",74.24
"New Religion: Old Gods, Current Religion: Faith of the Seven, Population: 300000, Control: 90, Own Province: True",73.47
"New Religion: Old Gods, Current Religion: Faith of the Seven, Population: 300000, Control: 90, Own Province: False",74.3
"New Religion: Old Gods, Current Religion: Faith of the Seven, Population: 300000, Control: 95, Own Province: True",74.19
"New Religion: Old Gods, Current Religion: Faith of the Seven, Population: 300000, Control: 95, Own Province: False",73.99
"New Religion: Old Gods, Current Religion: Faith of the Seven, Population: 300000, Control: 100, Own Province: True",61.11
"New Religion: Old Gods, Current Religion: Faith of the Seven, Population: 300000, Control: 100, Own Province: False",74.8
"New Religion: Old Gods, Current Religion: Skagosi Old Gods, Population: 1000, Control: 85, Own Province: True",24.24
"New Religion: Old Gods, Current Religion: Skagosi Old Gods, Population: 1000, Control: 85, Own Province: False",23.85
"New Religion: Old Gods, Current Religion: Skagosi Old Gods, Population: 1000, Control: 90, Own Province: True",14.33
"New Religion: Old Gods, Current Religion: Skagosi Old Gods, Population: 1000, Control: 90, Own Province: False",35.22
"New Religion: Old Gods, Current Religion: Skagosi Old Gods, Population: 1000, Control: 95, Own Province: True",5.86
"New Religion: Old Gods, Current Religion: Skagosi Old Gods, Population: 1000, Control: 95, Own Province: False",48.54
"New Religion: Old Gods, Current Religion: Skagosi Old Gods, Population: 1000, Control: 100, Own Province: True",0.0
"New Religion: Old Gods, Current Religion: Skagosi Old Gods, Population: 1000, Control: 100, Own Province: False",61.08
"New Religion: Old Gods, Current Religion: Skagosi Old Gods, Population: 50000, Control: 85, Own Province: True",34.77
"New Religion: Old Gods, Current Religion: Skagosi Old Gods, Population: 50000, Control: 85, Own Province: False",34.73
"New Religion: Old Gods, Current Religion: Skagosi Old Gods, Population: 50000, Control: 90, Own Province: True",23.8
"New Religion: Old Gods, Current Religion: Skagosi Old Gods, Population: 50000, Control: 90, Own Province: False",49.15
"New Religion: Old Gods, Current Religion: Skagosi Old Gods, Population: 50000, Control: 95, Own Province: True",13.86
"New Religion: Old Gods, Current Religion: Skagosi Old Gods, Population: 50000, Control: 95, Own Province: False",61.18
"New Religion: Old Gods, Current Religion: Skagosi Old Gods, Population: 50000, Control: 100, Own Province: True",5.98
"New Religion: Old Gods, Current Religion: Skagosi Old Gods, Population: 50000, Control: 100, Own Province: False",73.44
"New Religion: Old Gods, Current Religion: Skagosi Old Gods, Population: 100000, Control: 85, Own Province: True",48.05
"New Religion: Old Gods, Current Religion: Skagosi Old Gods, Population: 100000, Control: 85, Own Province: False",48.16
"New Religion: Old Gods, Current Religion: Skagosi Old Gods, Population: 100000, Control: 90, Own Province: True",35.91
"New Religion: Old Gods, Current Religion: Skagosi Old Gods, Population: 100000, Control: 90, Own Province: False",61.31
"New Religion: Old Gods, Current Religion: Skagosi Old Gods, Population: 100000, Control: 95, Own Province: True",24.16
"New Religion: Old Gods, Current Religion: Skagosi Old Gods, Population: 100000, Control: 95, Own Province: False",74.64
"New Religion: Old Gods, Current Religion: Skagosi Old Gods, Population: 100000, Control: 100, Own Province: True",13.71
"New Religion: Old Gods, Current Religion: Skagosi Old Gods, Population: 100000, Control: 100, Own Province: False",73.97
"New Religion: Old Gods, Current Religion: Skagosi Old Gods, Population: 150000, Control: 85, Own Province: True",61.44
"New Religion: Old Gods, Current Religion: Skagosi Old Gods, Population: 150000, Control: 85, Own Province: False",61.58
"New Religion: Old Gods, Current Religion: Skagosi Old Gods, Population: 150000, Control: 90, Own Province: True",47.93
"New Religion: Old Gods, Current Religion: Skagosi Old Gods, Population: 150000, Control: 90, Own Province: False",74.01
"New Religion: Old Gods, Current Religion: Skagosi Old Gods, Population: 150000, Control: 95, Own Province: True",34.86
"New Religion: Old Gods, Current Religion: Skagosi Old Gods, Population: 150000, Control: 95, Own Province: False",74.71
"New Religion: Old Gods, Current Religion: Skagosi Old Gods, Population: 150000, Control: 100, Own Province: True",24.14
"New Religion: Old Gods, Current Religion: Skagosi Old Gods, Population: 150000, Control: 100, Own Province: False",74.34
"New Religion: Old Gods, Current Religion: Skagosi Old Gods, Population: 200000, Control: 85, Own Province: True",74.48
"New Religion: Old Gods, Current Religion: Skagosi Old Gods, Population: 200000, Control: 85, Own Province: False",73.96
"New Religion: Old Gods, Current Religion: Skagosi Old Gods, Population: 200000, Control: 90, Own Province: True",60.46
"New Religion: Old Gods, Current Religion: Skagosi Old Gods, Population: 200000, Control: 90, Own Province: False",74.49
"New Religion: Old Gods, Current Religion: Skagosi Old Gods, Population: 200000, Control: 95, Own Province: True",49.46
"New Religion: Old Gods, Current Religion: Skagosi Old Gods, Population: 200000, Control: 95, Own Province: False",74.72
"New Religion: Old Gods, Current Religion: Skagosi Old Gods, Population: 200000, Control: 100, Own Province: True",35.23
"New Religion: Old Gods, Current Religion: Skagosi Old Gods, Population: 200000, Control: 100, Own Province: False",73.91
"New Religion: Old Gods, Current Religion: Skagosi Old Gods, Population: 250000, Control: 85, Own Province: True",73.84
"New Religion: Old Gods, Current Religion: Skagosi Old Gods, Population: 250000, Control: 85, Own Province: False",73.7
"New Religion: Old Gods, Current Religion: Skagosi Old Gods, Population: 250000, Control: 90, Own Province: True",73.59
"New Religion: Old Gods, Current Religion: Skagosi Old Gods, Population: 250000, Control: 90, Own Province: False",74.09
"New Religion: Old Gods, Current Religion: Skagosi Old Gods, Population: 250000, Control: 95, Own Province: True",61.98
"New Religion: Old Gods, Current Religion: Skagosi Old Gods, Population: 250000, Control: 95, Own Province: False",74.97
"New Religion: Old Gods, Current Religion: Skagosi Old Gods, Population: 250000, Control: 100, Own Province: True",47.79
"New Religion: Old Gods, Current Religion: Skagosi Old Gods, Population: 250000, Control: 100, Own Province: False",74.87
"New Religion: Old Gods, Current Religion: Skagosi Old Gods, Population: 300000, Control: 85, Own Province: True",73.63
"New Religion: Old Gods, Current Religion: Skagosi Old Gods, Population: 300000, Control: 85, Own Province: False",74.19
"New Religion: Old Gods, Current Religion: Skagosi Old Gods, Population: 300000, Control: 90, Own Province: True",74.36
"New Religion: Old Gods, Current Religion: Skagosi Old Gods, Population: 300000, Control: 90, Own Province: False",73.89
"New Religion: Old Gods, Current Religion: Skagosi Old Gods, Population: 300000, Control: 95, Own Province: True",73.82
"New Religion: Old Gods, Current Religion: Skagosi Old Gods, Population: 300000, Control: 95, Own Province: False",73.62
"New Religion: Old Gods, Current Religion: Skagosi Old Gods, Population: 300000, Control: 100, Own Province: True",61.2
"New Religion: Old Gods, Current Religion: Skagosi Old Gods, Population: 300000, Control: 100, Own Province: False",74.26
"New Religion: Old Gods, Current Religion: DrownedGod, Population: 1000, Control: 85, Own Province: True",35.1
"New Religion: Old Gods, Current Religion: DrownedGod, Population: 1000, Control: 85, Own Province: False",34.37
"New Religion: Old Gods, Current Religion: DrownedGod, Population: 1000, Control: 90, Own Province: True",23.95
"New Religion: Old Gods, Current Religion: DrownedGod, Population: 1000, Control: 90, Own Province: False",47.45
"New Religion: Old Gods, Current Religion: DrownedGod, Population: 1000, Control: 95, Own Province: True",13.59
"New Religion: Old Gods, Current Religion: DrownedGod, Population: 1000, Control: 95, Own Province: False",61.88
"New Religion: Old Gods, Current Religion: DrownedGod, Population: 1000, Control: 100, Own Province: True",5.65
"New Religion: Old Gods, Current Religion: DrownedGod, Population: 1000, Control: 100, Own Province: False",74.41
"New Religion: Old Gods, Current Religion: DrownedGod, Population: 50000, Control: 85, Own Province: True",48.01
"New Religion: Old Gods, Current Religion: DrownedGod, Population: 50000, Control: 85, Own Province: False",47.95
"New Religion: Old Gods, Current Religion: DrownedGod, Population: 50000, Control: 90, Own Province: True",35.02
"New Religion: Old Gods, Current Religion: DrownedGod, Population: 50000, Control: 90, Own Province: False",61.14
"New Religion: Old Gods, Current Religion: DrownedGod, Population: 50000, Control: 95, Own Province: True",23.15
"New Religion: Old Gods, Current Religion: DrownedGod, Population: 50000, Control: 95, Own Province: False",73.78
"New Religion: Old Gods, Current Religion: DrownedGod, Population: 50000, Control: 100, Own Province: True",13.9
"New Religion: Old Gods, Current Religion: DrownedGod, Population: 50000, Control: 100, Own Province: False",73.5
"New Religion: Old Gods, Current Religion: DrownedGod, Population: 100000, Control: 85, Own Province: True",61.24
"New Religion: Old Gods, Current Religion: DrownedGod, Population: 100000, Control: 85, Own Province: False",62.15
"New Religion: Old Gods, Current Religion: DrownedGod, Population: 100000, Control: 90, Own Province: True",48.24
"New Religion: Old Gods, Current Religion: DrownedGod, Population: 100000, Control: 90, Own Province: False",73.87
"New Religion: Old Gods, Current Religion: DrownedGod, Population: 100000, Control: 95, Own Province: True",34.52
"New Religion: Old Gods, Current Religion: DrownedGod, Population: 100000, Control: 95, Own Province: False",74.74
"New Religion: Old Gods, Current Religion: DrownedGod, Population: 100000, Control: 100, Own Province: True",24.34
"New Religion: Old Gods, Current Religion: DrownedGod, Population: 100000, Control: 100, Own Province: False",74.17
"New Religion: Old Gods, Current Religion: DrownedGod, Population: 150000, Control: 85, Own Province: True",74.51
"New Religion: Old Gods, Current Religion: DrownedGod, Population: 150000, Control: 85, Own Province: False",74.55
"New Religion: Old Gods, Current Religion: DrownedGod, Population: 150000, Control: 90, Own Province: True",61.62
"New Religion: Old Gods, Current Religion: DrownedGod, Population: 150000, Control: 90, Own Province: False",74.42
"New Religion: Old Gods, Current Religion: DrownedGod, Population: 150000, Control: 95, Own Province: True",48.47
"New Religion: Old Gods, Current Religion: DrownedGod, Population: 150000, Control: 95, Own Province: False",73.63
"New Religion: Old Gods, Current Religion: DrownedGod, Population: 150000, Control: 100, Own Province: True",33.96
"New Religion: Old Gods, Current Religion: DrownedGod, Population: 150000, Control: 100, Own Province: False",73.67
"New Religion: Old Gods, Current Religion: DrownedGod, Population: 200000, Control: 85, Own Province: True",74.36
"New Religion: Old Gods, Current Religion: DrownedGod, Population: 200000, Control: 85, Own Province: False",73.67
"New Religion: Old Gods, Current Religion: DrownedGod, Population: 200000, Control: 90, Own Province: True",74.06
"New Religion: Old Gods, Current Religion: DrownedGod, Population: 200000, Control: 90, Own Province: False",73.96
"New Religion: Old Gods, Current Religion: DrownedGod, Population: 200000, Control: 95, Own Province: True",61.68
"New Religion: Old Gods, Current Religion: DrownedGod, Population: 200000, Control: 95, Own Province: False",74.46
"New Religion: Old Gods, Current Religion: DrownedGod, Population: 200000, Control: 100, Own Province: True",48.22
"New Religion: Old Gods, Current Religion: DrownedGod, Population: 200000, Control: 100, Own Province: False",74.09
"New Religion: Old Gods, Current Religion: DrownedGod, Population: 250000, Control: 85, Own Province: True",74.83
"New Religion: Old Gods, Current Religion: DrownedGod, Population: 250000, Control: 85, Own Province: False",74.27
"New Religion: Old Gods, Current Religion: DrownedGod, Population: 250000, Control: 90, Own Province: True",74.76
"New Religion: Old Gods, Current Religion: DrownedGod, Population: 250000, Control: 90, Own Province: False",74.23
"New Religion: Old Gods, Current Religion: DrownedGod, Population: 250000, Control: 95, Own Province: True",74.31
"New Religion: Old Gods, Current Religion: DrownedGod, Population: 250000, Control: 95, Own Province: False",74.16
"New Religion: Old Gods, Current Religion: DrownedGod, Population: 250000, Control: 100, Own Province: True",61.64
"New Religion: Old Gods, Current Religion: DrownedGod, Population: 250000, Control: 100, Own Province: False",74.86
"New Religion: Old Gods, Current Religion: DrownedGod, Population: 300000, Control: 85, Own Province: True",74.62
"New Religion: Old Gods, Current Religion: DrownedGod, Population: 300000, Control: 85, Own Province: False",74.13
"New Religion: Old Gods, Current Religion: DrownedGod, Population: 300000, Control: 90, Own Province: True",74.66
"New Religion: Old Gods, Current Religion: DrownedGod, Population: 300000, Control: 90, Own Province: False",73.93
"New Religion: Old Gods, Current Religion: DrownedGod, Population: 300000, Control: 95, Own Province: True",74.47
"New Religion: Old Gods, Current Religion: DrownedGod, Population: 300000, Control: 95, Own Province: False",73.45
"New Religion: Old Gods, Current Religion: DrownedGod, Population: 300000, Control: 100, Own Province: True",73.45
"New Religion: Old Gods, Current Religion: DrownedGod, Population: 300000, Control: 100, Own Province: False",74.54
"New Religion: Old Gods, Current Religion: DrownedGodII, Population: 1000, Control: 85, Own Province: True",23.04
"New Religion: Old Gods, Current Religion: DrownedGodII, Population: 1000, Control: 85, Own Province: False",24.42
"New Religion: Old Gods, Current Religion: DrownedGodII, Population: 1000, Control: 90, Own Province: True",14.11
"New Religion: Old Gods, Current Religion: DrownedGodII, Population: 1000, Control: 90, Own Province: False",35.54
"New Religion: Old Gods, Current Religion: DrownedGodII, Population: 1000, Control: 95, Own Province: True",5.93
"New Religion: Old Gods, Current Religion: DrownedGodII, Population: 1000, Control: 95, Own Province: False",48.4
"New Religion: Old Gods, Current Religion: DrownedGodII, Population: 1000, Control: 100, Own Province: True",0.0
"New Religion: Old Gods, Current Religion: DrownedGodII, Population: 1000, Control: 100, Own Province: False",60.92
"New Religion: Old Gods, Current Religion: DrownedGodII, Population: 50000, Control: 85, Own Province: True",34.9
"New Religion: Old Gods, Current Religion: DrownedGodII, Population: 50000, Control: 85, Own Province: False",34.93
"New Religion: Old Gods, Current Religion: DrownedGodII, Population: 50000, Control: 90, Own Province: True",24.14
"New Religion: Old Gods, Current Religion: DrownedGodII, Population: 50000, Control: 90, Own Province: False",48.12
"New Religion: Old Gods, Current Religion: DrownedGodII, Population: 50000, Control: 95, Own Province: True",13.37
"New Religion: Old Gods, Current Religion: DrownedGodII, Population: 50000, Control: 95, Own Province: False",60.95
"New Religion: Old Gods, Current Religion: DrownedGodII, Population: 50000, Control: 100, Own Province: True",6.37
"New Religion: Old Gods, Current Religion: DrownedGodII, Population: 50000, Control: 100, Own Province: False",74.42
"New Religion: Old Gods, Current Religion: DrownedGodII, Population: 100000, Control: 85, Own Province: True",48.46
"New Religion: Old Gods, Current Religion: DrownedGodII, Population: 100000, Control: 85, Own Province: False",48.68
"New Religion: Old Gods, Current Religion: DrownedGodII, Population: 100000, Control: 90, Own Province: True",35.0
"New Religion: Old Gods, Current Religion: DrownedGodII, Population: 100000, Control: 90, Own Province: False",61.03
"New Religion: Old Gods, Current Religion: DrownedGodII, Population: 100000, Control: 95, Own Province: True",23.59
"New Religion: Old Gods, Current Religion: DrownedGodII, Population: 100000, Control: 95, Own Province: False",73.99
"New Religion: Old Gods, Current Religion: DrownedGodII, Population: 100000, Control: 100, Own Province: True",13.34
"New Religion: Old Gods, Current Religion: DrownedGodII, Population: 100000, Control: 100, Own Province: False",73.94
"New Religion: Old Gods, Current Religion: DrownedGodII, Population: 150000, Control: 85, Own Province: True",61.74
"New Religion: Old Gods, Current Religion: DrownedGodII, Population: 150000, Control: 85, Own Province: False",61.62
"New Religion: Old Gods, Current Religion: DrownedGodII, Population: 150000, Control: 90, Own Province: True",48.01
"New Religion: Old Gods, Current Religion: DrownedGodII, Population: 150000, Control: 90, Own Province: False",73.59
"New Religion: Old Gods, Current Religion: DrownedGodII, Population: 150000, Control: 95, Own Province: True",35.64
"New Religion: Old Gods, Current Religion: DrownedGodII, Population: 150000, Control: 95, Own Province: False",73.91
"New Religion: Old Gods, Current Religion: DrownedGodII, Population: 150000, Control: 100, Own Province: True",23.33
"New Religion: Old Gods, Current Religion: DrownedGodII, Population: 150000, Control: 100, Own Province: False",74.4
"New Religion: Old Gods, Current Religion: DrownedGodII, Population: 200000, Control: 85, Own Province: True",73.99
"New Religion: Old Gods, Current Religion: DrownedGodII, Population: 200000, Control: 85, Own Province: False",74.11
"New Religion: Old Gods, Current Religion: DrownedGodII, Population: 200000, Control: 90, Own Province: True",61.65
"New Religion: Old Gods, Current Religion: DrownedGodII, Population: 200000, Control: 90, Own Province: False",73.44
"New Religion: Old Gods, Current Religion: DrownedGodII, Population: 200000, Control: 95, Own Province: True",48.3
"New Religion: Old Gods, Current Religion: DrownedGodII, Population: 200000, Control: 95, Own Province: False",74.28
"New Religion: Old Gods, Current Religion: DrownedGodII, Population: 200000, Control: 100, Own Province: True",34.29
"New Religion: Old Gods, Current Religion: DrownedGodII, Population: 200000, Control: 100, Own Province: False",74.22
"New Religion: Old Gods, Current Religion: DrownedGodII, Population: 250000, Control: 85, Own Province: True",74.12
"New Religion: Old Gods, Current Religion: DrownedGodII, Population: 250000, Control: 85, Own Province: False",74.71
"New Religion: Old Gods, Current Religion: DrownedGodII, Population: 250000, Control: 90, Own Province: True",74.1
"New Religion: Old Gods, Current Religion: DrownedGodII, Population: 250000, Control: 90, Own Province: False",74.6
"New Religion: Old Gods, Current Religion: DrownedGodII, Population: 250000, Control: 95, Own Province: True",60.6
"New Religion: Old Gods, Current Religion: DrownedGodII, Population: 250000, Control: 95, Own Province: False",74.31
"New Religion: Old Gods, Current Religion: DrownedGodII, Population: 250000, Control: 100, Own Province: True",47.48
"New Religion: Old Gods, Current Religion: DrownedGodII, Population: 250000, Control: 100, Own Province: False",74.17
"New Religion: Old Gods, Current Religion: DrownedGodII, Population: 300000, Control: 85, Own Province: True",74.43
"New Religion: Old Gods, Current Religion: DrownedGodII, Population: 300000, Control: 85, Own Province: False",74.03
"New Religion: Old Gods, Current Religion: DrownedGodII, Population: 300000, Control: 90, Own Province: True",73.4
"New Religion: Old Gods, Current Religion: DrownedGodII, Population: 300000, Control: 90, Own Province: False",73.73
"New Religion: Old Gods, Current Religion: DrownedGodII, Population: 300000, Control: 95, Own Province: True",73.76
"New Religion: Old Gods, Current Religion: DrownedGodII, Population: 300000, Control: 95, Own Province: False",74.01
"New Religion: Old Gods, Current Religion: DrownedGodII, Population: 300000, Control: 100, Own Province: True",61.69
"New Religion: Old Gods, Current Religion: DrownedGodII, Population: 300000, Control: 100, Own Province: False",74.09
"New Religion: Old Gods, Current Religion: Mother Rhoyne, Population: 1000, Control: 85, Own Province: True",24.47
"New Religion: Old Gods, Current Religion: Mother Rhoyne, Population: 1000, Control: 85, Own Province: False",24.1
"New Religion: Old Gods, Current Religion: Mother Rhoyne, Population: 1000, Control: 90, Own Province: True",14.12
"New Religion: Old Gods, Current Religion: Mother Rhoyne, Population: 1000, Control: 90, Own Province: False",34.96
"New Religion: Old Gods, Current Religion: Mother Rhoyne, Population: 1000, Control: 95, Own Province: True",6.14
"New Religion: Old Gods, Current Religion: Mother Rhoyne, Population: 1000, Control: 95, Own Province: False",47.3
"New Religion: Old Gods, Current Religion: Mother Rhoyne, Population: 1000, Control: 100, Own Province: True",0.0
"New Religion: Old Gods, Current Religion: Mother Rhoyne, Population: 1000, Control: 100, Own Province: False",60.98
"New Religion: Old Gods, Current Religion: Mother Rhoyne, Population: 50000, Control: 85, Own Province: True",35.09
"New Religion: Old Gods, Current Religion: Mother Rhoyne, Population: 50000, Control: 85, Own Province: False",35.75
"New Religion: Old Gods, Current Religion: Mother Rhoyne, Population: 50000, Control: 90, Own Province: True",23.35
"New Religion: Old Gods, Current Religion: Mother Rhoyne, Population: 50000, Control: 90, Own Province: False",48.5
"New Religion: Old Gods, Current Religion: Mother Rhoyne, Population: 50000, Control: 95, Own Province: True",13.41
"New Religion: Old Gods, Current Religion: Mother Rhoyne, Population: 50000, Control: 95, Own Province: False",61.13
"New Religion: Old Gods, Current Religion: Mother Rhoyne, Population: 50000, Control: 100, Own Province: True",6.23
"New Religion: Old Gods, Current Religion: Mother Rhoyne, Population: 50000, Control: 100, Own Province: False",74.41
"New Religion: Old Gods, Current Religion: Mother Rhoyne, Population: 100000, Control: 85, Own Province: True",48.28
"New Religion: Old Gods, Current Religion: Mother Rhoyne, Population: 100000, Control: 85, Own Province: False",48.09
"New Religion: Old Gods, Current Religion: Mother Rhoyne, Population: 100000, Control: 90, Own Province: True",35.28
"New Religion: Old Gods, Current Religion: Mother Rhoyne, Population: 100000, Control: 90, Own Province: False",61.2
"New Religion: Old Gods, Current Religion: Mother Rhoyne, Population: 100000, Control: 95, Own Province: True",24.09
"New Religion: Old Gods, Current Religion: Mother Rhoyne, Population: 100000, Control: 95, Own Province: False",73.86
"New Religion: Old Gods, Current Religion: Mother Rhoyne, Population: 100000, Control: 100, Own Province: True",13.5
"New Religion: Old Gods, Current Religion: Mother Rhoyne, Population: 100000, Control: 100, Own Province: False",73.7
"New Religion: Old Gods, Current Religion: Mother Rhoyne, Population: 150000, Control: 85, Own Province: True",60.12
"New Religion: Old Gods, Current Religion: Mother Rhoyne, Population: 150000, Control: 85, Own Province: False",61.0
"New Religion: Old Gods, Current Religion: Mother Rhoyne, Population: 150000, Control: 90, Own Province: True",48.5
"New Religion: Old Gods, Current Religion: Mother Rhoyne, Population: 150000, Control: 90, Own Province: False",73.81
"New Religion: Old Gods, Current Religion: Mother Rhoyne, Population: 150000, Control: 95, Own Province: True",35.45
"New Religion: Old Gods, Current Religion: Mother Rhoyne, Population: 150000, Control: 95, Own Province: False",74.59
"New Religion: Old Gods, Current Religion: Mother Rhoyne, Population: 150000, Control: 100, Own Province: True",23.7
"New Religion: Old Gods, Current Religion: Mother Rhoyne, Population: 150000, Control: 100, Own Province: False",75.14
"New Religion: Old Gods, Current Religion: Mother Rhoyne, Population: 200000, Control: 85, Own Province: True",74.46
"New Religion: Old Gods, Current Religion: Mother Rhoyne, Population: 200000, Control: 85, Own Province: False",74.18
"New Religion: Old Gods, Current Religion: Mother Rhoyne, Population: 200000, Control: 90, Own Province: True",61.13
"New Religion: Old Gods, Current Religion: Mother Rhoyne, Population: 200000, Control: 90, Own Province: False",74.12
"New Religion: Old Gods, Current Religion: Mother Rhoyne, Population: 200000, Control: 95, Own Province: True",48.2
"New Religion: Old Gods, Current Religion: Mother Rhoyne, Population: 200000, Control: 95, Own Province: False",73.44
"New Religion: Old Gods, Current Religion: Mother Rhoyne, Population: 200000, Control: 100, Own Province: True",34.61
"New Religion: Old Gods, Current Religion: Mother Rhoyne, Population: 200000, Control: 100, Own Province: False",74.48
"New Religion: Old Gods, Current Religion: Mother Rhoyne, Population: 250000, Control: 85, Own Province: True",73.82
"New Religion: Old Gods, Current Religion: Mother Rhoyne, Population: 250000, Control: 85, Own Province: False",74.4
"New Religion: Old Gods, Current Religion: Mother Rhoyne, Population: 250000, Control: 90, Own Province: True",74.24
"New Religion: Old Gods, Current Religion: Mother Rhoyne, Population: 250000, Control: 90, Own Province: False",73.98
"New Religion: Old Gods, Current Religion: Mother Rhoyne, Population: 250000, Control: 95, Own Province: True",61.58
"New Religion: Old Gods, Current Religion: Mother Rhoyne, Population: 250000, Control: 95, Own Province: False",73.89
"New Religion: Old Gods, Current Religion: Mother Rhoyne, Population: 250000, Control: 100, Own Province: True",48.31
"New Religion: Old Gods, Current Religion: Mother Rhoyne, Population: 250000, Control: 100, Own Province: False",73.97
"New Religion: Old Gods, Current Religion: Mother Rhoyne, Population: 300000, Control: 85, Own Province: True",74.02
"New Religion: Old Gods, Current Religion: Mother Rhoyne, Population: 300000, Control: 85, Own Province: False",73.85
"New Religion: Old Gods, Current Religion: Mother Rhoyne, Population: 300000, Control: 90, Own Province: True",74.48
"New Religion: Old Gods, Current Religion: Mother Rhoyne, Population: 300000, Control: 90, Own Province: False",73.96
"New Religion: Old Gods, Current Religion: Mother Rhoyne, Population: 300000, Control: 95, Own Province: True",74.51
"New Religion: Old Gods, Current Religion: Mother Rhoyne, Population: 300000, Control: 95, Own Province: False",74.37
"New Religion: Old Gods, Current Religion: Mother Rhoyne, Population: 300000, Control: 100, Own Province: True",61.26
"New Religion: Old Gods, Current Religion: Mother Rhoyne, Population: 300000, Control: 100, Own Province: False",74.15
"New Religion: Old Gods, Current Religion: Gods of Valyria, Population: 1000, Control: 85, Own Province: True",24.85
"New Religion: Old Gods, Current Religion: Gods of Valyria, Population: 1000, Control: 85, Own Province: False",23.77
"New Religion: Old Gods, Current Religion: Gods of Valyria, Population: 1000, Control: 90, Own Province: True",13.7
"New Religion: Old Gods, Current Religion: Gods of Valyria, Population: 1000, Control: 90, Own Province: False",34.85
"New Religion: Old Gods, Current Religion: Gods of Valyria, Population: 1000, Control: 95, Own Province: True",5.72
"New Religion: Old Gods, Current Religion: Gods of Valyria, Population: 1000, Control: 95, Own Province: False",47.92
"New Religion: Old Gods, Current Religion: Gods of Valyria, Population: 1000, Control: 100, Own Province: True",0.0
"New Religion: Old Gods, Current Religion: Gods of Valyria, Population: 1000, Control: 100, Own Province: False",61.67
"New Religion: Old Gods, Current Religion: Gods of Valyria, Population: 50000, Control: 85, Own Province: True",35.41
"New Religion: Old Gods, Current Religion: Gods of Valyria, Population: 50000, Control: 85, Own Province: False",35.39
"New Religion: Old Gods, Current Religion: Gods of Valyria, Population: 50000, Control: 90, Own Province: True",24.27
"New Religion: Old Gods, Current Religion: Gods of Valyria, Population: 50000, Control: 90, Own Province: False",48.63
"New Religion: Old Gods, Current Religion: Gods of Valyria, Population: 50000, Control: 95, Own Province: True",13.31
"New Religion: Old Gods, Current Religion: Gods of Valyria, Population: 50000, Control: 95, Own Province: False",61.48
"New Religion: Old Gods, Current Religion: Gods of Valyria, Population: 50000, Control: 100, Own Province: True",6.13
"New Religion: Old Gods, Current Religion: Gods of Valyria, Population: 50000, Control: 100, Own Province: False",73.96
"New Religion: Old Gods, Current Religion: Gods of Valyria, Population: 100000, Control: 85, Own Province: True",47.44
"New Religion: Old Gods, Current Religion: Gods of Valyria, Population: 100000, Control: 85, Own Province: False",48.11
"New Religion: Old Gods, Current Religion: Gods of Valyria, Population: 100000, Control: 90, Own Province: True",34.81
"New Religion: Old Gods, Current Religion: Gods of Valyria, Population: 100000, Control: 90, Own Province: False",61.09
"New Religion: Old Gods, Current Religion: Gods of Valyria, Population: 100000, Control: 95, Own Province: True",24.48
"New Religion: Old Gods, Current Religion: Gods of Valyria, Population: 100000, Control: 95, Own Province: False",75.2
"New Religion: Old Gods, Current Religion: Gods of Valyria, Population: 100000, Control: 100, Own Province: True",14.05
"New Religion: Old Gods, Current Religion: Gods of Valyria, Population: 100000, Control: 100, Own Province: False",74.39
"New Religion: Old Gods, Current Religion: Gods of Valyria, Population: 150000, Control: 85, Own Province: True",61.42
"New Religion: Old Gods, Current Religion: Gods of Valyria, Population: 150000, Control: 85, Own Province: False",61.28
"New Religion: Old Gods, Current Religion: Gods of Valyria, Population: 150000, Control: 90, Own Province: True",48.44
"New Religion: Old Gods, Current Religion: Gods of Valyria, Population: 150000, Control: 90, Own Province: False",74.47
"New Religion: Old Gods, Current Religion: Gods of Valyria, Population: 150000, Control: 95, Own Province: True",36.18
"New Religion: Old Gods, Current Religion: Gods of Valyria, Population: 150000, Control: 95, Own Province: False",73.9
"New Religion: Old Gods, Current Religion: Gods of Valyria, Population: 150000, Control: 100, Own Province: True",23.54
"New Religion: Old Gods, Current Religion: Gods of Valyria, Population: 150000, Control: 100, Own Province: False",73.79
"New Religion: Old Gods, Current Religion: Gods of Valyria, Population: 200000, Control: 85, Own Province: True",73.95
"New Religion: Old Gods, Current Religion: Gods of Valyria, Population: 200000, Control: 85, Own Province: False",74.5
"New Religion: Old Gods, Current Religion: Gods of Valyria, Population: 200000, Control: 90, Own Province: True",62.44
"New Religion: Old Gods, Current Religion: Gods of Valyria, Population: 200000, Control: 90, Own Province: False",73.88
"New Religion: Old Gods, Current Religion: Gods of Valyria, Population: 200000, Control: 95, Own Province: True",48.52
"New Religion: Old Gods, Current Religion: Gods of Valyria, Population: 200000, Control: 95, Own Province: False",74.16
"New Religion: Old Gods, Current Religion: Gods of Valyria, Population: 200000, Control: 100, Own Province: True",34.8
"New Religion: Old Gods, Current Religion: Gods of Valyria, Population: 200000, Control: 100, Own Province: False",73.83
"New Religion: Old Gods, Current Religion: Gods of Valyria, Population: 250000, Control: 85, Own Province: True",74.44
"New Religion: Old Gods, Current Religion: Gods of Valyria, Population: 250000, Control: 85, Own Province: False",73.77
"New Religion: Old Gods, Current Religion: Gods of Valyria, Population: 250000, Control: 90, Own Province: True",74.07
"New Religion: Old Gods, Current Religion: Gods of Valyria, Population: 250000, Control: 90, Own Province: False",74.3
"New Religion: Old Gods, Current Religion: Gods of Valyria, Population: 250000, Control: 95, Own Province: True",61.9
"New Religion: Old Gods, Current Religion: Gods of Valyria, Population: 250000, Control: 95, Own Province: False",73.76
"New Religion: Old Gods, Current Religion: Gods of Valyria, Population: 250000, Control: 100, Own Province: True",47.67
"New Religion: Old Gods, Current Religion: Gods of Valyria, Population: 250000, Control: 100, Own Province: False",73.24
"New Religion: Old Gods, Current Religion: Gods of Valyria, Population: 300000, Control: 85, Own Province: True",73.92
"New Religion: Old Gods, Current Religion: Gods of Valyria, Population: 300000, Control: 85, Own Province: False",74.03
"New Religion: Old Gods, Current Religion: Gods of Valyria, Population: 300000, Control: 90, Own Province: True",73.55
"New Religion: Old Gods, Current Religion: Gods of Valyria, Population: 300000, Control: 90, Own Province: False",74.79
"New Religion: Old Gods, Current Religion: Gods of Valyria, Population: 300000, Control: 95, Own Province: True",74.67
"New Religion: Old Gods, Current Religion: Gods of Valyria, Population: 300000, Control: 95, Own Province: False",73.38
"New Religion: Old Gods, Current Religion: Gods of Valyria, Population: 300000, Control: 100, Own Province: True",61.29
"New Religion: Old Gods, Current Religion: Gods of Valyria, Population: 300000, Control: 100, Own Province: False",74.75
"New Religion: Old Gods, Current Religion: R'hllor, Population: 1000, Control: 85, Own Province: True",23.56
"New Religion: Old Gods, Current Religion: R'hllor, Population: 1000, Control: 85, Own Province: False",23.89
"New Religion: Old Gods, Current Religion: R'hllor, Population: 1000, Control: 90, Own Province: True",14.03
"New Religion: Old Gods, Current Religion: R'hllor, Population: 1000, Control: 90, Own Province: False",34.73
"New Religion: Old Gods, Current Religion: R'hllor, Population: 1000, Control: 95, Own Province: True",5.79
"New Religion: Old Gods, Current Religion: R'hllor, Population: 1000, Control: 95, Own Province: False",48.36
"New Religion: Old Gods, Current Religion: R'hllor, Population: 1000, Control: 100, Own Province: True",0.0
"New Religion: Old Gods, Current Religion: R'hllor, Population: 1000, Control: 100, Own Province: False",61.54
"New Religion: Old Gods, Current Religion: R'hllor, Population: 50000, Control: 85, Own Province: True",34.62
"New Religion: Old Gods, Current Religion: R'hllor, Population: 50000, Control: 85, Own Province: False",34.91
"New Religion: Old Gods, Current Religion: R'hllor, Population: 50000, Control: 90, Own Province: True",23.8
"New Religion: Old Gods, Current Religion: R'hllor, Population: 50000, Control: 90, Own Province: False",48.75
"New Religion: Old Gods, Current Religion: R'hllor, Population: 50000, Control: 95, Own Province: True",14.37
"New Religion: Old Gods, Current Religion: R'hllor, Population: 50000, Control: 95, Own Province: False",61.59
"New Religion: Old Gods, Current Religion: R'hllor, Population: 50000, Control: 100, Own Province: True",5.98
"New Religion: Old Gods, Current Religion: R'hllor, Population: 50000, Control: 100, Own Province: False",74.29
"New Religion: Old Gods, Current Religion: R'hllor, Population: 100000, Control: 85, Own Province: True",47.77
"New Religion: Old Gods, Current Religion: R'hllor, Population: 100000, Control: 85, Own Province: False",48.19
"New Religion: Old Gods, Current Religion: R'hllor, Population: 100000, Control: 90, Own Province: True",35.09
"New Religion: Old Gods, Current Religion: R'hllor, Population: 100000, Control: 90, Own Province: False",60.69
"New Religion: Old Gods, Current Religion: R'hllor, Population: 100000, Control: 95, Own Province: True",23.41
"New Religion: Old Gods, Current Religion: R'hllor, Population: 100000, Control: 95, Own Province: False",74.16
"New Religion: Old Gods, Current Religion: R'hllor, Population: 100000, Control: 100, Own Province: True",13.86
"New Religion: Old Gods, Current Religion: R'hllor, Population: 100000, Control: 100, Own Province: False",73.85
"New Religion: Old Gods, Current Religion: R'hllor, Population: 150000, Control: 85, Own Province: True",61.25
"New Religion: Old Gods, Current Religion: R'hllor, Population: 150000, Control: 85, Own Province: False",61.09
"New Religion: Old Gods, Current Religion: R'hllor, Population: 150000, Control: 90, Own Province: True",48.12
"New Religion: Old Gods, Current Religion: R'hllor, Population: 150000, Control: 90, Own Province: False",74.98
"New Religion: Old Gods, Current Religion: R'hllor, Population: 150000, Control: 95, Own Province: True",35.49
"New Religion: Old Gods, Current Religion: R'hllor, Population: 150000, Control: 95, Own Province: False",74.69
"New Religion: Old Gods, Current Religion: R'hllor, Population: 150000, Control: 100, Own Province: True",23.7
"New Religion: Old Gods, Current Religion: R'hllor, Population: 150000, Control: 100, Own Province: False",74.43
"New Religion: Old Gods, Current Religion: R'hllor, Population: 200000, Control: 85, Own Province: True",73.87
"New Religion: Old Gods, Current Religion: R'hllor, Population: 200000, Control: 85, Own Province: False",74.02
"New Religion: Old Gods, Current Religion: R'hllor, Population: 200000, Control: 90, Own Province: True",61.48
"New Religion: Old Gods, Current Religion: R'hllor, Population: 200000, Control: 90, Own Province: False",74.17
"New Religion: Old Gods, Current Religion: R'hllor, Population: 200000, Control: 95, Own Province: True",48.95
"New Religion: Old Gods, Current Religion: R'hllor, Population: 200000, Control: 95, Own Province: False",74.68
"New Religion: Old Gods, Current Religion: R'hllor, Population: 200000, Control: 100, Own Province: True",35.37
"New Religion: Old Gods, Current Religion: R'hllor, Population: 200000, Control: 100, Own Province: False",74.48
"New Religion: Old Gods, Current Religion: R'hllor, Population: 250000, Control: 85, Own Province: True",73.73
"New Religion: Old Gods, Current Religion: R'hllor, Population: 250000, Control: 85, Own Province: False",74.05
"New Religion: Old Gods, Current Religion: R'hllor, Population: 250000, Control: 90, Own Province: True",74.68
"New Religion: Old Gods, Current Religion: R'hllor, Population: 250000, Control: 90, Own Province: False",74.7
"New Religion: Old Gods, Current Religion: R'hllor, Population: 250000, Control: 95, Own Province: True",62.07
"New Religion: Old Gods, Current Religion: R'hllor, Population: 250000, Control: 95, Own Province: False",74.55
"New Religion: Old Gods, Current Religion: R'hllor, Population: 250000, Control: 100, Own Province: True",48.65
"New Religion: Old Gods, Current Religion: R'hllor, Population: 250000, Control: 100, Own Province: False",74.31
"New Religion: Old Gods, Current Religion: R'hllor, Population: 300000, Control: 85, Own Province: True",74.72
"New Religion: Old Gods, Current Religion: R'hllor, Population: 300000, Control: 85, Own Province: False",74.77
"New Religion: Old Gods, Current Religion: R'hllor, Population: 300000, Control: 90, Own Province: True",73.99
"New Religion: Old Gods, Current Religion: R'hllor, Population: 300000, Control: 90, Own Province: False",74.34
"New Religion: Old Gods, Current Religion: R'hllor, Population: 300000, Control: 95, Own Province: True",73.44
"New Religion: Old Gods, Current Religion: R'hllor, Population: 300000, Control: 95, Own Province: False",74.09
"New Religion: Old Gods, Current Religion: R'hllor, Population: 300000, Control: 100, Own Province: True",61.43
"New Religion: Old Gods, Current Religion: R'hllor, Population: 300000, Control: 100, Own Province: False",74.59
"New Religion: Skagosi Old Gods, Current Religion: Faith of the Seven, Population: 1000, Control: 85, Own Province: True",73.7
"New Religion: Skagosi Old Gods, Current Religion: Faith of the Seven, Population: 1000, Control: 85, Own Province: False",74.2
"New Religion: Skagosi Old Gods, Current Religion: Faith of the Seven, Population: 1000, Control: 90, Own Province: True",74.79
"New Religion: Skagosi Old Gods, Current Religion: Faith of the Seven, Population: 1000, Control: 90, Own Province: False",74.03
"New Religion: Skagosi Old Gods, Current Religion: Faith of the Seven, Population: 1000, Control: 95, Own Province: True",74.25
"New Religion: Skagosi Old Gods, Current Religion: Faith of the Seven, Population: 1000, Control: 95, Own Province: False",73.91
"New Religion: Skagosi Old Gods, Current Religion: Faith of the Seven, Population: 1000, Control: 100, Own Province: True",62.53
"New Religion: Skagosi Old Gods, Current Religion: Faith of the Seven, Population: 1000, Control: 100, Own Province: False",74.45
"New Religion: Skagosi Old Gods, Current Religion: Faith of the Seven, Population: 50000, Control: 85, Own Province: True",73.65
"New Religion: Skagosi Old Gods, Current Religion: Faith of the Seven, Population: 50000, Control: 85, Own Province: False",74.12
"New Religion: Skagosi Old Gods, Current Religion: Faith of the Seven, Population: 50000, Control: 90, Own Province: True",74.88
"New Religion: Skagosi Old Gods, Current Religion: Faith of the Seven, Population: 50000, Control: 90, Own Province: False",73.91
"New Religion: Skagosi Old Gods, Current Religion: Faith of the Seven, Population: 50000, Control: 95, Own Province: True",73.54
"New Religion: Skagosi Old Gods, Current Religion: Faith of the Seven, Population: 50000, Control: 95, Own Province: False",74.9
"New Religion: Skagosi Old Gods, Current Religion: Faith of the Seven, Population: 50000, Control: 100, Own Province: True",74.15
"New Religion: Skagosi Old Gods, Current Religion: Faith of the Seven, Population: 50000, Control: 100, Own Province: False",73.83
"New Religion: Skagosi Old Gods, Current Religion: Faith of the Seven, Population: 100000, Control: 85, Own Province: True",74.28
"New Religion: Skagosi Old Gods, Current Religion: Faith of the Seven, Population: 100000, Control: 85, Own Province: False",74.39
"New Religion: Skagosi Old Gods, Current Religion: Faith of the Seven, Population: 100000, Control: 90, Own Province: True",74.25
"New Religion: Skagosi Old Gods, Current Religion: Faith of the Seven, Population: 100000, Control: 90, Own Province: False",74.48
"New Religion: Skagosi Old Gods, Current Religion: Faith of the Seven, Population: 100000, Control: 95, Own Province: True",74.31
"New Religion: Skagosi Old Gods, Current Religion: Faith of the Seven, Population: 100000, Control: 95, Own Province: False",74.06
"New Religion: Skagosi Old Gods, Current Religion: Faith of the Seven, Population: 100000, Control: 100, Own Province: True",74.92
"New Religion: Skagosi Old Gods, Current Religion: Faith of the Seven, Population: 100000, Control: 100, Own Province: False",75.04
"New Religion: Skagosi Old Gods, Current Religion: Faith of the Seven, Population: 150000, Control: 85, Own Province: True",74.17
"New Religion: Skagosi Old Gods, Current Religion: Faith of the Seven, Population: 150000, Control: 85, Own Province: False",74.27
"New Religion: Skagosi Old Gods, Current Religion: Faith of the Seven, Population: 150000, Control: 90, Own Province: True",74.97
"New Religion: Skagosi Old Gods, Current Religion: Faith of the Seven, Population: 150000, Control: 90, Own Province: False",74.0
"New Religion: Skagosi Old Gods, Current Religion: Faith of the Seven, Population: 150000, Control: 95, Own Province: True",73.53
"New Religion: Skagosi Old Gods, Current Religion: Faith of the Seven, Population: 150000, Control: 95, Own Province: False",73.58
"New Religion: Skagosi Old Gods, Current Religion: Faith of the Seven, Population: 150000, Control: 100, Own Province: True",73.98
"New Religion: Skagosi Old Gods, Current Religion: Faith of the Seven, Population: 150000, Control: 100, Own Province: False",74.67
"New Religion: Skagosi Old Gods, Current Religion: Faith of the Seven, Population: 200000, Control: 85, Own Province: True",74.37
"New Religion: Skagosi Old Gods, Current Religion: Faith of the Seven, Population: 200000, Control: 85, Own Province: False",73.38
"New Religion: Skagosi Old Gods, Current Religion: Faith of the Seven, Population: 200000, Control: 90, Own Province: True",73.34
"New Religion: Skagosi Old Gods, Current Religion: Faith of the Seven, Population: 200000, Control: 90, Own Province: False",74.23
"New Religion: Skagosi Old Gods, Current Religion: Faith of the Seven, Population: 200000, Control: 95, Own Province: True",73.17
"New Religion: Skagosi Old Gods, Current Religion: Faith of the Seven, Population: 200000, Control: 95, Own Province: False",74.64
"New Religion: Skagosi Old Gods, Current Religion: Faith of the Seven, Population: 200000, Control: 100, Own Province: True",74.06
"New Religion: Skagosi Old Gods, Current Religion: Faith of the Seven, Population: 200000, Control: 100, Own Province: False",74.7
"New Religion: Skagosi Old Gods, Current Religion: Faith of the Seven, Population: 250000, Control: 85, Own Province: True",74.32
"New Religion: Skagosi Old Gods, Current Religion: Faith of the Seven, Population: 250000, Control: 85, Own Province: False",73.9
"New Religion: Skagosi Old Gods, Current Religion: Faith of the Seven, Population: 250000, Control: 90, Own Province: True",73.99
"New Religion: Skagosi Old Gods, Current Religion: Faith of the Seven, Population: 250000, Control: 90, Own Province: False",74.75
"New Religion: Skagosi Old Gods, Current Religion: Faith of the Seven, Population: 250000, Control: 95, Own Province: True",74.57
"New Religion: Skagosi Old Gods, Current Religion: Faith of the Seven, Population: 250000, Control: 95, Own Province: False",73.86
"New Religion: Skagosi Old Gods, Current Religion: Faith of the Seven, Population: 250000, Control: 100, Own Province: True",73.67
"New Religion: Skagosi Old Gods, Current Religion: Faith of the Seven, Population: 250000, Control: 100, Own Province: False",74.8
"New Religion: Skagosi Old Gods, Current Religion: Faith of the Seven, Population: 300000, Control: 85, Own Province: True",74.07
"New Religion: Skagosi Old Gods, Current Religion: Faith of the Seven, Population: 300000, Control: 85, Own Province: False",74.01
"New Religion: Skagosi Old Gods, Current Religion: Faith of the Seven, Population: 300000, Control: 90, Own Province: True",74.29
"New Religion: Skagosi Old Gods, Current Religion: Faith of the Seven, Population: 300000, Control: 90, Own Province: False",74.31
"New Religion: Skagosi Old Gods, Current Religion: Faith of the Seven, Population: 300000, Control: 95, Own Province: True",74.76
"New Religion: Skagosi Old Gods, Current Religion: Faith of the Seven, Population: 300000, Control: 95, Own Province: False",73.84
"New Religion: Skagosi Old Gods, Current Religion: Faith of the Seven, Population: 300000, Control: 100, Own Province: True",74.4
"New Religion: Skagosi Old Gods, Current Religion: Faith of the Seven, Population: 300000, Control: 100, Own Province: False",74.51
"New Religion: Skagosi Old Gods, Current Religion: Old Gods, Population: 1000, Control: 85, Own Province: True",73.55
"New Religion: Skagosi Old Gods, Current Religion: Old Gods, Population: 1000, Control: 85, Own Province: False",74.66
"New Religion: Skagosi Old Gods, Current Religion: Old Gods, Population: 1000, Control: 90, Own Province: True",74.12
"New Religion: Skagosi Old Gods, Current Religion: Old Gods, Population: 1000, Control: 90, Own Province: False",74.16
"New Religion: Skagosi Old Gods, Current Religion: Old Gods, Population: 1000, Control: 95, Own Province: True",61.27
"New Religion: Skagosi Old Gods, Current Religion: Old Gods, Population: 1000, Control: 95, Own Province: False",73.71
"New Religion: Skagosi Old Gods, Current Religion: Old Gods, Population: 1000, Control: 100, Own Province: True",49.2
"New Religion: Skagosi Old Gods, Current Religion: Old Gods, Population: 1000, Control: 100, Own Province: False",74.03
"New Religion: Skagosi Old Gods, Current Religion: Old Gods, Population: 50000, Control: 85, Own Province: True",74.19
"New Religion: Skagosi Old Gods, Current Religion: Old Gods, Population: 50000, Control: 85, Own Province: False",74.55
"New Religion: Skagosi Old Gods, Current Religion: Old Gods, Population: 50000, Control: 90, Own Province: True",74.59
"New Religion: Skagosi Old Gods, Current Religion: Old Gods, Population: 50000, Control: 90, Own Province: False",74.11
"New Religion: Skagosi Old Gods, Current Religion: Old Gods, Population: 50000, Control: 95, Own Province: True",74.47
"New Religion: Skagosi Old Gods, Current Religion: Old Gods, Population: 50000, Control: 95, Own Province: False",74.5
"New Religion: Skagosi Old Gods, Current Religion: Old Gods, Population: 50000, Control: 100, Own Province: True",61.23
"New Religion: Skagosi Old Gods, Current Religion: Old Gods, Population: 50000, Control: 100, Own Province: False",73.92
"New Religion: Skagosi Old Gods, Current Religion: Old Gods, Population: 100000, Control: 85, Own Province: True",74.07
"New Religion: Skagosi Old Gods, Current Religion: Old Gods, Population: 100000, Control: 85, Own Province: False",74.91
"New Religion: Skagosi Old Gods, Current Religion: Old Gods, Population: 100000, Control: 90, Own Province: True",75.15
"New Religion: Skagosi Old Gods, Current Religion: Old Gods, Population: 100000, Control: 90, Own Province: False",73.17
"New Religion: Skagosi Old Gods, Current Religion: Old Gods, Population: 100000, Control: 95, Own Province: True",74.37
"New Religion: Skagosi Old Gods, Current Religion: Old Gods, Population: 100000, Control: 95, Own Province: False",74.17
"New Religion: Skagosi Old Gods, Current Religion: Old Gods, Population: 100000, Control: 100, Own Province: True",74.76
"New Religion: Skagosi Old Gods, Current Religion: Old Gods, Population: 100000, Control: 100, Own Province: False",74.46
"New Religion: Skagosi Old Gods, Current Religion: Old Gods, Population: 150000, Control: 85, Own Province: True",73.52
"New Religion: Skagosi Old Gods, Current Religion: Old Gods, Population: 150000, Control: 85, Own Province: False",74.94
"New Religion: Skagosi Old Gods, Current Religion: Old Gods, Population: 150000, Control: 90, Own Province: True",74.18
"New Religion: Skagosi Old Gods, Current Religion: Old Gods, Population: 150000, Control: 90, Own Province: False",74.74
"New Religion: Skagosi Old Gods, Current Religion: Old Gods, Population: 150000, Control: 95, Own Province: True",74.22
"New Religion: Skagosi Old Gods, Current Religion: Old Gods, Population: 150000, Control: 95, Own Province: False",74.57
"New Religion: Skagosi Old Gods, Current Religion: Old Gods, Population: 150000, Control: 100, Own Province: True",74.3
"New Religion: Skagosi Old Gods, Current Religion: Old Gods, Population: 150000, Control: 100, Own Province: False",74.08
"New Religion: Skagosi Old Gods, Current Religion: Old Gods, Population: 200000, Control: 85, Own Province: True",74.14
"New Religion: Skagosi Old Gods, Current Religion: Old Gods, Population: 200000, Control: 85, Own Province: False",74.96
"New Religion: Skagosi Old Gods, Current Religion: Old Gods, Population: 200000, Control: 90, Own Province: True",73.08
"New Religion: Skagosi Old Gods, Current Religion: Old Gods, Population: 200000, Control: 90, Own Province: False",74.15
"New Religion: Skagosi Old Gods, Current Religion: Old Gods, Population: 200000, Control: 95, Own Province: True",74.41
"New Religion: Skagosi Old Gods, Current Religion: Old Gods, Population: 200000, Control: 95, Own Province: False",73.74
"New Religion: Skagosi Old Gods, Current Religion: Old Gods, Population: 200000, Control: 100, Own Province: True",74.69
"New Religion: Skagosi Old Gods, Current Religion: Old Gods, Population: 200000, Control: 100, Own Province: False",74.21
"New Religion: Skagosi Old Gods, Current Religion: Old Gods, Population: 250000, Control: 85, Own Province: True",74.57
"New Religion: Skagosi Old Gods, Current Religion: Old Gods, Population: 250000, Control: 85, Own Province: False",74.24
"New Religion: Skagosi Old Gods, Current Religion: Old Gods, Population: 250000, Control: 90, Own Province: True",74.3
"New Religion: Skagosi Old Gods, Current Religion: Old Gods, Population: 250000, Control: 90, Own Province: False",74.41
"New Religion: Skagosi Old Gods, Current Religion: Old Gods, Population: 250000, Control: 95, Own Province: True",74.47
"New Religion: Skagosi Old Gods, Current Religion: Old Gods, Population: 250000, Control: 95, Own Province: False",74.83
"New Religion: Skagosi Old Gods, Current Religion: Old Gods, Population: 250000, Control: 100, Own Province: True",73.14
"New Religion: Skagosi Old Gods, Current Religion: Old Gods, Population: 250000, Control: 100, Own Province: False",73.85
"New Religion: Skagosi Old Gods, Current Religion: Old Gods, Population: 300000, Control: 85, Own Province: True",74.33
"New Religion: Skagosi Old Gods, Current Religion: Old Gods, Population: 300000, Control: 85, Own Province: False",74.61
"New Religion: Skagosi Old Gods, Current Religion: Old Gods, Population: 300000, Control: 90, Own Province: True",74.21
"New Religion: Skagosi Old Gods, Current Religion: Old Gods, Population: 300000, Control: 90, Own Province: False",74.5
"New Religion: Skagosi Old Gods, Current Religion: Old Gods, Population: 300000, Control: 95, Own Province: True",74.62
"New Religion: Skagosi Old Gods, Current Religion: Old Gods, Population: 300000, Control: 95, Own Province: False",74.32
"New Religion: Skagosi Old Gods, Current Religion: Old Gods, Population: 300000, Control: 100, Own Province: True",74.15
"New Religion: Skagosi Old Gods, Current Religion: Old Gods, Population: 300000, Control: 100, Own Province: False",74.37
"New Religion: Skagosi Old Gods, Current Religion: DrownedGod, Population: 1000, Control: 85, Own Province: True",73.93
"New Religion: Skagosi Old Gods, Current Religion: DrownedGod, Population: 1000, Control: 85, Own Province: False",74.6
"New Religion: Skagosi Old Gods, Current Religion: DrownedGod, Population: 1000, Control: 90, Own Province: True",74.23
"New Religion: Skagosi Old Gods, Current Religion: DrownedGod, Population: 1000, Control: 90, Own Province: False",73.79
"New Religion: Skagosi Old Gods, Current Religion: DrownedGod, Population: 1000, Control: 95, Own Province: True",74.57
"New Religion: Skagosi Old Gods, Current Religion: DrownedGod, Population: 1000, Control: 95, Own Province: False",73.87
"New Religion: Skagosi Old Gods, Current Religion: DrownedGod, Population: 1000, Control: 100, Own Province: True",74.45
"New Religion: Skagosi Old Gods, Current Religion: DrownedGod, Population: 1000, Control: 100, Own Province: False",74.34
"New Religion: Skagosi Old Gods, Current Religion: DrownedGod, Population: 50000, Control: 85, Own Province: True",74.51
"New Religion: Skagosi Old Gods, Current Religion: DrownedGod, Population: 50000, Control: 85, Own Province: False",74.38
"New Religion: Skagosi Old Gods, Current Religion: DrownedGod, Population: 50000, Control: 90, Own Province: True",74.07
"New Religion: Skagosi Old Gods, Current Religion: DrownedGod, Population: 50000, Control: 90, Own Province: False",74.41
"New Religion: Skagosi Old Gods, Current Religion: DrownedGod, Population: 50000, Control: 95, Own Province: True",73.96
"New Religion: Skagosi Old Gods, Current Religion: DrownedGod, Population: 50000, Control: 95, Own Province: False",74.15
"New Religion: Skagosi Old Gods, Current Religion: DrownedGod, Population: 50000, Control: 100, Own Province: True",73.56
"New Religion: Skagosi Old Gods, Current Religion: DrownedGod, Population: 50000, Control: 100, Own Province: False",74.59
"New Religion: Skagosi Old Gods, Current Religion: DrownedGod, Population: 100000, Control: 85, Own Province: True",74.01
"New Religion: Skagosi Old Gods, Current Religion: DrownedGod, Population: 100000, Control: 85, Own Province: False",74.57
"New Religion: Skagosi Old Gods, Current Religion: DrownedGod, Population: 100000, Control: 90, Own Province: True",73.85
"New Religion: Skagosi Old Gods, Current Religion: DrownedGod, Population: 100000, Control: 90, Own Province: False",73.79
"New Religion: Skagosi Old Gods, Current Religion: DrownedGod, Population: 100000, Control: 95, Own Province: True",74.03
"New Religion: Skagosi Old Gods, Current Religion: DrownedGod, Population: 100000, Control: 95, Own Province: False",73.78
"New Religion: Skagosi Old Gods, Current Religion: DrownedGod, Population: 100000, Control: 100, Own Province: True",75.0
"New Religion: Skagosi Old Gods, Current Religion: DrownedGod, Population: 100000, Control: 100, Own Province: False",73.93
"New Religion: Skagosi Old Gods, Current Religion: DrownedGod, Population: 150000, Control: 85, Own Province: True",74.67
"New Religion: Skagosi Old Gods, Current Religion: DrownedGod, Population: 150000, Control: 85, Own Province: False",74.02
"New Religion: Skagosi Old Gods, Current Religion: DrownedGod, Population: 150000, Control: 90, Own Province: True",73.81
"New Religion: Skagosi Old Gods, Current Religion: DrownedGod, Population: 150000, Control: 90, Own Province: False",74.71
"New Religion: Skagosi Old Gods, Current Religion: DrownedGod, Population: 150000, Control: 95, Own Province: True",73.97
"New Religion: Skagosi Old Gods, Current Religion: DrownedGod, Population: 150000, Control: 95, Own Province: False",74.0
"New Religion: Skagosi Old Gods, Current Religion: DrownedGod, Population: 150000, Control: 100, Own Province: True",74.96
"New Religion: Skagosi Old Gods, Current Religion: DrownedGod, Population: 150000, Control: 100, Own Province: False",73.93
"New Religion: Skagosi Old Gods, Current Religion: DrownedGod, Population: 200000, Control: 85, Own Province: True",74.03
"New Religion: Skagosi Old Gods, Current Religion: DrownedGod, Population: 200000, Control: 85, Own Province: False",74.33
"New Religion: Skagosi Old Gods, Current Religion: DrownedGod, Population: 200000, Control: 90, Own Province: True",75.01
"New Religion: Skagosi Old Gods, Current Religion: DrownedGod, Population: 200000, Control: 90, Own Province: False",74.78
"New Religion: Skagosi Old Gods, Current Religion: DrownedGod, Population: 200000, Control: 95, Own Province: True",73.8
"New Religion: Skagosi Old Gods, Current Religion: DrownedGod, Population: 200000, Control: 95, Own Province: False",74.15
"New Religion: Skagosi Old Gods, Current Religion: DrownedGod, Population: 200000, Control: 100, Own Province: True",74.72
"New Religion: Skagosi Old Gods, Current Religion: DrownedGod, Population: 200000, Control: 100, Own Province: False",73.99
"New Religion: Skagosi Old Gods, Current Religion: DrownedGod, Population: 250000, Control: 85, Own Province: True",73.93
"New Religion: Skagosi Old Gods, Current Religion: DrownedGod, Population: 250000, Control: 85, Own Province: False",74.3
"New Religion: Skagosi Old Gods, Current Religion: DrownedGod, Population: 250000, Control: 90, Own Province: True",74.45
"New Religion: Skagosi Old Gods, Current Religion: DrownedGod, Population: 250000, Control: 90, Own Province: False",74.23
"New Religion: Skagosi Old Gods, Current Religion: DrownedGod, Population: 250000, Control: 95, Own Province: True",73.78
"New Religion: Skagosi Old Gods, Current Religion: DrownedGod, Population: 250000, Control: 95, Own Province: False",73.91
"New Religion: Skagosi Old Gods, Current Religion: DrownedGod, Population: 250000, Control: 100, Own Province: True",74.81
"New Religion: Skagosi Old Gods, Current Religion: DrownedGod, Population: 250000, Control: 100, Own Province: False",74.98
"New Religion: Skagosi Old Gods, Current Religion: DrownedGod, Population: 300000, Control: 85, Own Province: True",73.94
"New Religion: Skagosi Old Gods, Current Religion: DrownedGod, Population: 300000, Control: 85, Own Province: False",74.74
"New Religion: Skagosi Old Gods, Current Religion: DrownedGod, Population: 300000, Control: 90, Own Province: True",74.64
"New Religion: Skagosi Old Gods, Current Religion: DrownedGod, Population: 300000, Control: 90, Own Province: False",73.5
"New Religion: Skagosi Old Gods, Current Religion: DrownedGod, Population: 300000, Control: 95, Own Province: True",74.49
"New Religion: Skagosi Old Gods, Current Religion: DrownedGod, Population: 300000, Control: 95, Own Province: False",74.06
"New Religion: Skagosi Old Gods, Current Religion: DrownedGod, Population: 300000, Control: 100, Own Province: True",75.05
"New Religion: Skagosi Old Gods, Current Religion: DrownedGod, Population: 300000, Control: 100, Own Province: False",74.17
"New Religion: Skagosi Old Gods, Current Religion: DrownedGodII, Population: 1000, Control: 85, Own Province: True",75.11
"New Religion: Skagosi Old Gods, Current Religion: DrownedGodII, Population: 1000, Control: 85, Own Province: False",73.73
"New Religion: Skagosi Old Gods, Current Religion: DrownedGodII, Population: 1000, Control: 90, Own Province: True",73.31
"New Religion: Skagosi Old Gods, Current Religion: DrownedGodII, Population: 1000, Control: 90, Own Province: False",74.06
"New Religion: Skagosi Old Gods, Current Religion: DrownedGodII, Population: 1000, Control: 95, Own Province: True",75.2
"New Religion: Skagosi Old Gods, Current Religion: DrownedGodII, Population: 1000, Control: 95, Own Province: False",74.57
"New Religion: Skagosi Old Gods, Current Religion: DrownedGodII, Population: 1000, Control: 100, Own Province: True",61.73
"New Religion: Skagosi Old Gods, Current Religion: DrownedGodII, Population: 1000, Control: 100, Own Province: False",74.28
"New Religion: Skagosi Old Gods, Current Religion: DrownedGodII, Population: 50000, Control: 85, Own Province: True",74.57
"New Religion: Skagosi Old Gods, Current Religion: DrownedGodII, Population: 50000, Control: 85, Own Province: False",74.71
"New Religion: Skagosi Old Gods, Current Religion: DrownedGodII, Population: 50000, Control: 90, Own Province: True",74.5
"New Religion: Skagosi Old Gods, Current Religion: DrownedGodII, Population: 50000, Control: 90, Own Province: False",74.47
"New Religion: Skagosi Old Gods, Current Religion: DrownedGodII, Population: 50000, Control: 95, Own Province: True",74.52
"New Religion: Skagosi Old Gods, Current Religion: DrownedGodII, Population: 50000, Control: 95, Own Province: False",73.88
"New Religion: Skagosi Old Gods, Current Religion: DrownedGodII, Population: 50000, Control: 100, Own Province: True",74.89
"New Religion: Skagosi Old Gods, Current Religion: DrownedGodII, Population: 50000, Control: 100, Own Province: False",73.92
"New Religion: Skagosi Old Gods, Current Religion: DrownedGodII, Population: 100000, Control: 85, Own Province: True",74.36
"New Religion: Skagosi Old Gods, Current Religion: DrownedGodII, Population: 100000, Control: 85, Own Province: False",73.96
"New Religion: Skagosi Old Gods, Current Religion: DrownedGodII, Population: 100000, Control: 90, Own Province: True",73.7
"New Religion: Skagosi Old Gods, Current Religion: DrownedGodII, Population: 100000, Control: 90, Own Province: False",74.42
"New Religion: Skagosi Old Gods, Current Religion: DrownedGodII, Population: 100000, Control: 95, Own Province: True",74.36
"New Religion: Skagosi Old Gods, Current Religion: DrownedGodII, Population: 100000, Control: 95, Own Province: False",73.93
"New Religion: Skagosi Old Gods, Current Religion: DrownedGodII, Population: 100000, Control: 100, Own Province: True",73.86
"New Religion: Skagosi Old Gods, Current Religion: DrownedGodII, Population: 100000, Control: 100, Own Province: False",74.63
"New Religion: Skagosi Old Gods, Current Religion: DrownedGodII, Population: 150000, Control: 85, Own Province: True",73.94
"New Religion: Skagosi Old Gods, Current Religion: DrownedGodII, Population: 150000, Control: 85, Own Province: False",73.82
"New Religion: Skagosi Old Gods, Current Religion: DrownedGodII, Population: 150000, Control: 90, Own Province: True",73.86
"New Religion: Skagosi Old Gods, Current Religion: DrownedGodII, Population: 150000, Control: 90, Own Province: False",74.3
"New Religion: Skagosi Old Gods, Current Religion: DrownedGodII, Population: 150000, Control: 95, Own Province: True",73.73
"New Religion: Skagosi Old Gods, Current Religion: DrownedGodII, Population: 150000, Control: 95, Own Province: False",73.94
"New Religion: Skagosi Old Gods, Current Religion: DrownedGodII, Population: 150000, Control: 100, Own Province: True",73.85
"New Religion: Skagosi Old Gods, Current Religion: DrownedGodII, Population: 150000, Control: 100, Own Province: False",74.68
"New Religion: Skagosi Old Gods, Current Religion: DrownedGodII, Population: 200000, Control: 85, Own Province: True",73.75
"New Religion: Skagosi Old Gods, Current Religion: DrownedGodII, Population: 200000, Control: 85, Own Province: False",73.87
"New Religion: Skagosi Old Gods, Current Religion: DrownedGodII, Population: 200000, Control: 90, Own Province: True",74.25
"New Religion: Skagosi Old Gods, Current Religion: DrownedGodII, Population: 200000, Control: 90, Own Province: False",74.14
"New Religion: Skagosi Old Gods, Current Religion: DrownedGodII, Population: 200000, Control: 95, Own Province: True",74.44
"New Religion: Skagosi Old Gods, Current Religion: DrownedGodII, Population: 200000, Control: 95, Own Province: False",75.0
"New Religion: Skagosi Old Gods, Current Religion: DrownedGodII, Population: 200000, Control: 100, Own Province: True",73.71
"New Religion: Skagosi Old Gods, Current Religion: DrownedGodII, Population: 200000, Control: 100, Own Province: False",74.01
"New Religion: Skagosi Old Gods, Current Religion: DrownedGodII, Population: 250000, Control: 85, Own Province: True",74.72
"New Religion: Skagosi Old Gods, Current Religion: DrownedGodII, Population: 250000, Control: 85, Own Province: False",73.68
"New Religion: Skagosi Old Gods, Current Religion: DrownedGodII, Population: 250000, Control: 90, Own Province: True",73.84
"New Religion: Skagosi Old Gods, Current Religion: DrownedGodII, Population: 250000, Control: 90, Own Province: False",73.77
"New Religion: Skagosi Old Gods, Current Religion: DrownedGodII, Population: 250000, Control: 95, Own Province: True",74.29
"New Religion: Skagosi Old Gods, Current Religion: DrownedGodII, Population: 250000, Control: 95, Own Province: False",73.69
"New Religion: Skagosi Old Gods, Current Religion: DrownedGodII, Population: 250000, Control: 100, Own Province: True",74.6
"New Religion: Skagosi Old Gods, Current Religion: DrownedGodII, Population: 250000, Control: 100, Own Province: False",73.81
"New Religion: Skagosi Old Gods, Current Religion: DrownedGodII, Population: 300000, Control: 85, Own Province: True",74.08
"New Religion: Skagosi Old Gods, Current Religion: DrownedGodII, Population: 300000, Control: 85, Own Province: False",74.54
"New Religion: Skagosi Old Gods, Current Religion: DrownedGodII, Population: 300000, Control: 90, Own Province: True",73.52
"New Religion: Skagosi Old Gods, Current Religion: DrownedGodII, Population: 300000, Control: 90, Own Province: False",74.16
"New Religion: Skagosi Old Gods, Current Religion: DrownedGodII, Population: 300000, Control: 95, Own Province: True",73.92
"New Religion: Skagosi Old Gods, Current Religion: DrownedGodII, Population: 300000, Control: 95, Own Province: False",74.36
"New Religion: Skagosi Old Gods, Current Religion: DrownedGodII, Population: 300000, Control: 100, Own Province: True",73.87
"New Religion: Skagosi Old Gods, Current Religion: DrownedGodII, Population: 300000, Control: 100, Own Province: False",74.23
"New Religion: Skagosi Old Gods, Current Religion: Mother Rhoyne, Population: 1000, Control: 85, Own Province: True",75.0
"New Religion: Skagosi Old Gods, Current Religion: Mother Rhoyne, Population: 1000, Control: 85, Own Province: False",74.37
"New Religion: Skagosi Old Gods, Current Religion: Mother Rhoyne, Population: 1000, Control: 90, Own Province: True",73.13
"New Religion: Skagosi Old Gods, Current Religion: Mother Rhoyne, Population: 1000, Control: 90, Own Province: False",73.42
"New Religion: Skagosi Old Gods, Current Religion: Mother Rhoyne, Population: 1000, Control: 95, Own Province: True",74.37
"New Religion: Skagosi Old Gods, Current Religion: Mother Rhoyne, Population: 1000, Control: 95, Own Province: False",74.16
"New Religion: Skagosi Old Gods, Current Religion: Mother Rhoyne, Population: 1000, Control: 100, Own Province: True",61.53
"New Religion: Skagosi Old Gods, Current Religion: Mother Rhoyne, Population: 1000, Control: 100, Own Province: False",74.55
"New Religion: Skagosi Old Gods, Current Religion: Mother Rhoyne, Population: 50000, Control: 85, Own Province: True",74.17
"New Religion: Skagosi Old Gods, Current Religion: Mother Rhoyne, Population: 50000, Control: 85, Own Province: False",74.04
"New Religion: Skagosi Old Gods, Current Religion: Mother Rhoyne, Population: 50000, Control: 90, Own Province: True",74.56
"New Religion: Skagosi Old Gods, Current Religion: Mother Rhoyne, Population: 50000, Control: 90, Own Province: False",74.29
"New Religion: Skagosi Old Gods, Current Religion: Mother Rhoyne, Population: 50000, Control: 95, Own Province: True",73.76
"New Religion: Skagosi Old Gods, Current Religion: Mother Rhoyne, Population: 50000, Control: 95, Own Province: False",74.12
"New Religion: Skagosi Old Gods, Current Religion: Mother Rhoyne, Population: 50000, Control: 100, Own Province: True",74.35
"New Religion: Skagosi Old Gods, Current Religion: Mother Rhoyne, Population: 50000, Control: 100, Own Province: False",74.64
"New Religion: Skagosi Old Gods, Current Religion: Mother Rhoyne, Population: 100000, Control: 85, Own Province: True",74.19
"New Religion: Skagosi Old Gods, Current Religion: Mother Rhoyne, Population: 100000, Control: 85, Own Province: False",74.2
"New Religion: Skagosi Old Gods, Current Religion: Mother Rhoyne, Population: 100000, Control: 90, Own Province: True",74.62
"New Religion: Skagosi Old Gods, Current Religion: Mother Rhoyne, Population: 100000, Control: 90, Own Province: False",74.22
"New Religion: Skagosi Old Gods, Current Religion: Mother Rhoyne, Population: 100000, Control: 95, Own Province: True",74.68
"New Religion: Skagosi Old Gods, Current Religion: Mother Rhoyne, Population: 100000, Control: 95, Own Province: False",74.82
"New Religion: Skagosi Old Gods, Current Religion: Mother Rhoyne, Population: 100000, Control: 100, Own Province: True",73.95
"New Religion: Skagosi Old Gods, Current Religion: Mother Rhoyne, Population: 100000, Control: 100, Own Province: False",74.13
"New Religion: Skagosi Old Gods, Current Religion: Mother Rhoyne, Population: 150000, Control: 85, Own Province: True",74.45
"New Religion: Skagosi Old Gods, Current Religion: Mother Rhoyne, Population: 150000, Control: 85, Own Province: False",73.87
"New Religion: Skagosi Old Gods, Current Religion: Mother Rhoyne, Population: 150000, Control: 90, Own Province: True",74.19
"New Religion: Skagosi Old Gods, Current Religion: Mother Rhoyne, Population: 150000, Control: 90, Own Province: False",73.93
"New Religion: Skagosi Old Gods, Current Religion: Mother Rhoyne, Population: 150000, Control: 95, Own Province: True",73.83
"New Religion: Skagosi Old Gods, Current Religion: Mother Rhoyne, Population: 150000, Control: 95, Own Province: False",74.0
"New Religion: Skagosi Old Gods, Current Religion: Mother Rhoyne, Population: 150000, Control: 100, Own Province: True",74.41
"New Religion: Skagosi Old Gods, Current Religion: Mother Rhoyne, Population: 150000, Control: 100, Own Province: False",74.05
"New Religion: Skagosi Old Gods, Current Religion: Mother Rhoyne, Population: 200000, Control: 85, Own Province: True",74.13
"New Religion: Skagosi Old Gods, Current Religion: Mother Rhoyne, Population: 200000, Control: 85, Own Province: False",74.42
"New Religion: Skagosi Old Gods, Current Religion: Mother Rhoyne, Population: 200000, Control: 90, Own Province: True",74.26
"New Religion: Skagosi Old Gods, Current Religion: Mother Rhoyne, Population: 200000, Control: 90, Own Province: False",73.8
"New Religion: Skagosi Old Gods, Current Religion: Mother Rhoyne, Population: 200000, Control: 95, Own Province: True",74.23
"New Religion: Skagosi Old Gods, Current Religion: Mother Rhoyne, Population: 200000, Control: 95, Own Province: False",73.79
"New Religion: Skagosi Old Gods, Current Religion: Mother Rhoyne, Population: 200000, Control: 100, Own Province: True",73.51
"New Religion: Skagosi Old Gods, Current Religion: Mother Rhoyne, Population: 200000, Control: 100, Own Province: False",74.25
"New Religion: Skagosi Old Gods, Current Religion: Mother Rhoyne, Population: 250000, Control: 85, Own Province: True",73.97
"New Religion: Skagosi Old Gods, Current Religion: Mother Rhoyne, Population: 250000, Control: 85, Own Province: False",74.26
"New Religion: Skagosi Old Gods, Current Religion: Mother Rhoyne, Population: 250000, Control: 90, Own Province: True",74.44
"New Religion: Skagosi Old Gods, Current Religion: Mother Rhoyne, Population: 250000, Control: 90, Own Province: False",73.92
"New Religion: Skagosi Old Gods, Current Religion: Mother Rhoyne, Population: 250000, Control: 95, Own Province: True",73.49
"New Religion: Skagosi Old Gods, Current Religion: Mother Rhoyne, Population: 250000, Control: 95, Own Province: False",74.83
"New Religion: Skagosi Old Gods, Current Religion: Mother Rhoyne, Population: 250000, Control: 100, Own Province: True",74.7
"New Religion: Skagosi Old Gods, Current Religion: Mother Rhoyne, Population: 250000, Control: 100, Own Province: False",73.58
"New Religion: Skagosi Old Gods, Current Religion: Mother Rhoyne, Population: 300000, Control: 85, Own Province: True",73.99
"New Religion: Skagosi Old Gods, Current Religion: Mother Rhoyne, Population: 300000, Control: 85, Own Province: False",74.33
"New Religion: Skagosi Old Gods, Current Religion: Mother Rhoyne, Population: 300000, Control: 90, Own Province: True",74.45
"New Religion: Skagosi Old Gods, Current Religion: Mother Rhoyne, Population: 300000, Control: 90, Own Province: False",73.46
"New Religion: Skagosi Old Gods, Current Religion: Mother Rhoyne, Population: 300000, Control: 95, Own Province: True",74.12
"New Religion: Skagosi Old Gods, Current Religion: Mother Rhoyne, Population: 300000, Control: 95, Own Province: False",74.46
"New Religion: Skagosi Old Gods, Current Religion: Mother Rhoyne, Population: 300000, Control: 100, Own Province: True",73.92
"New Religion: Skagosi Old Gods, Current Religion: Mother Rhoyne, Population: 300000, Control: 100, Own Province: False",74.14
"New Religion: Skagosi Old Gods, Current Religion: Gods of Valyria, Population: 1000, Control: 85, Own Province: True",73.95
"New Religion: Skagosi Old Gods, Current Religion: Gods of Valyria, Population: 1000, Control: 85, Own Province: False",74.12
"New Religion: Skagosi Old Gods, Current Religion: Gods of Valyria, Population: 1000, Control: 90, Own Province: True",73.37
"New Religion: Skagosi Old Gods, Current Religion: Gods of Valyria, Population: 1000, Control: 90, Own Province: False",73.89
"New Religion: Skagosi Old Gods, Current Religion: Gods of Valyria, Population: 1000, Control: 95, Own Province: True",74.41
"New Religion: Skagosi Old Gods, Current Religion: Gods of Valyria, Population: 1000, Control: 95, Own Province: False",74.33
"New Religion: Skagosi Old Gods, Current Religion: Gods of Valyria, Population: 1000, Control: 100, Own Province: True",61.37
"New Religion: Skagosi Old Gods, Current Religion: Gods of Valyria, Population: 1000, Control: 100, Own Province: False",75.02
"New Religion: Skagosi Old Gods, Current Religion: Gods of Valyria, Population: 50000, Control: 85, Own Province: True",73.8
"New Religion: Skagosi Old Gods, Current Religion: Gods of Valyria, Population: 50000, Control: 85, Own Province: False",74.11
"New Religion: Skagosi Old Gods, Current Religion: Gods of Valyria, Population: 50000, Control: 90, Own Province: True",73.41
"New Religion: Skagosi Old Gods, Current Religion: Gods of Valyria, Population: 50000, Control: 90, Own Province: False",74.68
"New Religion: Skagosi Old Gods, Current Religion: Gods of Valyria, Population: 50000, Control: 95, Own Province: True",73.88
"New Religion: Skagosi Old Gods, Current Religion: Gods of Valyria, Population: 50000, Control: 95, Own Province: False",73.84
"New Religion: Skagosi Old Gods, Current Religion: Gods of Valyria, Population: 50000, Control: 100, Own Province: True",74.74
"New Religion: Skagosi Old Gods, Current Religion: Gods of Valyria, Population: 50000, Control: 100, Own Province: False",74.75
"New Religion: Skagosi Old Gods, Current Religion: Gods of Valyria, Population: 100000, Control: 85, Own Province: True",74.38
"New Religion: Skagosi Old Gods, Current Religion: Gods of Valyria, Population: 100000, Control: 85, Own Province: False",74.4
"New Religion: Skagosi Old Gods, Current Religion: Gods of Valyria, Population: 100000, Control: 90, Own Province: True",73.72
"New Religion: Skagosi Old Gods, Current Religion: Gods of Valyria, Population: 100000, Control: 90, Own Province: False",74.93
"New Religion: Skagosi Old Gods, Current Religion: Gods of Valyria, Population: 100000, Control: 95, Own Province: True",74.38
"New Religion: Skagosi Old Gods, Current Religion: Gods of Valyria, Population: 100000, Control: 95, Own Province: False",73.65
"New Religion: Skagosi Old Gods, Current Religion: Gods of Valyria, Population: 100000, Control: 100, Own Province: True",74.51
"New Religion: Skagosi Old Gods, Current Religion: Gods of Valyria, Population: 100000, Control: 100, Own Province: False",74.47
"New Religion: Skagosi Old Gods, Current Religion: Gods of Valyria, Population: 150000, Control: 85, Own Province: True",74.13
"New Religion: Skagosi Old Gods, Current Religion: Gods of Valyria, Population: 150000, Control: 85, Own Province: False",74.17
"New Religion: Skagosi Old Gods, Current Religion: Gods of Valyria, Population: 150000, Control: 90, Own Province: True",73.56
"New Religion: Skagosi Old Gods, Current Religion: Gods of Valyria, Population: 150000, Control: 90, Own Province: False",73.91
"New Religion: Skagosi Old Gods, Current Religion: Gods of Valyria, Population: 150000, Control: 95, Own Province: True",74.89
"New Religion: Skagosi Old Gods, Current Religion: Gods of Valyria, Population: 150000, Control: 95, Own Province: False",74.25
"New Religion: Skagosi Old Gods, Current Religion: Gods of Valyria, Population: 150000, Control: 100, Own Province: True",74.12
"New Religion: Skagosi Old Gods, Current Religion: Gods of Valyria, Population: 150000, Control: 100, Own Province: False",74.49
"New Religion: Skagosi Old Gods, Current Religion: Gods of Valyria, Population: 200000, Control: 85, Own Province: True",74.95
"New Religion: Skagosi Old Gods, Current Religion: Gods of Valyria, Population: 200000, Control: 85, Own Province: False",73.93
"New Religion: Skagosi Old Gods, Current Religion: Gods of Valyria, Population: 200000, Control: 90, Own Province: True",73.69
"New Religion: Skagosi Old Gods, Current Religion: Gods of Valyria, Population: 200000, Control: 90, Own Province: False",74.46
"New Religion: Skagosi Old Gods, Current Religion: Gods of Valyria, Population: 200000, Control: 95, Own Province: True",74.24
"New Religion: Skagosi Old Gods, Current Religion: Gods of Valyria, Population: 200000, Control: 95, Own Province: False",74.73
"New Religion: Skagosi Old Gods, Current Religion: Gods of Valyria, Population: 200000, Control: 100, Own Province: True",73.84
"New Religion: Skagosi Old Gods, Current Religion: Gods of Valyria, Population: 200000, Control: 100, Own Province: False",74.49
"New Religion: Skagosi Old Gods, Current Religion: Gods of Valyria, Population: 250000, Control: 85, Own Province: True",73.46
"New Religion: Skagosi Old Gods, Current Religion: Gods of Valyria, Population: 250000, Control: 85, Own Province: False",74.77
"New Religion: Skagosi Old Gods, Current Religion: Gods of Valyria, Population: 250000, Control: 90, Own Province: True",73.64
"New Religion: Skagosi Old Gods, Current Religion: Gods of Valyria, Population: 250000, Control: 90, Own Province: False",74.57
"New Religion: Skagosi Old Gods, Current Religion: Gods of Valyria, Population: 250000, Control: 95, Own Province: True",74.44
"New Religion: Skagosi Old Gods, Current Religion: Gods of Valyria, Population: 250000, Control: 95, Own Province: False",74.48
"New Religion: Skagosi Old Gods, Current Religion: Gods of Valyria, Population: 250000, Control: 100, Own Province: True",73.82
"New Religion: Skagosi Old Gods, Current Religion: Gods of Valyria, Population: 250000, Control: 100, Own Province: False",73.39
"New Religion: Skagosi Old Gods, Current Religion: Gods of Valyria, Population: 300000, Control: 85, Own Province: True",75.0
"New Religion: Skagosi Old Gods, Current Religion: Gods of Valyria, Population: 300000, Control: 85, Own Province: False",74.75
"New Religion: Skagosi Old Gods, Current Religion: Gods of Valyria, Population: 300000, Control: 90, Own Province: True",74.53
"New Religion: Skagosi Old Gods, Current Religion: Gods of Valyria, Population: 300000, Control: 90, Own Province: False",74.07
"New Religion: Skagosi Old Gods, Current Religion: Gods of Valyria, Population: 300000, Control: 95, Own Province: True",74.33
"New Religion: Skagosi Old Gods, Current Religion: Gods of Valyria, Population: 300000, Control: 95, Own Province: False",74.73
"New Religion: Skagosi Old Gods, Current Religion: Gods of Valyria, Population: 300000, Control: 100, Own Province: True",73.49
"New Religion: Skagosi Old Gods, Current Religion: Gods of Valyria, Population: 300000, Control: 100, Own Province: False",73.91
"New Religion: Skagosi Old Gods, Current Religion: R'hllor, Population: 1000, Control: 85, Own Province: True",73.75
"New Religion: Skagosi Old Gods, Current Religion: R'hllor, Population: 1000, Control: 85, Own Province: False",74.83
"New Religion: Skagosi Old Gods, Current Religion: R'hllor, Population: 1000, Control: 90, Own Province: True",73.74
"New Religion: Skagosi Old Gods, Current Religion: R'hllor, Population: 1000, Control: 90, Own Province: False",74.56
"New Religion: Skagosi Old Gods, Current Religion: R'hllor, Population: 1000, Control: 95, Own Province: True",74.39
"New Religion: Skagosi Old Gods, Current Religion: R'hllor, Population: 1000, Control: 95, Own Province: False",74.15
"New Religion: Skagosi Old Gods, Current Religion: R'hllor, Population: 1000, Control: 100, Own Province: True",61.63
"New Religion: Skagosi Old Gods, Current Religion: R'hllor, Population: 1000, Control: 100, Own Province: False",74.04
"New Religion: Skagosi Old Gods, Current Religion: R'hllor, Population: 50000, Control: 85, Own Province: True",74.18
"New Religion: Skagosi Old Gods, Current Religion: R'hllor, Population: 50000, Control: 85, Own Province: False",74.52
"New Religion: Skagosi Old Gods, Current Religion: R'hllor, Population: 50000, Control: 90, Own Province: True",74.91
"New Religion: Skagosi Old Gods, Current Religion: R'hllor, Population: 50000, Control: 90, Own Province: False",73.05
"New Religion: Skagosi Old Gods, Current Religion: R'hllor, Population: 50000, Control: 95, Own Province: True",73.7
"New Religion: Skagosi Old Gods, Current Religion: R'hllor, Population: 50000, Control: 95, Own Province: False",73.31
"New Religion: Skagosi Old Gods, Current Religion: R'hllor, Population: 50000, Control: 100, Own Province: True",74.23
"New Religion: Skagosi Old Gods, Current Religion: R'hllor, Population: 50000, Control: 100, Own Province: False",74.91
"New Religion: Skagosi Old Gods, Current Religion: R'hllor, Population: 100000, Control: 85, Own Province: True",73.16
"New Religion: Skagosi Old Gods, Current Religion: R'hllor, Population: 100000, Control: 85, Own Province: False",73.83
"New Religion: Skagosi Old Gods, Current Religion: R'hllor, Population: 100000, Control: 90, Own Province: True",73.89
"New Religion: Skagosi Old Gods, Current Religion: R'hllor, Population: 100000, Control: 90, Own Province: False",73.91
"New Religion: Skagosi Old Gods, Current Religion: R'hllor, Population: 100000, Control: 95, Own Province: True",73.74
"New Religion: Skagosi Old Gods, Current Religion: R'hllor, Population: 100000, Control: 95, Own Province: False",74.77
"New Religion: Skagosi Old Gods, Current Religion: R'hllor, Population: 100000, Control: 100, Own Province: True",74.9
"New Religion: Skagosi Old Gods, Current Religion: R'hllor, Population: 100000, Control: 100, Own Province: False",74.43
"New Religion: Skagosi Old Gods, Current Religion: R'hllor, Population: 150000, Control: 85, Own Province: True",73.94
"New Religion: Skagosi Old Gods, Current Religion: R'hllor, Population: 150000, Control: 85, Own Province: False",73.96
"New Religion: Skagosi Old Gods, Current Religion: R'hllor, Population: 150000, Control: 90, Own Province: True",73.61
"New Religion: Skagosi Old Gods, Current Religion: R'hllor, Population: 150000, Control: 90, Own Province: False",73.61
"New Religion: Skagosi Old Gods, Current Religion: R'hllor, Population: 150000, Control: 95, Own Province: True",74.51
"New Religion: Skagosi Old Gods, Current Religion: R'hllor, Population: 150000, Control: 95, Own Province: False",74.5
"New Religion: Skagosi Old Gods, Current Religion: R'hllor, Population: 150000, Control: 100, Own Province: True",74.12
"New Religion: Skagosi Old Gods, Current Religion: R'hllor, Population: 150000, Control: 100, Own Province: False",74.22
"New Religion: Skagosi Old Gods, Current Religion: R'hllor, Population: 200000, Control: 85, Own Province: True",73.99
"New Religion: Skagosi Old Gods, Current Religion: R'hllor, Population: 200000, Control: 85, Own Province: False",73.99
"New Religion: Skagosi Old Gods, Current Religion: R'hllor, Population: 200000, Control: 90, Own Province: True",73.8
"New Religion: Skagosi Old Gods, Current Religion: R'hllor, Population: 200000, Control: 90, Own Province: False",74.15
"New Religion: Skagosi Old Gods, Current Religion: R'hllor, Population: 200000, Control: 95, Own Province: True",74.39
"New Religion: Skagosi Old Gods, Current Religion: R'hllor, Population: 200000, Control: 95, Own Province: False",73.44
"New Religion: Skagosi Old Gods, Current Religion: R'hllor, Population: 200000, Control: 100, Own Province: True",74.55
"New Religion: Skagosi Old Gods, Current Religion: R'hllor, Population: 200000, Control: 100, Own Province: False",74.05
"New Religion: Skagosi Old Gods, Current Religion: R'hllor, Population: 250000, Control: 85, Own Province: True",74.3
"New Religion: Skagosi Old Gods, Current Religion: R'hllor, Population: 250000, Control: 85, Own Province: False",74.38
"New Religion: Skagosi Old Gods, Current Religion: R'hllor, Population: 250000, Control: 90, Own Province: True",73.91
"New Religion: Skagosi Old Gods, Current Religion: R'hllor, Population: 250000, Control: 90, Own Province: False",74.38
"New Religion: Skagosi Old Gods, Current Religion: R'hllor, Population: 250000, Control: 95, Own Province: True",73.53
"New Religion: Skagosi Old Gods, Current Religion: R'hllor, Population: 250000, Control: 95, Own Province: False",74.36
"New Religion: Skagosi Old Gods, Current Religion: R'hllor, Population: 250000, Control: 100, Own Province: True",73.79
"New Religion: Skagosi Old Gods, Current Religion: R'hllor, Population: 250000, Control: 100, Own Province: False",75.08
"New Religion: Skagosi Old Gods, Current Religion: R'hllor, Population: 300000, Control: 85, Own Province: True",74.34
"New Religion: Skagosi Old Gods, Current Religion: R'hllor, Population: 300000, Control: 85, Own Province: False",74.57
"New Religion: Skagosi Old Gods, Current Religion: R'hllor, Population: 300000, Control: 90, Own Province: True",74.11
"New Religion: Skagosi Old Gods, Current Religion: R'hllor, Population: 300000, Control: 90, Own Province: False",73.55
"New Religion: Skagosi Old Gods, Current Religion: R'hllor, Population: 300000, Control: 95, Own Province: True",73.78
"New Religion: Skagosi Old Gods, Current Religion: R'hllor, Population: 300000, Control: 95, Own Province: False",73.98
"New Religion: Skagosi Old Gods, Current Religion: R'hllor, Population: 300000, Control: 100, Own Province: True",74.19
"New Religion: Skagosi Old Gods, Current Religion: R'hllor, Population: 300000, Control: 100, Own Province: False",73.85
"New Religion: DrownedGod, Current Religion: Faith of the Seven, Population: 1000, Control: 85, Own Province: True",48.97
"New Religion: DrownedGod, Current Religion: Faith of the Seven, Population: 1000, Control: 85, Own Province: False",47.98
"New Religion: DrownedGod, Current Religion: Faith of the Seven, Population: 1000, Control: 90, Own Province: True",35.78
"New Religion: DrownedGod, Current Religion: Faith of the Seven, Population: 1000, Control: 90, Own Province: False",61.79
"New Religion: DrownedGod, Current Religion: Faith of the Seven, Population: 1000, Control: 95, Own Province: True",23.65
"New Religion: DrownedGod, Current Religion: Faith of the Seven, Population: 1000, Control: 95, Own Province: False",74.19
"New Religion: DrownedGod, Current Religion: Faith of the Seven, Population: 1000, Control: 100, Own Province: True",13.88
"New Religion: DrownedGod, Current Religion: Faith of the Seven, Population: 1000, Control: 100, Own Province: False",73.9
"New Religion: DrownedGod, Current Religion: Faith of the Seven, Population: 50000, Control: 85, Own Province: True",61.96
"New Religion: DrownedGod, Current Religion: Faith of the Seven, Population: 50000, Control: 85, Own Province: False",61.26
"New Religion: DrownedGod, Current Religion: Faith of the Seven, Population: 50000, Control: 90, Own Province: True",47.83
"New Religion: DrownedGod, Current Religion: Faith of the Seven, Population: 50000, Control: 90, Own Province: False",75.29
"New Religion: DrownedGod, Current Religion: Faith of the Seven, Population: 50000, Control: 95, Own Province: True",34.97
"New Religion: DrownedGod, Current Religion: Faith of the Seven, Population: 50000, Control: 95, Own Province: False",73.6
"New Religion: DrownedGod, Current Religion: Faith of the Seven, Population: 50000, Control: 100, Own Province: True",24.5
"New Religion: DrownedGod, Current Religion: Faith of the Seven, Population: 50000, Control: 100, Own Province: False",74.07
"New Religion: DrownedGod, Current Religion: Faith of the Seven, Population: 100000, Control: 85, Own Province: True",74.37
"New Religion: DrownedGod, Current Religion: Faith of the Seven, Population: 100000, Control: 85, Own Province: False",74.2
"New Religion: DrownedGod, Current Religion: Faith of the Seven, Population: 100000, Control: 90, Own Province: True",61.17
"New Religion: DrownedGod, Current Religion: Faith of the Seven, Population: 100000, Control: 90, Own Province: False",74.15
"New Religion: DrownedGod, Current Religion: Faith of the Seven, Population: 100000, Control: 95, Own Province: True",47.44
"New Religion: DrownedGod, Current Religion: Faith of the Seven, Population: 100000, Control: 95, Own Province: False",74.45
"New Religion: DrownedGod, Current Religion: Faith of the Seven, Population: 100000, Control: 100, Own Province: True",35.66
"New Religion: DrownedGod, Current Religion: Faith of the Seven, Population: 100000, Control: 100, Own Province: False",74.48
"New Religion: DrownedGod, Current Religion: Faith of the Seven, Population: 150000, Control: 85, Own Province: True",74.33
"New Religion: DrownedGod, Current Religion: Faith of the Seven, Population: 150000, Control: 85, Own Province: False",75.02
"New Religion: DrownedGod, Current Religion: Faith of the Seven, Population: 150000, Control: 90, Own Province: True",75.11
"New Religion: DrownedGod, Current Religion: Faith of the Seven, Population: 150000, Control: 90, Own Province: False",74.88
"New Religion: DrownedGod, Current Religion: Faith of the Seven, Population: 150000, Control: 95, Own Province: True",61.7
"New Religion: DrownedGod, Current Religion: Faith of the Seven, Population: 150000, Control: 95, Own Province: False",73.88
"New Religion: DrownedGod, Current Religion: Faith of the Seven, Population: 150000, Control: 100, Own Province: True",47.96
"New Religion: DrownedGod, Current Religion: Faith of the Seven, Population: 150000, Control: 100, Own Province: False",74.47
"New Religion: DrownedGod, Current Religion: Faith of the Seven, Population: 200000, Control: 85, Own Province: True",74.47
"New Religion: DrownedGod, Current Religion: Faith of the Seven, Population: 200000, Control: 85, Own Province: False",73.76
"New Religion: DrownedGod, Current Religion: Faith of the Seven, Population: 200000, Control: 90, Own Province: True",73.83
"New Religion: DrownedGod, Current Religion: Faith of the Seven, Population: 200000, Control: 90, Own Province: False",74.28
"New Religion: DrownedGod, Current Religion: Faith of the Seven, Population: 200000, Control: 95, Own Province: True",74.22
"New Religion: DrownedGod, Current Religion: Faith of the Seven, Population: 200000, Control: 95, Own Province: False",74.02
"New Religion: DrownedGod, Current Religion: Faith of the Seven, Population: 200000, Control: 100, Own Province: True",60.91
"New Religion: DrownedGod, Current Religion: Faith of the Seven, Population: 200000, Control: 100, Own Province: False",73.96
"New Religion: DrownedGod, Current Religion: Faith of the Seven, Population: 250000, Control: 85, Own Province: True",73.94
"New Religion: DrownedGod, Current Religion: Faith of the Seven, Population: 250000, Control: 85, Own Province: False",74.76
"New Religion: DrownedGod, Current Religion: Faith of the Seven, Population: 250000, Control: 90, Own Province: True",74.28
"New Religion: DrownedGod, Current Religion: Faith of the Seven, Population: 250000, Control: 90, Own Province: False",73.73
"New Religion: DrownedGod, Current Religion: Faith of the Seven, Population: 250000, Control: 95, Own Province: True",74.76
"New Religion: DrownedGod, Current Religion: Faith of the Seven, Population: 250000, Control: 95, Own Province: False",74.28
"New Religion: DrownedGod, Current Religion: Faith of the Seven, Population: 250000, Control: 100, Own Province: True",73.15
"New Religion: DrownedGod, Current Religion: Faith of the Seven, Population: 250000, Control: 100, Own Province: False",73.47
"New Religion: DrownedGod, Current Religion: Faith of the Seven, Population: 300000, Control: 85, Own Province: True",73.85
"New Religion: DrownedGod, Current Religion: Faith of the Seven, Population: 300000, Control: 85, Own Province: False",73.55
"New Religion: DrownedGod, Current Religion: Faith of the Seven, Population: 300000, Control: 90, Own Province: True",74.1
"New Religion: DrownedGod, Current Religion: Faith of the Seven, Population: 300000, Control: 90, Own Province: False",73.91
"New Religion: DrownedGod, Current Religion: Faith of the Seven, Population: 300000, Control: 95, Own Province: True",74.34
"New Religion: DrownedGod, Current Religion: Faith of the Seven, Population: 300000, Control: 95, Own Province: False",74.08
"New Religion: DrownedGod, Current Religion: Faith of the Seven, Population: 300000, Control: 100, Own Province: True",74.75
"New Religion: DrownedGod, Current Religion: Faith of the Seven, Population: 300000, Control: 100, Own Province: False",73.87
"New Religion: DrownedGod, Current Religion: Old Gods, Population: 1000, Control: 85, Own Province: True",35.49
"New Religion: DrownedGod, Current Religion: Old Gods, Population: 1000, Control: 85, Own Province: False",35.34
"New Religion: DrownedGod, Current Religion: Old Gods, Population: 1000, Control: 90, Own Province: True",23.75
"New Religion: DrownedGod, Current Religion: Old Gods, Population: 1000, Control: 90, Own Province: False",47.25
"New Religion: DrownedGod, Current Religion: Old Gods, Population: 1000, Control: 95, Own Province: True",13.72
"New Religion: DrownedGod, Current Religion: Old Gods, Population: 1000, Control: 95, Own Province: False",60.44
"New Religion: DrownedGod, Current Religion: Old Gods, Population: 1000, Control: 100, Own Province: True",5.65
"New Religion: DrownedGod, Current Religion: Old Gods, Population: 1000, Control: 100, Own Province: False",73.53
"New Religion: DrownedGod, Current Religion: Old Gods, Population: 50000, Control: 85, Own Province: True",48.46
"New Religion: DrownedGod, Current Religion: Old Gods, Population: 50000, Control: 85, Own Province: False",47.55
"New Religion: DrownedGod, Current Religion: Old Gods, Population: 50000, Control: 90, Own Province: True",35.37
"New Religion: DrownedGod, Current Religion: Old Gods, Population: 50000, Control: 90, Own Province: False",61.39
"New Religion: DrownedGod, Current Religion: Old Gods, Population: 50000, Control: 95, Own Province: True",24.56
"New Religion: DrownedGod, Current Religion: Old Gods, Population: 50000, Control: 95, Own Province: False",74.05
"New Religion: DrownedGod, Current Religion: Old Gods, Population: 50000, Control: 100, Own Province: True",13.43
"New Religion: DrownedGod, Current Religion: Old Gods, Population: 50000, Control: 100, Own Province: False",74.69
"New Religion: DrownedGod, Current Religion: Old Gods, Population: 100000, Control: 85, Own Province: True",60.99
"New Religion: DrownedGod, Current Religion: Old Gods, Population: 100000, Control: 85, Own Province: False",60.79
"New Religion: DrownedGod, Current Religion: Old Gods, Population: 100000, Control: 90, Own Province: True",48.12
"New Religion: DrownedGod, Current Religion: Old Gods, Population: 100000, Control: 90, Own Province: False",73.81
"New Religion: DrownedGod, Current Religion: Old Gods, Population: 100000, Control: 95, Own Province: True",35.85
"New Religion: DrownedGod, Current Religion: Old Gods, Population: 100000, Control: 95, Own Province: False",74.48
"New Religion: DrownedGod, Current Religion: Old Gods, Population: 100000, Control: 100, Own Province: True",23.31
"New Religion: DrownedGod, Current Religion: Old Gods, Population: 100000, Control: 100, Own Province: False",73.89
"New Religion: DrownedGod, Current Religion: Old Gods, Population: 150000, Control: 85, Own Province: True",74.38
"New Religion: DrownedGod, Current Religion: Old Gods, Population: 150000, Control: 85, Own Province: False",74.47
"New Religion: DrownedGod, Current Religion: Old Gods, Population: 150000, Control: 90, Own Province: True",61.16
"New Religion: DrownedGod, Current Religion: Old Gods, Population: 150000, Control: 90, Own Province: False",74.4
"New Religion: DrownedGod, Current Religion: Old Gods, Population: 150000, Control: 95, Own Province: True",48.32
"New Religion: DrownedGod, Current Religion: Old Gods, Population: 150000, Control: 95, Own Province: False",74.46
"New Religion: DrownedGod, Current Religion: Old Gods, Population: 150000, Control: 100, Own Province: True",35.35
"New Religion: DrownedGod, Current Religion: Old Gods, Population: 150000, Control: 100, Own Province: False",73.59
"New Religion: DrownedGod, Current Religion: Old Gods, Population: 200000, Control: 85, Own Province: True",73.94
"New Religion: DrownedGod, Current Religion: Old Gods, Population: 200000, Control: 85, Own Province: False",74.94
"New Religion: DrownedGod, Current Religion: Old Gods, Population: 200000, Control: 90, Own Province: True",74.07
"New Religion: DrownedGod, Current Religion: Old Gods, Population: 200000, Control: 90, Own Province: False",74.0
"New Religion: DrownedGod, Current Religion: Old Gods, Population: 200000, Control: 95, Own Province: True",62.08
"New Religion: DrownedGod, Current Religion: Old Gods, Population: 200000, Control: 95, Own Province: False",74.72
"New Religion: DrownedGod, Current Religion: Old Gods, Population: 200000, Control: 100, Own Province: True",48.06
"New Religion: DrownedGod, Current Religion: Old Gods, Population: 200000, Control: 100, Own Province: False",73.81
"New Religion: DrownedGod, Current Religion: Old Gods, Population: 250000, Control: 85, Own Province: True",74.66
"New Religion: DrownedGod, Current Religion: Old Gods, Population: 250000, Control: 85, Own Province: False",74.07
"New Religion: DrownedGod, Current Religion: Old Gods, Population: 250000, Control: 90, Own Province: True",74.28
"New Religion: DrownedGod, Current Religion: Old Gods, Population: 250000, Control: 90, Own Province: False",74.51
"New Religion: DrownedGod, Current Religion: Old Gods, Population: 250000, Control: 95, Own Province: True",74.35
"New Religion: DrownedGod, Current Religion: Old Gods, Population: 250000, Control: 95, Own Province: False",74.72
"New Religion: DrownedGod, Current Religion: Old Gods, Population: 250000, Control: 100, Own Province: True",61.49
"New Religion: DrownedGod, Current Religion: Old Gods, Population: 250000, Control: 100, Own Province: False",75.13
"New Religion: DrownedGod, Current Religion: Old Gods, Population: 300000, Control: 85, Own Province: True",73.98
"New Religion: DrownedGod, Current Religion: Old Gods, Population: 300000, Control: 85, Own Province: False",74.23
"New Religion: DrownedGod, Current Religion: Old Gods, Population: 300000, Control: 90, Own Province: True",73.09
"New Religion: DrownedGod, Current Religion: Old Gods, Population: 300000, Control: 90, Own Province: False",74.5
"New Religion: DrownedGod, Current Religion: Old Gods, Population: 300000, Control: 95, Own Province: True",74.36
"New Religion: DrownedGod, Current Religion: Old Gods, Population: 300000, Control: 95, Own Province: False",74.19
"New Religion: DrownedGod, Current Religion: Old Gods, Population: 300000, Control: 100, Own Province: True",73.86
"New Religion: DrownedGod, Current Religion: Old Gods, Population: 300000, Control: 100, Own Province: False",74.15
"New Religion: DrownedGod, Current Religion: Skagosi Old Gods, Population: 1000, Control: 85, Own Province: True",47.95
"New Religion: DrownedGod, Current Religion: Skagosi Old Gods, Population: 1000, Control: 85, Own Province: False",47.72
"New Religion: DrownedGod, Current Religion: Skagosi Old Gods, Population: 1000, Control: 90, Own Province: True",34.97
"New Religion: DrownedGod, Current Religion: Skagosi Old Gods, Population: 1000, Control: 90, Own Province: False",61.84
"New Religion: DrownedGod, Current Religion: Skagosi Old Gods, Population: 1000, Control: 95, Own Province: True",23.92
"New Religion: DrownedGod, Current Religion: Skagosi Old Gods, Population: 1000, Control: 95, Own Province: False",73.04
"New Religion: DrownedGod, Current Religion: Skagosi Old Gods, Population: 1000, Control: 100, Own Province: True",13.46
"New Religion: DrownedGod, Current Religion: Skagosi Old Gods, Population: 1000, Control: 100, Own Province: False",74.57
"New Religion: DrownedGod, Current Religion: Skagosi Old Gods, Population: 50000, Control: 85, Own Province: True",61.13
"New Religion: DrownedGod, Current Religion: Skagosi Old Gods, Population: 50000, Control: 85, Own Province: False",60.85
"New Religion: DrownedGod, Current Religion: Skagosi Old Gods, Population: 50000, Control: 90, Own Province: True",47.69
"New Religion: DrownedGod, Current Religion: Skagosi Old Gods, Population: 50000, Control: 90, Own Province: False",74.36
"New Religion: DrownedGod, Current Religion: Skagosi Old Gods, Population: 50000, Control: 95, Own Province: True",34.59
"New Religion: DrownedGod, Current Religion: Skagosi Old Gods, Population: 50000, Control: 95, Own Province: False",75.21
"New Religion: DrownedGod, Current Religion: Skagosi Old Gods, Population: 50000, Control: 100, Own Province: True",25.13
"New Religion: DrownedGod, Current Religion: Skagosi Old Gods, Population: 50000, Control: 100, Own Province: False",74.12
"New Religion: DrownedGod, Current Religion: Skagosi Old Gods, Population: 100000, Control: 85, Own Province: True",74.82
"New Religion: DrownedGod, Current Religion: Skagosi Old Gods, Population: 100000, Control: 85, Own Province: False",73.26
"New Religion: DrownedGod, Current Religion: Skagosi Old Gods, Population: 100000, Control: 90, Own Province: True",61.68
"New Religion: DrownedGod, Current Religion: Skagosi Old Gods, Population: 100000, Control: 90, Own Province: False",74.19
"New Religion: DrownedGod, Current Religion: Skagosi Old Gods, Population: 100000, Control: 95, Own Province: True",47.35
"New Religion: DrownedGod, Current Religion: Skagosi Old Gods, Population: 100000, Control: 95, Own Province: False",74.8
"New Religion: DrownedGod, Current Religion: Skagosi Old Gods, Population: 100000, Control: 100, Own Province: True",34.67
"New Religion: DrownedGod, Current Religion: Skagosi Old Gods, Population: 100000, Control: 100, Own Province: False",74.22
"New Religion: DrownedGod, Current Religion: Skagosi Old Gods, Population: 150000, Control: 85, Own Province: True",74.28
"New Religion: DrownedGod, Current Religion: Skagosi Old Gods, Population: 150000, Control: 85, Own Province: False",74.36
"New Religion: DrownedGod, Current Religion: Skagosi Old Gods, Population: 150000, Control: 90, Own Province: True",75.0
"New Religion: DrownedGod, Current Religion: Skagosi Old Gods, Population: 150000, Control: 90, Own Province: False",73.69
"New Religion: DrownedGod, Current Religion: Skagosi Old Gods, Population: 150000, Control: 95, Own Province: True",62.44
"New Religion: DrownedGod, Current Religion: Skagosi Old Gods, Population: 150000, Control: 95, Own Province: False",74.78
"New Religion: DrownedGod, Current Religion: Skagosi Old Gods, Population: 150000, Control: 100, Own Province: True",47.39
"New Religion: DrownedGod, Current Religion: Skagosi Old Gods, Population: 150000, Control: 100, Own Province: False",75.12
"New Religion: DrownedGod, Current Religion: Skagosi Old Gods, Population: 200000, Control: 85, Own Province: True",74.62
"New Religion: DrownedGod, Current Religion: Skagosi Old Gods, Population: 200000, Control: 85, Own Province: False",73.89
"New Religion: DrownedGod, Current Religion: Skagosi Old Gods, Population: 200000, Control: 90, Own Province: True",73.56
"New Religion: DrownedGod, Current Religion: Skagosi Old Gods, Population: 200000, Control: 90, Own Province: False",74.41
"New Religion: DrownedGod, Current Religion: Skagosi Old Gods, Population: 200000, Control: 95, Own Province: True",74.57
"New Religion: DrownedGod, Current Religion: Skagosi Old Gods, Population: 200000, Control: 95, Own Province: False",75.06
"New Religion: DrownedGod, Current Religion: Skagosi Old Gods, Population: 200000, Control: 100, Own Province: True",60.6
"New Religion: DrownedGod, Current Religion: Skagosi Old Gods, Population: 200000, Control: 100, Own Province: False",73.56
"New Religion: DrownedGod, Current Religion: Skagosi Old Gods, Population: 250000, Control: 85, Own Province: True",73.96
"New Religion: DrownedGod, Current Religion: Skagosi Old Gods, Population: 250000, Control: 85, Own Province: False",75.19
"New Religion: DrownedGod, Current Religion: Skagosi Old Gods, Population: 250000, Control: 90, Own Province: True",73.99
"New Religion: DrownedGod, Current Religion: Skagosi Old Gods, Population: 250000, Control: 90, Own Province: False",74.48
"New Religion: DrownedGod, Current Religion: Skagosi Old Gods, Population: 250000, Control: 95, Own Province: True",74.63
"New Religion: DrownedGod, Current Religion: Skagosi Old Gods, Population: 250000, Control: 95, Own Province: False",73.79
"New Religion: DrownedGod, Current Religion: Skagosi Old Gods, Population: 250000, Control: 100, Own Province: True",73.98
"New Religion: DrownedGod, Current Religion: Skagosi Old Gods, Population: 250000, Control: 100, Own Province: False",74.51
"New Religion: DrownedGod, Current Religion: Skagosi Old Gods, Population: 300000, Control: 85, Own Province: True",74.91
"New Religion: DrownedGod, Current Religion: Skagosi Old Gods, Population: 300000, Control: 85, Own Province: False",73.94
"New Religion: DrownedGod, Current Religion: Skagosi Old Gods, Population: 300000, Control: 90, Own Province: True",73.36
"New Religion: DrownedGod, Current Religion: Skagosi Old Gods, Population: 300000, Control: 90, Own Province: False",74.15
"New Religion: DrownedGod, Current Religion: Skagosi Old Gods, Population: 300000, Control: 95, Own Province: True",75.13
"New Religion: DrownedGod, Current Religion: Skagosi Old Gods, Population: 300000, Control: 95, Own Province: False",73.8
"New Religion: DrownedGod, Current Religion: Skagosi Old Gods, Population: 300000, Control: 100, Own Province: True",74.02
"New Religion: DrownedGod, Current Religion: Skagosi Old Gods, Population: 300000, Control: 100, Own Province: False",74.17
"New Religion: DrownedGod, Current Religion: DrownedGodII, Population: 1000, Control: 85, Own Province: True",47.98
"New Religion: DrownedGod, Current Religion: DrownedGodII, Population: 1000, Control: 85, Own Province: False",48.59
"New Religion: DrownedGod, Current Religion: DrownedGodII, Population: 1000, Control: 90, Own Province: True",35.9
"New Religion: DrownedGod, Current Religion: DrownedGodII, Population: 1000, Control: 90, Own Province: False",61.93
"New Religion: DrownedGod, Current Religion: DrownedGodII, Population: 1000, Control: 95, Own Province: True",23.33
"New Religion: DrownedGod, Current Religion: DrownedGodII, Population: 1000, Control: 95, Own Province: False",73.83
"New Religion: DrownedGod, Current Religion: DrownedGodII, Population: 1000, Control: 100, Own Province: True",13.96
"New Religion: DrownedGod, Current Religion: DrownedGodII, Population: 1000, Control: 100, Own Province: False",74.6
"New Religion: DrownedGod, Current Religion: DrownedGodII, Population: 50000, Control: 85, Own Province: True",61.12
"New Religion: DrownedGod, Current Religion: DrownedGodII, Population: 50000, Control: 85, Own Province: False",61.3
"New Religion: DrownedGod, Current Religion: DrownedGodII, Population: 50000, Control: 90, Own Province: True",48.23
"New Religion: DrownedGod, Current Religion: DrownedGodII, Population: 50000, Control: 90, Own Province: False",74.2
"New Religion: DrownedGod, Current Religion: DrownedGodII, Population: 50000, Control: 95, Own Province: True",35.77
"New Religion: DrownedGod, Current Religion: DrownedGodII, Population: 50000, Control: 95, Own Province: False",74.17
"New Religion: DrownedGod, Current Religion: DrownedGodII, Population: 50000, Control: 100, Own Province: True",23.68
"New Religion: DrownedGod, Current Religion: DrownedGodII, Population: 50000, Control: 100, Own Province: False",74.16
"New Religion: DrownedGod, Current Religion: DrownedGodII, Population: 100000, Control: 85, Own Province: True",74.61
"New Religion: DrownedGod, Current Religion: DrownedGodII, Population: 100000, Control: 85, Own Province: False",74.38
"New Religion: DrownedGod, Current Religion: DrownedGodII, Population: 100000, Control: 90, Own Province: True",61.17
"New Religion: DrownedGod, Current Religion: DrownedGodII, Population: 100000, Control: 90, Own Province: False",74.45
"New Religion: DrownedGod, Current Religion: DrownedGodII, Population: 100000, Control: 95, Own Province: True",47.7
"New Religion: DrownedGod, Current Religion: DrownedGodII, Population: 100000, Control: 95, Own Province: False",74.09
"New Religion: DrownedGod, Current Religion: DrownedGodII, Population: 100000, Control: 100, Own Province: True",35.89
"New Religion: DrownedGod, Current Religion: DrownedGodII, Population: 100000, Control: 100, Own Province: False",74.38
"New Religion: DrownedGod, Current Religion: DrownedGodII, Population: 150000, Control: 85, Own Province: True",73.75
"New Religion: DrownedGod, Current Religion: DrownedGodII, Population: 150000, Control: 85, Own Province: False",73.73
"New Religion: DrownedGod, Current Religion: DrownedGodII, Population: 150000, Control: 90, Own Province: True",74.36
"New Religion: DrownedGod, Current Religion: DrownedGodII, Population: 150000, Control: 90, Own Province: False",74.6
"New Religion: DrownedGod, Current Religion: DrownedGodII, Population: 150000, Control: 95, Own Province: True",60.48
"New Religion: DrownedGod, Current Religion: DrownedGodII, Population: 150000, Control: 95, Own Province: False",73.98
"New Religion: DrownedGod, Current Religion: DrownedGodII, Population: 150000, Control: 100, Own Province: True",47.7
"New Religion: DrownedGod, Current Religion: DrownedGodII, Population: 150000, Control: 100, Own Province: False",73.79
"New Religion: DrownedGod, Current Religion: DrownedGodII, Population: 200000, Control: 85, Own Province: True",73.79
"New Religion: DrownedGod, Current Religion: DrownedGodII, Population: 200000, Control: 85, Own Province: False",74.67
"New Religion: DrownedGod, Current Religion: DrownedGodII, Population: 200000, Control: 90, Own Province: True",74.08
"New Religion: DrownedGod, Current Religion: DrownedGodII, Population: 200000, Control: 90, Own Province: False",74.5
"New Religion: DrownedGod, Current Religion: DrownedGodII, Population: 200000, Control: 95, Own Province: True",73.84
"New Religion: DrownedGod, Current Religion: DrownedGodII, Population: 200000, Control: 95, Own Province: False",74.47
"New Religion: DrownedGod, Current Religion: DrownedGodII, Population: 200000, Control: 100, Own Province: True",60.67
"New Religion: DrownedGod, Current Religion: DrownedGodII, Population: 200000, Control: 100, Own Province: False",74.37
"New Religion: DrownedGod, Current Religion: DrownedGodII, Population: 250000, Control: 85, Own Province: True",74.2
"New Religion: DrownedGod, Current Religion: DrownedGodII, Population: 250000, Control: 85, Own Province: False",74.24
"New Religion: DrownedGod, Current Religion: DrownedGodII, Population: 250000, Control: 90, Own Province: True",74.89
"New Religion: DrownedGod, Current Religion: DrownedGodII, Population: 250000, Control: 90, Own Province: False",74.37
"New Religion: DrownedGod, Current Religion: DrownedGodII, Population: 250000, Control: 95, Own Province: True",73.9
"New Religion: DrownedGod, Current Religion: DrownedGodII, Population: 250000, Control: 95, Own Province: False",74.97
"New Religion: DrownedGod, Current Religion: DrownedGodII, Population: 250000, Control: 100, Own Province: True",73.88
"New Religion: DrownedGod, Current Religion: DrownedGodII, Population: 250000, Control: 100, Own Province: False",74.12
"New Religion: DrownedGod, Current Religion: DrownedGodII, Population: 300000, Control: 85, Own Province: True",74.17
"New Religion: DrownedGod, Current Religion: DrownedGodII, Population: 300000, Control: 85, Own Province: False",75.09
"New Religion: DrownedGod, Current Religion: DrownedGodII, Population: 300000, Control: 90, Own Province: True",73.87
"New Religion: DrownedGod, Current Religion: DrownedGodII, Population: 300000, Control: 90, Own Province: False",74.37
"New Religion: DrownedGod, Current Religion: DrownedGodII, Population: 300000, Control: 95, Own Province: True",73.84
"New Religion: DrownedGod, Current Religion: DrownedGodII, Population: 300000, Control: 95, Own Province: False",74.17
"New Religion: DrownedGod, Current Religion: DrownedGodII, Population: 300000, Control: 100, Own Province: True",74.49
"New Religion: DrownedGod, Current Religion: DrownedGodII, Population: 300000, Control: 100, Own Province: False",74.42
"New Religion: DrownedGod, Current Religion: Mother Rhoyne, Population: 1000, Control: 85, Own Province: True",48.07
"New Religion: DrownedGod, Current Religion: Mother Rhoyne, Population: 1000, Control: 85, Own Province: False",48.81
"New Religion: DrownedGod, Current Religion: Mother Rhoyne, Population: 1000, Control: 90, Own Province: True",34.48
"New Religion: DrownedGod, Current Religion: Mother Rhoyne, Population: 1000, Control: 90, Own Province: False",61.36
"New Religion: DrownedGod, Current Religion: Mother Rhoyne, Population: 1000, Control: 95, Own Province: True",23.62
"New Religion: DrownedGod, Current Religion: Mother Rhoyne, Population: 1000, Control: 95, Own Province: False",74.34
"New Religion: DrownedGod, Current Religion: Mother Rhoyne, Population: 1000, Control: 100, Own Province: True",14.3
"New Religion: DrownedGod, Current Religion: Mother Rhoyne, Population: 1000, Control: 100, Own Province: False",74.58
"New Religion: DrownedGod, Current Religion: Mother Rhoyne, Population: 50000, Control: 85, Own Province: True",60.96
"New Religion: DrownedGod, Current Religion: Mother Rhoyne, Population: 50000, Control: 85, Own Province: False",61.56
"New Religion: DrownedGod, Current Religion: Mother Rhoyne, Population: 50000, Control: 90, Own Province: True",48.06
"New Religion: DrownedGod, Current Religion: Mother Rhoyne, Population: 50000, Control: 90, Own Province: False",73.98
"New Religion: DrownedGod, Current Religion: Mother Rhoyne, Population: 50000, Control: 95, Own Province: True",34.83
"New Religion: DrownedGod, Current Religion: Mother Rhoyne, Population: 50000, Control: 95, Own Province: False",73.79
"New Religion: DrownedGod, Current Religion: Mother Rhoyne, Population: 50000, Control: 100, Own Province: True",24.42
"New Religion: DrownedGod, Current Religion: Mother Rhoyne, Population: 50000, Control: 100, Own Province: False",74.25
"New Religion: DrownedGod, Current Religion: Mother Rhoyne, Population: 100000, Control: 85, Own Province: True",73.88
"New Religion: DrownedGod, Current Religion: Mother Rhoyne, Population: 100000, Control: 85, Own Province: False",74.24
"New Religion: DrownedGod, Current Religion: Mother Rhoyne, Population: 100000, Control: 90, Own Province: True",61.21
"New Religion: DrownedGod, Current Religion: Mother Rhoyne, Population: 100000, Control: 90, Own Province: False",74.95
"New Religion: DrownedGod, Current Religion: Mother Rhoyne, Population: 100000, Control: 95, Own Province: True",47.88
"New Religion: DrownedGod, Current Religion: Mother Rhoyne, Population: 100000, Control: 95, Own Province: False",74.29
"New Religion: DrownedGod, Current Religion: Mother Rhoyne, Population: 100000, Control: 100, Own Province: True",35.12
"New Religion: DrownedGod, Current Religion: Mother Rhoyne, Population: 100000, Control: 100, Own Province: False",74.97
"New Religion: DrownedGod, Current Religion: Mother Rhoyne, Population: 150000, Control: 85, Own Province: True",74.57
"New Religion: DrownedGod, Current Religion: Mother Rhoyne, Population: 150000, Control: 85, Own Province: False",75.01
"New Religion: DrownedGod, Current Religion: Mother Rhoyne, Population: 150000, Control: 90, Own Province: True",73.85
"New Religion: DrownedGod, Current Religion: Mother Rhoyne, Population: 150000, Control: 90, Own Province: False",74.59
"New Religion: DrownedGod, Current Religion: Mother Rhoyne, Population: 150000, Control: 95, Own Province: True",61.63
"New Religion: DrownedGod, Current Religion: Mother Rhoyne, Population: 150000, Control: 95, Own Province: False",74.35
"New Religion: DrownedGod, Current Religion: Mother Rhoyne, Population: 150000, Control: 100, Own Province: True",47.54
"New Religion: DrownedGod, Current Religion: Mother Rhoyne, Population: 150000, Control: 100, Own Province: False",73.88
"New Religion: DrownedGod, Current Religion: Mother Rhoyne, Population: 200000, Control: 85, Own Province: True",73.17
"New Religion: DrownedGod, Current Religion: Mother Rhoyne, Population: 200000, Control: 85, Own Province: False",74.33
"New Religion: DrownedGod, Current Religion: Mother Rhoyne, Population: 200000, Control: 90, Own Province: True",74.4
"New Religion: DrownedGod, Current Religion: Mother Rhoyne, Population: 200000, Control: 90, Own Province: False",73.67
"New Religion: DrownedGod, Current Religion: Mother Rhoyne, Population: 200000, Control: 95, Own Province: True",73.85
"New Religion: DrownedGod, Current Religion: Mother Rhoyne, Population: 200000, Control: 95, Own Province: False",73.68
"New Religion: DrownedGod, Current Religion: Mother Rhoyne, Population: 200000, Control: 100, Own Province: True",61.24
"New Religion: DrownedGod, Current Religion: Mother Rhoyne, Population: 200000, Control: 100, Own Province: False",74.91
"New Religion: DrownedGod, Current Religion: Mother Rhoyne, Population: 250000, Control: 85, Own Province: True",74.49
"New Religion: DrownedGod, Current Religion: Mother Rhoyne, Population: 250000, Control: 85, Own Province: False",74.56
"New Religion: DrownedGod, Current Religion: Mother Rhoyne, Population: 250000, Control: 90, Own Province: True",74.26
"New Religion: DrownedGod, Current Religion: Mother Rhoyne, Population: 250000, Control: 90, Own Province: False",73.85
"New Religion: DrownedGod, Current Religion: Mother Rhoyne, Population: 250000, Control: 95, Own Province: True",73.62
"New Religion: DrownedGod, Current Religion: Mother Rhoyne, Population: 250000, Control: 95, Own Province: False",74.85
"New Religion: DrownedGod, Current Religion: Mother Rhoyne, Population: 250000, Control: 100, Own Province: True",74.07
"New Religion: DrownedGod, Current Religion: Mother Rhoyne, Population: 250000, Control: 100, Own Province: False",74.18
"New Religion: DrownedGod, Current Religion: Mother Rhoyne, Population: 300000, Control: 85, Own Province: True",75.06
"New Religion: DrownedGod, Current Religion: Mother Rhoyne, Population: 300000, Control: 85, Own Province: False",73.82
"New Religion: DrownedGod, Current Religion: Mother Rhoyne, Population: 300000, Control: 90, Own Province: True",74.03
"New Religion: DrownedGod, Current Religion: Mother Rhoyne, Population: 300000, Control: 90, Own Province: False",74.37
"New Religion: DrownedGod, Current Religion: Mother Rhoyne, Population: 300000, Control: 95, Own Province: True",73.71
"New Religion: DrownedGod, Current Religion: Mother Rhoyne, Population: 300000, Control: 95, Own Province: False",74.5
"New Religion: DrownedGod, Current Religion: Mother Rhoyne, Population: 300000, Control: 100, Own Province: True",74.85
"New Religion: DrownedGod, Current Religion: Mother Rhoyne, Population: 300000, Control: 100, Own Province: False",74.53
"New Religion: DrownedGod, Current Religion: Gods of Valyria, Population: 1000, Control: 85, Own Province: True",48.76
"New Religion: DrownedGod, Current Religion: Gods of Valyria, Population: 1000, Control: 85, Own Province: False",48.37
"New Religion: DrownedGod, Current Religion: Gods of Valyria, Population: 1000, Control: 90, Own Province: True",35.42
"New Religion: DrownedGod, Current Religion: Gods of Valyria, Population: 1000, Control: 90, Own Province: False",61.72
"New Religion: DrownedGod, Current Religion: Gods of Valyria, Population: 1000, Control: 95, Own Province: True",23.68
"New Religion: DrownedGod, Current Religion: Gods of Valyria, Population: 1000, Control: 95, Own Province: False",74.55
"New Religion: DrownedGod, Current Religion: Gods of Valyria, Population: 1000, Control: 100, Own Province: True",13.31
"New Religion: DrownedGod, Current Religion: Gods of Valyria, Population: 1000, Control: 100, Own Province: False",73.94
"New Religion: DrownedGod, Current Religion: Gods of Valyria, Population: 50000, Control: 85, Own Province: True",61.12
"New Religion: DrownedGod, Current Religion: Gods of Valyria, Population: 50000, Control: 85, Own Province: False",61.16
"New Religion: DrownedGod, Current Religion: Gods of Valyria, Population: 50000, Control: 90, Own Province: True",47.31
"New Religion: DrownedGod, Current Religion: Gods of Valyria, Population: 50000, Control: 90, Own Province: False",73.51
"New Religion: DrownedGod, Current Religion: Gods of Valyria, Population: 50000, Control: 95, Own Province: True",35.02
"New Religion: DrownedGod, Current Religion: Gods of Valyria, Population: 50000, Control: 95, Own Province: False",73.75
"New Religion: DrownedGod, Current Religion: Gods of Valyria, Population: 50000, Control: 100, Own Province: True",24.0
"New Religion: DrownedGod, Current Religion: Gods of Valyria, Population: 50000, Control: 100, Own Province: False",74.04
"New Religion: DrownedGod, Current Religion: Gods of Valyria, Population: 100000, Control: 85, Own Province: True",74.18
"New Religion: DrownedGod, Current Religion: Gods of Valyria, Population: 100000, Control: 85, Own Province: False",74.74
"New Religion: DrownedGod, Current Religion: Gods of Valyria, Population: 100000, Control: 90, Own Province: True",61.19
"New Religion: DrownedGod, Current Religion: Gods of Valyria, Population: 100000, Control: 90, Own Province: False",73.85
"New Religion: DrownedGod, Current Religion: Gods of Valyria, Population: 100000, Control: 95, Own Province: True",47.82
"New Religion: DrownedGod, Current Religion: Gods of Valyria, Population: 100000, Control: 95, Own Province: False",74.6
"New Religion: DrownedGod, Current Religion: Gods of Valyria, Population: 100000, Control: 100, Own Province: True",34.69
"New Religion: DrownedGod, Current Religion: Gods of Valyria, Population: 100000, Control: 100, Own Province: False",73.75
"New Religion: DrownedGod, Current Religion: Gods of Valyria, Population: 150000, Control: 85, Own Province: True",75.04
"New Religion: DrownedGod, Current Religion: Gods of Valyria, Population: 150000, Control: 85, Own Province: False",74.61
"New Religion: DrownedGod, Current Religion: Gods of Valyria, Population: 150000, Control: 90, Own Province: True",74.13
"New Religion: DrownedGod, Current Religion: Gods of Valyria, Population: 150000, Control: 90, Own Province: False",74.47
"New Religion: DrownedGod, Current Religion: Gods of Valyria, Population: 150000, Control: 95, Own Province: True",61.43
"New Religion: DrownedGod, Current Religion: Gods of Valyria, Population: 150000, Control: 95, Own Province: False",73.94
"New Religion: DrownedGod, Current Religion: Gods of Valyria, Population: 150000, Control: 100, Own Province: True",47.95
"New Religion: DrownedGod, Current Religion: Gods of Valyria, Population: 150000, Control: 100, Own Province: False",74.2
"New Religion: DrownedGod, Current Religion: Gods of Valyria, Population: 200000, Control: 85, Own Province: True",74.94
"New Religion: DrownedGod, Current Religion: Gods of Valyria, Population: 200000, Control: 85, Own Province: False",73.99
"New Religion: DrownedGod, Current Religion: Gods of Valyria, Population: 200000, Control: 90, Own Province: True",73.84
"New Religion: DrownedGod, Current Religion: Gods of Valyria, Population: 200000, Control: 90, Own Province: False",74.09
"New Religion: DrownedGod, Current Religion: Gods of Valyria, Population: 200000, Control: 95, Own Province: True",75.11
"New Religion: DrownedGod, Current Religion: Gods of Valyria, Population: 200000, Control: 95, Own Province: False",74.45
"New Religion: DrownedGod, Current Religion: Gods of Valyria, Population: 200000, Control: 100, Own Province: True",62.24
"New Religion: DrownedGod, Current Religion: Gods of Valyria, Population: 200000, Control: 100, Own Province: False",73.85
"New Religion: DrownedGod, Current Religion: Gods of Valyria, Population: 250000, Control: 85, Own Province: True",74.36
"New Religion: DrownedGod, Current Religion: Gods of Valyria, Population: 250000, Control: 85, Own Province: False",74.39
"New Religion: DrownedGod, Current Religion: Gods of Valyria, Population: 250000, Control: 90, Own Province: True",74.35
"New Religion: DrownedGod, Current Religion: Gods of Valyria, Population: 250000, Control: 90, Own Province: False",73.88
"New Religion: DrownedGod, Current Religion: Gods of Valyria, Population: 250000, Control: 95, Own Province: True",74.39
"New Religion: DrownedGod, Current Religion: Gods of Valyria, Population: 250000, Control: 95, Own Province: False",74.39
"New Religion: DrownedGod, Current Religion: Gods of Valyria, Population: 250000, Control: 100, Own Province: True",73.91
"New Religion: DrownedGod, Current Religion: Gods of Valyria, Population: 250000, Control: 100, Own Province: False",74.02
"New Religion: DrownedGod, Current Religion: Gods of Valyria, Population: 300000, Control: 85, Own Province: True",74.01
"New Religion: DrownedGod, Current Religion: Gods of Valyria, Population: 300000, Control: 85, Own Province: False",74.06
"New Religion: DrownedGod, Current Religion: Gods of Valyria, Population: 300000, Control: 90, Own Province: True",74.83
"New Religion: DrownedGod, Current Religion: Gods of Valyria, Population: 300000, Control: 90, Own Province: False",74.47
"New Religion: DrownedGod, Current Religion: Gods of Valyria, Population: 300000, Control: 95, Own Province: True",74.46
"New Religion: DrownedGod, Current Religion: Gods of Valyria, Population: 300000, Control: 95, Own Province: False",73.39
"New Religion: DrownedGod, Current Religion: Gods of Valyria, Population: 300000, Control: 100, Own Province: True",74.57
"New Religion: DrownedGod, Current Religion: Gods of Valyria, Population: 300000, Control: 100, Own Province: False",74.23
"New Religion: DrownedGod, Current Religion: R'hllor, Population: 1000, Control: 85, Own Province: True",47.71
"New Religion: DrownedGod, Current Religion: R'hllor, Population: 1000, Control: 85, Own Province: False",47.82
"New Religion: DrownedGod, Current Religion: R'hllor, Population: 1000, Control: 90, Own Province: True",34.89
"New Religion: DrownedGod, Current Religion: R'hllor, Population: 1000, Control: 90, Own Province: False",61.24
"New Religion: DrownedGod, Current Religion: R'hllor, Population: 1000, Control: 95, Own Province: True",23.89
"New Religion: DrownedGod, Current Religion: R'hllor, Population: 1000, Control: 95, Own Province: False",74.36
"New Religion: DrownedGod, Current Religion: R'hllor, Population: 1000, Control: 100, Own Province: True",13.81
"New Religion: DrownedGod, Current Religion: R'hllor, Population: 1000, Control: 100, Own Province: False",73.45
"New Religion: DrownedGod, Current Religion: R'hllor, Population: 50000, Control: 85, Own Province: True",62.44
"New Religion: DrownedGod, Current Religion: R'hllor, Population: 50000, Control: 85, Own Province: False",60.99
"New Religion: DrownedGod, Current Religion: R'hllor, Population: 50000, Control: 90, Own Province: True",47.92
"New Religion: DrownedGod, Current Religion: R'hllor, Population: 50000, Control: 90, Own Province: False",73.39
"New Religion: DrownedGod, Current Religion: R'hllor, Population: 50000, Control: 95, Own Province: True",35.04
"New Religion: DrownedGod, Current Religion: R'hllor, Population: 50000, Control: 95, Own Province: False",74.1
"New Religion: DrownedGod, Current Religion: R'hllor, Population: 50000, Control: 100, Own Province: True",23.83
"New Religion: DrownedGod, Current Religion: R'hllor, Population: 50000, Control: 100, Own Province: False",73.53
"New Religion: DrownedGod, Current Religion: R'hllor, Population: 100000, Control: 85, Own Province: True",74.22
"New Religion: DrownedGod, Current Religion: R'hllor, Population: 100000, Control: 85, Own Province: False",74.39
"New Religion: DrownedGod, Current Religion: R'hllor, Population: 100000, Control: 90, Own Province: True",61.8
"New Religion: DrownedGod, Current Religion: R'hllor, Population: 100000, Control: 90, Own Province: False",74.31
"New Religion: DrownedGod, Current Religion: R'hllor, Population: 100000, Control: 95, Own Province: True",47.92
"New Religion: DrownedGod, Current Religion: R'hllor, Population: 100000, Control: 95, Own Province: False",74.7
"New Religion: DrownedGod, Current Religion: R'hllor, Population: 100000, Control: 100, Own Province: True",35.28
"New Religion: DrownedGod, Current Religion: R'hllor, Population: 100000, Control: 100, Own Province: False",72.86
"New Religion: DrownedGod, Current Religion: R'hllor, Population: 150000, Control: 85, Own Province: True",73.99
"New Religion: DrownedGod, Current Religion: R'hllor, Population: 150000, Control: 85, Own Province: False",74.28
"New Religion: DrownedGod, Current Religion: R'hllor, Population: 150000, Control: 90, Own Province: True",73.9
"New Religion: DrownedGod, Current Religion: R'hllor, Population: 150000, Control: 90, Own Province: False",74.57
"New Religion: DrownedGod, Current Religion: R'hllor, Population: 150000, Control: 95, Own Province: True",61.83
"New Religion: DrownedGod, Current Religion: R'hllor, Population: 150000, Control: 95, Own Province: False",73.99
"New Religion: DrownedGod, Current Religion: R'hllor, Population: 150000, Control: 100, Own Province: True",47.6
"New Religion: DrownedGod, Current Religion: R'hllor, Population: 150000, Control: 100, Own Province: False",73.75
"New Religion: DrownedGod, Current Religion: R'hllor, Population: 200000, Control: 85, Own Province: True",73.66
"New Religion: DrownedGod, Current Religion: R'hllor, Population: 200000, Control: 85, Own Province: False",74.55
"New Religion: DrownedGod, Current Religion: R'hllor, Population: 200000, Control: 90, Own Province: True",74.84
"New Religion: DrownedGod, Current Religion: R'hllor, Population: 200000, Control: 90, Own Province: False",74.03
"New Religion: DrownedGod, Current Religion: R'hllor, Population: 200000, Control: 95, Own Province: True",74.38
"New Religion: DrownedGod, Current Religion: R'hllor, Population: 200000, Control: 95, Own Province: False",73.81
"New Religion: DrownedGod, Current Religion: R'hllor, Population: 200000, Control: 100, Own Province: True",62.01
"New Religion: DrownedGod, Current Religion: R'hllor, Population: 200000, Control: 100, Own Province: False",74.32
"New Religion: DrownedGod, Current Religion: R'hllor, Population: 250000, Control: 85, Own Province: True",73.4
"New Religion: DrownedGod, Current Religion: R'hllor, Population: 250000, Control: 85, Own Province: False",74.11
"New Religion: DrownedGod, Current Religion: R'hllor, Population: 250000, Control: 90, Own Province: True",74.08
"New Religion: DrownedGod, Current Religion: R'hllor, Population: 250000, Control: 90, Own Province: False",74.34
"New Religion: DrownedGod, Current Religion: R'hllor, Population: 250000, Control: 95, Own Province: True",73.85
"New Religion: DrownedGod, Current Religion: R'hllor, Population: 250000, Control: 95, Own Province: False",74.29
"New Religion: DrownedGod, Current Religion: R'hllor, Population: 250000, Control: 100, Own Province: True",73.94
"New Religion: DrownedGod, Current Religion: R'hllor, Population: 250000, Control: 100, Own Province: False",74.71
"New Religion: DrownedGod, Current Religion: R'hllor, Population: 300000, Control: 85, Own Province: True",74.46
"New Religion: DrownedGod, Current Religion: R'hllor, Population: 300000, Control: 85, Own Province: False",74.4
"New Religion: DrownedGod, Current Religion: R'hllor, Population: 300000, Control: 90, Own Province: True",74.51
"New Religion: DrownedGod, Current Religion: R'hllor, Population: 300000, Control: 90, Own Province: False",74.16
"New Religion: DrownedGod, Current Religion: R'hllor, Population: 300000, Control: 95, Own Province: True",74.43
"New Religion: DrownedGod, Current Religion: R'hllor, Population: 300000, Control: 95, Own Province: False",74.31
"New Religion: DrownedGod, Current Religion: R'hllor, Population: 300000, Control: 100, Own Province: True",74.36
"New Religion: DrownedGod, Current Religion: R'hllor, Population: 300000, Control: 100, Own Province: False",75.27
"New Religion: DrownedGodII, Current Religion: Faith of the Seven, Population: 1000, Control: 85, Own Province: True",24.09
"New Religion: DrownedGodII, Current Religion: Faith of the Seven, Population: 1000, Control: 85, Own Province: False",23.58
"New Religion: DrownedGodII, Current Religion: Faith of the Seven, Population: 1000, Control: 90, Own Province: True",13.69
"New Religion: DrownedGodII, Current Religion: Faith of the Seven, Population: 1000, Control: 90, Own Province: False",34.98
"New Religion: DrownedGodII, Current Religion: Faith of the Seven, Population: 1000, Control: 95, Own Province: True",5.97
"New Religion: DrownedGodII, Current Religion: Faith of the Seven, Population: 1000, Control: 95, Own Province: False",48.33
"New Religion: DrownedGodII, Current Religion: Faith of the Seven, Population: 1000, Control: 100, Own Province: True",0.0
"New Religion: DrownedGodII, Current Religion: Faith of the Seven, Population: 1000, Control: 100, Own Province: False",60.69
"New Religion: DrownedGodII, Current Religion: Faith of the Seven, Population: 50000, Control: 85, Own Province: True",35.0
"New Religion: DrownedGodII, Current Religion: Faith of the Seven, Population: 50000, Control: 85, Own Province: False",34.95
"New Religion: DrownedGodII, Current Religion: Faith of the Seven, Population: 50000, Control: 90, Own Province: True",23.67
"New Religion: DrownedGodII, Current Religion: Faith of the Seven, Population: 50000, Control: 90, Own Province: False",48.48
"New Religion: DrownedGodII, Current Religion: Faith of the Seven, Population: 50000, Control: 95, Own Province: True",13.89
"New Religion: DrownedGodII, Current Religion: Faith of the Seven, Population: 50000, Control: 95, Own Province: False",61.97
"New Religion: DrownedGodII, Current Religion: Faith of the Seven, Population: 50000, Control: 100, Own Province: True",6.1
"New Religion: DrownedGodII, Current Religion: Faith of the Seven, Population: 50000, Control: 100, Own Province: False",74.29
"New Religion: DrownedGodII, Current Religion: Faith of the Seven, Population: 100000, Control: 85, Own Province: True",47.72
"New Religion: DrownedGodII, Current Religion: Faith of the Seven, Population: 100000, Control: 85, Own Province: False",47.58
"New Religion: DrownedGodII, Current Religion: Faith of the Seven, Population: 100000, Control: 90, Own Province: True",34.99
"New Religion: DrownedGodII, Current Religion: Faith of the Seven, Population: 100000, Control: 90, Own Province: False",61.41
"New Religion: DrownedGodII, Current Religion: Faith of the Seven, Population: 100000, Control: 95, Own Province: True",24.0
"New Religion: DrownedGodII, Current Religion: Faith of the Seven, Population: 100000, Control: 95, Own Province: False",73.96
"New Religion: DrownedGodII, Current Religion: Faith of the Seven, Population: 100000, Control: 100, Own Province: True",13.31
"New Religion: DrownedGodII, Current Religion: Faith of the Seven, Population: 100000, Control: 100, Own Province: False",74.28
"New Religion: DrownedGodII, Current Religion: Faith of the Seven, Population: 150000, Control: 85, Own Province: True",61.67
"New Religion: DrownedGodII, Current Religion: Faith of the Seven, Population: 150000, Control: 85, Own Province: False",61.61
"New Religion: DrownedGodII, Current Religion: Faith of the Seven, Population: 150000, Control: 90, Own Province: True",47.78
"New Religion: DrownedGodII, Current Religion: Faith of the Seven, Population: 150000, Control: 90, Own Province: False",74.66
"New Religion: DrownedGodII, Current Religion: Faith of the Seven, Population: 150000, Control: 95, Own Province: True",35.01
"New Religion: DrownedGodII, Current Religion: Faith of the Seven, Population: 150000, Control: 95, Own Province: False",73.86
"New Religion: DrownedGodII, Current Religion: Faith of the Seven, Population: 150000, Control: 100, Own Province: True",24.43
"New Religion: DrownedGodII, Current Religion: Faith of the Seven, Population: 150000, Control: 100, Own Province: False",74.25
"New Religion: DrownedGodII, Current Religion: Faith of the Seven, Population: 200000, Control: 85, Own Province: True",74.84
"New Religion: DrownedGodII, Current Religion: Faith of the Seven, Population: 200000, Control: 85, Own Province: False",74.67
"New Religion: DrownedGodII, Current Religion: Faith of the Seven, Population: 200000, Control: 90, Own Province: True",61.26
"New Religion: DrownedGodII, Current Religion: Faith of the Seven, Population: 200000, Control: 90, Own Province: False",74.31
"New Religion: DrownedGodII, Current Religion: Faith of the Seven, Population: 200000, Control: 95, Own Province: True",49.38
"New Religion: DrownedGodII, Current Religion: Faith of the Seven, Population: 200000, Control: 95, Own Province: False",74.08
"New Religion: DrownedGodII, Current Religion: Faith of the Seven, Population: 200000, Control: 100, Own Province: True",34.85
"New Religion: DrownedGodII, Current Religion: Faith of the Seven, Population: 200000, Control: 100, Own Province: False",74.24
"New Religion: DrownedGodII, Current Religion: Faith of the Seven, Population: 250000, Control: 85, Own Province: True",73.57
"New Religion: DrownedGodII, Current Religion: Faith of the Seven, Population: 250000, Control: 85, Own Province: False",73.81
"New Religion: DrownedGodII, Current Religion: Faith of the Seven, Population: 250000, Control: 90, Own Province: True",74.46
"New Religion: DrownedGodII, Current Religion: Faith of the Seven, Population: 250000, Control: 90, Own Province: False",74.41
"New Religion: DrownedGodII, Current Religion: Faith of the Seven, Population: 250000, Control: 95, Own Province: True",61.2
"New Religion: DrownedGodII, Current Religion: Faith of the Seven, Population: 250000, Control: 95, Own Province: False",74.0
"New Religion: DrownedGodII, Current Religion: Faith of the Seven, Population: 250000, Control: 100, Own Province: True",48.74
"New Religion: DrownedGodII, Current Religion: Faith of the Seven, Population: 250000, Control: 100, Own Province: False",74.75
"New Religion: DrownedGodII, Current Religion: Faith of the Seven, Population: 300000, Control: 85, Own Province: True",74.36
"New Religion: DrownedGodII, Current Religion: Faith of the Seven, Population: 300000, Control: 85, Own Province: False",73.94
"New Religion: DrownedGodII, Current Religion: Faith of the Seven, Population: 300000, Control: 90, Own Province: True",74.62
"New Religion: DrownedGodII, Current Religion: Faith of the Seven, Population: 300000, Control: 90, Own Province: False",74.75
"New Religion: DrownedGodII, Current Religion: Faith of the Seven, Population: 300000, Control: 95, Own Province: True",74.28
"New Religion: DrownedGodII, Current Religion: Faith of the Seven, Population: 300000, Control: 95, Own Province: False",74.56
"New Religion: DrownedGodII, Current Religion: Faith of the Seven, Population: 300000, Control: 100, Own Province: True",60.98
"New Religion: DrownedGodII, Current Religion: Faith of the Seven, Population: 300000, Control: 100, Own Province: False",73.91
"New Religion: DrownedGodII, Current Religion: Old Gods, Population: 1000, Control: 85, Own Province: True",13.57
"New Religion: DrownedGodII, Current Religion: Old Gods, Population: 1000, Control: 85, Own Province: False",13.36
"New Religion: DrownedGodII, Current Religion: Old Gods, Population: 1000, Control: 90, Own Province: True",5.82
"New Religion: DrownedGodII, Current Religion: Old Gods, Population: 1000, Control: 90, Own Province: False",23.45
"New Religion: DrownedGodII, Current Religion: Old Gods, Population: 1000, Control: 95, Own Province: True",0.0
"New Religion: DrownedGodII, Current Religion: Old Gods, Population: 1000, Control: 95, Own Province: False",35.38
"New Religion: DrownedGodII, Current Religion: Old Gods, Population: 1000, Control: 100, Own Province: True",0.0
"New Religion: DrownedGodII, Current Religion: Old Gods, Population: 1000, Control: 100, Own Province: False",48.57
"New Religion: DrownedGodII, Current Religion: Old Gods, Population: 50000, Control: 85, Own Province: True",24.83
"New Religion: DrownedGodII, Current Religion: Old Gods, Population: 50000, Control: 85, Own Province: False",24.2
"New Religion: DrownedGodII, Current Religion: Old Gods, Population: 50000, Control: 90, Own Province: True",14.47
"New Religion: DrownedGodII, Current Religion: Old Gods, Population: 50000, Control: 90, Own Province: False",35.28
"New Religion: DrownedGodII, Current Religion: Old Gods, Population: 50000, Control: 95, Own Province: True",5.84
"New Religion: DrownedGodII, Current Religion: Old Gods, Population: 50000, Control: 95, Own Province: False",48.39
"New Religion: DrownedGodII, Current Religion: Old Gods, Population: 50000, Control: 100, Own Province: True",0.0
"New Religion: DrownedGodII, Current Religion: Old Gods, Population: 50000, Control: 100, Own Province: False",60.93
"New Religion: DrownedGodII, Current Religion: Old Gods, Population: 100000, Control: 85, Own Province: True",35.11
"New Religion: DrownedGodII, Current Religion: Old Gods, Population: 100000, Control: 85, Own Province: False",35.14
"New Religion: DrownedGodII, Current Religion: Old Gods, Population: 100000, Control: 90, Own Province: True",24.64
"New Religion: DrownedGodII, Current Religion: Old Gods, Population: 100000, Control: 90, Own Province: False",48.65
"New Religion: DrownedGodII, Current Religion: Old Gods, Population: 100000, Control: 95, Own Province: True",13.94
"New Religion: DrownedGodII, Current Religion: Old Gods, Population: 100000, Control: 95, Own Province: False",61.2
"New Religion: DrownedGodII, Current Religion: Old Gods, Population: 100000, Control: 100, Own Province: True",5.91
"New Religion: DrownedGodII, Current Religion: Old Gods, Population: 100000, Control: 100, Own Province: False",73.79
"New Religion: DrownedGodII, Current Religion: Old Gods, Population: 150000, Control: 85, Own Province: True",47.7
"New Religion: DrownedGodII, Current Religion: Old Gods, Population: 150000, Control: 85, Own Province: False",47.68
"New Religion: DrownedGodII, Current Religion: Old Gods, Population: 150000, Control: 90, Own Province: True",34.9
"New Religion: DrownedGodII, Current Religion: Old Gods, Population: 150000, Control: 90, Own Province: False",62.99
"New Religion: DrownedGodII, Current Religion: Old Gods, Population: 150000, Control: 95, Own Province: True",24.83
"New Religion: DrownedGodII, Current Religion: Old Gods, Population: 150000, Control: 95, Own Province: False",74.96
"New Religion: DrownedGodII, Current Religion: Old Gods, Population: 150000, Control: 100, Own Province: True",13.52
"New Religion: DrownedGodII, Current Religion: Old Gods, Population: 150000, Control: 100, Own Province: False",73.52
"New Religion: DrownedGodII, Current Religion: Old Gods, Population: 200000, Control: 85, Own Province: True",59.94
"New Religion: DrownedGodII, Current Religion: Old Gods, Population: 200000, Control: 85, Own Province: False",61.5
"New Religion: DrownedGodII, Current Religion: Old Gods, Population: 200000, Control: 90, Own Province: True",49.23
"New Religion: DrownedGodII, Current Religion: Old Gods, Population: 200000, Control: 90, Own Province: False",74.73
"New Religion: DrownedGodII, Current Religion: Old Gods, Population: 200000, Control: 95, Own Province: True",35.61
"New Religion: DrownedGodII, Current Religion: Old Gods, Population: 200000, Control: 95, Own Province: False",74.61
"New Religion: DrownedGodII, Current Religion: Old Gods, Population: 200000, Control: 100, Own Province: True",23.7
"New Religion: DrownedGodII, Current Religion: Old Gods, Population: 200000, Control: 100, Own Province: False",73.54
"New Religion: DrownedGodII, Current Religion: Old Gods, Population: 250000, Control: 85, Own Province: True",73.85
"New Religion: DrownedGodII, Current Religion: Old Gods, Population: 250000, Control: 85, Own Province: False",74.46
"New Religion: DrownedGodII, Current Religion: Old Gods, Population: 250000, Control: 90, Own Province: True",61.17
"New Religion: DrownedGodII, Current Religion: Old Gods, Population: 250000, Control: 90, Own Province: False",73.59
"New Religion: DrownedGodII, Current Religion: Old Gods, Population: 250000, Control: 95, Own Province: True",47.62
"New Religion: DrownedGodII, Current Religion: Old Gods, Population: 250000, Control: 95, Own Province: False",74.31
"New Religion: DrownedGodII, Current Religion: Old Gods, Population: 250000, Control: 100, Own Province: True",35.62
"New Religion: DrownedGodII, Current Religion: Old Gods, Population: 250000, Control: 100, Own Province: False",74.34
"New Religion: DrownedGodII, Current Religion: Old Gods, Population: 300000, Control: 85, Own Province: True",74.97
"New Religion: DrownedGodII, Current Religion: Old Gods, Population: 300000, Control: 85, Own Province: False",73.85
"New Religion: DrownedGodII, Current Religion: Old Gods, Population: 300000, Control: 90, Own Province: True",73.05
"New Religion: DrownedGodII, Current Religion: Old Gods, Population: 300000, Control: 90, Own Province: False",74.03
"New Religion: DrownedGodII, Current Religion: Old Gods, Population: 300000, Control: 95, Own Province: True",60.9
"New Religion: DrownedGodII, Current Religion: Old Gods, Population: 300000, Control: 95, Own Province: False",73.61
"New Religion: DrownedGodII, Current Religion: Old Gods, Population: 300000, Control: 100, Own Province: True",48.14
"New Religion: DrownedGodII, Current Religion: Old Gods, Population: 300000, Control: 100, Own Province: False",73.8
"New Religion: DrownedGodII, Current Religion: Skagosi Old Gods, Population: 1000, Control: 85, Own Province: True",23.42
"New Religion: DrownedGodII, Current Religion: Skagosi Old Gods, Population: 1000, Control: 85, Own Province: False",24.22
"New Religion: DrownedGodII, Current Religion: Skagosi Old Gods, Population: 1000, Control: 90, Own Province: True",14.27
"New Religion: DrownedGodII, Current Religion: Skagosi Old Gods, Population: 1000, Control: 90, Own Province: False",34.96
"New Religion: DrownedGodII, Current Religion: Skagosi Old Gods, Population: 1000, Control: 95, Own Province: True",6.24
"New Religion: DrownedGodII, Current Religion: Skagosi Old Gods, Population: 1000, Control: 95, Own Province: False",47.69
"New Religion: DrownedGodII, Current Religion: Skagosi Old Gods, Population: 1000, Control: 100, Own Province: True",0.0
"New Religion: DrownedGodII, Current Religion: Skagosi Old Gods, Population: 1000, Control: 100, Own Province: False",61.84
"New Religion: DrownedGodII, Current Religion: Skagosi Old Gods, Population: 50000, Control: 85, Own Province: True",35.15
"New Religion: DrownedGodII, Current Religion: Skagosi Old Gods, Population: 50000, Control: 85, Own Province: False",34.93
"New Religion: DrownedGodII, Current Religion: Skagosi Old Gods, Population: 50000, Control: 90, Own Province: True",23.01
"New Religion: DrownedGodII, Current Religion: Skagosi Old Gods, Population: 50000, Control: 90, Own Province: False",46.79
"New Religion: DrownedGodII, Current Religion: Skagosi Old Gods, Population: 50000, Control: 95, Own Province: True",14.7
"New Religion: DrownedGodII, Current Religion: Skagosi Old Gods, Population: 50000, Control: 95, Own Province: False",60.96
"New Religion: DrownedGodII, Current Religion: Skagosi Old Gods, Population: 50000, Control: 100, Own Province: True",6.49
"New Religion: DrownedGodII, Current Religion: Skagosi Old Gods, Population: 50000, Control: 100, Own Province: False",73.13
"New Religion: DrownedGodII, Current Religion: Skagosi Old Gods, Population: 100000, Control: 85, Own Province: True",47.92
"New Religion: DrownedGodII, Current Religion: Skagosi Old Gods, Population: 100000, Control: 85, Own Province: False",48.2
"New Religion: DrownedGodII, Current Religion: Skagosi Old Gods, Population: 100000, Control: 90, Own Province: True",34.64
"New Religion: DrownedGodII, Current Religion: Skagosi Old Gods, Population: 100000, Control: 90, Own Province: False",61.54
"New Religion: DrownedGodII, Current Religion: Skagosi Old Gods, Population: 100000, Control: 95, Own Province: True",23.32
"New Religion: DrownedGodII, Current Religion: Skagosi Old Gods, Population: 100000, Control: 95, Own Province: False",74.23
"New Religion: DrownedGodII, Current Religion: Skagosi Old Gods, Population: 100000, Control: 100, Own Province: True",13.44
"New Religion: DrownedGodII, Current Religion: Skagosi Old Gods, Population: 100000, Control: 100, Own Province: False",73.95
"New Religion: DrownedGodII, Current Religion: Skagosi Old Gods, Population: 150000, Control: 85, Own Province: True",62.22
"New Religion: DrownedGodII, Current Religion: Skagosi Old Gods, Population: 150000, Control: 85, Own Province: False",61.31
"New Religion: DrownedGodII, Current Religion: Skagosi Old Gods, Population: 150000, Control: 90, Own Province: True",48.54
"New Religion: DrownedGodII, Current Religion: Skagosi Old Gods, Population: 150000, Control: 90, Own Province: False",74.11
"New Religion: DrownedGodII, Current Religion: Skagosi Old Gods, Population: 150000, Control: 95, Own Province: True",36.37
"New Religion: DrownedGodII, Current Religion: Skagosi Old Gods, Population: 150000, Control: 95, Own Province: False",74.31
"New Religion: DrownedGodII, Current Religion: Skagosi Old Gods, Population: 150000, Control: 100, Own Province: True",24.6
"New Religion: DrownedGodII, Current Religion: Skagosi Old Gods, Population: 150000, Control: 100, Own Province: False",74.53
"New Religion: DrownedGodII, Current Religion: Skagosi Old Gods, Population: 200000, Control: 85, Own Province: True",73.52
"New Religion: DrownedGodII, Current Religion: Skagosi Old Gods, Population: 200000, Control: 85, Own Province: False",74.27
"New Religion: DrownedGodII, Current Religion: Skagosi Old Gods, Population: 200000, Control: 90, Own Province: True",61.54
"New Religion: DrownedGodII, Current Religion: Skagosi Old Gods, Population: 200000, Control: 90, Own Province: False",73.58
"New Religion: DrownedGodII, Current Religion: Skagosi Old Gods, Population: 200000, Control: 95, Own Province: True",48.31
"New Religion: DrownedGodII, Current Religion: Skagosi Old Gods, Population: 200000, Control: 95, Own Province: False",73.72
"New Religion: DrownedGodII, Current Religion: Skagosi Old Gods, Population: 200000, Control: 100, Own Province: True",34.38
"New Religion: DrownedGodII, Current Religion: Skagosi Old Gods, Population: 200000, Control: 100, Own Province: False",74.11
"New Religion: DrownedGodII, Current Religion: Skagosi Old Gods, Population: 250000, Control: 85, Own Province: True",74.01
"New Religion: DrownedGodII, Current Religion: Skagosi Old Gods, Population: 250000, Control: 85, Own Province: False",74.21
"New Religion: DrownedGodII, Current Religion: Skagosi Old Gods, Population: 250000, Control: 90, Own Province: True",74.17
"New Religion: DrownedGodII, Current Religion: Skagosi Old Gods, Population: 250000, Control: 90, Own Province: False",73.76
"New Religion: DrownedGodII, Current Religion: Skagosi Old Gods, Population: 250000, Control: 95, Own Province: True",60.99
"New Religion: DrownedGodII, Current Religion: Skagosi Old Gods, Population: 250000, Control: 95, Own Province: False",73.43
"New Religion: DrownedGodII, Current Religion: Skagosi Old Gods, Population: 250000, Control: 100, Own Province: True",48.21
"New Religion: DrownedGodII, Current Religion: Skagosi Old Gods, Population: 250000, Control: 100, Own Province: False",74.56
"New Religion: DrownedGodII, Current Religion: Skagosi Old Gods, Population: 300000, Control: 85, Own Province: True",73.99
"New Religion: DrownedGodII, Current Religion: Skagosi Old Gods, Population: 300000, Control: 85, Own Province: False",74.18
"New Religion: DrownedGodII, Current Religion: Skagosi Old Gods, Population: 300000, Control: 90, Own Province: True",73.74
"New Religion: DrownedGodII, Current Religion: Skagosi Old Gods, Population: 300000, Control: 90, Own Province: False",74.09
"New Religion: DrownedGodII, Current Religion: Skagosi Old Gods, Population: 300000, Control: 95, Own Province: True",73.56
"New Religion: DrownedGodII, Current Religion: Skagosi Old Gods, Population: 300000, Control: 95, Own Province: False",73.91
"New Religion: DrownedGodII, Current Religion: Skagosi Old Gods, Population: 300000, Control: 100, Own Province: True",61.62
"New Religion: DrownedGodII, Current Religion: Skagosi Old Gods, Population: 300000, Control: 100, Own Province: False",73.89
"New Religion: DrownedGodII, Current Religion: DrownedGod, Population: 1000, Control: 85, Own Province: True",36.0
"New Religion: DrownedGodII, Current Religion: DrownedGod, Population: 1000, Control: 85, Own Province: False",35.36
"New Religion: DrownedGodII, Current Religion: DrownedGod, Population: 1000, Control: 90, Own Province: True",23.66
"New Religion: DrownedGodII, Current Religion: DrownedGod, Population: 1000, Control: 90, Own Province: False",47.78
"New Religion: DrownedGodII, Current Religion: DrownedGod, Population: 1000, Control: 95, Own Province: True",13.38
"New Religion: DrownedGodII, Current Religion: DrownedGod, Population: 1000, Control: 95, Own Province: False",61.28
"New Religion: DrownedGodII, Current Religion: DrownedGod, Population: 1000, Control: 100, Own Province: True",6.35
"New Religion: DrownedGodII, Current Religion: DrownedGod, Population: 1000, Control: 100, Own Province: False",73.24
"New Religion: DrownedGodII, Current Religion: DrownedGod, Population: 50000, Control: 85, Own Province: True",48.04
"New Religion: DrownedGodII, Current Religion: DrownedGod, Population: 50000, Control: 85, Own Province: False",48.57
"New Religion: DrownedGodII, Current Religion: DrownedGod, Population: 50000, Control: 90, Own Province: True",34.93
"New Religion: DrownedGodII, Current Religion: DrownedGod, Population: 50000, Control: 90, Own Province: False",62.1
"New Religion: DrownedGodII, Current Religion: DrownedGod, Population: 50000, Control: 95, Own Province: True",24.47
"New Religion: DrownedGodII, Current Religion: DrownedGod, Population: 50000, Control: 95, Own Province: False",73.47
"New Religion: DrownedGodII, Current Religion: DrownedGod, Population: 50000, Control: 100, Own Province: True",13.34
"New Religion: DrownedGodII, Current Religion: DrownedGod, Population: 50000, Control: 100, Own Province: False",74.29
"New Religion: DrownedGodII, Current Religion: DrownedGod, Population: 100000, Control: 85, Own Province: True",60.93
"New Religion: DrownedGodII, Current Religion: DrownedGod, Population: 100000, Control: 85, Own Province: False",61.4
"New Religion: DrownedGodII, Current Religion: DrownedGod, Population: 100000, Control: 90, Own Province: True",48.25
"New Religion: DrownedGodII, Current Religion: DrownedGod, Population: 100000, Control: 90, Own Province: False",73.47
"New Religion: DrownedGodII, Current Religion: DrownedGod, Population: 100000, Control: 95, Own Province: True",35.66
"New Religion: DrownedGodII, Current Religion: DrownedGod, Population: 100000, Control: 95, Own Province: False",73.77
"New Religion: DrownedGodII, Current Religion: DrownedGod, Population: 100000, Control: 100, Own Province: True",23.79
"New Religion: DrownedGodII, Current Religion: DrownedGod, Population: 100000, Control: 100, Own Province: False",74.88
"New Religion: DrownedGodII, Current Religion: DrownedGod, Population: 150000, Control: 85, Own Province: True",73.62
"New Religion: DrownedGodII, Current Religion: DrownedGod, Population: 150000, Control: 85, Own Province: False",74.62
"New Religion: DrownedGodII, Current Religion: DrownedGod, Population: 150000, Control: 90, Own Province: True",62.37
"New Religion: DrownedGodII, Current Religion: DrownedGod, Population: 150000, Control: 90, Own Province: False",72.96
"New Religion: DrownedGodII, Current Religion: DrownedGod, Population: 150000, Control: 95, Own Province: True",48.29
"New Religion: DrownedGodII, Current Religion: DrownedGod, Population: 150000, Control: 95, Own Province: False",74.06
"New Religion: DrownedGodII, Current Religion: DrownedGod, Population: 150000, Control: 100, Own Province: True",34.82
"New Religion: DrownedGodII, Current Religion: DrownedGod, Population: 150000, Control: 100, Own Province: False",74.28
"New Religion: DrownedGodII, Current Religion: DrownedGod, Population: 200000, Control: 85, Own Province: True",73.87
"New Religion: DrownedGodII, Current Religion: DrownedGod, Population: 200000, Control: 85, Own Province: False",73.97
"New Religion: DrownedGodII, Current Religion: DrownedGod, Population: 200000, Control: 90, Own Province: True",74.09
"New Religion: DrownedGodII, Current Religion: DrownedGod, Population: 200000, Control: 90, Own Province: False",74.59
"New Religion: DrownedGodII, Current Religion: DrownedGod, Population: 200000, Control: 95, Own Province: True",61.06
"New Religion: DrownedGodII, Current Religion: DrownedGod, Population: 200000, Control: 95, Own Province: False",73.58
"New Religion: DrownedGodII, Current Religion: DrownedGod, Population: 200000, Control: 100, Own Province: True",47.29
"New Religion: DrownedGodII, Current Religion: DrownedGod, Population: 200000, Control: 100, Own Province: False",74.59
"New Religion: DrownedGodII, Current Religion: DrownedGod, Population: 250000, Control: 85, Own Province: True",74.36
"New Religion: DrownedGodII, Current Religion: DrownedGod, Population: 250000, Control: 85, Own Province: False",73.89
"New Religion: DrownedGodII, Current Religion: DrownedGod, Population: 250000, Control: 90, Own Province: True",75.07
"New Religion: DrownedGodII, Current Religion: DrownedGod, Population: 250000, Control: 90, Own Province: False",73.82
"New Religion: DrownedGodII, Current Religion: DrownedGod, Population: 250000, Control: 95, Own Province: True",74.66
"New Religion: DrownedGodII, Current Religion: DrownedGod, Population: 250000, Control: 95, Own Province: False",73.61
"New Religion: DrownedGodII, Current Religion: DrownedGod, Population: 250000, Control: 100, Own Province: True",60.58
"New Religion: DrownedGodII, Current Religion: DrownedGod, Population: 250000, Control: 100, Own Province: False",74.17
"New Religion: DrownedGodII, Current Religion: DrownedGod, Population: 300000, Control: 85, Own Province: True",73.43
"New Religion: DrownedGodII, Current Religion: DrownedGod, Population: 300000, Control: 85, Own Province: False",74.61
"New Religion: DrownedGodII, Current Religion: DrownedGod, Population: 300000, Control: 90, Own Province: True",74.86
"New Religion: DrownedGodII, Current Religion: DrownedGod, Population: 300000, Control: 90, Own Province: False",74.94
"New Religion: DrownedGodII, Current Religion: DrownedGod, Population: 300000, Control: 95, Own Province: True",73.73
"New Religion: DrownedGodII, Current Religion: DrownedGod, Population: 300000, Control: 95, Own Province: False",75.17
"New Religion: DrownedGodII, Current Religion: DrownedGod, Population: 300000, Control: 100, Own Province: True",74.06
"New Religion: DrownedGodII, Current Religion: DrownedGod, Population: 300000, Control: 100, Own Province: False",73.62
"New Religion: DrownedGodII, Current Religion: Mother Rhoyne, Population: 1000, Control: 85, Own Province: True",24.48
"New Religion: DrownedGodII, Current Religion: Mother Rhoyne, Population: 1000, Control: 85, Own Province: False",24.31
"New Religion: DrownedGodII, Current Religion: Mother Rhoyne, Population: 1000, Control: 90, Own Province: True",13.64
"New Religion: DrownedGodII, Current Religion: Mother Rhoyne, Population: 1000, Control: 90, Own Province: False",34.88
"New Religion: DrownedGodII, Current Religion: Mother Rhoyne, Population: 1000, Control: 95, Own Province: True",5.64
"New Religion: DrownedGodII, Current Religion: Mother Rhoyne, Population: 1000, Control: 95, Own Province: False",48.05
"New Religion: DrownedGodII, Current Religion: Mother Rhoyne, Population: 1000, Control: 100, Own Province: True",0.0
"New Religion: DrownedGodII, Current Religion: Mother Rhoyne, Population: 1000, Control: 100, Own Province: False",62.23
"New Religion: DrownedGodII, Current Religion: Mother Rhoyne, Population: 50000, Control: 85, Own Province: True",34.99
"New Religion: DrownedGodII, Current Religion: Mother Rhoyne, Population: 50000, Control: 85, Own Province: False",35.52
"New Religion: DrownedGodII, Current Religion: Mother Rhoyne, Population: 50000, Control: 90, Own Province: True",24.87
"New Religion: DrownedGodII, Current Religion: Mother Rhoyne, Population: 50000, Control: 90, Own Province: False",48.37
"New Religion: DrownedGodII, Current Religion: Mother Rhoyne, Population: 50000, Control: 95, Own Province: True",13.71
"New Religion: DrownedGodII, Current Religion: Mother Rhoyne, Population: 50000, Control: 95, Own Province: False",61.71
"New Religion: DrownedGodII, Current Religion: Mother Rhoyne, Population: 50000, Control: 100, Own Province: True",5.71
"New Religion: DrownedGodII, Current Religion: Mother Rhoyne, Population: 50000, Control: 100, Own Province: False",74.62
"New Religion: DrownedGodII, Current Religion: Mother Rhoyne, Population: 100000, Control: 85, Own Province: True",47.75
"New Religion: DrownedGodII, Current Religion: Mother Rhoyne, Population: 100000, Control: 85, Own Province: False",49.01
"New Religion: DrownedGodII, Current Religion: Mother Rhoyne, Population: 100000, Control: 90, Own Province: True",35.24
"New Religion: DrownedGodII, Current Religion: Mother Rhoyne, Population: 100000, Control: 90, Own Province: False",61.0
"New Religion: DrownedGodII, Current Religion: Mother Rhoyne, Population: 100000, Control: 95, Own Province: True",23.53
"New Religion: DrownedGodII, Current Religion: Mother Rhoyne, Population: 100000, Control: 95, Own Province: False",74.34
"New Religion: DrownedGodII, Current Religion: Mother Rhoyne, Population: 100000, Control: 100, Own Province: True",14.31
"New Religion: DrownedGodII, Current Religion: Mother Rhoyne, Population: 100000, Control: 100, Own Province: False",73.85
"New Religion: DrownedGodII, Current Religion: Mother Rhoyne, Population: 150000, Control: 85, Own Province: True",62.4
"New Religion: DrownedGodII, Current Religion: Mother Rhoyne, Population: 150000, Control: 85, Own Province: False",61.63
"New Religion: DrownedGodII, Current Religion: Mother Rhoyne, Population: 150000, Control: 90, Own Province: True",48.94
"New Religion: DrownedGodII, Current Religion: Mother Rhoyne, Population: 150000, Control: 90, Own Province: False",74.15
"New Religion: DrownedGodII, Current Religion: Mother Rhoyne, Population: 150000, Control: 95, Own Province: True",35.1
"New Religion: DrownedGodII, Current Religion: Mother Rhoyne, Population: 150000, Control: 95, Own Province: False",74.73
"New Religion: DrownedGodII, Current Religion: Mother Rhoyne, Population: 150000, Control: 100, Own Province: True",24.01
"New Religion: DrownedGodII, Current Religion: Mother Rhoyne, Population: 150000, Control: 100, Own Province: False",74.42
"New Religion: DrownedGodII, Current Religion: Mother Rhoyne, Population: 200000, Control: 85, Own Province: True",74.25
"New Religion: DrownedGodII, Current Religion: Mother Rhoyne, Population: 200000, Control: 85, Own Province: False",73.94
"New Religion: DrownedGodII, Current Religion: Mother Rhoyne, Population: 200000, Control: 90, Own Province: True",60.97
"New Religion: DrownedGodII, Current Religion: Mother Rhoyne, Population: 200000, Control: 90, Own Province: False",74.27
"New Religion: DrownedGodII, Current Religion: Mother Rhoyne, Population: 200000, Control: 95, Own Province: True",47.55
"New Religion: DrownedGodII, Current Religion: Mother Rhoyne, Population: 200000, Control: 95, Own Province: False",74.91
"New Religion: DrownedGodII, Current Religion: Mother Rhoyne, Population: 200000, Control: 100, Own Province: True",35.0
"New Religion: DrownedGodII, Current Religion: Mother Rhoyne, Population: 200000, Control: 100, Own Province: False",73.17
"New Religion: DrownedGodII, Current Religion: Mother Rhoyne, Population: 250000, Control: 85, Own Province: True",73.52
"New Religion: DrownedGodII, Current Religion: Mother Rhoyne, Population: 250000, Control: 85, Own Province: False",74.05
"New Religion: DrownedGodII, Current Religion: Mother Rhoyne, Population: 250000, Control: 90, Own Province: True",73.39
"New Religion: DrownedGodII, Current Religion: Mother Rhoyne, Population: 250000, Control: 90, Own Province: False",73.67
"New Religion: DrownedGodII, Current Religion: Mother Rhoyne, Population: 250000, Control: 95, Own Province: True",61.36
"New Religion: DrownedGodII, Current Religion: Mother Rhoyne, Population: 250000, Control: 95, Own Province: False",74.42
"New Religion: DrownedGodII, Current Religion: Mother Rhoyne, Population: 250000, Control: 100, Own Province: True",49.32
"New Religion: DrownedGodII, Current Religion: Mother Rhoyne, Population: 250000, Control: 100, Own Province: False",73.2
"New Religion: DrownedGodII, Current Religion: Mother Rhoyne, Population: 300000, Control: 85, Own Province: True",73.85
"New Religion: DrownedGodII, Current Religion: Mother Rhoyne, Population: 300000, Control: 85, Own Province: False",74.23
"New Religion: DrownedGodII, Current Religion: Mother Rhoyne, Population: 300000, Control: 90, Own Province: True",74.4
"New Religion: DrownedGodII, Current Religion: Mother Rhoyne, Population: 300000, Control: 90, Own Province: False",74.13
"New Religion: DrownedGodII, Current Religion: Mother Rhoyne, Population: 300000, Control: 95, Own Province: True",73.13
"New Religion: DrownedGodII, Current Religion: Mother Rhoyne, Population: 300000, Control: 95, Own Province: False",74.5
"New Religion: DrownedGodII, Current Religion: Mother Rhoyne, Population: 300000, Control: 100, Own Province: True",61.42
"New Religion: DrownedGodII, Current Religion: Mother Rhoyne, Population: 300000, Control: 100, Own Province: False",74.54
"New Religion: DrownedGodII, Current Religion: Gods of Valyria, Population: 1000, Control: 85, Own Province: True",22.65
"New Religion: DrownedGodII, Current Religion: Gods of Valyria, Population: 1000, Control: 85, Own Province: False",24.04
"New Religion: DrownedGodII, Current Religion: Gods of Valyria, Population: 1000, Control: 90, Own Province: True",13.43
"New Religion: DrownedGodII, Current Religion: Gods of Valyria, Population: 1000, Control: 90, Own Province: False",35.0
"New Religion: DrownedGodII, Current Religion: Gods of Valyria, Population: 1000, Control: 95, Own Province: True",5.84
"New Religion: DrownedGodII, Current Religion: Gods of Valyria, Population: 1000, Control: 95, Own Province: False",48.61
"New Religion: DrownedGodII, Current Religion: Gods of Valyria, Population: 1000, Control: 100, Own Province: True",0.0
"New Religion: DrownedGodII, Current Religion: Gods of Valyria, Population: 1000, Control: 100, Own Province: False",61.02
"New Religion: DrownedGodII, Current Religion: Gods of Valyria, Population: 50000, Control: 85, Own Province: True",34.7
"New Religion: DrownedGodII, Current Religion: Gods of Valyria, Population: 50000, Control: 85, Own Province: False",34.62
"New Religion: DrownedGodII, Current Religion: Gods of Valyria, Population: 50000, Control: 90, Own Province: True",24.26
"New Religion: DrownedGodII, Current Religion: Gods of Valyria, Population: 50000, Control: 90, Own Province: False",48.08
"New Religion: DrownedGodII, Current Religion: Gods of Valyria, Population: 50000, Control: 95, Own Province: True",13.36
"New Religion: DrownedGodII, Current Religion: Gods of Valyria, Population: 50000, Control: 95, Own Province: False",60.78
"New Religion: DrownedGodII, Current Religion: Gods of Valyria, Population: 50000, Control: 100, Own Province: True",5.89
"New Religion: DrownedGodII, Current Religion: Gods of Valyria, Population: 50000, Control: 100, Own Province: False",74.23
"New Religion: DrownedGodII, Current Religion: Gods of Valyria, Population: 100000, Control: 85, Own Province: True",48.02
"New Religion: DrownedGodII, Current Religion: Gods of Valyria, Population: 100000, Control: 85, Own Province: False",48.11
"New Religion: DrownedGodII, Current Religion: Gods of Valyria, Population: 100000, Control: 90, Own Province: True",35.79
"New Religion: DrownedGodII, Current Religion: Gods of Valyria, Population: 100000, Control: 90, Own Province: False",61.78
"New Religion: DrownedGodII, Current Religion: Gods of Valyria, Population: 100000, Control: 95, Own Province: True",23.82
"New Religion: DrownedGodII, Current Religion: Gods of Valyria, Population: 100000, Control: 95, Own Province: False",74.34
"New Religion: DrownedGodII, Current Religion: Gods of Valyria, Population: 100000, Control: 100, Own Province: True",14.11
"New Religion: DrownedGodII, Current Religion: Gods of Valyria, Population: 100000, Control: 100, Own Province: False",73.29
"New Religion: DrownedGodII, Current Religion: Gods of Valyria, Population: 150000, Control: 85, Own Province: True",61.91
"New Religion: DrownedGodII, Current Religion: Gods of Valyria, Population: 150000, Control: 85, Own Province: False",61.41
"New Religion: DrownedGodII, Current Religion: Gods of Valyria, Population: 150000, Control: 90, Own Province: True",47.96
"New Religion: DrownedGodII, Current Religion: Gods of Valyria, Population: 150000, Control: 90, Own Province: False",73.94
"New Religion: DrownedGodII, Current Religion: Gods of Valyria, Population: 150000, Control: 95, Own Province: True",35.27
"New Religion: DrownedGodII, Current Religion: Gods of Valyria, Population: 150000, Control: 95, Own Province: False",74.7
"New Religion: DrownedGodII, Current Religion: Gods of Valyria, Population: 150000, Control: 100, Own Province: True",23.65
"New Religion: DrownedGodII, Current Religion: Gods of Valyria, Population: 150000, Control: 100, Own Province: False",73.02
"New Religion: DrownedGodII, Current Religion: Gods of Valyria, Population: 200000, Control: 85, Own Province: True",74.13
"New Religion: DrownedGodII, Current Religion: Gods of Valyria, Population: 200000, Control: 85, Own Province: False",74.23
"New Religion: DrownedGodII, Current Religion: Gods of Valyria, Population: 200000, Control: 90, Own Province: True",62.1
"New Religion: DrownedGodII, Current Religion: Gods of Valyria, Population: 200000, Control: 90, Own Province: False",73.72
"New Religion: DrownedGodII, Current Religion: Gods of Valyria, Population: 200000, Control: 95, Own Province: True",47.9
"New Religion: DrownedGodII, Current Religion: Gods of Valyria, Population: 200000, Control: 95, Own Province: False",73.65
"New Religion: DrownedGodII, Current Religion: Gods of Valyria, Population: 200000, Control: 100, Own Province: True",36.3
"New Religion: DrownedGodII, Current Religion: Gods of Valyria, Population: 200000, Control: 100, Own Province: False",74.3
"New Religion: DrownedGodII, Current Religion: Gods of Valyria, Population: 250000, Control: 85, Own Province: True",74.52
"New Religion: DrownedGodII, Current Religion: Gods of Valyria, Population: 250000, Control: 85, Own Province: False",74.35
"New Religion: DrownedGodII, Current Religion: Gods of Valyria, Population: 250000, Control: 90, Own Province: True",74.52
"New Religion: DrownedGodII, Current Religion: Gods of Valyria, Population: 250000, Control: 90, Own Province: False",74.17
"New Religion: DrownedGodII, Current Religion: Gods of Valyria, Population: 250000, Control: 95, Own Province: True",61.0
"New Religion: DrownedGodII, Current Religion: Gods of Valyria, Population: 250000, Control: 95, Own Province: False",74.4
"New Religion: DrownedGodII, Current Religion: Gods of Valyria, Population: 250000, Control: 100, Own Province: True",48.34
"New Religion: DrownedGodII, Current Religion: Gods of Valyria, Population: 250000, Control: 100, Own Province: False",74.31
"New Religion: DrownedGodII, Current Religion: Gods of Valyria, Population: 300000, Control: 85, Own Province: True",73.97
"New Religion: DrownedGodII, Current Religion: Gods of Valyria, Population: 300000, Control: 85, Own Province: False",75.05
"New Religion: DrownedGodII, Current Religion: Gods of Valyria, Population: 300000, Control: 90, Own Province: True",74.32
"New Religion: DrownedGodII, Current Religion: Gods of Valyria, Population: 300000, Control: 90, Own Province: False",73.92
"New Religion: DrownedGodII, Current Religion: Gods of Valyria, Population: 300000, Control: 95, Own Province: True",74.52
"New Religion: DrownedGodII, Current Religion: Gods of Valyria, Population: 300000, Control: 95, Own Province: False",73.37
"New Religion: DrownedGodII, Current Religion: Gods of Valyria, Population: 300000, Control: 100, Own Province: True",61.27
"New Religion: DrownedGodII, Current Religion: Gods of Valyria, Population: 300000, Control: 100, Own Province: False",74.28
"New Religion: DrownedGodII, Current Religion: R'hllor, Population: 1000, Control: 85, Own Province: True",23.06
"New Religion: DrownedGodII, Current Religion: R'hllor, Population: 1000, Control: 85, Own Province: False",23.83
"New Religion: DrownedGodII, Current Religion: R'hllor, Population: 1000, Control: 90, Own Province: True",13.87
"New Religion: DrownedGodII, Current Religion: R'hllor, Population: 1000, Control: 90, Own Province: False",34.98
"New Religion: DrownedGodII, Current Religion: R'hllor, Population: 1000, Control: 95, Own Province: True",5.92
"New Religion: DrownedGodII, Current Religion: R'hllor, Population: 1000, Control: 95, Own Province: False",48.3
"New Religion: DrownedGodII, Current Religion: R'hllor, Population: 1000, Control: 100, Own Province: True",0.0
"New Religion: DrownedGodII, Current Religion: R'hllor, Population: 1000, Control: 100, Own Province: False",62.38
"New Religion: DrownedGodII, Current Religion: R'hllor, Population: 50000, Control: 85, Own Province: True",35.23
"New Religion: DrownedGodII, Current Religion: R'hllor, Population: 50000, Control: 85, Own Province: False",35.61
"New Religion: DrownedGodII, Current Religion: R'hllor, Population: 50000, Control: 90, Own Province: True",24.23
"New Religion: DrownedGodII, Current Religion: R'hllor, Population: 50000, Control: 90, Own Province: False",47.38
"New Religion: DrownedGodII, Current Religion: R'hllor, Population: 50000, Control: 95, Own Province: True",14.12
"New Religion: DrownedGodII, Current Religion: R'hllor, Population: 50000, Control: 95, Own Province: False",61.24
"New Religion: DrownedGodII, Current Religion: R'hllor, Population: 50000, Control: 100, Own Province: True",5.69
"New Religion: DrownedGodII, Current Religion: R'hllor, Population: 50000, Control: 100, Own Province: False",73.35
"New Religion: DrownedGodII, Current Religion: R'hllor, Population: 100000, Control: 85, Own Province: True",48.54
"New Religion: DrownedGodII, Current Religion: R'hllor, Population: 100000, Control: 85, Own Province: False",48.34
"New Religion: DrownedGodII, Current Religion: R'hllor, Population: 100000, Control: 90, Own Province: True",35.03
"New Religion: DrownedGodII, Current Religion: R'hllor, Population: 100000, Control: 90, Own Province: False",62.09
"New Religion: DrownedGodII, Current Religion: R'hllor, Population: 100000, Control: 95, Own Province: True",24.65
"New Religion: DrownedGodII, Current Religion: R'hllor, Population: 100000, Control: 95, Own Province: False",74.37
"New Religion: DrownedGodII, Current Religion: R'hllor, Population: 100000, Control: 100, Own Province: True",14.09
"New Religion: DrownedGodII, Current Religion: R'hllor, Population: 100000, Control: 100, Own Province: False",74.02
"New Religion: DrownedGodII, Current Religion: R'hllor, Population: 150000, Control: 85, Own Province: True",61.88
"New Religion: DrownedGodII, Current Religion: R'hllor, Population: 150000, Control: 85, Own Province: False",61.22
"New Religion: DrownedGodII, Current Religion: R'hllor, Population: 150000, Control: 90, Own Province: True",47.55
"New Religion: DrownedGodII, Current Religion: R'hllor, Population: 150000, Control: 90, Own Province: False",74.68
"New Religion: DrownedGodII, Current Religion: R'hllor, Population: 150000, Control: 95, Own Province: True",34.83
"New Religion: DrownedGodII, Current Religion: R'hllor, Population: 150000, Control: 95, Own Province: False",74.69
"New Religion: DrownedGodII, Current Religion: R'hllor, Population: 150000, Control: 100, Own Province: True",24.35
"New Religion: DrownedGodII, Current Religion: R'hllor, Population: 150000, Control: 100, Own Province: False",74.15
"New Religion: DrownedGodII, Current Religion: R'hllor, Population: 200000, Control: 85, Own Province: True",74.87
"New Religion: DrownedGodII, Current Religion: R'hllor, Population: 200000, Control: 85, Own Province: False",74.0
"New Religion: DrownedGodII, Current Religion: R'hllor, Population: 200000, Control: 90, Own Province: True",60.61
"New Religion: DrownedGodII, Current Religion: R'hllor, Population: 200000, Control: 90, Own Province: False",73.78
"New Religion: DrownedGodII, Current Religion: R'hllor, Population: 200000, Control: 95, Own Province: True",48.67
"New Religion: DrownedGodII, Current Religion: R'hllor, Population: 200000, Control: 95, Own Province: False",74.16
"New Religion: DrownedGodII, Current Religion: R'hllor, Population: 200000, Control: 100, Own Province: True",35.2
"New Religion: DrownedGodII, Current Religion: R'hllor, Population: 200000, Control: 100, Own Province: False",73.81
"New Religion: DrownedGodII, Current Religion: R'hllor, Population: 250000, Control: 85, Own Province: True",73.44
"New Religion: DrownedGodII, Current Religion: R'hllor, Population: 250000, Control: 85, Own Province: False",75.08
"New Religion: DrownedGodII, Current Religion: R'hllor, Population: 250000, Control: 90, Own Province: True",73.31
"New Religion: DrownedGodII, Current Religion: R'hllor, Population: 250000, Control: 90, Own Province: False",74.5
"New Religion: DrownedGodII, Current Religion: R'hllor, Population: 250000, Control: 95, Own Province: True",61.43
"New Religion: DrownedGodII, Current Religion: R'hllor, Population: 250000, Control: 95, Own Province: False",74.64
"New Religion: DrownedGodII, Current Religion: R'hllor, Population: 250000, Control: 100, Own Province: True",48.08
"New Religion: DrownedGodII, Current Religion: R'hllor, Population: 250000, Control: 100, Own Province: False",74.25
"New Religion: DrownedGodII, Current Religion: R'hllor, Population: 300000, Control: 85, Own Province: True",74.29
"New Religion: DrownedGodII, Current Religion: R'hllor, Population: 300000, Control: 85, Own Province: False",73.46
"New Religion: DrownedGodII, Current Religion: R'hllor, Population: 300000, Control: 90, Own Province: True",74.99
"New Religion: DrownedGodII, Current Religion: R'hllor, Population: 300000, Control: 90, Own Province: False",75.0
"New Religion: DrownedGodII, Current Religion: R'hllor, Population: 300000, Control: 95, Own Province: True",74.25
"New Religion: DrownedGodII, Current Religion: R'hllor, Population: 300000, Control: 95, Own Province: False",73.5
"New Religion: DrownedGodII, Current Religion: R'hllor, Population: 300000, Control: 100, Own Province: True",60.77
"New Religion: DrownedGodII, Current Religion: R'hllor, Population: 300000, Control: 100, Own Province: False",73.55
"New Religion: Mother Rhoyne, Current Religion: Faith of the Seven, Population: 1000, Control: 85, Own Province: True",24.78
"New Religion: Mother Rhoyne, Current Religion: Faith of the Seven, Population: 1000, Control: 85, Own Province: False",23.68
"New Religion: Mother Rhoyne, Current Religion: Faith of the Seven, Population: 1000, Control: 90, Own Province: True",14.12
"New Religion: Mother Rhoyne, Current Religion: Faith of the Seven, Population: 1000, Control: 90, Own Province: False",35.93
"New Religion: Mother Rhoyne, Current Religion: Faith of the Seven, Population: 1000, Control: 95, Own Province: True",5.87
"New Religion: Mother Rhoyne, Current Religion: Faith of the Seven, Population: 1000, Control: 95, Own Province: False",48.16
"New Religion: Mother Rhoyne, Current Religion: Faith of the Seven, Population: 1000, Control: 100, Own Province: True",0.0
"New Religion: Mother Rhoyne, Current Religion: Faith of the Seven, Population: 1000, Control: 100, Own Province: False",61.7
"New Religion: Mother Rhoyne, Current Religion: Faith of the Seven, Population: 50000, Control: 85, Own Province: True",35.29
"New Religion: Mother Rhoyne, Current Religion: Faith of the Seven, Population: 50000, Control: 85, Own Province: False",34.83
"New Religion: Mother Rhoyne, Current Religion: Faith of the Seven, Population: 50000, Control: 90, Own Province: True",23.73
"New Religion: Mother Rhoyne, Current Religion: Faith of the Seven, Population: 50000, Control: 90, Own Province: False",48.22
"New Religion: Mother Rhoyne, Current Religion: Faith of the Seven, Population: 50000, Control: 95, Own Province: True",13.71
"New Religion: Mother Rhoyne, Current Religion: Faith of the Seven, Population: 50000, Control: 95, Own Province: False",61.36
"New Religion: Mother Rhoyne, Current Religion: Faith of the Seven, Population: 50000, Control: 100, Own Province: True",5.67
"New Religion: Mother Rhoyne, Current Religion: Faith of the Seven, Population: 50000, Control: 100, Own Province: False",74.23
"New Religion: Mother Rhoyne, Current Religion: Faith of the Seven, Population: 100000, Control: 85, Own Province: True",48.21
"New Religion: Mother Rhoyne, Current Religion: Faith of the Seven, Population: 100000, Control: 85, Own Province: False",48.18
"New Religion: Mother Rhoyne, Current Religion: Faith of the Seven, Population: 100000, Control: 90, Own Province: True",35.05
"New Religion: Mother Rhoyne, Current Religion: Faith of the Seven, Population: 100000, Control: 90, Own Province: False",61.87
"New Religion: Mother Rhoyne, Current Religion: Faith of the Seven, Population: 100000, Control: 95, Own Province: True",24.23
"New Religion: Mother Rhoyne, Current Religion: Faith of the Seven, Population: 100000, Control: 95, Own Province: False",74.31
"New Religion: Mother Rhoyne, Current Religion: Faith of the Seven, Population: 100000, Control: 100, Own Province: True",13.6
"New Religion: Mother Rhoyne, Current Religion: Faith of the Seven, Population: 100000, Control: 100, Own Province: False",74.37
"New Religion: Mother Rhoyne, Current Religion: Faith of the Seven, Population: 150000, Control: 85, Own Province: True",61.6
"New Religion: Mother Rhoyne, Current Religion: Faith of the Seven, Population: 150000, Control: 85, Own Province: False",61.79
"New Religion: Mother Rhoyne, Current Religion: Faith of the Seven, Population: 150000, Control: 90, Own Province: True",48.01
"New Religion: Mother Rhoyne, Current Religion: Faith of the Seven, Population: 150000, Control: 90, Own Province: False",74.06
"New Religion: Mother Rhoyne, Current Religion: Faith of the Seven, Population: 150000, Control: 95, Own Province: True",35.99
"New Religion: Mother Rhoyne, Current Religion: Faith of the Seven, Population: 150000, Control: 95, Own Province: False",73.76
"New Religion: Mother Rhoyne, Current Religion: Faith of the Seven, Population: 150000, Control: 100, Own Province: True",23.95
"New Religion: Mother Rhoyne, Current Religion: Faith of the Seven, Population: 150000, Control: 100, Own Province: False",73.42
"New Religion: Mother Rhoyne, Current Religion: Faith of the Seven, Population: 200000, Control: 85, Own Province: True",73.67
"New Religion: Mother Rhoyne, Current Religion: Faith of the Seven, Population: 200000, Control: 85, Own Province: False",74.65
"New Religion: Mother Rhoyne, Current Religion: Faith of the Seven, Population: 200000, Control: 90, Own Province: True",61.69
"New Religion: Mother Rhoyne, Current Religion: Faith of the Seven, Population: 200000, Control: 90, Own Province: False",74.31
"New Religion: Mother Rhoyne, Current Religion: Faith of the Seven, Population: 200000, Control: 95, Own Province: True",47.89
"New Religion: Mother Rhoyne, Current Religion: Faith of the Seven, Population: 200000, Control: 95, Own Province: False",73.91
"New Religion: Mother Rhoyne, Current Religion: Faith of the Seven, Population: 200000, Control: 100, Own Province: True",35.04
"New Religion: Mother Rhoyne, Current Religion: Faith of the Seven, Population: 200000, Control: 100, Own Province: False",74.05
"New Religion: Mother Rhoyne, Current Religion: Faith of the Seven, Population: 250000, Control: 85, Own Province: True",73.74
"New Religion: Mother Rhoyne, Current Religion: Faith of the Seven, Population: 250000, Control: 85, Own Province: False",74.54
"New Religion: Mother Rhoyne, Current Religion: Faith of the Seven, Population: 250000, Control: 90, Own Province: True",74.29
"New Religion: Mother Rhoyne, Current Religion: Faith of the Seven, Population: 250000, Control: 90, Own Province: False",74.7
"New Religion: Mother Rhoyne, Current Religion: Faith of the Seven, Population: 250000, Control: 95, Own Province: True",61.23
"New Religion: Mother Rhoyne, Current Religion: Faith of the Seven, Population: 250000, Control: 95, Own Province: False",74.01
"New Religion: Mother Rhoyne, Current Religion: Faith of the Seven, Population: 250000, Control: 100, Own Province: True",48.29
"New Religion: Mother Rhoyne, Current Religion: Faith of the Seven, Population: 250000, Control: 100, Own Province: False",74.29
"New Religion: Mother Rhoyne, Current Religion: Faith of the Seven, Population: 300000, Control: 85, Own Province: True",74.85
"New Religion: Mother Rhoyne, Current Religion: Faith of the Seven, Population: 300000, Control: 85, Own Province: False",74.92
"New Religion: Mother Rhoyne, Current Religion: Faith of the Seven, Population: 300000, Control: 90, Own Province: True",74.96
"New Religion: Mother Rhoyne, Current Religion: Faith of the Seven, Population: 300000, Control: 90, Own Province: False",73.96
"New Religion: Mother Rhoyne, Current Religion: Faith of the Seven, Population: 300000, Control: 95, Own Province: True",75.05
"New Religion: Mother Rhoyne, Current Religion: Faith of the Seven, Population: 300000, Control: 95, Own Province: False",73.93
"New Religion: Mother Rhoyne, Current Religion: Faith of the Seven, Population: 300000, Control: 100, Own Province: True",60.72
"New Religion: Mother Rhoyne, Current Religion: Faith of the Seven, Population: 300000, Control: 100, Own Province: False",74.67
"New Religion: Mother Rhoyne, Current Religion: Old Gods, Population: 1000, Control: 85, Own Province: True",13.95
"New Religion: Mother Rhoyne, Current Religion: Old Gods, Population: 1000, Control: 85, Own Province: False",13.88
"New Religion: Mother Rhoyne, Current Religion: Old Gods, Population: 1000, Control: 90, Own Province: True",5.6
"New Religion: Mother Rhoyne, Current Religion: Old Gods, Population: 1000, Control: 90, Own Province: False",24.3
"New Religion: Mother Rhoyne, Current Religion: Old Gods, Population: 1000, Control: 95, Own Province: True",0.0
"New Religion: Mother Rhoyne, Current Religion: Old Gods, Population: 1000, Control: 95, Own Province: False",34.86
"New Religion: Mother Rhoyne, Current Religion: Old Gods, Population: 1000, Control: 100, Own Province: True",0.0
"New Religion: Mother Rhoyne, Current Religion: Old Gods, Population: 1000, Control: 100, Own Province: False",48.6
"New Religion: Mother Rhoyne, Current Religion: Old Gods, Population: 50000, Control: 85, Own Province: True",23.63
"New Religion: Mother Rhoyne, Current Religion: Old Gods, Population: 50000, Control: 85, Own Province: False",24.34
"New Religion: Mother Rhoyne, Current Religion: Old Gods, Population: 50000, Control: 90, Own Province: True",13.86
"New Religion: Mother Rhoyne, Current Religion: Old Gods, Population: 50000, Control: 90, Own Province: False",34.7
"New Religion: Mother Rhoyne, Current Religion: Old Gods, Population: 50000, Control: 95, Own Province: True",6.02
"New Religion: Mother Rhoyne, Current Religion: Old Gods, Population: 50000, Control: 95, Own Province: False",47.65
"New Religion: Mother Rhoyne, Current Religion: Old Gods, Population: 50000, Control: 100, Own Province: True",0.0
"New Religion: Mother Rhoyne, Current Religion: Old Gods, Population: 50000, Control: 100, Own Province: False",61.77
"New Religion: Mother Rhoyne, Current Religion: Old Gods, Population: 100000, Control: 85, Own Province: True",34.68
"New Religion: Mother Rhoyne, Current Religion: Old Gods, Population: 100000, Control: 85, Own Province: False",35.53
"New Religion: Mother Rhoyne, Current Religion: Old Gods, Population: 100000, Control: 90, Own Province: True",23.65
"New Religion: Mother Rhoyne, Current Religion: Old Gods, Population: 100000, Control: 90, Own Province: False",49.1
"New Religion: Mother Rhoyne, Current Religion: Old Gods, Population: 100000, Control: 95, Own Province: True",13.54
"New Religion: Mother Rhoyne, Current Religion: Old Gods, Population: 100000, Control: 95, Own Province: False",61.87
"New Religion: Mother Rhoyne, Current Religion: Old Gods, Population: 100000, Control: 100, Own Province: True",5.78
"New Religion: Mother Rhoyne, Current Religion: Old Gods, Population: 100000, Control: 100, Own Province: False",74.62
"New Religion: Mother Rhoyne, Current Religion: Old Gods, Population: 150000, Control: 85, Own Province: True",49.0
"New Religion: Mother Rhoyne, Current Religion: Old Gods, Population: 150000, Control: 85, Own Province: False",47.77
"New Religion: Mother Rhoyne, Current Religion: Old Gods, Population: 150000, Control: 90, Own Province: True",34.92
"New Religion: Mother Rhoyne, Current Religion: Old Gods, Population: 150000, Control: 90, Own Province: False",61.34
"New Religion: Mother Rhoyne, Current Religion: Old Gods, Population: 150000, Control: 95, Own Province: True",24.14
"New Religion: Mother Rhoyne, Current Religion: Old Gods, Population: 150000, Control: 95, Own Province: False",74.31
"New Religion: Mother Rhoyne, Current Religion: Old Gods, Population: 150000, Control: 100, Own Province: True",13.95
"New Religion: Mother Rhoyne, Current Religion: Old Gods, Population: 150000, Control: 100, Own Province: False",74.04
"New Religion: Mother Rhoyne, Current Religion: Old Gods, Population: 200000, Control: 85, Own Province: True",61.68
"New Religion: Mother Rhoyne, Current Religion: Old Gods, Population: 200000, Control: 85, Own Province: False",61.15
"New Religion: Mother Rhoyne, Current Religion: Old Gods, Population: 200000, Control: 90, Own Province: True",49.01
"New Religion: Mother Rhoyne, Current Religion: Old Gods, Population: 200000, Control: 90, Own Province: False",73.28
"New Religion: Mother Rhoyne, Current Religion: Old Gods, Population: 200000, Control: 95, Own Province: True",35.24
"New Religion: Mother Rhoyne, Current Religion: Old Gods, Population: 200000, Control: 95, Own Province: False",73.11
"New Religion: Mother Rhoyne, Current Religion: Old Gods, Population: 200000, Control: 100, Own Province: True",23.66
"New Religion: Mother Rhoyne, Current Religion: Old Gods, Population: 200000, Control: 100, Own Province: False",74.56
"New Religion: Mother Rhoyne, Current Religion: Old Gods, Population: 250000, Control: 85, Own Province: True",73.86
"New Religion: Mother Rhoyne, Current Religion: Old Gods, Population: 250000, Control: 85, Own Province: False",74.08
"New Religion: Mother Rhoyne, Current Religion: Old Gods, Population: 250000, Control: 90, Own Province: True",60.64
"New Religion: Mother Rhoyne, Current Religion: Old Gods, Population: 250000, Control: 90, Own Province: False",74.12
"New Religion: Mother Rhoyne, Current Religion: Old Gods, Population: 250000, Control: 95, Own Province: True",46.54
"New Religion: Mother Rhoyne, Current Religion: Old Gods, Population: 250000, Control: 95, Own Province: False",74.25
"New Religion: Mother Rhoyne, Current Religion: Old Gods, Population: 250000, Control: 100, Own Province: True",34.83
"New Religion: Mother Rhoyne, Current Religion: Old Gods, Population: 250000, Control: 100, Own Province: False",74.49
"New Religion: Mother Rhoyne, Current Religion: Old Gods, Population: 300000, Control: 85, Own Province: True",73.98
"New Religion: Mother Rhoyne, Current Religion: Old Gods, Population: 300000, Control: 85, Own Province: False",73.75
"New Religion: Mother Rhoyne, Current Religion: Old Gods, Population: 300000, Control: 90, Own Province: True",75.04
"New Religion: Mother Rhoyne, Current Religion: Old Gods, Population: 300000, Control: 90, Own Province: False",73.77
"New Religion: Mother Rhoyne, Current Religion: Old Gods, Population: 300000, Control: 95, Own Province: True",61.87
"New Religion: Mother Rhoyne, Current Religion: Old Gods, Population: 300000, Control: 95, Own Province: False",74.53
"New Religion: Mother Rhoyne, Current Religion: Old Gods, Population: 300000, Control: 100, Own Province: True",47.86
"New Religion: Mother Rhoyne, Current Religion: Old Gods, Population: 300000, Control: 100, Own Province: False",74.18
"New Religion: Mother Rhoyne, Current Religion: Skagosi Old Gods, Population: 1000, Control: 85, Own Province: True",23.75
"New Religion: Mother Rhoyne, Current Religion: Skagosi Old Gods, Population: 1000, Control: 85, Own Province: False",23.52
"New Religion: Mother Rhoyne, Current Religion: Skagosi Old Gods, Population: 1000, Control: 90, Own Province: True",13.59
"New Religion: Mother Rhoyne, Current Religion: Skagosi Old Gods, Population: 1000, Control: 90, Own Province: False",34.92
"New Religion: Mother Rhoyne, Current Religion: Skagosi Old Gods, Population: 1000, Control: 95, Own Province: True",5.49
"New Religion: Mother Rhoyne, Current Religion: Skagosi Old Gods, Population: 1000, Control: 95, Own Province: False",48.3
"New Religion: Mother Rhoyne, Current Religion: Skagosi Old Gods, Population: 1000, Control: 100, Own Province: True",0.0
"New Religion: Mother Rhoyne, Current Religion: Skagosi Old Gods, Population: 1000, Control: 100, Own Province: False",61.29
"New Religion: Mother Rhoyne, Current Religion: Skagosi Old Gods, Population: 50000, Control: 85, Own Province: True",34.7
"New Religion: Mother Rhoyne, Current Religion: Skagosi Old Gods, Population: 50000, Control: 85, Own Province: False",34.5
"New Religion: Mother Rhoyne, Current Religion: Skagosi Old Gods, Population: 50000, Control: 90, Own Province: True",23.89
"New Religion: Mother Rhoyne, Current Religion: Skagosi Old Gods, Population: 50000, Control: 90, Own Province: False",47.44
"New Religion: Mother Rhoyne, Current Religion: Skagosi Old Gods, Population: 50000, Control: 95, Own Province: True",14.2
"New Religion: Mother Rhoyne, Current Religion: Skagosi Old Gods, Population: 50000, Control: 95, Own Province: False",61.65
"New Religion: Mother Rhoyne, Current Religion: Skagosi Old Gods, Population: 50000, Control: 100, Own Province: True",5.64
"New Religion: Mother Rhoyne, Current Religion: Skagosi Old Gods, Population: 50000, Control: 100, Own Province: False",74.1
"New Religion: Mother Rhoyne, Current Religion: Skagosi Old Gods, Population: 100000, Control: 85, Own Province: True",49.3
"New Religion: Mother Rhoyne, Current Religion: Skagosi Old Gods, Population: 100000, Control: 85, Own Province: False",48.7
"New Religion: Mother Rhoyne, Current Religion: Skagosi Old Gods, Population: 100000, Control: 90, Own Province: True",35.54
"New Religion: Mother Rhoyne, Current Religion: Skagosi Old Gods, Population: 100000, Control: 90, Own Province: False",61.47
"New Religion: Mother Rhoyne, Current Religion: Skagosi Old Gods, Population: 100000, Control: 95, Own Province: True",23.66
"New Religion: Mother Rhoyne, Current Religion: Skagosi Old Gods, Population: 100000, Control: 95, Own Province: False",74.81
"New Religion: Mother Rhoyne, Current Religion: Skagosi Old Gods, Population: 100000, Control: 100, Own Province: True",13.37
"New Religion: Mother Rhoyne, Current Religion: Skagosi Old Gods, Population: 100000, Control: 100, Own Province: False",74.64
"New Religion: Mother Rhoyne, Current Religion: Skagosi Old Gods, Population: 150000, Control: 85, Own Province: True",61.38
"New Religion: Mother Rhoyne, Current Religion: Skagosi Old Gods, Population: 150000, Control: 85, Own Province: False",61.3
"New Religion: Mother Rhoyne, Current Religion: Skagosi Old Gods, Population: 150000, Control: 90, Own Province: True",48.04
"New Religion: Mother Rhoyne, Current Religion: Skagosi Old Gods, Population: 150000, Control: 90, Own Province: False",74.1
"New Religion: Mother Rhoyne, Current Religion: Skagosi Old Gods, Population: 150000, Control: 95, Own Province: True",35.21
"New Religion: Mother Rhoyne, Current Religion: Skagosi Old Gods, Population: 150000, Control: 95, Own Province: False",74.12
"New Religion: Mother Rhoyne, Current Religion: Skagosi Old Gods, Population: 150000, Control: 100, Own Province: True",23.74
"New Religion: Mother Rhoyne, Current Religion: Skagosi Old Gods, Population: 150000, Control: 100, Own Province: False",74.9
"New Religion: Mother Rhoyne, Current Religion: Skagosi Old Gods, Population: 200000, Control: 85, Own Province: True",74.25
"New Religion: Mother Rhoyne, Current Religion: Skagosi Old Gods, Population: 200000, Control: 85, Own Province: False",74.47
"New Religion: Mother Rhoyne, Current Religion: Skagosi Old Gods, Population: 200000, Control: 90, Own Province: True",61.72
"New Religion: Mother Rhoyne, Current Religion: Skagosi Old Gods, Population: 200000, Control: 90, Own Province: False",73.6
"New Religion: Mother Rhoyne, Current Religion: Skagosi Old Gods, Population: 200000, Control: 95, Own Province: True",49.96
"New Religion: Mother Rhoyne, Current Religion: Skagosi Old Gods, Population: 200000, Control: 95, Own Province: False",74.31
"New Religion: Mother Rhoyne, Current Religion: Skagosi Old Gods, Population: 200000, Control: 100, Own Province: True",35.37
"New Religion: Mother Rhoyne, Current Religion: Skagosi Old Gods, Population: 200000, Control: 100, Own Province: False",74.78
"New Religion: Mother Rhoyne, Current Religion: Skagosi Old Gods, Population: 250000, Control: 85, Own Province: True",73.82
"New Religion: Mother Rhoyne, Current Religion: Skagosi Old Gods, Population: 250000, Control: 85, Own Province: False",73.53
"New Religion: Mother Rhoyne, Current Religion: Skagosi Old Gods, Population: 250000, Control: 90, Own Province: True",73.75
"New Religion: Mother Rhoyne, Current Religion: Skagosi Old Gods, Population: 250000, Control: 90, Own Province: False",74.62
"New Religion: Mother Rhoyne, Current Religion: Skagosi Old Gods, Population: 250000, Control: 95, Own Province: True",60.97
"New Religion: Mother Rhoyne, Current Religion: Skagosi Old Gods, Population: 250000, Control: 95, Own Province: False",73.48
"New Religion: Mother Rhoyne, Current Religion: Skagosi Old Gods, Population: 250000, Control: 100, Own Province: True",48.46
"New Religion: Mother Rhoyne, Current Religion: Skagosi Old Gods, Population: 250000, Control: 100, Own Province: False",74.35
"New Religion: Mother Rhoyne, Current Religion: Skagosi Old Gods, Population: 300000, Control: 85, Own Province: True",74.43
"New Religion: Mother Rhoyne, Current Religion: Skagosi Old Gods, Population: 300000, Control: 85, Own Province: False",74.29
"New Religion: Mother Rhoyne, Current Religion: Skagosi Old Gods, Population: 300000, Control: 90, Own Province: True",73.49
"New Religion: Mother Rhoyne, Current Religion: Skagosi Old Gods, Population: 300000, Control: 90, Own Province: False",74.3
"New Religion: Mother Rhoyne, Current Religion: Skagosi Old Gods, Population: 300000, Control: 95, Own Province: True",73.92
"New Religion: Mother Rhoyne, Current Religion: Skagosi Old Gods, Population: 300000, Control: 95, Own Province: False",73.9
"New Religion: Mother Rhoyne, Current Religion: Skagosi Old Gods, Population: 300000, Control: 100, Own Province: True",61.17
"New Religion: Mother Rhoyne, Current Religion: Skagosi Old Gods, Population: 300000, Control: 100, Own Province: False",73.75
"New Religion: Mother Rhoyne, Current Religion: DrownedGod, Population: 1000, Control: 85, Own Province: True",34.76
"New Religion: Mother Rhoyne, Current Religion: DrownedGod, Population: 1000, Control: 85, Own Province: False",35.15
"New Religion: Mother Rhoyne, Current Religion: DrownedGod, Population: 1000, Control: 90, Own Province: True",23.02
"New Religion: Mother Rhoyne, Current Religion: DrownedGod, Population: 1000, Control: 90, Own Province: False",48.68
"New Religion: Mother Rhoyne, Current Religion: DrownedGod, Population: 1000, Control: 95, Own Province: True",14.04
"New Religion: Mother Rhoyne, Current Religion: DrownedGod, Population: 1000, Control: 95, Own Province: False",60.84
"New Religion: Mother Rhoyne, Current Religion: DrownedGod, Population: 1000, Control: 100, Own Province: True",5.66
"New Religion: Mother Rhoyne, Current Religion: DrownedGod, Population: 1000, Control: 100, Own Province: False",74.77
"New Religion: Mother Rhoyne, Current Religion: DrownedGod, Population: 50000, Control: 85, Own Province: True",47.63
"New Religion: Mother Rhoyne, Current Religion: DrownedGod, Population: 50000, Control: 85, Own Province: False",47.97
"New Religion: Mother Rhoyne, Current Religion: DrownedGod, Population: 50000, Control: 90, Own Province: True",35.68
"New Religion: Mother Rhoyne, Current Religion: DrownedGod, Population: 50000, Control: 90, Own Province: False",62.09
"New Religion: Mother Rhoyne, Current Religion: DrownedGod, Population: 50000, Control: 95, Own Province: True",23.89
"New Religion: Mother Rhoyne, Current Religion: DrownedGod, Population: 50000, Control: 95, Own Province: False",75.25
"New Religion: Mother Rhoyne, Current Religion: DrownedGod, Population: 50000, Control: 100, Own Province: True",13.66
"New Religion: Mother Rhoyne, Current Religion: DrownedGod, Population: 50000, Control: 100, Own Province: False",74.33
"New Religion: Mother Rhoyne, Current Religion: DrownedGod, Population: 100000, Control: 85, Own Province: True",61.67
"New Religion: Mother Rhoyne, Current Religion: DrownedGod, Population: 100000, Control: 85, Own Province: False",61.8
"New Religion: Mother Rhoyne, Current Religion: DrownedGod, Population: 100000, Control: 90, Own Province: True",47.95
"New Religion: Mother Rhoyne, Current Religion: DrownedGod, Population: 100000, Control: 90, Own Province: False",73.62
"New Religion: Mother Rhoyne, Current Religion: DrownedGod, Population: 100000, Control: 95, Own Province: True",35.46
"New Religion: Mother Rhoyne, Current Religion: DrownedGod, Population: 100000, Control: 95, Own Province: False",73.97
"New Religion: Mother Rhoyne, Current Religion: DrownedGod, Population: 100000, Control: 100, Own Province: True",23.52
"New Religion: Mother Rhoyne, Current Religion: DrownedGod, Population: 100000, Control: 100, Own Province: False",74.3
"New Religion: Mother Rhoyne, Current Religion: DrownedGod, Population: 150000, Control: 85, Own Province: True",73.36
"New Religion: Mother Rhoyne, Current Religion: DrownedGod, Population: 150000, Control: 85, Own Province: False",73.81
"New Religion: Mother Rhoyne, Current Religion: DrownedGod, Population: 150000, Control: 90, Own Province: True",61.47
"New Religion: Mother Rhoyne, Current Religion: DrownedGod, Population: 150000, Control: 90, Own Province: False",73.93
"New Religion: Mother Rhoyne, Current Religion: DrownedGod, Population: 150000, Control: 95, Own Province: True",48.31
"New Religion: Mother Rhoyne, Current Religion: DrownedGod, Population: 150000, Control: 95, Own Province: False",74.15
"New Religion: Mother Rhoyne, Current Religion: DrownedGod, Population: 150000, Control: 100, Own Province: True",35.72
"New Religion: Mother Rhoyne, Current Religion: DrownedGod, Population: 150000, Control: 100, Own Province: False",74.6
"New Religion: Mother Rhoyne, Current Religion: DrownedGod, Population: 200000, Control: 85, Own Province: True",74.34
"New Religion: Mother Rhoyne, Current Religion: DrownedGod, Population: 200000, Control: 85, Own Province: False",74.25
"New Religion: Mother Rhoyne, Current Religion: DrownedGod, Population: 200000, Control: 90, Own Province: True",74.0
"New Religion: Mother Rhoyne, Current Religion: DrownedGod, Population: 200000, Control: 90, Own Province: False",74.55
"New Religion: Mother Rhoyne, Current Religion: DrownedGod, Population: 200000, Control: 95, Own Province: True",61.4
"New Religion: Mother Rhoyne, Current Religion: DrownedGod, Population: 200000, Control: 95, Own Province: False",74.07
"New Religion: Mother Rhoyne, Current Religion: DrownedGod, Population: 200000, Control: 100, Own Province: True",48.78
"New Religion: Mother Rhoyne, Current Religion: DrownedGod, Population: 200000, Control: 100, Own Province: False",74.21
"New Religion: Mother Rhoyne, Current Religion: DrownedGod, Population: 250000, Control: 85, Own Province: True",74.68
"New Religion: Mother Rhoyne, Current Religion: DrownedGod, Population: 250000, Control: 85, Own Province: False",74.49
"New Religion: Mother Rhoyne, Current Religion: DrownedGod, Population: 250000, Control: 90, Own Province: True",73.67
"New Religion: Mother Rhoyne, Current Religion: DrownedGod, Population: 250000, Control: 90, Own Province: False",73.81
"New Religion: Mother Rhoyne, Current Religion: DrownedGod, Population: 250000, Control: 95, Own Province: True",74.27
"New Religion: Mother Rhoyne, Current Religion: DrownedGod, Population: 250000, Control: 95, Own Province: False",73.46
"New Religion: Mother Rhoyne, Current Religion: DrownedGod, Population: 250000, Control: 100, Own Province: True",61.33
"New Religion: Mother Rhoyne, Current Religion: DrownedGod, Population: 250000, Control: 100, Own Province: False",73.72
"New Religion: Mother Rhoyne, Current Religion: DrownedGod, Population: 300000, Control: 85, Own Province: True",74.39
"New Religion: Mother Rhoyne, Current Religion: DrownedGod, Population: 300000, Control: 85, Own Province: False",73.98
"New Religion: Mother Rhoyne, Current Religion: DrownedGod, Population: 300000, Control: 90, Own Province: True",73.98
"New Religion: Mother Rhoyne, Current Religion: DrownedGod, Population: 300000, Control: 90, Own Province: False",74.09
"New Religion: Mother Rhoyne, Current Religion: DrownedGod, Population: 300000, Control: 95, Own Province: True",73.88
"New Religion: Mother Rhoyne, Current Religion: DrownedGod, Population: 300000, Control: 95, Own Province: False",74.65
"New Religion: Mother Rhoyne, Current Religion: DrownedGod, Population: 300000, Control: 100, Own Province: True",74.16
"New Religion: Mother Rhoyne, Current Religion: DrownedGod, Population: 300000, Control: 100, Own Province: False",74.96
"New Religion: Mother Rhoyne, Current Religion: DrownedGodII, Population: 1000, Control: 85, Own Province: True",24.27
"New Religion: Mother Rhoyne, Current Religion: DrownedGodII, Population: 1000, Control: 85, Own Province: False",24.1
"New Religion: Mother Rhoyne, Current Religion: DrownedGodII, Population: 1000, Control: 90, Own Province: True",13.63
"New Religion: Mother Rhoyne, Current Religion: DrownedGodII, Population: 1000, Control: 90, Own Province: False",35.7
"New Religion: Mother Rhoyne, Current Religion: DrownedGodII, Population: 1000, Control: 95, Own Province: True",5.98
"New Religion: Mother Rhoyne, Current Religion: DrownedGodII, Population: 1000, Control: 95, Own Province: False",48.07
"New Religion: Mother Rhoyne, Current Religion: DrownedGodII, Population: 1000, Control: 100, Own Province: True",0.0
"New Religion: Mother Rhoyne, Current Religion: DrownedGodII, Population: 1000, Control: 100, Own Province: False",61.14
"New Religion: Mother Rhoyne, Current Religion: DrownedGodII, Population: 50000, Control: 85, Own Province: True",35.55
"New Religion: Mother Rhoyne, Current Religion: DrownedGodII, Population: 50000, Control: 85, Own Province: False",35.18
"New Religion: Mother Rhoyne, Current Religion: DrownedGodII, Population: 50000, Control: 90, Own Province: True",24.2
"New Religion: Mother Rhoyne, Current Religion: DrownedGodII, Population: 50000, Control: 90, Own Province: False",48.05
"New Religion: Mother Rhoyne, Current Religion: DrownedGodII, Population: 50000, Control: 95, Own Province: True",13.28
"New Religion: Mother Rhoyne, Current Religion: DrownedGodII, Population: 50000, Control: 95, Own Province: False",60.87
"New Religion: Mother Rhoyne, Current Religion: DrownedGodII, Population: 50000, Control: 100, Own Province: True",6.02
"New Religion: Mother Rhoyne, Current Religion: DrownedGodII, Population: 50000, Control: 100, Own Province: False",74.22
"New Religion: Mother Rhoyne, Current Religion: DrownedGodII, Population: 100000, Control: 85, Own Province: True",48.6
"New Religion: Mother Rhoyne, Current Religion: DrownedGodII, Population: 100000, Control: 85, Own Province: False",47.08
"New Religion: Mother Rhoyne, Current Religion: DrownedGodII, Population: 100000, Control: 90, Own Province: True",35.12
"New Religion: Mother Rhoyne, Current Religion: DrownedGodII, Population: 100000, Control: 90, Own Province: False",61.37
"New Religion: Mother Rhoyne, Current Religion: DrownedGodII, Population: 100000, Control: 95, Own Province: True",23.74
"New Religion: Mother Rhoyne, Current Religion: DrownedGodII, Population: 100000, Control: 95, Own Province: False",74.93
"New Religion: Mother Rhoyne, Current Religion: DrownedGodII, Population: 100000, Control: 100, Own Province: True",14.13
"New Religion: Mother Rhoyne, Current Religion: DrownedGodII, Population: 100000, Control: 100, Own Province: False",74.21
"New Religion: Mother Rhoyne, Current Religion: DrownedGodII, Population: 150000, Control: 85, Own Province: True",61.54
"New Religion: Mother Rhoyne, Current Religion: DrownedGodII, Population: 150000, Control: 85, Own Province: False",61.46
"New Religion: Mother Rhoyne, Current Religion: DrownedGodII, Population: 150000, Control: 90, Own Province: True",48.08
"New Religion: Mother Rhoyne, Current Religion: DrownedGodII, Population: 150000, Control: 90, Own Province: False",73.76
"New Religion: Mother Rhoyne, Current Religion: DrownedGodII, Population: 150000, Control: 95, Own Province: True",34.43
"New Religion: Mother Rhoyne, Current Religion: DrownedGodII, Population: 150000, Control: 95, Own Province: False",74.09
"New Religion: Mother Rhoyne, Current Religion: DrownedGodII, Population: 150000, Control: 100, Own Province: True",24.28
"New Religion: Mother Rhoyne, Current Religion: DrownedGodII, Population: 150000, Control: 100, Own Province: False",74.19
"New Religion: Mother Rhoyne, Current Religion: DrownedGodII, Population: 200000, Control: 85, Own Province: True",74.2
"New Religion: Mother Rhoyne, Current Religion: DrownedGodII, Population: 200000, Control: 85, Own Province: False",74.09
"New Religion: Mother Rhoyne, Current Religion: DrownedGodII, Population: 200000, Control: 90, Own Province: True",61.65
"New Religion: Mother Rhoyne, Current Religion: DrownedGodII, Population: 200000, Control: 90, Own Province: False",74.2
"New Religion: Mother Rhoyne, Current Religion: DrownedGodII, Population: 200000, Control: 95, Own Province: True",49.22
"New Religion: Mother Rhoyne, Current Religion: DrownedGodII, Population: 200000, Control: 95, Own Province: False",74.27
"New Religion: Mother Rhoyne, Current Religion: DrownedGodII, Population: 200000, Control: 100, Own Province: True",35.26
"New Religion: Mother Rhoyne, Current Religion: DrownedGodII, Population: 200000, Control: 100, Own Province: False",73.67
"New Religion: Mother Rhoyne, Current Religion: DrownedGodII, Population: 250000, Control: 85, Own Province: True",73.79
"New Religion: Mother Rhoyne, Current Religion: DrownedGodII, Population: 250000, Control: 85, Own Province: False",73.61
"New Religion: Mother Rhoyne, Current Religion: DrownedGodII, Population: 250000, Control: 90, Own Province: True",74.39
"New Religion: Mother Rhoyne, Current Religion: DrownedGodII, Population: 250000, Control: 90, Own Province: False",73.38
"New Religion: Mother Rhoyne, Current Religion: DrownedGodII, Population: 250000, Control: 95, Own Province: True",61.2
"New Religion: Mother Rhoyne, Current Religion: DrownedGodII, Population: 250000, Control: 95, Own Province: False",74.14
"New Religion: Mother Rhoyne, Current Religion: DrownedGodII, Population: 250000, Control: 100, Own Province: True",48.73
"New Religion: Mother Rhoyne, Current Religion: DrownedGodII, Population: 250000, Control: 100, Own Province: False",74.02
"New Religion: Mother Rhoyne, Current Religion: DrownedGodII, Population: 300000, Control: 85, Own Province: True",74.73
"New Religion: Mother Rhoyne, Current Religion: DrownedGodII, Population: 300000, Control: 85, Own Province: False",74.24
"New Religion: Mother Rhoyne, Current Religion: DrownedGodII, Population: 300000, Control: 90, Own Province: True",74.27
"New Religion: Mother Rhoyne, Current Religion: DrownedGodII, Population: 300000, Control: 90, Own Province: False",74.03
"New Religion: Mother Rhoyne, Current Religion: DrownedGodII, Population: 300000, Control: 95, Own Province: True",73.81
"New Religion: Mother Rhoyne, Current Religion: DrownedGodII, Population: 300000, Control: 95, Own Province: False",74.57
"New Religion: Mother Rhoyne, Current Religion: DrownedGodII, Population: 300000, Control: 100, Own Province: True",61.16
"New Religion: Mother Rhoyne, Current Religion: DrownedGodII, Population: 300000, Control: 100, Own Province: False",74.72
"New Religion: Mother Rhoyne, Current Religion: Gods of Valyria, Population: 1000, Control: 85, Own Province: True",23.94
"New Religion: Mother Rhoyne, Current Religion: Gods of Valyria, Population: 1000, Control: 85, Own Province: False",24.22
"New Religion: Mother Rhoyne, Current Religion: Gods of Valyria, Population: 1000, Control: 90, Own Province: True",14.17
"New Religion: Mother Rhoyne, Current Religion: Gods of Valyria, Population: 1000, Control: 90, Own Province: False",34.78
"New Religion: Mother Rhoyne, Current Religion: Gods of Valyria, Population: 1000, Control: 95, Own Province: True",5.94
"New Religion: Mother Rhoyne, Current Religion: Gods of Valyria, Population: 1000, Control: 95, Own Province: False",47.94
"New Religion: Mother Rhoyne, Current Religion: Gods of Valyria, Population: 1000, Control: 100, Own Province: True",0.0
"New Religion: Mother Rhoyne, Current Religion: Gods of Valyria, Population: 1000, Control: 100, Own Province: False",61.57
"New Religion: Mother Rhoyne, Current Religion: Gods of Valyria, Population: 50000, Control: 85, Own Province: True",34.6
"New Religion: Mother Rhoyne, Current Religion: Gods of Valyria, Population: 50000, Control: 85, Own Province: False",35.26
"New Religion: Mother Rhoyne, Current Religion: Gods of Valyria, Population: 50000, Control: 90, Own Province: True",23.35
"New Religion: Mother Rhoyne, Current Religion: Gods of Valyria, Population: 50000, Control: 90, Own Province: False",48.4
"New Religion: Mother Rhoyne, Current Religion: Gods of Valyria, Population: 50000, Control: 95, Own Province: True",13.41
"New Religion: Mother Rhoyne, Current Religion: Gods of Valyria, Population: 50000, Control: 95, Own Province: False",61.34
"New Religion: Mother Rhoyne, Current Religion: Gods of Valyria, Population: 50000, Control: 100, Own Province: True",5.5
"New Religion: Mother Rhoyne, Current Religion: Gods of Valyria, Population: 50000, Control: 100, Own Province: False",74.16
"New Religion: Mother Rhoyne, Current Religion: Gods of Valyria, Population: 100000, Control: 85, Own Province: True",47.22
"New Religion: Mother Rhoyne, Current Religion: Gods of Valyria, Population: 100000, Control: 85, Own Province: False",48.25
"New Religion: Mother Rhoyne, Current Religion: Gods of Valyria, Population: 100000, Control: 90, Own Province: True",35.67
"New Religion: Mother Rhoyne, Current Religion: Gods of Valyria, Population: 100000, Control: 90, Own Province: False",61.12
"New Religion: Mother Rhoyne, Current Religion: Gods of Valyria, Population: 100000, Control: 95, Own Province: True",24.11
"New Religion: Mother Rhoyne, Current Religion: Gods of Valyria, Population: 100000, Control: 95, Own Province: False",73.68
"New Religion: Mother Rhoyne, Current Religion: Gods of Valyria, Population: 100000, Control: 100, Own Province: True",13.71
"New Religion: Mother Rhoyne, Current Religion: Gods of Valyria, Population: 100000, Control: 100, Own Province: False",74.6
"New Religion: Mother Rhoyne, Current Religion: Gods of Valyria, Population: 150000, Control: 85, Own Province: True",61.36
"New Religion: Mother Rhoyne, Current Religion: Gods of Valyria, Population: 150000, Control: 85, Own Province: False",61.17
"New Religion: Mother Rhoyne, Current Religion: Gods of Valyria, Population: 150000, Control: 90, Own Province: True",48.0
"New Religion: Mother Rhoyne, Current Religion: Gods of Valyria, Population: 150000, Control: 90, Own Province: False",74.6
"New Religion: Mother Rhoyne, Current Religion: Gods of Valyria, Population: 150000, Control: 95, Own Province: True",35.11
"New Religion: Mother Rhoyne, Current Religion: Gods of Valyria, Population: 150000, Control: 95, Own Province: False",73.51
"New Religion: Mother Rhoyne, Current Religion: Gods of Valyria, Population: 150000, Control: 100, Own Province: True",24.4
"New Religion: Mother Rhoyne, Current Religion: Gods of Valyria, Population: 150000, Control: 100, Own Province: False",73.77
"New Religion: Mother Rhoyne, Current Religion: Gods of Valyria, Population: 200000, Control: 85, Own Province: True",74.57
"New Religion: Mother Rhoyne, Current Religion: Gods of Valyria, Population: 200000, Control: 85, Own Province: False",73.3
"New Religion: Mother Rhoyne, Current Religion: Gods of Valyria, Population: 200000, Control: 90, Own Province: True",62.52
"New Religion: Mother Rhoyne, Current Religion: Gods of Valyria, Population: 200000, Control: 90, Own Province: False",73.93
"New Religion: Mother Rhoyne, Current Religion: Gods of Valyria, Population: 200000, Control: 95, Own Province: True",48.4
"New Religion: Mother Rhoyne, Current Religion: Gods of Valyria, Population: 200000, Control: 95, Own Province: False",74.05
"New Religion: Mother Rhoyne, Current Religion: Gods of Valyria, Population: 200000, Control: 100, Own Province: True",35.14
"New Religion: Mother Rhoyne, Current Religion: Gods of Valyria, Population: 200000, Control: 100, Own Province: False",75.07
"New Religion: Mother Rhoyne, Current Religion: Gods of Valyria, Population: 250000, Control: 85, Own Province: True",74.97
"New Religion: Mother Rhoyne, Current Religion: Gods of Valyria, Population: 250000, Control: 85, Own Province: False",73.49
"New Religion: Mother Rhoyne, Current Religion: Gods of Valyria, Population: 250000, Control: 90, Own Province: True",74.26
"New Religion: Mother Rhoyne, Current Religion: Gods of Valyria, Population: 250000, Control: 90, Own Province: False",74.39
"New Religion: Mother Rhoyne, Current Religion: Gods of Valyria, Population: 250000, Control: 95, Own Province: True",61.11
"New Religion: Mother Rhoyne, Current Religion: Gods of Valyria, Population: 250000, Control: 95, Own Province: False",74.43
"New Religion: Mother Rhoyne, Current Religion: Gods of Valyria, Population: 250000, Control: 100, Own Province: True",48.47
"New Religion: Mother Rhoyne, Current Religion: Gods of Valyria, Population: 250000, Control: 100, Own Province: False",74.5
"New Religion: Mother Rhoyne, Current Religion: Gods of Valyria, Population: 300000, Control: 85, Own Province: True",74.85
"New Religion: Mother Rhoyne, Current Religion: Gods of Valyria, Population: 300000, Control: 85, Own Province: False",74.24
"New Religion: Mother Rhoyne, Current Religion: Gods of Valyria, Population: 300000, Control: 90, Own Province: True",74.09
"New Religion: Mother Rhoyne, Current Religion: Gods of Valyria, Population: 300000, Control: 90, Own Province: False",74.29
"New Religion: Mother Rhoyne, Current Religion: Gods of Valyria, Population: 300000, Control: 95, Own Province: True",74.01
"New Religion: Mother Rhoyne, Current Religion: Gods of Valyria, Population: 300000, Control: 95, Own Province: False",74.38
"New Religion: Mother Rhoyne, Current Religion: Gods of Valyria, Population: 300000, Control: 100, Own Province: True",61.19
"New Religion: Mother Rhoyne, Current Religion: Gods of Valyria, Population: 300000, Control: 100, Own Province: False",73.97
"New Religion: Mother Rhoyne, Current Religion: R'hllor, Population: 1000, Control: 85, Own Province: True",23.66
"New Religion: Mother Rhoyne, Current Religion: R'hllor, Population: 1000, Control: 85, Own Province: False",23.9
"New Religion: Mother Rhoyne, Current Religion: R'hllor, Population: 1000, Control: 90, Own Province: True",14.05
"New Religion: Mother Rhoyne, Current Religion: R'hllor, Population: 1000, Control: 90, Own Province: False",34.79
"New Religion: Mother Rhoyne, Current Religion: R'hllor, Population: 1000, Control: 95, Own Province: True",5.78
"New Religion: Mother Rhoyne, Current Religion: R'hllor, Population: 1000, Control: 95, Own Province: False",47.85
"New Religion: Mother Rhoyne, Current Religion: R'hllor, Population: 1000, Control: 100, Own Province: True",0.0
"New Religion: Mother Rhoyne, Current Religion: R'hllor, Population: 1000, Control: 100, Own Province: False",61.03
"New Religion: Mother Rhoyne, Current Religion: R'hllor, Population: 50000, Control: 85, Own Province: True",35.16
"New Religion: Mother Rhoyne, Current Religion: R'hllor, Population: 50000, Control: 85, Own Province: False",35.1
"New Religion: Mother Rhoyne, Current Religion: R'hllor, Population: 50000, Control: 90, Own Province: True",23.88
"New Religion: Mother Rhoyne, Current Religion: R'hllor, Population: 50000, Control: 90, Own Province: False",47.39
"New Religion: Mother Rhoyne, Current Religion: R'hllor, Population: 50000, Control: 95, Own Province: True",13.8
"New Religion: Mother Rhoyne, Current Religion: R'hllor, Population: 50000, Control: 95, Own Province: False",61.5
"New Religion: Mother Rhoyne, Current Religion: R'hllor, Population: 50000, Control: 100, Own Province: True",5.9
"New Religion: Mother Rhoyne, Current Religion: R'hllor, Population: 50000, Control: 100, Own Province: False",75.0
"New Religion: Mother Rhoyne, Current Religion: R'hllor, Population: 100000, Control: 85, Own Province: True",47.79
"New Religion: Mother Rhoyne, Current Religion: R'hllor, Population: 100000, Control: 85, Own Province: False",47.97
"New Religion: Mother Rhoyne, Current Religion: R'hllor, Population: 100000, Control: 90, Own Province: True",34.54
"New Religion: Mother Rhoyne, Current Religion: R'hllor, Population: 100000, Control: 90, Own Province: False",62.04
"New Religion: Mother Rhoyne, Current Religion: R'hllor, Population: 100000, Control: 95, Own Province: True",23.59
"New Religion: Mother Rhoyne, Current Religion: R'hllor, Population: 100000, Control: 95, Own Province: False",73.45
"New Religion: Mother Rhoyne, Current Religion: R'hllor, Population: 100000, Control: 100, Own Province: True",13.53
"New Religion: Mother Rhoyne, Current Religion: R'hllor, Population: 100000, Control: 100, Own Province: False",74.4
"New Religion: Mother Rhoyne, Current Religion: R'hllor, Population: 150000, Control: 85, Own Province: True",61.04
"New Religion: Mother Rhoyne, Current Religion: R'hllor, Population: 150000, Control: 85, Own Province: False",60.76
"New Religion: Mother Rhoyne, Current Religion: R'hllor, Population: 150000, Control: 90, Own Province: True",48.51
"New Religion: Mother Rhoyne, Current Religion: R'hllor, Population: 150000, Control: 90, Own Province: False",73.72
"New Religion: Mother Rhoyne, Current Religion: R'hllor, Population: 150000, Control: 95, Own Province: True",34.97
"New Religion: Mother Rhoyne, Current Religion: R'hllor, Population: 150000, Control: 95, Own Province: False",75.04
"New Religion: Mother Rhoyne, Current Religion: R'hllor, Population: 150000, Control: 100, Own Province: True",24.29
"New Religion: Mother Rhoyne, Current Religion: R'hllor, Population: 150000, Control: 100, Own Province: False",73.91
"New Religion: Mother Rhoyne, Current Religion: R'hllor, Population: 200000, Control: 85, Own Province: True",73.86
"New Religion: Mother Rhoyne, Current Religion: R'hllor, Population: 200000, Control: 85, Own Province: False",73.6
"New Religion: Mother Rhoyne, Current Religion: R'hllor, Population: 200000, Control: 90, Own Province: True",61.23
"New Religion: Mother Rhoyne, Current Religion: R'hllor, Population: 200000, Control: 90, Own Province: False",73.88
"New Religion: Mother Rhoyne, Current Religion: R'hllor, Population: 200000, Control: 95, Own Province: True",48.58
"New Religion: Mother Rhoyne, Current Religion: R'hllor, Population: 200000, Control: 95, Own Province: False",74.98
"New Religion: Mother Rhoyne, Current Religion: R'hllor, Population: 200000, Control: 100, Own Province: True",35.61
"New Religion: Mother Rhoyne, Current Religion: R'hllor, Population: 200000, Control: 100, Own Province: False",74.24
"New Religion: Mother Rhoyne, Current Religion: R'hllor, Population: 250000, Control: 85, Own Province: True",73.87
"New Religion: Mother Rhoyne, Current Religion: R'hllor, Population: 250000, Control: 85, Own Province: False",74.4
"New Religion: Mother Rhoyne, Current Religion: R'hllor, Population: 250000, Control: 90, Own Province: True",74.06
"New Religion: Mother Rhoyne, Current Religion: R'hllor, Population: 250000, Control: 90, Own Province: False",75.25
"New Religion: Mother Rhoyne, Current Religion: R'hllor, Population: 250000, Control: 95, Own Province: True",61.97
"New Religion: Mother Rhoyne, Current Religion: R'hllor, Population: 250000, Control: 95, Own Province: False",73.98
"New Religion: Mother Rhoyne, Current Religion: R'hllor, Population: 250000, Control: 100, Own Province: True",47.42
"New Religion: Mother Rhoyne, Current Religion: R'hllor, Population: 250000, Control: 100, Own Province: False",74.02
"New Religion: Mother Rhoyne, Current Religion: R'hllor, Population: 300000, Control: 85, Own Province: True",74.24
"New Religion: Mother Rhoyne, Current Religion: R'hllor, Population: 300000, Control: 85, Own Province: False",74.19
"New Religion: Mother Rhoyne, Current Religion: R'hllor, Population: 300000, Control: 90, Own Province: True",74.6
"New Religion: Mother Rhoyne, Current Religion: R'hllor, Population: 300000, Control: 90, Own Province: False",73.84
"New Religion: Mother Rhoyne, Current Religion: R'hllor, Population: 300000, Control: 95, Own Province: True",73.86
"New Religion: Mother Rhoyne, Current Religion: R'hllor, Population: 300000, Control: 95, Own Province: False",74.18
"New Religion: Mother Rhoyne, Current Religion: R'hllor, Population: 300000, Control: 100, Own Province: True",61.24
"New Religion: Mother Rhoyne, Current Religion: R'hllor, Population: 300000, Control: 100, Own Province: False",74.81
"New Religion: Gods of Valyria, Current Religion: Faith of the Seven, Population: 1000, Control: 85, Own Province: True",23.55
"New Religion: Gods of Valyria, Current Religion: Faith of the Seven, Population: 1000, Control: 85, Own Province: False",23.71
"New Religion: Gods of Valyria, Current Religion: Faith of the Seven, Population: 1000, Control: 90, Own Province: True",13.32
"New Religion: Gods of Valyria, Current Religion: Faith of the Seven, Population: 1000, Control: 90, Own Province: False",35.47
"New Religion: Gods of Valyria, Current Religion: Faith of the Seven, Population: 1000, Control: 95, Own Province: True",6.03
"New Religion: Gods of Valyria, Current Religion: Faith of the Seven, Population: 1000, Control: 95, Own Province: False",47.48
"New Religion: Gods of Valyria, Current Religion: Faith of the Seven, Population: 1000, Control: 100, Own Province: True",0.0
"New Religion: Gods of Valyria, Current Religion: Faith of the Seven, Population: 1000, Control: 100, Own Province: False",61.08
"New Religion: Gods of Valyria, Current Religion: Faith of the Seven, Population: 50000, Control: 85, Own Province: True",35.01
"New Religion: Gods of Valyria, Current Religion: Faith of the Seven, Population: 50000, Control: 85, Own Province: False",35.22
"New Religion: Gods of Valyria, Current Religion: Faith of the Seven, Population: 50000, Control: 90, Own Province: True",23.95
"New Religion: Gods of Valyria, Current Religion: Faith of the Seven, Population: 50000, Control: 90, Own Province: False",49.15
"New Religion: Gods of Valyria, Current Religion: Faith of the Seven, Population: 50000, Control: 95, Own Province: True",13.72
"New Religion: Gods of Valyria, Current Religion: Faith of the Seven, Population: 50000, Control: 95, Own Province: False",62.23
"New Religion: Gods of Valyria, Current Religion: Faith of the Seven, Population: 50000, Control: 100, Own Province: True",5.78
"New Religion: Gods of Valyria, Current Religion: Faith of the Seven, Population: 50000, Control: 100, Own Province: False",73.77
"New Religion: Gods of Valyria, Current Religion: Faith of the Seven, Population: 100000, Control: 85, Own Province: True",47.98
"New Religion: Gods of Valyria, Current Religion: Faith of the Seven, Population: 100000, Control: 85, Own Province: False",49.08
"New Religion: Gods of Valyria, Current Religion: Faith of the Seven, Population: 100000, Control: 90, Own Province: True",34.64
"New Religion: Gods of Valyria, Current Religion: Faith of the Seven, Population: 100000, Control: 90, Own Province: False",62.24
"New Religion: Gods of Valyria, Current Religion: Faith of the Seven, Population: 100000, Control: 95, Own Province: True",23.23
"New Religion: Gods of Valyria, Current Religion: Faith of the Seven, Population: 100000, Control: 95, Own Province: False",73.59
"New Religion: Gods of Valyria, Current Religion: Faith of the Seven, Population: 100000, Control: 100, Own Province: True",14.04
"New Religion: Gods of Valyria, Current Religion: Faith of the Seven, Population: 100000, Control: 100, Own Province: False",74.25
"New Religion: Gods of Valyria, Current Religion: Faith of the Seven, Population: 150000, Control: 85, Own Province: True",61.05
"New Religion: Gods of Valyria, Current Religion: Faith of the Seven, Population: 150000, Control: 85, Own Province: False",62.03
"New Religion: Gods of Valyria, Current Religion: Faith of the Seven, Population: 150000, Control: 90, Own Province: True",47.62
"New Religion: Gods of Valyria, Current Religion: Faith of the Seven, Population: 150000, Control: 90, Own Province: False",74.29
"New Religion: Gods of Valyria, Current Religion: Faith of the Seven, Population: 150000, Control: 95, Own Province: True",34.59
"New Religion: Gods of Valyria, Current Religion: Faith of the Seven, Population: 150000, Control: 95, Own Province: False",74.01
"New Religion: Gods of Valyria, Current Religion: Faith of the Seven, Population: 150000, Control: 100, Own Province: True",24.71
"New Religion: Gods of Valyria, Current Religion: Faith of the Seven, Population: 150000, Control: 100, Own Province: False",73.72
"New Religion: Gods of Valyria, Current Religion: Faith of the Seven, Population: 200000, Control: 85, Own Province: True",73.94
"New Religion: Gods of Valyria, Current Religion: Faith of the Seven, Population: 200000, Control: 85, Own Province: False",73.98
"New Religion: Gods of Valyria, Current Religion: Faith of the Seven, Population: 200000, Control: 90, Own Province: True",61.6
"New Religion: Gods of Valyria, Current Religion: Faith of the Seven, Population: 200000, Control: 90, Own Province: False",74.34
"New Religion: Gods of Valyria, Current Religion: Faith of the Seven, Population: 200000, Control: 95, Own Province: True",47.28
"New Religion: Gods of Valyria, Current Religion: Faith of the Seven, Population: 200000, Control: 95, Own Province: False",74.06
"New Religion: Gods of Valyria, Current Religion: Faith of the Seven, Population: 200000, Control: 100, Own Province: True",35.06
"New Religion: Gods of Valyria, Current Religion: Faith of the Seven, Population: 200000, Control: 100, Own Province: False",74.02
"New Religion: Gods of Valyria, Current Religion: Faith of the Seven, Population: 250000, Control: 85, Own Province: True",74.34
"New Religion: Gods of Valyria, Current Religion: Faith of the Seven, Population: 250000, Control: 85, Own Province: False",74.12
"New Religion: Gods of Valyria, Current Religion: Faith of the Seven, Population: 250000, Control: 90, Own Province: True",74.72
"New Religion: Gods of Valyria, Current Religion: Faith of the Seven, Population: 250000, Control: 90, Own Province: False",73.95
"New Religion: Gods of Valyria, Current Religion: Faith of the Seven, Population: 250000, Control: 95, Own Province: True",61.89
"New Religion: Gods of Valyria, Current Religion: Faith of the Seven, Population: 250000, Control: 95, Own Province: False",73.85
"New Religion: Gods of Valyria, Current Religion: Faith of the Seven, Population: 250000, Control: 100, Own Province: True",48.34
"New Religion: Gods of Valyria, Current Religion: Faith of the Seven, Population: 250000, Control: 100, Own Province: False",73.54
"New Religion: Gods of Valyria, Current Religion: Faith of the Seven, Population: 300000, Control: 85, Own Province: True",74.87
"New Religion: Gods of Valyria, Current Religion: Faith of the Seven, Population: 300000, Control: 85, Own Province: False",74.23
"New Religion: Gods of Valyria, Current Religion: Faith of the Seven, Population: 300000, Control: 90, Own Province: True",75.03
"New Religion: Gods of Valyria, Current Religion: Faith of the Seven, Population: 300000, Control: 90, Own Province: False",73.99
"New Religion: Gods of Valyria, Current Religion: Faith of the Seven, Population: 300000, Control: 95, Own Province: True",73.31
"New Religion: Gods of Valyria, Current Religion: Faith of the Seven, Population: 300000, Control: 95, Own Province: False",74.49
"New Religion: Gods of Valyria, Current Religion: Faith of the Seven, Population: 300000, Control: 100, Own Province: True",62.25
"New Religion: Gods of Valyria, Current Religion: Faith of the Seven, Population: 300000, Control: 100, Own Province: False",74.75
"New Religion: Gods of Valyria, Current Religion: Old Gods, Population: 1000, Control: 85, Own Province: True",13.73
"New Religion: Gods of Valyria, Current Religion: Old Gods, Population: 1000, Control: 85, Own Province: False",13.69
"New Religion: Gods of Valyria, Current Religion: Old Gods, Population: 1000, Control: 90, Own Province: True",5.81
"New Religion: Gods of Valyria, Current Religion: Old Gods, Population: 1000, Control: 90, Own Province: False",24.27
"New Religion: Gods of Valyria, Current Religion: Old Gods, Population: 1000, Control: 95, Own Province: True",0.0
"New Religion: Gods of Valyria, Current Religion: Old Gods, Population: 1000, Control: 95, Own Province: False",35.81
"New Religion: Gods of Valyria, Current Religion: Old Gods, Population: 1000, Control: 100, Own Province: True",0.0
"New Religion: Gods of Valyria, Current Religion: Old Gods, Population: 1000, Control: 100, Own Province: False",49.23
"New Religion: Gods of Valyria, Current Religion: Old Gods, Population: 50000, Control: 85, Own Province: True",24.18
"New Religion: Gods of Valyria, Current Religion: Old Gods, Population: 50000, Control: 85, Own Province: False",23.99
"New Religion: Gods of Valyria, Current Religion: Old Gods, Population: 50000, Control: 90, Own Province: True",14.11
"New Religion: Gods of Valyria, Current Religion: Old Gods, Population: 50000, Control: 90, Own Province: False",35.07
"New Religion: Gods of Valyria, Current Religion: Old Gods, Population: 50000, Control: 95, Own Province: True",5.88
"New Religion: Gods of Valyria, Current Religion: Old Gods, Population: 50000, Control: 95, Own Province: False",48.47
"New Religion: Gods of Valyria, Current Religion: Old Gods, Population: 50000, Control: 100, Own Province: True",0.0
"New Religion: Gods of Valyria, Current Religion: Old Gods, Population: 50000, Control: 100, Own Province: False",60.49
"New Religion: Gods of Valyria, Current Religion: Old Gods, Population: 100000, Control: 85, Own Province: True",35.58
"New Religion: Gods of Valyria, Current Religion: Old Gods, Population: 100000, Control: 85, Own Province: False",35.48
"New Religion: Gods of Valyria, Current Religion: Old Gods, Population: 100000, Control: 90, Own Province: True",23.37
"New Religion: Gods of Valyria, Current Religion: Old Gods, Population: 100000, Control: 90, Own Province: False",47.78
"New Religion: Gods of Valyria, Current Religion: Old Gods, Population: 100000, Control: 95, Own Province: True",13.73
"New Religion: Gods of Valyria, Current Religion: Old Gods, Population: 100000, Control: 95, Own Province: False",61.12
"New Religion: Gods of Valyria, Current Religion: Old Gods, Population: 100000, Control: 100, Own Province: True",6.18
"New Religion: Gods of Valyria, Current Religion: Old Gods, Population: 100000, Control: 100, Own Province: False",74.01
"New Religion: Gods of Valyria, Current Religion: Old Gods, Population: 150000, Control: 85, Own Province: True",47.87
"New Religion: Gods of Valyria, Current Religion: Old Gods, Population: 150000, Control: 85, Own Province: False",47.7
"New Religion: Gods of Valyria, Current Religion: Old Gods, Population: 150000, Control: 90, Own Province: True",35.17
"New Religion: Gods of Valyria, Current Religion: Old Gods, Population: 150000, Control: 90, Own Province: False",61.47
"New Religion: Gods of Valyria, Current Religion: Old Gods, Population: 150000, Control: 95, Own Province: True",24.82
"New Religion: Gods of Valyria, Current Religion: Old Gods, Population: 150000, Control: 95, Own Province: False",73.71
"New Religion: Gods of Valyria, Current Religion: Old Gods, Population: 150000, Control: 100, Own Province: True",13.48
"New Religion: Gods of Valyria, Current Religion: Old Gods, Population: 150000, Control: 100, Own Province: False",74.67
"New Religion: Gods of Valyria, Current Religion: Old Gods, Population: 200000, Control: 85, Own Province: True",61.21
"New Religion: Gods of Valyria, Current Religion: Old Gods, Population: 200000, Control: 85, Own Province: False",61.33
"New Religion: Gods of Valyria, Current Religion: Old Gods, Population: 200000, Control: 90, Own Province: True",48.0
"New Religion: Gods of Valyria, Current Religion: Old Gods, Population: 200000, Control: 90, Own Province: False",74.41
"New Religion: Gods of Valyria, Current Religion: Old Gods, Population: 200000, Control: 95, Own Province: True",35.7
"New Religion: Gods of Valyria, Current Religion: Old Gods, Population: 200000, Control: 95, Own Province: False",73.62
"New Religion: Gods of Valyria, Current Religion: Old Gods, Population: 200000, Control: 100, Own Province: True",24.2
"New Religion: Gods of Valyria, Current Religion: Old Gods, Population: 200000, Control: 100, Own Province: False",75.08
"New Religion: Gods of Valyria, Current Religion: Old Gods, Population: 250000, Control: 85, Own Province: True",73.46
"New Religion: Gods of Valyria, Current Religion: Old Gods, Population: 250000, Control: 85, Own Province: False",73.72
"New Religion: Gods of Valyria, Current Religion: Old Gods, Population: 250000, Control: 90, Own Province: True",61.74
"New Religion: Gods of Valyria, Current Religion: Old Gods, Population: 250000, Control: 90, Own Province: False",74.5
"New Religion: Gods of Valyria, Current Religion: Old Gods, Population: 250000, Control: 95, Own Province: True",48.06
"New Religion: Gods of Valyria, Current Religion: Old Gods, Population: 250000, Control: 95, Own Province: False",73.8
"New Religion: Gods of Valyria, Current Religion: Old Gods, Population: 250000, Control: 100, Own Province: True",35.2
"New Religion: Gods of Valyria, Current Religion: Old Gods, Population: 250000, Control: 100, Own Province: False",74.11
"New Religion: Gods of Valyria, Current Religion: Old Gods, Population: 300000, Control: 85, Own Province: True",73.91
"New Religion: Gods of Valyria, Current Religion: Old Gods, Population: 300000, Control: 85, Own Province: False",74.68
"New Religion: Gods of Valyria, Current Religion: Old Gods, Population: 300000, Control: 90, Own Province: True",74.4
"New Religion: Gods of Valyria, Current Religion: Old Gods, Population: 300000, Control: 90, Own Province: False",73.74
"New Religion: Gods of Valyria, Current Religion: Old Gods, Population: 300000, Control: 95, Own Province: True",61.43
"New Religion: Gods of Valyria, Current Religion: Old Gods, Population: 300000, Control: 95, Own Province: False",73.58
"New Religion: Gods of Valyria, Current Religion: Old Gods, Population: 300000, Control: 100, Own Province: True",48.37
"New Religion: Gods of Valyria, Current Religion: Old Gods, Population: 300000, Control: 100, Own Province: False",74.07
"New Religion: Gods of Valyria, Current Religion: Skagosi Old Gods, Population: 1000, Control: 85, Own Province: True",24.35
"New Religion: Gods of Valyria, Current Religion: Skagosi Old Gods, Population: 1000, Control: 85, Own Province: False",24.73
"New Religion: Gods of Valyria, Current Religion: Skagosi Old Gods, Population: 1000, Control: 90, Own Province: True",13.95
"New Religion: Gods of Valyria, Current Religion: Skagosi Old Gods, Population: 1000, Control: 90, Own Province: False",35.54
"New Religion: Gods of Valyria, Current Religion: Skagosi Old Gods, Population: 1000, Control: 95, Own Province: True",5.49
"New Religion: Gods of Valyria, Current Religion: Skagosi Old Gods, Population: 1000, Control: 95, Own Province: False",47.78
"New Religion: Gods of Valyria, Current Religion: Skagosi Old Gods, Population: 1000, Control: 100, Own Province: True",0.0
"New Religion: Gods of Valyria, Current Religion: Skagosi Old Gods, Population: 1000, Control: 100, Own Province: False",60.93
"New Religion: Gods of Valyria, Current Religion: Skagosi Old Gods, Population: 50000, Control: 85, Own Province: True",35.14
"New Religion: Gods of Valyria, Current Religion: Skagosi Old Gods, Population: 50000, Control: 85, Own Province: False",35.44
"New Religion: Gods of Valyria, Current Religion: Skagosi Old Gods, Population: 50000, Control: 90, Own Province: True",24.12
"New Religion: Gods of Valyria, Current Religion: Skagosi Old Gods, Population: 50000, Control: 90, Own Province: False",48.16
"New Religion: Gods of Valyria, Current Religion: Skagosi Old Gods, Population: 50000, Control: 95, Own Province: True",13.7
"New Religion: Gods of Valyria, Current Religion: Skagosi Old Gods, Population: 50000, Control: 95, Own Province: False",60.92
"New Religion: Gods of Valyria, Current Religion: Skagosi Old Gods, Population: 50000, Control: 100, Own Province: True",6.16
"New Religion: Gods of Valyria, Current Religion: Skagosi Old Gods, Population: 50000, Control: 100, Own Province: False",74.38
"New Religion: Gods of Valyria, Current Religion: Skagosi Old Gods, Population: 100000, Control: 85, Own Province: True",48.16
"New Religion: Gods of Valyria, Current Religion: Skagosi Old Gods, Population: 100000, Control: 85, Own Province: False",47.79
"New Religion: Gods of Valyria, Current Religion: Skagosi Old Gods, Population: 100000, Control: 90, Own Province: True",36.18
"New Religion: Gods of Valyria, Current Religion: Skagosi Old Gods, Population: 100000, Control: 90, Own Province: False",60.6
"New Religion: Gods of Valyria, Current Religion: Skagosi Old Gods, Population: 100000, Control: 95, Own Province: True",23.58
"New Religion: Gods of Valyria, Current Religion: Skagosi Old Gods, Population: 100000, Control: 95, Own Province: False",73.82
"New Religion: Gods of Valyria, Current Religion: Skagosi Old Gods, Population: 100000, Control: 100, Own Province: True",13.96
"New Religion: Gods of Valyria, Current Religion: Skagosi Old Gods, Population: 100000, Control: 100, Own Province: False",73.37
"New Religion: Gods of Valyria, Current Religion: Skagosi Old Gods, Population: 150000, Control: 85, Own Province: True",61.98
"New Religion: Gods of Valyria, Current Religion: Skagosi Old Gods, Population: 150000, Control: 85, Own Province: False",60.98
"New Religion: Gods of Valyria, Current Religion: Skagosi Old Gods, Population: 150000, Control: 90, Own Province: True",48.53
"New Religion: Gods of Valyria, Current Religion: Skagosi Old Gods, Population: 150000, Control: 90, Own Province: False",74.14
"New Religion: Gods of Valyria, Current Religion: Skagosi Old Gods, Population: 150000, Control: 95, Own Province: True",35.18
"New Religion: Gods of Valyria, Current Religion: Skagosi Old Gods, Population: 150000, Control: 95, Own Province: False",74.27
"New Religion: Gods of Valyria, Current Religion: Skagosi Old Gods, Population: 150000, Control: 100, Own Province: True",24.2
"New Religion: Gods of Valyria, Current Religion: Skagosi Old Gods, Population: 150000, Control: 100, Own Province: False",74.17
"New Religion: Gods of Valyria, Current Religion: Skagosi Old Gods, Population: 200000, Control: 85, Own Province: True",74.63
"New Religion: Gods of Valyria, Current Religion: Skagosi Old Gods, Population: 200000, Control: 85, Own Province: False",74.01
"New Religion: Gods of Valyria, Current Religion: Skagosi Old Gods, Population: 200000, Control: 90, Own Province: True",61.38
"New Religion: Gods of Valyria, Current Religion: Skagosi Old Gods, Population: 200000, Control: 90, Own Province: False",73.84
"New Religion: Gods of Valyria, Current Religion: Skagosi Old Gods, Population: 200000, Control: 95, Own Province: True",48.26
"New Religion: Gods of Valyria, Current Religion: Skagosi Old Gods, Population: 200000, Control: 95, Own Province: False",74.5
"New Religion: Gods of Valyria, Current Religion: Skagosi Old Gods, Population: 200000, Control: 100, Own Province: True",35.25
"New Religion: Gods of Valyria, Current Religion: Skagosi Old Gods, Population: 200000, Control: 100, Own Province: False",74.97
"New Religion: Gods of Valyria, Current Religion: Skagosi Old Gods, Population: 250000, Control: 85, Own Province: True",74.72
"New Religion: Gods of Valyria, Current Religion: Skagosi Old Gods, Population: 250000, Control: 85, Own Province: False",74.03
"New Religion: Gods of Valyria, Current Religion: Skagosi Old Gods, Population: 250000, Control: 90, Own Province: True",73.49
"New Religion: Gods of Valyria, Current Religion: Skagosi Old Gods, Population: 250000, Control: 90, Own Province: False",73.75
"New Religion: Gods of Valyria, Current Religion: Skagosi Old Gods, Population: 250000, Control: 95, Own Province: True",60.42
"New Religion: Gods of Valyria, Current Religion: Skagosi Old Gods, Population: 250000, Control: 95, Own Province: False",73.7
"New Religion: Gods of Valyria, Current Religion: Skagosi Old Gods, Population: 250000, Control: 100, Own Province: True",48.31
"New Religion: Gods of Valyria, Current Religion: Skagosi Old Gods, Population: 250000, Control: 100, Own Province: False",74.36
"New Religion: Gods of Valyria, Current Religion: Skagosi Old Gods, Population: 300000, Control: 85, Own Province: True",73.54
"New Religion: Gods of Valyria, Current Religion: Skagosi Old Gods, Population: 300000, Control: 85, Own Province: False",73.98
"New Religion: Gods of Valyria, Current Religion: Skagosi Old Gods, Population: 300000, Control: 90, Own Province: True",74.98
"New Religion: Gods of Valyria, Current Religion: Skagosi Old Gods, Population: 300000, Control: 90, Own Province: False",72.76
"New Religion: Gods of Valyria, Current Religion: Skagosi Old Gods, Population: 300000, Control: 95, Own Province: True",73.86
"New Religion: Gods of Valyria, Current Religion: Skagosi Old Gods, Population: 300000, Control: 95, Own Province: False",74.43
"New Religion: Gods of Valyria, Current Religion: Skagosi Old Gods, Population: 300000, Control: 100, Own Province: True",61.65
"New Religion: Gods of Valyria, Current Religion: Skagosi Old Gods, Population: 300000, Control: 100, Own Province: False",74.17
"New Religion: Gods of Valyria, Current Religion: DrownedGod, Population: 1000, Control: 85, Own Province: True",34.83
"New Religion: Gods of Valyria, Current Religion: DrownedGod, Population: 1000, Control: 85, Own Province: False",34.86
"New Religion: Gods of Valyria, Current Religion: DrownedGod, Population: 1000, Control: 90, Own Province: True",23.83
"New Religion: Gods of Valyria, Current Religion: DrownedGod, Population: 1000, Control: 90, Own Province: False",47.22
"New Religion: Gods of Valyria, Current Religion: DrownedGod, Population: 1000, Control: 95, Own Province: True",13.97
"New Religion: Gods of Valyria, Current Religion: DrownedGod, Population: 1000, Control: 95, Own Province: False",61.17
"New Religion: Gods of Valyria, Current Religion: DrownedGod, Population: 1000, Control: 100, Own Province: True",5.68
"New Religion: Gods of Valyria, Current Religion: DrownedGod, Population: 1000, Control: 100, Own Province: False",74.09
"New Religion: Gods of Valyria, Current Religion: DrownedGod, Population: 50000, Control: 85, Own Province: True",48.62
"New Religion: Gods of Valyria, Current Religion: DrownedGod, Population: 50000, Control: 85, Own Province: False",47.27
"New Religion: Gods of Valyria, Current Religion: DrownedGod, Population: 50000, Control: 90, Own Province: True",36.4
"New Religion: Gods of Valyria, Current Religion: DrownedGod, Population: 50000, Control: 90, Own Province: False",61.19
"New Religion: Gods of Valyria, Current Religion: DrownedGod, Population: 50000, Control: 95, Own Province: True",23.41
"New Religion: Gods of Valyria, Current Religion: DrownedGod, Population: 50000, Control: 95, Own Province: False",74.26
"New Religion: Gods of Valyria, Current Religion: DrownedGod, Population: 50000, Control: 100, Own Province: True",13.75
"New Religion: Gods of Valyria, Current Religion: DrownedGod, Population: 50000, Control: 100, Own Province: False",73.82
"New Religion: Gods of Valyria, Current Religion: DrownedGod, Population: 100000, Control: 85, Own Province: True",61.14
"New Religion: Gods of Valyria, Current Religion: DrownedGod, Population: 100000, Control: 85, Own Province: False",60.88
"New Religion: Gods of Valyria, Current Religion: DrownedGod, Population: 100000, Control: 90, Own Province: True",48.5
"New Religion: Gods of Valyria, Current Religion: DrownedGod, Population: 100000, Control: 90, Own Province: False",74.07
"New Religion: Gods of Valyria, Current Religion: DrownedGod, Population: 100000, Control: 95, Own Province: True",34.74
"New Religion: Gods of Valyria, Current Religion: DrownedGod, Population: 100000, Control: 95, Own Province: False",74.05
"New Religion: Gods of Valyria, Current Religion: DrownedGod, Population: 100000, Control: 100, Own Province: True",24.14
"New Religion: Gods of Valyria, Current Religion: DrownedGod, Population: 100000, Control: 100, Own Province: False",73.93
"New Religion: Gods of Valyria, Current Religion: DrownedGod, Population: 150000, Control: 85, Own Province: True",73.73
"New Religion: Gods of Valyria, Current Religion: DrownedGod, Population: 150000, Control: 85, Own Province: False",74.63
"New Religion: Gods of Valyria, Current Religion: DrownedGod, Population: 150000, Control: 90, Own Province: True",61.06
"New Religion: Gods of Valyria, Current Religion: DrownedGod, Population: 150000, Control: 90, Own Province: False",74.32
"New Religion: Gods of Valyria, Current Religion: DrownedGod, Population: 150000, Control: 95, Own Province: True",47.71
"New Religion: Gods of Valyria, Current Religion: DrownedGod, Population: 150000, Control: 95, Own Province: False",73.89
"New Religion: Gods of Valyria, Current Religion: DrownedGod, Population: 150000, Control: 100, Own Province: True",34.52
"New Religion: Gods of Valyria, Current Religion: DrownedGod, Population: 150000, Control: 100, Own Province: False",74.26
"New Religion: Gods of Valyria, Current Religion: DrownedGod, Population: 200000, Control: 85, Own Province: True",74.44
"New Religion: Gods of Valyria, Current Religion: DrownedGod, Population: 200000, Control: 85, Own Province: False",73.9
"New Religion: Gods of Valyria, Current Religion: DrownedGod, Population: 200000, Control: 90, Own Province: True",73.57
"New Religion: Gods of Valyria, Current Religion: DrownedGod, Population: 200000, Control: 90, Own Province: False",73.74
"New Religion: Gods of Valyria, Current Religion: DrownedGod, Population: 200000, Control: 95, Own Province: True",61.3
"New Religion: Gods of Valyria, Current Religion: DrownedGod, Population: 200000, Control: 95, Own Province: False",74.56
"New Religion: Gods of Valyria, Current Religion: DrownedGod, Population: 200000, Control: 100, Own Province: True",48.78
"New Religion: Gods of Valyria, Current Religion: DrownedGod, Population: 200000, Control: 100, Own Province: False",75.31
"New Religion: Gods of Valyria, Current Religion: DrownedGod, Population: 250000, Control: 85, Own Province: True",73.75
"New Religion: Gods of Valyria, Current Religion: DrownedGod, Population: 250000, Control: 85, Own Province: False",74.06
"New Religion: Gods of Valyria, Current Religion: DrownedGod, Population: 250000, Control: 90, Own Province: True",74.62
"New Religion: Gods of Valyria, Current Religion: DrownedGod, Population: 250000, Control: 90, Own Province: False",74.33
"New Religion: Gods of Valyria, Current Religion: DrownedGod, Population: 250000, Control: 95, Own Province: True",74.99
"New Religion: Gods of Valyria, Current Religion: DrownedGod, Population: 250000, Control: 95, Own Province: False",73.86
"New Religion: Gods of Valyria, Current Religion: DrownedGod, Population: 250000, Control: 100, Own Province: True",60.69
"New Religion: Gods of Valyria, Current Religion: DrownedGod, Population: 250000, Control: 100, Own Province: False",74.4
"New Religion: Gods of Valyria, Current Religion: DrownedGod, Population: 300000, Control: 85, Own Province: True",73.75
"New Religion: Gods of Valyria, Current Religion: DrownedGod, Population: 300000, Control: 85, Own Province: False",73.78
"New Religion: Gods of Valyria, Current Religion: DrownedGod, Population: 300000, Control: 90, Own Province: True",73.37
"New Religion: Gods of Valyria, Current Religion: DrownedGod, Population: 300000, Control: 90, Own Province: False",74.18
"New Religion: Gods of Valyria, Current Religion: DrownedGod, Population: 300000, Control: 95, Own Province: True",74.06
"New Religion: Gods of Valyria, Current Religion: DrownedGod, Population: 300000, Control: 95, Own Province: False",74.54
"New Religion: Gods of Valyria, Current Religion: DrownedGod, Population: 300000, Control: 100, Own Province: True",74.68
"New Religion: Gods of Valyria, Current Religion: DrownedGod, Population: 300000, Control: 100, Own Province: False",74.24
"New Religion: Gods of Valyria, Current Religion: DrownedGodII, Population: 1000, Control: 85, Own Province: True",23.6
"New Religion: Gods of Valyria, Current Religion: DrownedGodII, Population: 1000, Control: 85, Own Province: False",23.55
"New Religion: Gods of Valyria, Current Religion: DrownedGodII, Population: 1000, Control: 90, Own Province: True",13.74
"New Religion: Gods of Valyria, Current Religion: DrownedGodII, Population: 1000, Control: 90, Own Province: False",34.31
"New Religion: Gods of Valyria, Current Religion: DrownedGodII, Population: 1000, Control: 95, Own Province: True",5.96
"New Religion: Gods of Valyria, Current Religion: DrownedGodII, Population: 1000, Control: 95, Own Province: False",48.36
"New Religion: Gods of Valyria, Current Religion: DrownedGodII, Population: 1000, Control: 100, Own Province: True",0.0
"New Religion: Gods of Valyria, Current Religion: DrownedGodII, Population: 1000, Control: 100, Own Province: False",61.49
"New Religion: Gods of Valyria, Current Religion: DrownedGodII, Population: 50000, Control: 85, Own Province: True",34.95
"New Religion: Gods of Valyria, Current Religion: DrownedGodII, Population: 50000, Control: 85, Own Province: False",34.29
"New Religion: Gods of Valyria, Current Religion: DrownedGodII, Population: 50000, Control: 90, Own Province: True",24.37
"New Religion: Gods of Valyria, Current Religion: DrownedGodII, Population: 50000, Control: 90, Own Province: False",48.29
"New Religion: Gods of Valyria, Current Religion: DrownedGodII, Population: 50000, Control: 95, Own Province: True",13.98
"New Religion: Gods of Valyria, Current Religion: DrownedGodII, Population: 50000, Control: 95, Own Province: False",61.09
"New Religion: Gods of Valyria, Current Religion: DrownedGodII, Population: 50000, Control: 100, Own Province: True",5.71
"New Religion: Gods of Valyria, Current Religion: DrownedGodII, Population: 50000, Control: 100, Own Province: False",74.6
"New Religion: Gods of Valyria, Current Religion: DrownedGodII, Population: 100000, Control: 85, Own Province: True",48.1
"New Religion: Gods of Valyria, Current Religion: DrownedGodII, Population: 100000, Control: 85, Own Province: False",47.44
"New Religion: Gods of Valyria, Current Religion: DrownedGodII, Population: 100000, Control: 90, Own Province: True",35.8
"New Religion: Gods of Valyria, Current Religion: DrownedGodII, Population: 100000, Control: 90, Own Province: False",62.65
"New Religion: Gods of Valyria, Current Religion: DrownedGodII, Population: 100000, Control: 95, Own Province: True",23.58
"New Religion: Gods of Valyria, Current Religion: DrownedGodII, Population: 100000, Control: 95, Own Province: False",74.52
"New Religion: Gods of Valyria, Current Religion: DrownedGodII, Population: 100000, Control: 100, Own Province: True",13.53
"New Religion: Gods of Valyria, Current Religion: DrownedGodII, Population: 100000, Control: 100, Own Province: False",74.23
"New Religion: Gods of Valyria, Current Religion: DrownedGodII, Population: 150000, Control: 85, Own Province: True",60.85
"New Religion: Gods of Valyria, Current Religion: DrownedGodII, Population: 150000, Control: 85, Own Province: False",61.24
"New Religion: Gods of Valyria, Current Religion: DrownedGodII, Population: 150000, Control: 90, Own Province: True",48.54
"New Religion: Gods of Valyria, Current Religion: DrownedGodII, Population: 150000, Control: 90, Own Province: False",74.98
"New Religion: Gods of Valyria, Current Religion: DrownedGodII, Population: 150000, Control: 95, Own Province: True",35.31
"New Religion: Gods of Valyria, Current Religion: DrownedGodII, Population: 150000, Control: 95, Own Province: False",74.07
"New Religion: Gods of Valyria, Current Religion: DrownedGodII, Population: 150000, Control: 100, Own Province: True",23.92
"New Religion: Gods of Valyria, Current Religion: DrownedGodII, Population: 150000, Control: 100, Own Province: False",73.83
"New Religion: Gods of Valyria, Current Religion: DrownedGodII, Population: 200000, Control: 85, Own Province: True",72.99
"New Religion: Gods of Valyria, Current Religion: DrownedGodII, Population: 200000, Control: 85, Own Province: False",73.7
"New Religion: Gods of Valyria, Current Religion: DrownedGodII, Population: 200000, Control: 90, Own Province: True",61.41
"New Religion: Gods of Valyria, Current Religion: DrownedGodII, Population: 200000, Control: 90, Own Province: False",73.71
"New Religion: Gods of Valyria, Current Religion: DrownedGodII, Population: 200000, Control: 95, Own Province: True",48.12
"New Religion: Gods of Valyria, Current Religion: DrownedGodII, Population: 200000, Control: 95, Own Province: False",74.4
"New Religion: Gods of Valyria, Current Religion: DrownedGodII, Population: 200000, Control: 100, Own Province: True",35.26
"New Religion: Gods of Valyria, Current Religion: DrownedGodII, Population: 200000, Control: 100, Own Province: False",74.82
"New Religion: Gods of Valyria, Current Religion: DrownedGodII, Population: 250000, Control: 85, Own Province: True",74.08
"New Religion: Gods of Valyria, Current Religion: DrownedGodII, Population: 250000, Control: 85, Own Province: False",74.45
"New Religion: Gods of Valyria, Current Religion: DrownedGodII, Population: 250000, Control: 90, Own Province: True",74.37
"New Religion: Gods of Valyria, Current Religion: DrownedGodII, Population: 250000, Control: 90, Own Province: False",74.72
"New Religion: Gods of Valyria, Current Religion: DrownedGodII, Population: 250000, Control: 95, Own Province: True",62.08
"New Religion: Gods of Valyria, Current Religion: DrownedGodII, Population: 250000, Control: 95, Own Province: False",74.42
"New Religion: Gods of Valyria, Current Religion: DrownedGodII, Population: 250000, Control: 100, Own Province: True",48.17
"New Religion: Gods of Valyria, Current Religion: DrownedGodII, Population: 250000, Control: 100, Own Province: False",74.13
"New Religion: Gods of Valyria, Current Religion: DrownedGodII, Population: 300000, Control: 85, Own Province: True",74.09
"New Religion: Gods of Valyria, Current Religion: DrownedGodII, Population: 300000, Control: 85, Own Province: False",73.81
"New Religion: Gods of Valyria, Current Religion: DrownedGodII, Population: 300000, Control: 90, Own Province: True",74.12
"New Religion: Gods of Valyria, Current Religion: DrownedGodII, Population: 300000, Control: 90, Own Province: False",73.8
"New Religion: Gods of Valyria, Current Religion: DrownedGodII, Population: 300000, Control: 95, Own Province: True",73.8
"New Religion: Gods of Valyria, Current Religion: DrownedGodII, Population: 300000, Control: 95, Own Province: False",74.71
"New Religion: Gods of Valyria, Current Religion: DrownedGodII, Population: 300000, Control: 100, Own Province: True",60.53
"New Religion: Gods of Valyria, Current Religion: DrownedGodII, Population: 300000, Control: 100, Own Province: False",73.98
"New Religion: Gods of Valyria, Current Religion: Mother Rhoyne, Population: 1000, Control: 85, Own Province: True",23.26
"New Religion: Gods of Valyria, Current Religion: Mother Rhoyne, Population: 1000, Control: 85, Own Province: False",23.43
"New Religion: Gods of Valyria, Current Religion: Mother Rhoyne, Population: 1000, Control: 90, Own Province: True",13.66
"New Religion: Gods of Valyria, Current Religion: Mother Rhoyne, Population: 1000, Control: 90, Own Province: False",36.03
"New Religion: Gods of Valyria, Current Religion: Mother Rhoyne, Population: 1000, Control: 95, Own Province: True",5.65
"New Religion: Gods of Valyria, Current Religion: Mother Rhoyne, Population: 1000, Control: 95, Own Province: False",48.22
"New Religion: Gods of Valyria, Current Religion: Mother Rhoyne, Population: 1000, Control: 100, Own Province: True",0.0
"New Religion: Gods of Valyria, Current Religion: Mother Rhoyne, Population: 1000, Control: 100, Own Province: False",61.73
"New Religion: Gods of Valyria, Current Religion: Mother Rhoyne, Population: 50000, Control: 85, Own Province: True",35.34
"New Religion: Gods of Valyria, Current Religion: Mother Rhoyne, Population: 50000, Control: 85, Own Province: False",35.43
"New Religion: Gods of Valyria, Current Religion: Mother Rhoyne, Population: 50000, Control: 90, Own Province: True",24.07
"New Religion: Gods of Valyria, Current Religion: Mother Rhoyne, Population: 50000, Control: 90, Own Province: False",47.4
"New Religion: Gods of Valyria, Current Religion: Mother Rhoyne, Population: 50000, Control: 95, Own Province: True",13.73
"New Religion: Gods of Valyria, Current Religion: Mother Rhoyne, Population: 50000, Control: 95, Own Province: False",60.97
"New Religion: Gods of Valyria, Current Religion: Mother Rhoyne, Population: 50000, Control: 100, Own Province: True",5.61
"New Religion: Gods of Valyria, Current Religion: Mother Rhoyne, Population: 50000, Control: 100, Own Province: False",74.1
"New Religion: Gods of Valyria, Current Religion: Mother Rhoyne, Population: 100000, Control: 85, Own Province: True",47.69
"New Religion: Gods of Valyria, Current Religion: Mother Rhoyne, Population: 100000, Control: 85, Own Province: False",48.48
"New Religion: Gods of Valyria, Current Religion: Mother Rhoyne, Population: 100000, Control: 90, Own Province: True",34.7
"New Religion: Gods of Valyria, Current Religion: Mother Rhoyne, Population: 100000, Control: 90, Own Province: False",61.12
"New Religion: Gods of Valyria, Current Religion: Mother Rhoyne, Population: 100000, Control: 95, Own Province: True",24.06
"New Religion: Gods of Valyria, Current Religion: Mother Rhoyne, Population: 100000, Control: 95, Own Province: False",73.82
"New Religion: Gods of Valyria, Current Religion: Mother Rhoyne, Population: 100000, Control: 100, Own Province: True",13.6
"New Religion: Gods of Valyria, Current Religion: Mother Rhoyne, Population: 100000, Control: 100, Own Province: False",74.36
"New Religion: Gods of Valyria, Current Religion: Mother Rhoyne, Population: 150000, Control: 85, Own Province: True",61.8
"New Religion: Gods of Valyria, Current Religion: Mother Rhoyne, Population: 150000, Control: 85, Own Province: False",61.7
"New Religion: Gods of Valyria, Current Religion: Mother Rhoyne, Population: 150000, Control: 90, Own Province: True",48.36
"New Religion: Gods of Valyria, Current Religion: Mother Rhoyne, Population: 150000, Control: 90, Own Province: False",74.23
"New Religion: Gods of Valyria, Current Religion: Mother Rhoyne, Population: 150000, Control: 95, Own Province: True",36.26
"New Religion: Gods of Valyria, Current Religion: Mother Rhoyne, Population: 150000, Control: 95, Own Province: False",74.31
"New Religion: Gods of Valyria, Current Religion: Mother Rhoyne, Population: 150000, Control: 100, Own Province: True",23.37
"New Religion: Gods of Valyria, Current Religion: Mother Rhoyne, Population: 150000, Control: 100, Own Province: False",73.54
"New Religion: Gods of Valyria, Current Religion: Mother Rhoyne, Population: 200000, Control: 85, Own Province: True",73.72
"New Religion: Gods of Valyria, Current Religion: Mother Rhoyne, Population: 200000, Control: 85, Own Province: False",73.91
"New Religion: Gods of Valyria, Current Religion: Mother Rhoyne, Population: 200000, Control: 90, Own Province: True",60.9
"New Religion: Gods of Valyria, Current Religion: Mother Rhoyne, Population: 200000, Control: 90, Own Province: False",74.41
"New Religion: Gods of Valyria, Current Religion: Mother Rhoyne, Population: 200000, Control: 95, Own Province: True",48.55
"New Religion: Gods of Valyria, Current Religion: Mother Rhoyne, Population: 200000, Control: 95, Own Province: False",74.37
"New Religion: Gods of Valyria, Current Religion: Mother Rhoyne, Population: 200000, Control: 100, Own Province: True",35.98
"New Religion: Gods of Valyria, Current Religion: Mother Rhoyne, Population: 200000, Control: 100, Own Province: False",74.25
"New Religion: Gods of Valyria, Current Religion: Mother Rhoyne, Population: 250000, Control: 85, Own Province: True",74.67
"New Religion: Gods of Valyria, Current Religion: Mother Rhoyne, Population: 250000, Control: 85, Own Province: False",74.42
"New Religion: Gods of Valyria, Current Religion: Mother Rhoyne, Population: 250000, Control: 90, Own Province: True",73.38
"New Religion: Gods of Valyria, Current Religion: Mother Rhoyne, Population: 250000, Control: 90, Own Province: False",73.86
"New Religion: Gods of Valyria, Current Religion: Mother Rhoyne, Population: 250000, Control: 95, Own Province: True",62.01
"New Religion: Gods of Valyria, Current Religion: Mother Rhoyne, Population: 250000, Control: 95, Own Province: False",74.98
"New Religion: Gods of Valyria, Current Religion: Mother Rhoyne, Population: 250000, Control: 100, Own Province: True",47.91
"New Religion: Gods of Valyria, Current Religion: Mother Rhoyne, Population: 250000, Control: 100, Own Province: False",74.28
"New Religion: Gods of Valyria, Current Religion: Mother Rhoyne, Population: 300000, Control: 85, Own Province: True",73.83
"New Religion: Gods of Valyria, Current Religion: Mother Rhoyne, Population: 300000, Control: 85, Own Province: False",74.76
"New Religion: Gods of Valyria, Current Religion: Mother Rhoyne, Population: 300000, Control: 90, Own Province: True",74.46
"New Religion: Gods of Valyria, Current Religion: Mother Rhoyne, Population: 300000, Control: 90, Own Province: False",74.46
"New Religion: Gods of Valyria, Current Religion: Mother Rhoyne, Population: 300000, Control: 95, Own Province: True",74.61
"New Religion: Gods of Valyria, Current Religion: Mother Rhoyne, Population: 300000, Control: 95, Own Province: False",73.29
"New Religion: Gods of Valyria, Current Religion: Mother Rhoyne, Population: 300000, Control: 100, Own Province: True",62.17
"New Religion: Gods of Valyria, Current Religion: Mother Rhoyne, Population: 300000, Control: 100, Own Province: False",73.98
"New Religion: Gods of Valyria, Current Religion: R'hllor, Population: 1000, Control: 85, Own Province: True",23.61
"New Religion: Gods of Valyria, Current Religion: R'hllor, Population: 1000, Control: 85, Own Province: False",24.12
"New Religion: Gods of Valyria, Current Religion: R'hllor, Population: 1000, Control: 90, Own Province: True",13.61
"New Religion: Gods of Valyria, Current Religion: R'hllor, Population: 1000, Control: 90, Own Province: False",35.72
"New Religion: Gods of Valyria, Current Religion: R'hllor, Population: 1000, Control: 95, Own Province: True",5.89
"New Religion: Gods of Valyria, Current Religion: R'hllor, Population: 1000, Control: 95, Own Province: False",48.02
"New Religion: Gods of Valyria, Current Religion: R'hllor, Population: 1000, Control: 100, Own Province: True",0.0
"New Religion: Gods of Valyria, Current Religion: R'hllor, Population: 1000, Control: 100, Own Province: False",60.81
"New Religion: Gods of Valyria, Current Religion: R'hllor, Population: 50000, Control: 85, Own Province: True",34.63
"New Religion: Gods of Valyria, Current Religion: R'hllor, Population: 50000, Control: 85, Own Province: False",35.43
"New Religion: Gods of Valyria, Current Religion: R'hllor, Population: 50000, Control: 90, Own Province: True",23.57
"New Religion: Gods of Valyria, Current Religion: R'hllor, Population: 50000, Control: 90, Own Province: False",47.62
"New Religion: Gods of Valyria, Current Religion: R'hllor, Population: 50000, Control: 95, Own Province: True",14.08
"New Religion: Gods of Valyria, Current Religion: R'hllor, Population: 50000, Control: 95, Own Province: False",61.52
"New Religion: Gods of Valyria, Current Religion: R'hllor, Population: 50000, Control: 100, Own Province: True",5.6
"New Religion: Gods of Valyria, Current Religion: R'hllor, Population: 50000, Control: 100, Own Province: False",73.55
"New Religion: Gods of Valyria, Current Religion: R'hllor, Population: 100000, Control: 85, Own Province: True",48.54
"New Religion: Gods of Valyria, Current Religion: R'hllor, Population: 100000, Control: 85, Own Province: False",48.27
"New Religion: Gods of Valyria, Current Religion: R'hllor, Population: 100000, Control: 90, Own Province: True",35.38
"New Religion: Gods of Valyria, Current Religion: R'hllor, Population: 100000, Control: 90, Own Province: False",61.84
"New Religion: Gods of Valyria, Current Religion: R'hllor, Population: 100000, Control: 95, Own Province: True",23.74
"New Religion: Gods of Valyria, Current Religion: R'hllor, Population: 100000, Control: 95, Own Province: False",73.57
"New Religion: Gods of Valyria, Current Religion: R'hllor, Population: 100000, Control: 100, Own Province: True",13.72
"New Religion: Gods of Valyria, Current Religion: R'hllor, Population: 100000, Control: 100, Own Province: False",74.0
"New Religion: Gods of Valyria, Current Religion: R'hllor, Population: 150000, Control: 85, Own Province: True",61.81
"New Religion: Gods of Valyria, Current Religion: R'hllor, Population: 150000, Control: 85, Own Province: False",62.08
"New Religion: Gods of Valyria, Current Religion: R'hllor, Population: 150000, Control: 90, Own Province: True",48.0
"New Religion: Gods of Valyria, Current Religion: R'hllor, Population: 150000, Control: 90, Own Province: False",73.68
"New Religion: Gods of Valyria, Current Religion: R'hllor, Population: 150000, Control: 95, Own Province: True",35.83
"New Religion: Gods of Valyria, Current Religion: R'hllor, Population: 150000, Control: 95, Own Province: False",74.05
"New Religion: Gods of Valyria, Current Religion: R'hllor, Population: 150000, Control: 100, Own Province: True",23.87
"New Religion: Gods of Valyria, Current Religion: R'hllor, Population: 150000, Control: 100, Own Province: False",74.47
"New Religion: Gods of Valyria, Current Religion: R'hllor, Population: 200000, Control: 85, Own Province: True",74.15
"New Religion: Gods of Valyria, Current Religion: R'hllor, Population: 200000, Control: 85, Own Province: False",74.33
"New Religion: Gods of Valyria, Current Religion: R'hllor, Population: 200000, Control: 90, Own Province: True",61.74
"New Religion: Gods of Valyria, Current Religion: R'hllor, Population: 200000, Control: 90, Own Province: False",74.62
"New Religion: Gods of Valyria, Current Religion: R'hllor, Population: 200000, Control: 95, Own Province: True",48.16
"New Religion: Gods of Valyria, Current Religion: R'hllor, Population: 200000, Control: 95, Own Province: False",73.86
"New Religion: Gods of Valyria, Current Religion: R'hllor, Population: 200000, Control: 100, Own Province: True",35.46
"New Religion: Gods of Valyria, Current Religion: R'hllor, Population: 200000, Control: 100, Own Province: False",75.27
"New Religion: Gods of Valyria, Current Religion: R'hllor, Population: 250000, Control: 85, Own Province: True",74.86
"New Religion: Gods of Valyria, Current Religion: R'hllor, Population: 250000, Control: 85, Own Province: False",74.58
"New Religion: Gods of Valyria, Current Religion: R'hllor, Population: 250000, Control: 90, Own Province: True",73.93
"New Religion: Gods of Valyria, Current Religion: R'hllor, Population: 250000, Control: 90, Own Province: False",74.92
"New Religion: Gods of Valyria, Current Religion: R'hllor, Population: 250000, Control: 95, Own Province: True",62.24
"New Religion: Gods of Valyria, Current Religion: R'hllor, Population: 250000, Control: 95, Own Province: False",73.95
"New Religion: Gods of Valyria, Current Religion: R'hllor, Population: 250000, Control: 100, Own Province: True",47.57
"New Religion: Gods of Valyria, Current Religion: R'hllor, Population: 250000, Control: 100, Own Province: False",74.58
"New Religion: Gods of Valyria, Current Religion: R'hllor, Population: 300000, Control: 85, Own Province: True",73.29
"New Religion: Gods of Valyria, Current Religion: R'hllor, Population: 300000, Control: 85, Own Province: False",75.6
"New Religion: Gods of Valyria, Current Religion: R'hllor, Population: 300000, Control: 90, Own Province: True",74.59
"New Religion: Gods of Valyria, Current Religion: R'hllor, Population: 300000, Control: 90, Own Province: False",73.71
"New Religion: Gods of Valyria, Current Religion: R'hllor, Population: 300000, Control: 95, Own Province: True",73.84
"New Religion: Gods of Valyria, Current Religion: R'hllor, Population: 300000, Control: 95, Own Province: False",74.5
"New Religion: Gods of Valyria, Current Religion: R'hllor, Population: 300000, Control: 100, Own Province: True",61.52
"New Religion: Gods of Valyria, Current Religion: R'hllor, Population: 300000, Control: 100, Own Province: False",74.22
"New Religion: R'hllor, Current Religion: Faith of the Seven, Population: 1000, Control: 85, Own Province: True",35.21
"New Religion: R'hllor, Current Religion: Faith of the Seven, Population: 1000, Control: 85, Own Province: False",34.98
"New Religion: R'hllor, Current Religion: Faith of the Seven, Population: 1000, Control: 90, Own Province: True",23.67
"New Religion: R'hllor, Current Religion: Faith of the Seven, Population: 1000, Control: 90, Own Province: False",48.24
"New Religion: R'hllor, Current Religion: Faith of the Seven, Population: 1000, Control: 95, Own Province: True",13.32
"New Religion: R'hllor, Current Religion: Faith of the Seven, Population: 1000, Control: 95, Own Province: False",61.21
"New Religion: R'hllor, Current Religion: Faith of the Seven, Population: 1000, Control: 100, Own Province: True",5.98
"New Religion: R'hllor, Current Religion: Faith of the Seven, Population: 1000, Control: 100, Own Province: False",74.2
"New Religion: R'hllor, Current Religion: Faith of the Seven, Population: 50000, Control: 85, Own Province: True",48.21
"New Religion: R'hllor, Current Religion: Faith of the Seven, Population: 50000, Control: 85, Own Province: False",47.92
"New Religion: R'hllor, Current Religion: Faith of the Seven, Population: 50000, Control: 90, Own Province: True",35.15
"New Religion: R'hllor, Current Religion: Faith of the Seven, Population: 50000, Control: 90, Own Province: False",60.79
"New Religion: R'hllor, Current Religion: Faith of the Seven, Population: 50000, Control: 95, Own Province: True",24.18
"New Religion: R'hllor, Current Religion: Faith of the Seven, Population: 50000, Control: 95, Own Province: False",74.55
"New Religion: R'hllor, Current Religion: Faith of the Seven, Population: 50000, Control: 100, Own Province: True",13.88
"New Religion: R'hllor, Current Religion: Faith of the Seven, Population: 50000, Control: 100, Own Province: False",74.2
"New Religion: R'hllor, Current Religion: Faith of the Seven, Population: 100000, Control: 85, Own Province: True",61.87
"New Religion: R'hllor, Current Religion: Faith of the Seven, Population: 100000, Control: 85, Own Province: False",61.23
"New Religion: R'hllor, Current Religion: Faith of the Seven, Population: 100000, Control: 90, Own Province: True",48.78
"New Religion: R'hllor, Current Religion: Faith of the Seven, Population: 100000, Control: 90, Own Province: False",74.0
"New Religion: R'hllor, Current Religion: Faith of the Seven, Population: 100000, Control: 95, Own Province: True",34.8
"New Religion: R'hllor, Current Religion: Faith of the Seven, Population: 100000, Control: 95, Own Province: False",74.27
"New Religion: R'hllor, Current Religion: Faith of the Seven, Population: 100000, Control: 100, Own Province: True",24.11
"New Religion: R'hllor, Current Religion: Faith of the Seven, Population: 100000, Control: 100, Own Province: False",74.47
"New Religion: R'hllor, Current Religion: Faith of the Seven, Population: 150000, Control: 85, Own Province: True",74.3
"New Religion: R'hllor, Current Religion: Faith of the Seven, Population: 150000, Control: 85, Own Province: False",74.84
"New Religion: R'hllor, Current Religion: Faith of the Seven, Population: 150000, Control: 90, Own Province: True",60.89
"New Religion: R'hllor, Current Religion: Faith of the Seven, Population: 150000, Control: 90, Own Province: False",74.58
"New Religion: R'hllor, Current Religion: Faith of the Seven, Population: 150000, Control: 95, Own Province: True",48.57
"New Religion: R'hllor, Current Religion: Faith of the Seven, Population: 150000, Control: 95, Own Province: False",74.14
"New Religion: R'hllor, Current Religion: Faith of the Seven, Population: 150000, Control: 100, Own Province: True",34.28
"New Religion: R'hllor, Current Religion: Faith of the Seven, Population: 150000, Control: 100, Own Province: False",73.88
"New Religion: R'hllor, Current Religion: Faith of the Seven, Population: 200000, Control: 85, Own Province: True",74.01
"New Religion: R'hllor, Current Religion: Faith of the Seven, Population: 200000, Control: 85, Own Province: False",74.67
"New Religion: R'hllor, Current Religion: Faith of the Seven, Population: 200000, Control: 90, Own Province: True",74.38
"New Religion: R'hllor, Current Religion: Faith of the Seven, Population: 200000, Control: 90, Own Province: False",74.68
"New Religion: R'hllor, Current Religion: Faith of the Seven, Population: 200000, Control: 95, Own Province: True",61.26
"New Religion: R'hllor, Current Religion: Faith of the Seven, Population: 200000, Control: 95, Own Province: False",74.25
"New Religion: R'hllor, Current Religion: Faith of the Seven, Population: 200000, Control: 100, Own Province: True",49.25
"New Religion: R'hllor, Current Religion: Faith of the Seven, Population: 200000, Control: 100, Own Province: False",75.0
"New Religion: R'hllor, Current Religion: Faith of the Seven, Population: 250000, Control: 85, Own Province: True",74.45
"New Religion: R'hllor, Current Religion: Faith of the Seven, Population: 250000, Control: 85, Own Province: False",73.03
"New Religion: R'hllor, Current Religion: Faith of the Seven, Population: 250000, Control: 90, Own Province: True",73.58
"New Religion: R'hllor, Current Religion: Faith of the Seven, Population: 250000, Control: 90, Own Province: False",74.0
"New Religion: R'hllor, Current Religion: Faith of the Seven, Population: 250000, Control: 95, Own Province: True",73.15
"New Religion: R'hllor, Current Religion: Faith of the Seven, Population: 250000, Control: 95, Own Province: False",74.69
"New Religion: R'hllor, Current Religion: Faith of the Seven, Population: 250000, Control: 100, Own Province: True",61.42
"New Religion: R'hllor, Current Religion: Faith of the Seven, Population: 250000, Control: 100, Own Province: False",75.06
"New Religion: R'hllor, Current Religion: Faith of the Seven, Population: 300000, Control: 85, Own Province: True",74.22
"New Religion: R'hllor, Current Religion: Faith of the Seven, Population: 300000, Control: 85, Own Province: False",74.12
"New Religion: R'hllor, Current Religion: Faith of the Seven, Population: 300000, Control: 90, Own Province: True",74.57
"New Religion: R'hllor, Current Religion: Faith of the Seven, Population: 300000, Control: 90, Own Province: False",74.45
"New Religion: R'hllor, Current Religion: Faith of the Seven, Population: 300000, Control: 95, Own Province: True",74.18
"New Religion: R'hllor, Current Religion: Faith of the Seven, Population: 300000, Control: 95, Own Province: False",74.38
"New Religion: R'hllor, Current Religion: Faith of the Seven, Population: 300000, Control: 100, Own Province: True",74.28
"New Religion: R'hllor, Current Religion: Faith of the Seven, Population: 300000, Control: 100, Own Province: False",73.86
"New Religion: R'hllor, Current Religion: Old Gods, Population: 1000, Control: 85, Own Province: True",24.25
"New Religion: R'hllor, Current Religion: Old Gods, Population: 1000, Control: 85, Own Province: False",24.51
"New Religion: R'hllor, Current Religion: Old Gods, Population: 1000, Control: 90, Own Province: True",14.18
"New Religion: R'hllor, Current Religion: Old Gods, Population: 1000, Control: 90, Own Province: False",35.29
"New Religion: R'hllor, Current Religion: Old Gods, Population: 1000, Control: 95, Own Province: True",5.72
"New Religion: R'hllor, Current Religion: Old Gods, Population: 1000, Control: 95, Own Province: False",47.99
"New Religion: R'hllor, Current Religion: Old Gods, Population: 1000, Control: 100, Own Province: True",0.0
"New Religion: R'hllor, Current Religion: Old Gods, Population: 1000, Control: 100, Own Province: False",61.37
"New Religion: R'hllor, Current Religion: Old Gods, Population: 50000, Control: 85, Own Province: True",35.26
"New Religion: R'hllor, Current Religion: Old Gods, Population: 50000, Control: 85, Own Province: False",35.51
"New Religion: R'hllor, Current Religion: Old Gods, Population: 50000, Control: 90, Own Province: True",23.72
"New Religion: R'hllor, Current Religion: Old Gods, Population: 50000, Control: 90, Own Province: False",47.61
"New Religion: R'hllor, Current Religion: Old Gods, Population: 50000, Control: 95, Own Province: True",13.42
"New Religion: R'hllor, Current Religion: Old Gods, Population: 50000, Control: 95, Own Province: False",60.53
"New Religion: R'hllor, Current Religion: Old Gods, Population: 50000, Control: 100, Own Province: True",5.81
"New Religion: R'hllor, Current Religion: Old Gods, Population: 50000, Control: 100, Own Province: False",73.45
"New Religion: R'hllor, Current Religion: Old Gods, Population: 100000, Control: 85, Own Province: True",47.77
"New Religion: R'hllor, Current Religion: Old Gods, Population: 100000, Control: 85, Own Province: False",48.5
"New Religion: R'hllor, Current Religion: Old Gods, Population: 100000, Control: 90, Own Province: True",36.09
"New Religion: R'hllor, Current Religion: Old Gods, Population: 100000, Control: 90, Own Province: False",61.29
"New Religion: R'hllor, Current Religion: Old Gods, Population: 100000, Control: 95, Own Province: True",23.12
"New Religion: R'hllor, Current Religion: Old Gods, Population: 100000, Control: 95, Own Province: False",74.48
"New Religion: R'hllor, Current Religion: Old Gods, Population: 100000, Control: 100, Own Province: True",13.74
"New Religion: R'hllor, Current Religion: Old Gods, Population: 100000, Control: 100, Own Province: False",73.68
"New Religion: R'hllor, Current Religion: Old Gods, Population: 150000, Control: 85, Own Province: True",61.29
"New Religion: R'hllor, Current Religion: Old Gods, Population: 150000, Control: 85, Own Province: False",60.9
"New Religion: R'hllor, Current Religion: Old Gods, Population: 150000, Control: 90, Own Province: True",48.73
"New Religion: R'hllor, Current Religion: Old Gods, Population: 150000, Control: 90, Own Province: False",74.17
"New Religion: R'hllor, Current Religion: Old Gods, Population: 150000, Control: 95, Own Province: True",34.32
"New Religion: R'hllor, Current Religion: Old Gods, Population: 150000, Control: 95, Own Province: False",74.71
"New Religion: R'hllor, Current Religion: Old Gods, Population: 150000, Control: 100, Own Province: True",23.92
"New Religion: R'hllor, Current Religion: Old Gods, Population: 150000, Control: 100, Own Province: False",73.35
"New Religion: R'hllor, Current Religion: Old Gods, Population: 200000, Control: 85, Own Province: True",74.41
"New Religion: R'hllor, Current Religion: Old Gods, Population: 200000, Control: 85, Own Province: False",74.43
"New Religion: R'hllor, Current Religion: Old Gods, Population: 200000, Control: 90, Own Province: True",62.39
"New Religion: R'hllor, Current Religion: Old Gods, Population: 200000, Control: 90, Own Province: False",73.25
"New Religion: R'hllor, Current Religion: Old Gods, Population: 200000, Control: 95, Own Province: True",47.71
"New Religion: R'hllor, Current Religion: Old Gods, Population: 200000, Control: 95, Own Province: False",73.98
"New Religion: R'hllor, Current Religion: Old Gods, Population: 200000, Control: 100, Own Province: True",34.69
"New Religion: R'hllor, Current Religion: Old Gods, Population: 200000, Control: 100, Own Province: False",74.68
"New Religion: R'hllor, Current Religion: Old Gods, Population: 250000, Control: 85, Own Province: True",73.88
"New Religion: R'hllor, Current Religion: Old Gods, Population: 250000, Control: 85, Own Province: False",73.19
"New Religion: R'hllor, Current Religion: Old Gods, Population: 250000, Control: 90, Own Province: True",73.66
"New Religion: R'hllor, Current Religion: Old Gods, Population: 250000, Control: 90, Own Province: False",74.32
"New Religion: R'hllor, Current Religion: Old Gods, Population: 250000, Control: 95, Own Province: True",61.59
"New Religion: R'hllor, Current Religion: Old Gods, Population: 250000, Control: 95, Own Province: False",74.28
"New Religion: R'hllor, Current Religion: Old Gods, Population: 250000, Control: 100, Own Province: True",48.37
"New Religion: R'hllor, Current Religion: Old Gods, Population: 250000, Control: 100, Own Province: False",74.26
"New Religion: R'hllor, Current Religion: Old Gods, Population: 300000, Control: 85, Own Province: True",74.48
"New Religion: R'hllor, Current Religion: Old Gods, Population: 300000, Control: 85, Own Province: False",73.87
"New Religion: R'hllor, Current Religion: Old Gods, Population: 300000, Control: 90, Own Province: True",74.53
"New Religion: R'hllor, Current Religion: Old Gods, Population: 300000, Control: 90, Own Province: False",73.82
"New Religion: R'hllor, Current Religion: Old Gods, Population: 300000, Control: 95, Own Province: True",74.76
"New Religion: R'hllor, Current Religion: Old Gods, Population: 300000, Control: 95, Own Province: False",74.82
"New Religion: R'hllor, Current Religion: Old Gods, Population: 300000, Control: 100, Own Province: True",61.04
"New Religion: R'hllor, Current Religion: Old Gods, Population: 300000, Control: 100, Own Province: False",73.61
"New Religion: R'hllor, Current Religion: Skagosi Old Gods, Population: 1000, Control: 85, Own Province: True",36.57
"New Religion: R'hllor, Current Religion: Skagosi Old Gods, Population: 1000, Control: 85, Own Province: False",35.2
"New Religion: R'hllor, Current Religion: Skagosi Old Gods, Population: 1000, Control: 90, Own Province: True",24.04
"New Religion: R'hllor, Current Religion: Skagosi Old Gods, Population: 1000, Control: 90, Own Province: False",48.32
"New Religion: R'hllor, Current Religion: Skagosi Old Gods, Population: 1000, Control: 95, Own Province: True",13.78
"New Religion: R'hllor, Current Religion: Skagosi Old Gods, Population: 1000, Control: 95, Own Province: False",60.68
"New Religion: R'hllor, Current Religion: Skagosi Old Gods, Population: 1000, Control: 100, Own Province: True",5.66
"New Religion: R'hllor, Current Religion: Skagosi Old Gods, Population: 1000, Control: 100, Own Province: False",73.89
"New Religion: R'hllor, Current Religion: Skagosi Old Gods, Population: 50000, Control: 85, Own Province: True",48.07
"New Religion: R'hllor, Current Religion: Skagosi Old Gods, Population: 50000, Control: 85, Own Province: False",48.68
"New Religion: R'hllor, Current Religion: Skagosi Old Gods, Population: 50000, Control: 90, Own Province: True",34.01
"New Religion: R'hllor, Current Religion: Skagosi Old Gods, Population: 50000, Control: 90, Own Province: False",61.14
"New Religion: R'hllor, Current Religion: Skagosi Old Gods, Population: 50000, Control: 95, Own Province: True",23.9
"New Religion: R'hllor, Current Religion: Skagosi Old Gods, Population: 50000, Control: 95, Own Province: False",73.16
"New Religion: R'hllor, Current Religion: Skagosi Old Gods, Population: 50000, Control: 100, Own Province: True",14.1
"New Religion: R'hllor, Current Religion: Skagosi Old Gods, Population: 50000, Control: 100, Own Province: False",74.23
"New Religion: R'hllor, Current Religion: Skagosi Old Gods, Population: 100000, Control: 85, Own Province: True",61.29
"New Religion: R'hllor, Current Religion: Skagosi Old Gods, Population: 100000, Control: 85, Own Province: False",60.84
"New Religion: R'hllor, Current Religion: Skagosi Old Gods, Population: 100000, Control: 90, Own Province: True",49.23
"New Religion: R'hllor, Current Religion: Skagosi Old Gods, Population: 100000, Control: 90, Own Province: False",74.83
"New Religion: R'hllor, Current Religion: Skagosi Old Gods, Population: 100000, Control: 95, Own Province: True",35.08
"New Religion: R'hllor, Current Religion: Skagosi Old Gods, Population: 100000, Control: 95, Own Province: False",73.83
"New Religion: R'hllor, Current Religion: Skagosi Old Gods, Population: 100000, Control: 100, Own Province: True",24.4
"New Religion: R'hllor, Current Religion: Skagosi Old Gods, Population: 100000, Control: 100, Own Province: False",73.93
"New Religion: R'hllor, Current Religion: Skagosi Old Gods, Population: 150000, Control: 85, Own Province: True",74.72
"New Religion: R'hllor, Current Religion: Skagosi Old Gods, Population: 150000, Control: 85, Own Province: False",74.22
"New Religion: R'hllor, Current Religion: Skagosi Old Gods, Population: 150000, Control: 90, Own Province: True",61.19
"New Religion: R'hllor, Current Religion: Skagosi Old Gods, Population: 150000, Control: 90, Own Province: False",74.2
"New Religion: R'hllor, Current Religion: Skagosi Old Gods, Population: 150000, Control: 95, Own Province: True",47.99
"New Religion: R'hllor, Current Religion: Skagosi Old Gods, Population: 150000, Control: 95, Own Province: False",74.31
"New Religion: R'hllor, Current Religion: Skagosi Old Gods, Population: 150000, Control: 100, Own Province: True",35.63
"New Religion: R'hllor, Current Religion: Skagosi Old Gods, Population: 150000, Control: 100, Own Province: False",74.25
"New Religion: R'hllor, Current Religion: Skagosi Old Gods, Population: 200000, Control: 85, Own Province: True",74.38
"New Religion: R'hllor, Current Religion: Skagosi Old Gods, Population: 200000, Control: 85, Own Province: False",74.99
"New Religion: R'hllor, Current Religion: Skagosi Old Gods, Population: 200000, Control: 90, Own Province: True",74.31
"New Religion: R'hllor, Current Religion: Skagosi Old Gods, Population: 200000, Control: 90, Own Province: False",73.38
"New Religion: R'hllor, Current Religion: Skagosi Old Gods, Population: 200000, Control: 95, Own Province: True",61.98
"New Religion: R'hllor, Current Religion: Skagosi Old Gods, Population: 200000, Control: 95, Own Province: False",74.3
"New Religion: R'hllor, Current Religion: Skagosi Old Gods, Population: 200000, Control: 100, Own Province: True",49.45
"New Religion: R'hllor, Current Religion: Skagosi Old Gods, Population: 200000, Control: 100, Own Province: False",74.93
"New Religion: R'hllor, Current Religion: Skagosi Old Gods, Population: 250000, Control: 85, Own Province: True",74.98
"New Religion: R'hllor, Current Religion: Skagosi Old Gods, Population: 250000, Control: 85, Own Province: False",73.72
"New Religion: R'hllor, Current Religion: Skagosi Old Gods, Population: 250000, Control: 90, Own Province: True",74.01
"New Religion: R'hllor, Current Religion: Skagosi Old Gods, Population: 250000, Control: 90, Own Province: False",74.32
"New Religion: R'hllor, Current Religion: Skagosi Old Gods, Population: 250000, Control: 95, Own Province: True",73.84
"New Religion: R'hllor, Current Religion: Skagosi Old Gods, Population: 250000, Control: 95, Own Province: False",74.85
"New Religion: R'hllor, Current Religion: Skagosi Old Gods, Population: 250000, Control: 100, Own Province: True",60.68
"New Religion: R'hllor, Current Religion: Skagosi Old Gods, Population: 250000, Control: 100, Own Province: False",74.33
"New Religion: R'hllor, Current Religion: Skagosi Old Gods, Population: 300000, Control: 85, Own Province: True",74.44
"New Religion: R'hllor, Current Religion: Skagosi Old Gods, Population: 300000, Control: 85, Own Province: False",74.05
"New Religion: R'hllor, Current Religion: Skagosi Old Gods, Population: 300000, Control: 90, Own Province: True",74.39
"New Religion: R'hllor, Current Religion: Skagosi Old Gods, Population: 300000, Control: 90, Own Province: False",74.55
"New Religion: R'hllor, Current Religion: Skagosi Old Gods, Population: 300000, Control: 95, Own Province: True",74.68
"New Religion: R'hllor, Current Religion: Skagosi Old Gods, Population: 300000, Control: 95, Own Province: False",74.01
"New Religion: R'hllor, Current Religion: Skagosi Old Gods, Population: 300000, Control: 100, Own Province: True",74.21
"New Religion: R'hllor, Current Religion: Skagosi Old Gods, Population: 300000, Control: 100, Own Province: False",74.75
"New Religion: R'hllor, Current Religion: DrownedGod, Population: 1000, Control: 85, Own Province: True",48.18
"New Religion: R'hllor, Current Religion: DrownedGod, Population: 1000, Control: 85, Own Province: False",47.12
"New Religion: R'hllor, Current Religion: DrownedGod, Population: 1000, Control: 90, Own Province: True",34.82
"New Religion: R'hllor, Current Religion: DrownedGod, Population: 1000, Control: 90, Own Province: False",61.33
"New Religion: R'hllor, Current Religion: DrownedGod, Population: 1000, Control: 95, Own Province: True",23.78
"New Religion: R'hllor, Current Religion: DrownedGod, Population: 1000, Control: 95, Own Province: False",73.99
"New Religion: R'hllor, Current Religion: DrownedGod, Population: 1000, Control: 100, Own Province: True",13.43
"New Religion: R'hllor, Current Religion: DrownedGod, Population: 1000, Control: 100, Own Province: False",73.72
"New Religion: R'hllor, Current Religion: DrownedGod, Population: 50000, Control: 85, Own Province: True",61.39
"New Religion: R'hllor, Current Religion: DrownedGod, Population: 50000, Control: 85, Own Province: False",61.34
"New Religion: R'hllor, Current Religion: DrownedGod, Population: 50000, Control: 90, Own Province: True",49.46
"New Religion: R'hllor, Current Religion: DrownedGod, Population: 50000, Control: 90, Own Province: False",74.96
"New Religion: R'hllor, Current Religion: DrownedGod, Population: 50000, Control: 95, Own Province: True",34.97
"New Religion: R'hllor, Current Religion: DrownedGod, Population: 50000, Control: 95, Own Province: False",74.61
"New Religion: R'hllor, Current Religion: DrownedGod, Population: 50000, Control: 100, Own Province: True",23.42
"New Religion: R'hllor, Current Religion: DrownedGod, Population: 50000, Control: 100, Own Province: False",74.38
"New Religion: R'hllor, Current Religion: DrownedGod, Population: 100000, Control: 85, Own Province: True",74.19
"New Religion: R'hllor, Current Religion: DrownedGod, Population: 100000, Control: 85, Own Province: False",74.25
"New Religion: R'hllor, Current Religion: DrownedGod, Population: 100000, Control: 90, Own Province: True",61.16
"New Religion: R'hllor, Current Religion: DrownedGod, Population: 100000, Control: 90, Own Province: False",74.46
"New Religion: R'hllor, Current Religion: DrownedGod, Population: 100000, Control: 95, Own Province: True",47.83
"New Religion: R'hllor, Current Religion: DrownedGod, Population: 100000, Control: 95, Own Province: False",73.72
"New Religion: R'hllor, Current Religion: DrownedGod, Population: 100000, Control: 100, Own Province: True",35.59
"New Religion: R'hllor, Current Religion: DrownedGod, Population: 100000, Control: 100, Own Province: False",74.5
"New Religion: R'hllor, Current Religion: DrownedGod, Population: 150000, Control: 85, Own Province: True",74.84
"New Religion: R'hllor, Current Religion: DrownedGod, Population: 150000, Control: 85, Own Province: False",74.83
"New Religion: R'hllor, Current Religion: DrownedGod, Population: 150000, Control: 90, Own Province: True",74.89
"New Religion: R'hllor, Current Religion: DrownedGod, Population: 150000, Control: 90, Own Province: False",73.25
"New Religion: R'hllor, Current Religion: DrownedGod, Population: 150000, Control: 95, Own Province: True",61.03
"New Religion: R'hllor, Current Religion: DrownedGod, Population: 150000, Control: 95, Own Province: False",73.67
"New Religion: R'hllor, Current Religion: DrownedGod, Population: 150000, Control: 100, Own Province: True",48.1
"New Religion: R'hllor, Current Religion: DrownedGod, Population: 150000, Control: 100, Own Province: False",73.99
"New Religion: R'hllor, Current Religion: DrownedGod, Population: 200000, Control: 85, Own Province: True",73.96
"New Religion: R'hllor, Current Religion: DrownedGod, Population: 200000, Control: 85, Own Province: False",73.63
"New Religion: R'hllor, Current Religion: DrownedGod, Population: 200000, Control: 90, Own Province: True",73.22
"New Religion: R'hllor, Current Religion: DrownedGod, Population: 200000, Control: 90, Own Province: False",74.06
"New Religion: R'hllor, Current Religion: DrownedGod, Population: 200000, Control: 95, Own Province: True",74.12
"New Religion: R'hllor, Current Religion: DrownedGod, Population: 200000, Control: 95, Own Province: False",74.13
"New Religion: R'hllor, Current Religion: DrownedGod, Population: 200000, Control: 100, Own Province: True",61.49
"New Religion: R'hllor, Current Religion: DrownedGod, Population: 200000, Control: 100, Own Province: False",74.46
"New Religion: R'hllor, Current Religion: DrownedGod, Population: 250000, Control: 85, Own Province: True",74.61
"New Religion: R'hllor, Current Religion: DrownedGod, Population: 250000, Control: 85, Own Province: False",74.54
"New Religion: R'hllor, Current Religion: DrownedGod, Population: 250000, Control: 90, Own Province: True",73.38
"New Religion: R'hllor, Current Religion: DrownedGod, Population: 250000, Control: 90, Own Province: False",73.68
"New Religion: R'hllor, Current Religion: DrownedGod, Population: 250000, Control: 95, Own Province: True",74.69
"New Religion: R'hllor, Current Religion: DrownedGod, Population: 250000, Control: 95, Own Province: False",74.73
"New Religion: R'hllor, Current Religion: DrownedGod, Population: 250000, Control: 100, Own Province: True",73.91
"New Religion: R'hllor, Current Religion: DrownedGod, Population: 250000, Control: 100, Own Province: False",73.81
"New Religion: R'hllor, Current Religion: DrownedGod, Population: 300000, Control: 85, Own Province: True",74.13
"New Religion: R'hllor, Current Religion: DrownedGod, Population: 300000, Control: 85, Own Province: False",73.01
"New Religion: R'hllor, Current Religion: DrownedGod, Population: 300000, Control: 90, Own Province: True",73.86
"New Religion: R'hllor, Current Religion: DrownedGod, Population: 300000, Control: 90, Own Province: False",75.01
"New Religion: R'hllor, Current Religion: DrownedGod, Population: 300000, Control: 95, Own Province: True",74.98
"New Religion: R'hllor, Current Religion: DrownedGod, Population: 300000, Control: 95, Own Province: False",74.42
"New Religion: R'hllor, Current Religion: DrownedGod, Population: 300000, Control: 100, Own Province: True",74.5
"New Religion: R'hllor, Current Religion: DrownedGod, Population: 300000, Control: 100, Own Province: False",74.14
"New Religion: R'hllor, Current Religion: DrownedGodII, Population: 1000, Control: 85, Own Province: True",35.35
"New Religion: R'hllor, Current Religion: DrownedGodII, Population: 1000, Control: 85, Own Province: False",35.33
"New Religion: R'hllor, Current Religion: DrownedGodII, Population: 1000, Control: 90, Own Province: True",23.4
"New Religion: R'hllor, Current Religion: DrownedGodII, Population: 1000, Control: 90, Own Province: False",47.72
"New Religion: R'hllor, Current Religion: DrownedGodII, Population: 1000, Control: 95, Own Province: True",13.96
"New Religion: R'hllor, Current Religion: DrownedGodII, Population: 1000, Control: 95, Own Province: False",61.23
"New Religion: R'hllor, Current Religion: DrownedGodII, Population: 1000, Control: 100, Own Province: True",5.9
"New Religion: R'hllor, Current Religion: DrownedGodII, Population: 1000, Control: 100, Own Province: False",73.67
"New Religion: R'hllor, Current Religion: DrownedGodII, Population: 50000, Control: 85, Own Province: True",49.01
"New Religion: R'hllor, Current Religion: DrownedGodII, Population: 50000, Control: 85, Own Province: False",48.28
"New Religion: R'hllor, Current Religion: DrownedGodII, Population: 50000, Control: 90, Own Province: True",35.45
"New Religion: R'hllor, Current Religion: DrownedGodII, Population: 50000, Control: 90, Own Province: False",60.5
"New Religion: R'hllor, Current Religion: DrownedGodII, Population: 50000, Control: 95, Own Province: True",24.96
"New Religion: R'hllor, Current Religion: DrownedGodII, Population: 50000, Control: 95, Own Province: False",73.63
"New Religion: R'hllor, Current Religion: DrownedGodII, Population: 50000, Control: 100, Own Province: True",13.79
"New Religion: R'hllor, Current Religion: DrownedGodII, Population: 50000, Control: 100, Own Province: False",74.11
"New Religion: R'hllor, Current Religion: DrownedGodII, Population: 100000, Control: 85, Own Province: True",62.15
"New Religion: R'hllor, Current Religion: DrownedGodII, Population: 100000, Control: 85, Own Province: False",60.92
"New Religion: R'hllor, Current Religion: DrownedGodII, Population: 100000, Control: 90, Own Province: True",47.5
"New Religion: R'hllor, Current Religion: DrownedGodII, Population: 100000, Control: 90, Own Province: False",74.31
"New Religion: R'hllor, Current Religion: DrownedGodII, Population: 100000, Control: 95, Own Province: True",35.6
"New Religion: R'hllor, Current Religion: DrownedGodII, Population: 100000, Control: 95, Own Province: False",74.18
"New Religion: R'hllor, Current Religion: DrownedGodII, Population: 100000, Control: 100, Own Province: True",23.8
"New Religion: R'hllor, Current Religion: DrownedGodII, Population: 100000, Control: 100, Own Province: False",74.26
"New Religion: R'hllor, Current Religion: DrownedGodII, Population: 150000, Control: 85, Own Province: True",74.41
"New Religion: R'hllor, Current Religion: DrownedGodII, Population: 150000, Control: 85, Own Province: False",74.0
"New Religion: R'hllor, Current Religion: DrownedGodII, Population: 150000, Control: 90, Own Province: True",62.53
"New Religion: R'hllor, Current Religion: DrownedGodII, Population: 150000, Control: 90, Own Province: False",74.28
"New Religion: R'hllor, Current Religion: DrownedGodII, Population: 150000, Control: 95, Own Province: True",48.09
"New Religion: R'hllor, Current Religion: DrownedGodII, Population: 150000, Control: 95, Own Province: False",74.37
"New Religion: R'hllor, Current Religion: DrownedGodII, Population: 150000, Control: 100, Own Province: True",35.39
"New Religion: R'hllor, Current Religion: DrownedGodII, Population: 150000, Control: 100, Own Province: False",74.45
"New Religion: R'hllor, Current Religion: DrownedGodII, Population: 200000, Control: 85, Own Province: True",74.43
"New Religion: R'hllor, Current Religion: DrownedGodII, Population: 200000, Control: 85, Own Province: False",74.35
"New Religion: R'hllor, Current Religion: DrownedGodII, Population: 200000, Control: 90, Own Province: True",74.28
"New Religion: R'hllor, Current Religion: DrownedGodII, Population: 200000, Control: 90, Own Province: False",74.35
"New Religion: R'hllor, Current Religion: DrownedGodII, Population: 200000, Control: 95, Own Province: True",61.94
"New Religion: R'hllor, Current Religion: DrownedGodII, Population: 200000, Control: 95, Own Province: False",73.98
"New Religion: R'hllor, Current Religion: DrownedGodII, Population: 200000, Control: 100, Own Province: True",47.53
"New Religion: R'hllor, Current Religion: DrownedGodII, Population: 200000, Control: 100, Own Province: False",74.44
"New Religion: R'hllor, Current Religion: DrownedGodII, Population: 250000, Control: 85, Own Province: True",74.08
"New Religion: R'hllor, Current Religion: DrownedGodII, Population: 250000, Control: 85, Own Province: False",74.26
"New Religion: R'hllor, Current Religion: DrownedGodII, Population: 250000, Control: 90, Own Province: True",73.92
"New Religion: R'hllor, Current Religion: DrownedGodII, Population: 250000, Control: 90, Own Province: False",74.24
"New Religion: R'hllor, Current Religion: DrownedGodII, Population: 250000, Control: 95, Own Province: True",73.88
"New Religion: R'hllor, Current Religion: DrownedGodII, Population: 250000, Control: 95, Own Province: False",74.28
"New Religion: R'hllor, Current Religion: DrownedGodII, Population: 250000, Control: 100, Own Province: True",61.85
"New Religion: R'hllor, Current Religion: DrownedGodII, Population: 250000, Control: 100, Own Province: False",74.54
"New Religion: R'hllor, Current Religion: DrownedGodII, Population: 300000, Control: 85, Own Province: True",74.38
"New Religion: R'hllor, Current Religion: DrownedGodII, Population: 300000, Control: 85, Own Province: False",74.65
"New Religion: R'hllor, Current Religion: DrownedGodII, Population: 300000, Control: 90, Own Province: True",74.44
"New Religion: R'hllor, Current Religion: DrownedGodII, Population: 300000, Control: 90, Own Province: False",74.36
"New Religion: R'hllor, Current Religion: DrownedGodII, Population: 300000, Control: 95, Own Province: True",74.37
"New Religion: R'hllor, Current Religion: DrownedGodII, Population: 300000, Control: 95, Own Province: False",74.41
"New Religion: R'hllor, Current Religion: DrownedGodII, Population: 300000, Control: 100, Own Province: True",73.88
"New Religion: R'hllor, Current Religion: DrownedGodII, Population: 300000, Control: 100, Own Province: False",74.06
"New Religion: R'hllor, Current Religion: Mother Rhoyne, Population: 1000, Control: 85, Own Province: True",35.2
"New Religion: R'hllor, Current Religion: Mother Rhoyne, Population: 1000, Control: 85, Own Province: False",35.13
"New Religion: R'hllor, Current Religion: Mother Rhoyne, Population: 1000, Control: 90, Own Province: True",23.79
"New Religion: R'hllor, Current Religion: Mother Rhoyne, Population: 1000, Control: 90, Own Province: False",49.05
"New Religion: R'hllor, Current Religion: Mother Rhoyne, Population: 1000, Control: 95, Own Province: True",14.11
"New Religion: R'hllor, Current Religion: Mother Rhoyne, Population: 1000, Control: 95, Own Province: False",61.18
"New Religion: R'hllor, Current Religion: Mother Rhoyne, Population: 1000, Control: 100, Own Province: True",5.8
"New Religion: R'hllor, Current Religion: Mother Rhoyne, Population: 1000, Control: 100, Own Province: False",73.48
"New Religion: R'hllor, Current Religion: Mother Rhoyne, Population: 50000, Control: 85, Own Province: True",48.02
"New Religion: R'hllor, Current Religion: Mother Rhoyne, Population: 50000, Control: 85, Own Province: False",47.08
"New Religion: R'hllor, Current Religion: Mother Rhoyne, Population: 50000, Control: 90, Own Province: True",35.18
"New Religion: R'hllor, Current Religion: Mother Rhoyne, Population: 50000, Control: 90, Own Province: False",61.74
"New Religion: R'hllor, Current Religion: Mother Rhoyne, Population: 50000, Control: 95, Own Province: True",24.34
"New Religion: R'hllor, Current Religion: Mother Rhoyne, Population: 50000, Control: 95, Own Province: False",73.76
"New Religion: R'hllor, Current Religion: Mother Rhoyne, Population: 50000, Control: 100, Own Province: True",13.31
"New Religion: R'hllor, Current Religion: Mother Rhoyne, Population: 50000, Control: 100, Own Province: False",74.62
"New Religion: R'hllor, Current Religion: Mother Rhoyne, Population: 100000, Control: 85, Own Province: True",61.71
"New Religion: R'hllor, Current Religion: Mother Rhoyne, Population: 100000, Control: 85, Own Province: False",61.19
"New Religion: R'hllor, Current Religion: Mother Rhoyne, Population: 100000, Control: 90, Own Province: True",47.84
"New Religion: R'hllor, Current Religion: Mother Rhoyne, Population: 100000, Control: 90, Own Province: False",73.63
"New Religion: R'hllor, Current Religion: Mother Rhoyne, Population: 100000, Control: 95, Own Province: True",35.89
"New Religion: R'hllor, Current Religion: Mother Rhoyne, Population: 100000, Control: 95, Own Province: False",73.49
"New Religion: R'hllor, Current Religion: Mother Rhoyne, Population: 100000, Control: 100, Own Province: True",24.46
"New Religion: R'hllor, Current Religion: Mother Rhoyne, Population: 100000, Control: 100, Own Province: False",73.53
"New Religion: R'hllor, Current Religion: Mother Rhoyne, Population: 150000, Control: 85, Own Province: True",73.91
"New Religion: R'hllor, Current Religion: Mother Rhoyne, Population: 150000, Control: 85, Own Province: False",74.5
"New Religion: R'hllor, Current Religion: Mother Rhoyne, Population: 150000, Control: 90, Own Province: True",61.04
"New Religion: R'hllor, Current Religion: Mother Rhoyne, Population: 150000, Control: 90, Own Province: False",73.99
"New Religion: R'hllor, Current Religion: Mother Rhoyne, Population: 150000, Control: 95, Own Province: True",49.02
"New Religion: R'hllor, Current Religion: Mother Rhoyne, Population: 150000, Control: 95, Own Province: False",74.25
"New Religion: R'hllor, Current Religion: Mother Rhoyne, Population: 150000, Control: 100, Own Province: True",35.37
"New Religion: R'hllor, Current Religion: Mother Rhoyne, Population: 150000, Control: 100, Own Province: False",73.97
"New Religion: R'hllor, Current Religion: Mother Rhoyne, Population: 200000, Control: 85, Own Province: True",73.16
"New Religion: R'hllor, Current Religion: Mother Rhoyne, Population: 200000, Control: 85, Own Province: False",73.79
"New Religion: R'hllor, Current Religion: Mother Rhoyne, Population: 200000, Control: 90, Own Province: True",74.41
"New Religion: R'hllor, Current Religion: Mother Rhoyne, Population: 200000, Control: 90, Own Province: False",74.09
"New Religion: R'hllor, Current Religion: Mother Rhoyne, Population: 200000, Control: 95, Own Province: True",61.22
"New Religion: R'hllor, Current Religion: Mother Rhoyne, Population: 200000, Control: 95, Own Province: False",73.98
"New Religion: R'hllor, Current Religion: Mother Rhoyne, Population: 200000, Control: 100, Own Province: True",47.82
"New Religion: R'hllor, Current Religion: Mother Rhoyne, Population: 200000, Control: 100, Own Province: False",74.48
"New Religion: R'hllor, Current Religion: Mother Rhoyne, Population: 250000, Control: 85, Own Province: True",74.93
"New Religion: R'hllor, Current Religion: Mother Rhoyne, Population: 250000, Control: 85, Own Province: False",74.38
"New Religion: R'hllor, Current Religion: Mother Rhoyne, Population: 250000, Control: 90, Own Province: True",74.12
"New Religion: R'hllor, Current Religion: Mother Rhoyne, Population: 250000, Control: 90, Own Province: False",73.88
"New Religion: R'hllor, Current Religion: Mother Rhoyne, Population: 250000, Control: 95, Own Province: True",74.06
"New Religion: R'hllor, Current Religion: Mother Rhoyne, Population: 250000, Control: 95, Own Province: False",74.8
"New Religion: R'hllor, Current Religion: Mother Rhoyne, Population: 250000, Control: 100, Own Province: True",62.09
"New Religion: R'hllor, Current Religion: Mother Rhoyne, Population: 250000, Control: 100, Own Province: False",73.28
"New Religion: R'hllor, Current Religion: Mother Rhoyne, Population: 300000, Control: 85, Own Province: True",74.41
"New Religion: R'hllor, Current Religion: Mother Rhoyne, Population: 300000, Control: 85, Own Province: False",74.19
"New Religion: R'hllor, Current Religion: Mother Rhoyne, Population: 300000, Control: 90, Own Province: True",74.4
"New Religion: R'hllor, Current Religion: Mother Rhoyne, Population: 300000, Control: 90, Own Province: False",73.7
"New Religion: R'hllor, Current Religion: Mother Rhoyne, Population: 300000, Control: 95, Own Province: True",73.95
"New Religion: R'hllor, Current Religion: Mother Rhoyne, Population: 300000, Control: 95, Own Province: False",74.57
"New Religion: R'hllor, Current Religion: Mother Rhoyne, Population: 300000, Control: 100, Own Province: True",73.97
"New Religion: R'hllor, Current Religion: Mother Rhoyne, Population: 300000, Control: 100, Own Province: False",73.69
"New Religion: R'hllor, Current Religion: Gods of Valyria, Population: 1000, Control: 85, Own Province: True",34.84
"New Religion: R'hllor, Current Religion: Gods of Valyria, Population: 1000, Control: 85, Own Province: False",35.28
"New Religion: R'hllor, Current Religion: Gods of Valyria, Population: 1000, Control: 90, Own Province: True",24.5
"New Religion: R'hllor, Current Religion: Gods of Valyria, Population: 1000, Control: 90, Own Province: False",48.15
"New Religion: R'hllor, Current Religion: Gods of Valyria, Population: 1000, Control: 95, Own Province: True",14.14
"New Religion: R'hllor, Current Religion: Gods of Valyria, Population: 1000, Control: 95, Own Province: False",61.49
"New Religion: R'hllor, Current Religion: Gods of Valyria, Population: 1000, Control: 100, Own Province: True",5.8
"New Religion: R'hllor, Current Religion: Gods of Valyria, Population: 1000, Control: 100, Own Province: False",73.76
"New Religion: R'hllor, Current Religion: Gods of Valyria, Population: 50000, Control: 85, Own Province: True",47.85
"New Religion: R'hllor, Current Religion: Gods of Valyria, Population: 50000, Control: 85, Own Province: False",47.49
"New Religion: R'hllor, Current Religion: Gods of Valyria, Population: 50000, Control: 90, Own Province: True",35.19
"New Religion: R'hllor, Current Religion: Gods of Valyria, Population: 50000, Control: 90, Own Province: False",60.32
"New Religion: R'hllor, Current Religion: Gods of Valyria, Population: 50000, Control: 95, Own Province: True",24.18
"New Religion: R'hllor, Current Religion: Gods of Valyria, Population: 50000, Control: 95, Own Province: False",73.95
"New Religion: R'hllor, Current Religion: Gods of Valyria, Population: 50000, Control: 100, Own Province: True",14.45
"New Religion: R'hllor, Current Religion: Gods of Valyria, Population: 50000, Control: 100, Own Province: False",74.55
"New Religion: R'hllor, Current Religion: Gods of Valyria, Population: 100000, Control: 85, Own Province: True",61.41
"New Religion: R'hllor, Current Religion: Gods of Valyria, Population: 100000, Control: 85, Own Province: False",61.12
"New Religion: R'hllor, Current Religion: Gods of Valyria, Population: 100000, Control: 90, Own Province: True",47.66
"New Religion: R'hllor, Current Religion: Gods of Valyria, Population: 100000, Control: 90, Own Province: False",74.19
"New Religion: R'hllor, Current Religion: Gods of Valyria, Population: 100000, Control: 95, Own Province: True",35.23
"New Religion: R'hllor, Current Religion: Gods of Valyria, Population: 100000, Control: 95, Own Province: False",74.7
"New Religion: R'hllor, Current Religion: Gods of Valyria, Population: 100000, Control: 100, Own Province: True",23.54
"New Religion: R'hllor, Current Religion: Gods of Valyria, Population: 100000, Control: 100, Own Province: False",74.83
"New Religion: R'hllor, Current Religion: Gods of Valyria, Population: 150000, Control: 85, Own Province: True",74.05
"New Religion: R'hllor, Current Religion: Gods of Valyria, Population: 150000, Control: 85, Own Province: False",73.95
"New Religion: R'hllor, Current Religion: Gods of Valyria, Population: 150000, Control: 90, Own Province: True",61.54
"New Religion: R'hllor, Current Religion: Gods of Valyria, Population: 150000, Control: 90, Own Province: False",73.95
"New Religion: R'hllor, Current Religion: Gods of Valyria, Population: 150000, Control: 95, Own Province: True",47.05
"New Religion: R'hllor, Current Religion: Gods of Valyria, Population: 150000, Control: 95, Own Province: False",74.8
"New Religion: R'hllor, Current Religion: Gods of Valyria, Population: 150000, Control: 100, Own Province: True",35.33
"New Religion: R'hllor, Current Religion: Gods of Valyria, Population: 150000, Control: 100, Own Province: False",73.24
"New Religion: R'hllor, Current Religion: Gods of Valyria, Population: 200000, Control: 85, Own Province: True",73.91
"New Religion: R'hllor, Current Religion: Gods of Valyria, Population: 200000, Control: 85, Own Province: False",73.99
"New Religion: R'hllor, Current Religion: Gods of Valyria, Population: 200000, Control: 90, Own Province: True",74.25
"New Religion: R'hllor, Current Religion: Gods of Valyria, Population: 200000, Control: 90, Own Province: False",73.7
"New Religion: R'hllor, Current Religion: Gods of Valyria, Population: 200000, Control: 95, Own Province: True",61.61
"New Religion: R'hllor, Current Religion: Gods of Valyria, Population: 200000, Control: 95, Own Province: False",73.65
"New Religion: R'hllor, Current Religion: Gods of Valyria, Population: 200000, Control: 100, Own Province: True",48.09
"New Religion: R'hllor, Current Religion: Gods of Valyria, Population: 200000, Control: 100, Own Province: False",74.65
"New Religion: R'hllor, Current Religion: Gods of Valyria, Population: 250000, Control: 85, Own Province: True",74.68
"New Religion: R'hllor, Current Religion: Gods of Valyria, Population: 250000, Control: 85, Own Province: False",73.98
"New Religion: R'hllor, Current Religion: Gods of Valyria, Population: 250000, Control: 90, Own Province: True",73.31
"New Religion: R'hllor, Current Religion: Gods of Valyria, Population: 250000, Control: 90, Own Province: False",74.74
"New Religion: R'hllor, Current Religion: Gods of Valyria, Population: 250000, Control: 95, Own Province: True",73.52
"New Religion: R'hllor, Current Religion: Gods of Valyria, Population: 250000, Control: 95, Own Province: False",74.45
"New Religion: R'hllor, Current Religion: Gods of Valyria, Population: 250000, Control: 100, Own Province: True",62.36
"New Religion: R'hllor, Current Religion: Gods of Valyria, Population: 250000, Control: 100, Own Province: False",74.52
"New Religion: R'hllor, Current Religion: Gods of Valyria, Population: 300000, Control: 85, Own Province: True",74.41
"New Religion: R'hllor, Current Religion: Gods of Valyria, Population: 300000, Control: 85, Own Province: False",74.42
"New Religion: R'hllor, Current Religion: Gods of Valyria, Population: 300000, Control: 90, Own Province: True",74.05
"New Religion: R'hllor, Current Religion: Gods of Valyria, Population: 300000, Control: 90, Own Province: False",74.0
"New Religion: R'hllor, Current Religion: Gods of Valyria, Population: 300000, Control: 95, Own Province: True",74.06
"New Religion: R'hllor, Current Religion: Gods of Valyria, Population: 300000, Control: 95, Own Province: False",73.46
"New Religion: R'hllor, Current Religion: Gods of Valyria, Population: 300000, Control: 100, Own Province: True",74.51
"New Religion: R'hllor, Current Religion: Gods of Valyria, Population: 300000, Control: 100, Own Province: False",74.12
