,10 CV // 80 RT,10 CV // 70 RT,10 CV // 60 RT,10 CV // 50 RT,10 CV // 40 RT,10 CV // 30 RT,10 CV // 20 RT,10 CV // 10 RT,10 CV // 0 RT,15 CV // 80 RT,15 CV // 70 RT,15 CV // 60 RT,15 CV // 50 RT,15 CV // 40 RT,15 CV // 30 RT,15 CV // 20 RT,15 CV // 10 RT,15 CV // 0 RT,20 CV // 80 RT,20 CV // 70 RT,20 CV // 60 RT,20 CV // 50 RT,20 CV // 40 RT,20 CV // 30 RT,20 CV // 20 RT,20 CV // 10 RT,20 CV // 0 RT,25 CV // 80 RT,25 CV // 70 RT,25 CV // 60 RT,25 CV // 50 RT,25 CV // 40 RT,25 CV // 30 RT,25 CV // 20 RT,25 CV // 10 RT,25 CV // 0 RT,30 CV // 80 RT,30 CV // 70 RT,30 CV // 60 RT,30 CV // 50 RT,30 CV // 40 RT,30 CV // 30 RT,30 CV // 20 RT,30 CV // 10 RT,30 CV // 0 RT,35 CV // 80 RT,35 CV // 70 RT,35 CV // 60 RT,35 CV // 50 RT,35 CV // 40 RT,35 CV // 30 RT,35 CV // 20 RT,35 CV // 10 RT,35 CV // 0 RT,40 CV // 80 RT,40 CV // 70 RT,40 CV // 60 RT,40 CV // 50 RT,40 CV // 40 RT,40 CV // 30 RT,40 CV // 20 RT,40 CV // 10 RT,40 CV // 0 RT,45 CV // 80 RT,45 CV // 70 RT,45 CV // 60 RT,45 CV // 50 RT,45 CV // 40 RT,45 CV // 30 RT,45 CV // 20 RT,45 CV // 10 RT,45 CV // 0 RT,50 CV // 80 RT,50 CV // 70 RT,50 CV // 60 RT,50 CV // 50 RT,50 CV // 40 RT,50 CV // 30 RT,50 CV // 20 RT,50 CV // 10 RT,50 CV // 0 RT,55 CV // 80 RT,55 CV // 70 RT,55 CV // 60 RT,55 CV // 50 RT,55 CV // 40 RT,55 CV // 30 RT,55 CV // 20 RT,55 CV // 10 RT,55 CV // 0 RT,60 CV // 80 RT,60 CV // 70 RT,60 CV // 60 RT,60 CV // 50 RT,60 CV // 40 RT,60 CV // 30 RT,60 CV // 20 RT,60 CV // 10 RT,60 CV // 0 RT,65 CV // 80 RT,65 CV // 70 RT,65 CV // 60 RT,65 CV // 50 RT,65 CV // 40 RT,65 CV // 30 RT,65 CV // 20 RT,65 CV // 10 RT,65 CV // 0 RT,70 CV // 80 RT,70 CV // 70 RT,70 CV // 60 RT,70 CV // 50 RT,70 CV // 40 RT,70 CV // 30 RT,70 CV // 20 RT,70 CV // 10 RT,70 CV // 0 RT,75 CV // 80 RT,75 CV // 70 RT,75 CV // 60 RT,75 CV // 50 RT,75 CV // 40 RT,75 CV // 30 RT,75 CV // 20 RT,75 CV // 10 RT,75 CV // 0 RT,80 CV // 80 RT,80 CV // 70 RT,80 CV // 60 RT,80 CV // 50 RT,80 CV // 40 RT,80 CV // 30 RT,80 CV // 20 RT,80 CV // 10 RT,80 CV // 0 RT,85 CV // 80 RT,85 CV // 70 RT,85 CV // 60 RT,85 CV // 50 RT,85 CV // 40 RT,85 CV // 30 RT,85 CV // 20 RT,85 CV // 10 RT,85 CV // 0 RT,90 CV // 80 RT,90 CV // 70 RT,90 CV // 60 RT,90 CV // 50 RT,90 CV // 40 RT,90 CV // 30 RT,90 CV // 20 RT,90 CV // 10 RT,90 CV // 0 RT,95 CV // 80 RT,95 CV // 70 RT,95 CV // 60 RT,95 CV // 50 RT,95 CV // 40 RT,95 CV // 30 RT,95 CV // 20 RT,95 CV // 10 RT,95 CV // 0 RT,100 CV // 80 RT,100 CV // 70 RT,100 CV // 60 RT,100 CV // 50 RT,100 CV // 40 RT,100 CV // 30 RT,100 CV // 20 RT,100 CV // 10 RT,100 CV // 0 RT,105 CV // 80 RT,105 CV // 70 RT,105 CV // 60 RT,105 CV // 50 RT,105 CV // 40 RT,105 CV // 30 RT,105 CV // 20 RT,105 CV // 10 RT,105 CV // 0 RT,110 CV // 80 RT,110 CV // 70 RT,110 CV // 60 RT,110 CV // 50 RT,110 CV // 40 RT,110 CV // 30 RT,110 CV // 20 RT,110 CV // 10 RT,110 CV // 0 RT,115 CV // 80 RT,115 CV // 70 RT,115 CV // 60 RT,115 CV // 50 RT,115 CV // 40 RT,115 CV // 30 RT,115 CV // 20 RT,115 CV // 10 RT,115 CV // 0 RT,120 CV // 80 RT,120 CV // 70 RT,120 CV // 60 RT,120 CV // 50 RT,120 CV // 40 RT,120 CV // 30 RT,120 CV // 20 RT,120 CV // 10 RT,120 CV // 0 RT,125 CV // 80 RT,125 CV // 70 RT,125 CV // 60 RT,125 CV // 50 RT,125 CV // 40 RT,125 CV // 30 RT,125 CV // 20 RT,125 CV // 10 RT,125 CV // 0 RT,130 CV // 80 RT,130 CV // 70 RT,130 CV // 60 RT,130 CV // 50 RT,130 CV // 40 RT,130 CV // 30 RT,130 CV // 20 RT,130 CV // 10 RT,130 CV // 0 RT
10 CV // 80 RT,5% Casualties,6% Casualties,7% Casualties,7% Casualties,8% Casualties,8% Casualties,9% Casualties,9% Casualties,9% Casualties,6% Casualties,6% Casualties,7% Casualties,8% Casualties,8% Casualties,9% Casualties,9% Casualties,9% Casualties,9% Casualties,6% Casualties,6% Casualties,7% Casualties,8% Casualties,8% Casualties,8% Casualties,9% Casualties,9% Casualties,9% Casualties,6% Casualties,7% Casualties,7% Casualties,8% Casualties,8% Casualties,9% Casualties,9% Casualties,9% Casualties,9% Casualties,6% Casualties,7% Casualties,7% Casualties,8% Casualties,8% Casualties,9% Casualties,9% Casualties,9% Casualties,9% Casualties,6% Casualties,7% Casualties,7% Casualties,8% Casualties,8% Casualties,9% Casualties,9% Casualties,9% Casualties,9% Casualties,6% Casualties,7% Casualties,8% Casualties,8% Casualties,8% Casualties,9% Casualties,9% Casualties,9% Casualties,9% Casualties,6% Casualties,7% Casualties,8% Casualties,8% Casualties,8% Casualties,9% Casualties,9% Casualties,9% Casualties,9% Casualties,7% Casualties,7% Casualties,8% Casualties,8% Casualties,8% Casualties,9% Casualties,9% Casualties,9% Casualties,9% Casualties,7% Casualties,7% Casualties,8% Casualties,8% Casualties,8% Casualties,9% Casualties,9% Casualties,9% Casualties,9% Casualties,7% Casualties,7% Casualties,8% Casualties,8% Casualties,9% Casualties,9% Casualties,9% Casualties,9% Casualties,9% Casualties,7% Casualties,7% Casualties,8% Casualties,8% Casualties,8% Casualties,9% Casualties,9% Casualties,9% Casualties,9% Casualties,7% Casualties,7% Casualties,8% Casualties,8% Casualties,8% Casualties,9% Casualties,9% Casualties,9% Casualties,9% Casualties,7% Casualties,8% Casualties,8% Casualties,8% Casualties,8% Casualties,9% Casualties,9% Casualties,9% Casualties,9% Casualties,7% Casualties,8% Casualties,8% Casualties,8% Casualties,8% Casualties,9% Casualties,9% Casualties,9% Casualties,9% Casualties,7% Casualties,8% Casualties,8% Casualties,8% Casualties,8% Casualties,9% Casualties,8% Casualties,8% Casualties,9% Casualties,7% Casualties,8% Casualties,8% Casualties,8% Casualties,8% Casualties,8% Casualties,8% Casualties,8% Casualties,9% Casualties,7% Casualties,8% Casualties,8% Casualties,8% Casualties,8% Casualties,8% Casualties,8% Casualties,8% Casualties,8% Casualties,7% Casualties,8% Casualties,8% Casualties,8% Casualties,8% Casualties,8% Casualties,8% Casualties,8% Casualties,9% Casualties,6% Casualties,6% Casualties,6% Casualties,6% Casualties,6% Casualties,6% Casualties,6% Casualties,6% Casualties,6% Casualties,6% Casualties,6% Casualties,6% Casualties,6% Casualties,6% Casualties,6% Casualties,6% Casualties,6% Casualties,6% Casualties,6% Casualties,6% Casualties,6% Casualties,6% Casualties,6% Casualties,6% Casualties,6% Casualties,6% Casualties,6% Casualties,6% Casualties,6% Casualties,6% Casualties,6% Casualties,6% Casualties,6% Casualties,6% Casualties,6% Casualties,6% Casualties,6% Casualties,6% Casualties,6% Casualties,6% Casualties,6% Casualties,6% Casualties,6% Casualties,6% Casualties,6% Casualties,6% Casualties,6% Casualties,6% Casualties,6% Casualties,6% Casualties,6% Casualties,6% Casualties,6% Casualties,6% Casualties
10 CV // 70 RT,6% Casualties,6% Casualties,7% Casualties,8% Casualties,9% Casualties,9% Casualties,10% Casualties,10% Casualties,10% Casualties,6% Casualties,7% Casualties,8% Casualties,8% Casualties,9% Casualties,9% Casualties,10% Casualties,10% Casualties,10% Casualties,6% Casualties,7% Casualties,8% Casualties,8% Casualties,9% Casualties,9% Casualties,10% Casualties,10% Casualties,10% Casualties,6% Casualties,7% Casualties,8% Casualties,9% Casualties,9% Casualties,10% Casualties,10% Casualties,10% Casualties,10% Casualties,6% Casualties,7% Casualties,8% Casualties,9% Casualties,9% Casualties,10% Casualties,10% Casualties,10% Casualties,10% Casualties,7% Casualties,7% Casualties,8% Casualties,9% Casualties,9% Casualties,10% Casualties,10% Casualties,10% Casualties,10% Casualties,7% Casualties,8% Casualties,8% Casualties,9% Casualties,9% Casualties,10% Casualties,10% Casualties,10% Casualties,10% Casualties,7% Casualties,8% Casualties,8% Casualties,9% Casualties,9% Casualties,10% Casualties,10% Casualties,10% Casualties,10% Casualties,7% Casualties,8% Casualties,8% Casualties,9% Casualties,9% Casualties,10% Casualties,10% Casualties,10% Casualties,10% Casualties,7% Casualties,8% Casualties,9% Casualties,9% Casualties,9% Casualties,10% Casualties,10% Casualties,10% Casualties,10% Casualties,7% Casualties,8% Casualties,9% Casualties,9% Casualties,9% Casualties,10% Casualties,10% Casualties,10% Casualties,10% Casualties,7% Casualties,8% Casualties,9% Casualties,9% Casualties,10% Casualties,10% Casualties,10% Casualties,10% Casualties,10% Casualties,7% Casualties,8% Casualties,9% Casualties,9% Casualties,9% Casualties,10% Casualties,10% Casualties,10% Casualties,10% Casualties,8% Casualties,8% Casualties,9% Casualties,9% Casualties,9% Casualties,10% Casualties,10% Casualties,10% Casualties,10% Casualties,8% Casualties,8% Casualties,9% Casualties,9% Casualties,10% Casualties,10% Casualties,10% Casualties,10% Casualties,10% Casualties,8% Casualties,8% Casualties,9% Casualties,9% Casualties,9% Casualties,10% Casualties,9% Casualties,10% Casualties,10% Casualties,8% Casualties,9% Casualties,9% Casualties,9% Casualties,9% Casualties,10% Casualties,10% Casualties,10% Casualties,10% Casualties,8% Casualties,9% Casualties,9% Casualties,9% Casualties,9% Casualties,9% Casualties,10% Casualties,9% Casualties,10% Casualties,8% Casualties,9% Casualties,9% Casualties,9% Casualties,9% Casualties,9% Casualties,9% Casualties,10% Casualties,9% Casualties,6% Casualties,7% Casualties,7% Casualties,7% Casualties,7% Casualties,7% Casualties,7% Casualties,7% Casualties,7% Casualties,6% Casualties,7% Casualties,7% Casualties,7% Casualties,7% Casualties,7% Casualties,7% Casualties,7% Casualties,7% Casualties,6% Casualties,7% Casualties,7% Casualties,7% Casualties,7% Casualties,7% Casualties,7% Casualties,7% Casualties,7% Casualties,7% Casualties,7% Casualties,7% Casualties,7% Casualties,7% Casualties,7% Casualties,7% Casualties,7% Casualties,7% Casualties,6% Casualties,7% Casualties,7% Casualties,7% Casualties,7% Casualties,7% Casualties,7% Casualties,7% Casualties,7% Casualties,7% Casualties,7% Casualties,7% Casualties,7% Casualties,7% Casualties,7% Casualties,7% Casualties,7% Casualties,7% Casualties
10 CV // 60 RT,6% Casualties,7% Casualties,8% Casualties,9% Casualties,9% Casualties,10% Casualties,11% Casualties,11% Casualties,12% Casualties,6% Casualties,7% Casualties,8% Casualties,9% Casualties,10% Casualties,10% Casualties,11% Casualties,11% Casualties,12% Casualties,6% Casualties,7% Casualties,8% Casualties,9% Casualties,10% Casualties,10% Casualties,11% Casualties,11% Casualties,12% Casualties,7% Casualties,8% Casualties,8% Casualties,9% Casualties,10% Casualties,11% Casualties,11% Casualties,11% Casualties,12% Casualties,7% Casualties,8% Casualties,9% Casualties,9% Casualties,10% Casualties,11% Casualties,11% Casualties,12% Casualties,12% Casualties,7% Casualties,8% Casualties,9% Casualties,10% Casualties,10% Casualties,11% Casualties,11% Casualties,12% Casualties,12% Casualties,7% Casualties,8% Casualties,9% Casualties,10% Casualties,10% Casualties,11% Casualties,11% Casualties,12% Casualties,12% Casualties,7% Casualties,8% Casualties,9% Casualties,10% Casualties,11% Casualties,11% Casualties,11% Casualties,11% Casualties,12% Casualties,8% Casualties,8% Casualties,9% Casualties,10% Casualties,11% Casualties,11% Casualties,11% Casualties,12% Casualties,12% Casualties,8% Casualties,9% Casualties,10% Casualties,10% Casualties,11% Casualties,11% Casualties,11% Casualties,11% Casualties,11% Casualties,8% Casualties,9% Casualties,10% Casualties,10% Casualties,11% Casualties,11% Casualties,11% Casualties,11% Casualties,12% Casualties,8% Casualties,9% Casualties,10% Casualties,11% Casualties,11% Casualties,11% Casualties,11% Casualties,11% Casualties,12% Casualties,8% Casualties,9% Casualties,10% Casualties,10% Casualties,11% Casualties,11% Casualties,11% Casualties,11% Casualties,11% Casualties,9% Casualties,9% Casualties,10% Casualties,11% Casualties,11% Casualties,11% Casualties,11% Casualties,11% Casualties,11% Casualties,9% Casualties,10% Casualties,10% Casualties,11% Casualties,11% Casualties,11% Casualties,11% Casualties,11% Casualties,11% Casualties,9% Casualties,10% Casualties,10% Casualties,11% Casualties,11% Casualties,11% Casualties,11% Casualties,11% Casualties,11% Casualties,9% Casualties,10% Casualties,10% Casualties,11% Casualties,11% Casualties,11% Casualties,11% Casualties,11% Casualties,11% Casualties,9% Casualties,10% Casualties,10% Casualties,11% Casualties,11% Casualties,11% Casualties,11% Casualties,11% Casualties,11% Casualties,9% Casualties,10% Casualties,10% Casualties,11% Casualties,11% Casualties,11% Casualties,11% Casualties,11% Casualties,11% Casualties,8% Casualties,8% Casualties,9% Casualties,9% Casualties,9% Casualties,9% Casualties,9% Casualties,9% Casualties,9% Casualties,8% Casualties,8% Casualties,9% Casualties,9% Casualties,9% Casualties,9% Casualties,9% Casualties,9% Casualties,9% Casualties,8% Casualties,8% Casualties,9% Casualties,9% Casualties,9% Casualties,9% Casualties,9% Casualties,9% Casualties,9% Casualties,8% Casualties,8% Casualties,9% Casualties,9% Casualties,9% Casualties,9% Casualties,9% Casualties,9% Casualties,9% Casualties,8% Casualties,8% Casualties,9% Casualties,9% Casualties,9% Casualties,9% Casualties,9% Casualties,9% Casualties,9% Casualties,8% Casualties,8% Casualties,9% Casualties,9% Casualties,9% Casualties,9% Casualties,9% Casualties,9% Casualties,9% Casualties
10 CV // 50 RT,6% Casualties,7% Casualties,8% Casualties,9% Casualties,10% Casualties,11% Casualties,12% Casualties,12% Casualties,13% Casualties,7% Casualties,8% Casualties,9% Casualties,10% Casualties,11% Casualties,12% Casualties,12% Casualties,13% Casualties,13% Casualties,7% Casualties,8% Casualties,9% Casualties,10% Casualties,11% Casualties,12% Casualties,12% Casualties,13% Casualties,13% Casualties,7% Casualties,8% Casualties,9% Casualties,10% Casualties,11% Casualties,12% Casualties,13% Casualties,13% Casualties,13% Casualties,7% Casualties,8% Casualties,10% Casualties,11% Casualties,11% Casualties,12% Casualties,13% Casualties,13% Casualties,14% Casualties,8% Casualties,9% Casualties,10% Casualties,11% Casualties,12% Casualties,12% Casualties,13% Casualties,13% Casualties,14% Casualties,8% Casualties,9% Casualties,10% Casualties,11% Casualties,12% Casualties,13% Casualties,13% Casualties,13% Casualties,14% Casualties,8% Casualties,9% Casualties,10% Casualties,11% Casualties,12% Casualties,13% Casualties,13% Casualties,13% Casualties,14% Casualties,8% Casualties,10% Casualties,11% Casualties,12% Casualties,12% Casualties,13% Casualties,13% Casualties,13% Casualties,14% Casualties,9% Casualties,10% Casualties,11% Casualties,12% Casualties,12% Casualties,13% Casualties,13% Casualties,13% Casualties,14% Casualties,9% Casualties,10% Casualties,11% Casualties,12% Casualties,13% Casualties,13% Casualties,13% Casualties,13% Casualties,14% Casualties,9% Casualties,10% Casualties,11% Casualties,12% Casualties,13% Casualties,13% Casualties,13% Casualties,14% Casualties,14% Casualties,10% Casualties,11% Casualties,12% Casualties,12% Casualties,13% Casualties,13% Casualties,13% Casualties,13% Casualties,14% Casualties,10% Casualties,11% Casualties,12% Casualties,12% Casualties,13% Casualties,13% Casualties,13% Casualties,14% Casualties,14% Casualties,10% Casualties,11% Casualties,12% Casualties,13% Casualties,13% Casualties,13% Casualties,13% Casualties,14% Casualties,13% Casualties,10% Casualties,11% Casualties,12% Casualties,13% Casualties,13% Casualties,13% Casualties,13% Casualties,14% Casualties,13% Casualties,10% Casualties,12% Casualties,12% Casualties,13% Casualties,13% Casualties,13% Casualties,13% Casualties,13% Casualties,13% Casualties,11% Casualties,12% Casualties,12% Casualties,13% Casualties,13% Casualties,13% Casualties,13% Casualties,13% Casualties,13% Casualties,11% Casualties,12% Casualties,13% Casualties,13% Casualties,13% Casualties,13% Casualties,13% Casualties,13% Casualties,13% Casualties,10% Casualties,10% Casualties,11% Casualties,11% Casualties,11% Casualties,11% Casualties,11% Casualties,12% Casualties,12% Casualties,10% Casualties,10% Casualties,11% Casualties,11% Casualties,11% Casualties,11% Casualties,12% Casualties,11% Casualties,11% Casualties,10% Casualties,11% Casualties,11% Casualties,11% Casualties,11% Casualties,11% Casualties,12% Casualties,11% Casualties,11% Casualties,10% Casualties,11% Casualties,11% Casualties,11% Casualties,11% Casualties,11% Casualties,11% Casualties,11% Casualties,11% Casualties,10% Casualties,11% Casualties,11% Casualties,11% Casualties,11% Casualties,12% Casualties,11% Casualties,11% Casualties,11% Casualties,10% Casualties,11% Casualties,11% Casualties,11% Casualties,11% Casualties,11% Casualties,11% Casualties,11% Casualties,11% Casualties
10 CV // 40 RT,7% Casualties,8% Casualties,9% Casualties,10% Casualties,11% Casualties,12% Casualties,13% Casualties,14% Casualties,15% Casualties,7% Casualties,8% Casualties,10% Casualties,11% Casualties,12% Casualties,13% Casualties,14% Casualties,15% Casualties,15% Casualties,7% Casualties,9% Casualties,10% Casualties,11% Casualties,12% Casualties,13% Casualties,14% Casualties,15% Casualties,15% Casualties,7% Casualties,9% Casualties,10% Casualties,12% Casualties,13% Casualties,14% Casualties,14% Casualties,15% Casualties,16% Casualties,8% Casualties,9% Casualties,11% Casualties,12% Casualties,13% Casualties,14% Casualties,15% Casualties,15% Casualties,16% Casualties,9% Casualties,10% Casualties,12% Casualties,13% Casualties,14% Casualties,15% Casualties,15% Casualties,16% Casualties,16% Casualties,9% Casualties,11% Casualties,12% Casualties,13% Casualties,14% Casualties,15% Casualties,15% Casualties,16% Casualties,16% Casualties,9% Casualties,11% Casualties,12% Casualties,13% Casualties,14% Casualties,15% Casualties,15% Casualties,16% Casualties,16% Casualties,10% Casualties,11% Casualties,12% Casualties,14% Casualties,14% Casualties,15% Casualties,16% Casualties,16% Casualties,16% Casualties,10% Casualties,12% Casualties,13% Casualties,14% Casualties,15% Casualties,16% Casualties,16% Casualties,16% Casualties,17% Casualties,11% Casualties,12% Casualties,13% Casualties,15% Casualties,15% Casualties,16% Casualties,16% Casualties,17% Casualties,17% Casualties,11% Casualties,12% Casualties,14% Casualties,14% Casualties,15% Casualties,16% Casualties,16% Casualties,17% Casualties,17% Casualties,11% Casualties,13% Casualties,14% Casualties,15% Casualties,15% Casualties,16% Casualties,16% Casualties,17% Casualties,17% Casualties,12% Casualties,13% Casualties,14% Casualties,15% Casualties,16% Casualties,16% Casualties,17% Casualties,17% Casualties,17% Casualties,12% Casualties,14% Casualties,14% Casualties,15% Casualties,16% Casualties,16% Casualties,16% Casualties,17% Casualties,17% Casualties,12% Casualties,14% Casualties,15% Casualties,15% Casualties,16% Casualties,16% Casualties,17% Casualties,17% Casualties,17% Casualties,13% Casualties,14% Casualties,15% Casualties,16% Casualties,16% Casualties,17% Casualties,17% Casualties,17% Casualties,17% Casualties,13% Casualties,15% Casualties,16% Casualties,16% Casualties,16% Casualties,17% Casualties,17% Casualties,17% Casualties,17% Casualties,13% Casualties,15% Casualties,16% Casualties,16% Casualties,16% Casualties,17% Casualties,17% Casualties,17% Casualties,17% Casualties,12% Casualties,13% Casualties,14% Casualties,15% Casualties,15% Casualties,15% Casualties,15% Casualties,15% Casualties,15% Casualties,13% Casualties,13% Casualties,14% Casualties,14% Casualties,15% Casualties,15% Casualties,15% Casualties,15% Casualties,15% Casualties,13% Casualties,14% Casualties,14% Casualties,15% Casualties,15% Casualties,15% Casualties,15% Casualties,15% Casualties,15% Casualties,13% Casualties,14% Casualties,15% Casualties,15% Casualties,15% Casualties,15% Casualties,15% Casualties,15% Casualties,15% Casualties,13% Casualties,14% Casualties,15% Casualties,15% Casualties,15% Casualties,15% Casualties,15% Casualties,15% Casualties,15% Casualties,13% Casualties,14% Casualties,15% Casualties,15% Casualties,15% Casualties,15% Casualties,16% Casualties,15% Casualties,15% Casualties
10 CV // 30 RT,7% Casualties,9% Casualties,10% Casualties,11% Casualties,13% Casualties,14% Casualties,15% Casualties,16% Casualties,17% Casualties,8% Casualties,9% Casualties,11% Casualties,13% Casualties,14% Casualties,15% Casualties,16% Casualties,17% Casualties,18% Casualties,8% Casualties,10% Casualties,12% Casualties,13% Casualties,14% Casualties,16% Casualties,17% Casualties,18% Casualties,18% Casualties,9% Casualties,10% Casualties,12% Casualties,13% Casualties,15% Casualties,16% Casualties,17% Casualties,18% Casualties,19% Casualties,9% Casualties,11% Casualties,12% Casualties,14% Casualties,16% Casualties,17% Casualties,17% Casualties,19% Casualties,19% Casualties,10% Casualties,12% Casualties,14% Casualties,15% Casualties,16% Casualties,17% Casualties,18% Casualties,19% Casualties,20% Casualties,10% Casualties,12% Casualties,14% Casualties,15% Casualties,17% Casualties,18% Casualties,18% Casualties,20% Casualties,20% Casualties,11% Casualties,13% Casualties,14% Casualties,16% Casualties,17% Casualties,18% Casualties,19% Casualties,20% Casualties,20% Casualties,11% Casualties,13% Casualties,15% Casualties,16% Casualties,18% Casualties,19% Casualties,19% Casualties,20% Casualties,20% Casualties,12% Casualties,14% Casualties,16% Casualties,17% Casualties,18% Casualties,19% Casualties,20% Casualties,20% Casualties,21% Casualties,12% Casualties,14% Casualties,16% Casualties,17% Casualties,19% Casualties,20% Casualties,20% Casualties,20% Casualties,21% Casualties,13% Casualties,15% Casualties,17% Casualties,18% Casualties,19% Casualties,20% Casualties,20% Casualties,21% Casualties,21% Casualties,13% Casualties,15% Casualties,17% Casualties,18% Casualties,19% Casualties,20% Casualties,20% Casualties,21% Casualties,21% Casualties,14% Casualties,16% Casualties,18% Casualties,19% Casualties,20% Casualties,20% Casualties,20% Casualties,21% Casualties,21% Casualties,15% Casualties,16% Casualties,18% Casualties,19% Casualties,20% Casualties,20% Casualties,21% Casualties,21% Casualties,21% Casualties,15% Casualties,17% Casualties,19% Casualties,19% Casualties,20% Casualties,21% Casualties,21% Casualties,21% Casualties,21% Casualties,15% Casualties,17% Casualties,19% Casualties,20% Casualties,20% Casualties,21% Casualties,21% Casualties,21% Casualties,21% Casualties,16% Casualties,18% Casualties,19% Casualties,20% Casualties,21% Casualties,21% Casualties,21% Casualties,21% Casualties,21% Casualties,16% Casualties,18% Casualties,19% Casualties,20% Casualties,21% Casualties,21% Casualties,21% Casualties,22% Casualties,21% Casualties,16% Casualties,17% Casualties,18% Casualties,19% Casualties,19% Casualties,20% Casualties,20% Casualties,20% Casualties,20% Casualties,16% Casualties,18% Casualties,19% Casualties,19% Casualties,20% Casualties,20% Casualties,20% Casualties,20% Casualties,20% Casualties,17% Casualties,18% Casualties,19% Casualties,19% Casualties,20% Casualties,20% Casualties,20% Casualties,20% Casualties,20% Casualties,17% Casualties,18% Casualties,19% Casualties,20% Casualties,20% Casualties,20% Casualties,20% Casualties,20% Casualties,20% Casualties,17% Casualties,18% Casualties,19% Casualties,19% Casualties,20% Casualties,20% Casualties,20% Casualties,20% Casualties,20% Casualties,18% Casualties,19% Casualties,20% Casualties,20% Casualties,20% Casualties,20% Casualties,20% Casualties,20% Casualties,20% Casualties
10 CV // 20 RT,8% Casualties,9% Casualties,11% Casualties,13% Casualties,15% Casualties,16% Casualties,18% Casualties,19% Casualties,20% Casualties,9% Casualties,11% Casualties,13% Casualties,15% Casualties,16% Casualties,18% Casualties,19% Casualties,21% Casualties,22% Casualties,9% Casualties,11% Casualties,13% Casualties,15% Casualties,17% Casualties,19% Casualties,20% Casualties,21% Casualties,22% Casualties,9% Casualties,12% Casualties,14% Casualties,16% Casualties,18% Casualties,19% Casualties,21% Casualties,22% Casualties,23% Casualties,10% Casualties,12% Casualties,14% Casualties,16% Casualties,18% Casualties,20% Casualties,21% Casualties,23% Casualties,23% Casualties,11% Casualties,13% Casualties,16% Casualties,18% Casualties,20% Casualties,21% Casualties,23% Casualties,24% Casualties,25% Casualties,12% Casualties,14% Casualties,16% Casualties,18% Casualties,20% Casualties,22% Casualties,23% Casualties,24% Casualties,25% Casualties,12% Casualties,15% Casualties,17% Casualties,19% Casualties,21% Casualties,22% Casualties,24% Casualties,25% Casualties,25% Casualties,13% Casualties,16% Casualties,18% Casualties,20% Casualties,21% Casualties,23% Casualties,24% Casualties,25% Casualties,25% Casualties,14% Casualties,17% Casualties,19% Casualties,21% Casualties,23% Casualties,24% Casualties,25% Casualties,26% Casualties,26% Casualties,15% Casualties,18% Casualties,20% Casualties,22% Casualties,23% Casualties,24% Casualties,25% Casualties,26% Casualties,27% Casualties,15% Casualties,18% Casualties,20% Casualties,22% Casualties,24% Casualties,25% Casualties,26% Casualties,26% Casualties,27% Casualties,16% Casualties,18% Casualties,20% Casualties,23% Casualties,24% Casualties,25% Casualties,26% Casualties,26% Casualties,27% Casualties,17% Casualties,20% Casualties,22% Casualties,23% Casualties,25% Casualties,26% Casualties,26% Casualties,27% Casualties,27% Casualties,18% Casualties,20% Casualties,22% Casualties,24% Casualties,25% Casualties,26% Casualties,26% Casualties,27% Casualties,27% Casualties,19% Casualties,21% Casualties,23% Casualties,24% Casualties,26% Casualties,26% Casualties,27% Casualties,27% Casualties,27% Casualties,19% Casualties,21% Casualties,23% Casualties,25% Casualties,26% Casualties,26% Casualties,27% Casualties,27% Casualties,27% Casualties,20% Casualties,22% Casualties,24% Casualties,25% Casualties,26% Casualties,27% Casualties,26% Casualties,27% Casualties,27% Casualties,20% Casualties,23% Casualties,24% Casualties,25% Casualties,26% Casualties,27% Casualties,27% Casualties,27% Casualties,27% Casualties,20% Casualties,23% Casualties,24% Casualties,25% Casualties,25% Casualties,25% Casualties,26% Casualties,26% Casualties,26% Casualties,20% Casualties,23% Casualties,24% Casualties,25% Casualties,25% Casualties,26% Casualties,26% Casualties,26% Casualties,26% Casualties,21% Casualties,23% Casualties,24% Casualties,25% Casualties,25% Casualties,26% Casualties,26% Casualties,26% Casualties,26% Casualties,22% Casualties,23% Casualties,25% Casualties,25% Casualties,26% Casualties,26% Casualties,26% Casualties,26% Casualties,26% Casualties,22% Casualties,24% Casualties,25% Casualties,26% Casualties,26% Casualties,26% Casualties,26% Casualties,26% Casualties,26% Casualties,23% Casualties,24% Casualties,25% Casualties,25% Casualties,26% Casualties,26% Casualties,26% Casualties,26% Casualties,26% Casualties
10 CV // 10 RT,8% Casualties,10% Casualties,13% Casualties,15% Casualties,17% Casualties,19% Casualties,21% Casualties,23% Casualties,24% Casualties,10% Casualties,12% Casualties,14% Casualties,17% Casualties,19% Casualties,21% Casualties,23% Casualties,25% Casualties,26% Casualties,10% Casualties,13% Casualties,16% Casualties,18% Casualties,20% Casualties,22% Casualties,24% Casualties,26% Casualties,27% Casualties,11% Casualties,13% Casualties,16% Casualties,19% Casualties,21% Casualties,23% Casualties,25% Casualties,27% Casualties,28% Casualties,11% Casualties,14% Casualties,17% Casualties,20% Casualties,22% Casualties,24% Casualties,26% Casualties,28% Casualties,29% Casualties,13% Casualties,16% Casualties,19% Casualties,22% Casualties,24% Casualties,26% Casualties,28% Casualties,30% Casualties,31% Casualties,14% Casualties,17% Casualties,20% Casualties,22% Casualties,25% Casualties,27% Casualties,29% Casualties,30% Casualties,31% Casualties,15% Casualties,18% Casualties,21% Casualties,24% Casualties,26% Casualties,27% Casualties,29% Casualties,31% Casualties,32% Casualties,15% Casualties,19% Casualties,22% Casualties,24% Casualties,27% Casualties,29% Casualties,30% Casualties,31% Casualties,32% Casualties,17% Casualties,20% Casualties,23% Casualties,26% Casualties,28% Casualties,30% Casualties,31% Casualties,32% Casualties,33% Casualties,17% Casualties,21% Casualties,24% Casualties,27% Casualties,29% Casualties,30% Casualties,32% Casualties,33% Casualties,33% Casualties,18% Casualties,22% Casualties,25% Casualties,28% Casualties,30% Casualties,31% Casualties,32% Casualties,33% Casualties,33% Casualties,19% Casualties,23% Casualties,26% Casualties,28% Casualties,30% Casualties,31% Casualties,33% Casualties,34% Casualties,34% Casualties,21% Casualties,24% Casualties,27% Casualties,29% Casualties,31% Casualties,32% Casualties,33% Casualties,34% Casualties,34% Casualties,21% Casualties,25% Casualties,28% Casualties,30% Casualties,32% Casualties,33% Casualties,33% Casualties,34% Casualties,34% Casualties,22% Casualties,26% Casualties,28% Casualties,30% Casualties,32% Casualties,33% Casualties,33% Casualties,34% Casualties,34% Casualties,23% Casualties,26% Casualties,29% Casualties,31% Casualties,32% Casualties,33% Casualties,34% Casualties,34% Casualties,34% Casualties,24% Casualties,28% Casualties,30% Casualties,31% Casualties,32% Casualties,33% Casualties,34% Casualties,34% Casualties,34% Casualties,25% Casualties,28% Casualties,30% Casualties,32% Casualties,33% Casualties,33% Casualties,34% Casualties,34% Casualties,34% Casualties,25% Casualties,28% Casualties,30% Casualties,31% Casualties,33% Casualties,33% Casualties,33% Casualties,34% Casualties,34% Casualties,25% Casualties,29% Casualties,30% Casualties,32% Casualties,32% Casualties,33% Casualties,33% Casualties,34% Casualties,33% Casualties,27% Casualties,29% Casualties,31% Casualties,32% Casualties,33% Casualties,33% Casualties,33% Casualties,33% Casualties,34% Casualties,27% Casualties,30% Casualties,32% Casualties,32% Casualties,33% Casualties,33% Casualties,33% Casualties,34% Casualties,33% Casualties,28% Casualties,30% Casualties,32% Casualties,33% Casualties,33% Casualties,34% Casualties,33% Casualties,33% Casualties,33% Casualties,28% Casualties,30% Casualties,32% Casualties,32% Casualties,33% Casualties,33% Casualties,33% Casualties,33% Casualties,33% Casualties
10 CV // 0 RT,9% Casualties,12% Casualties,15% Casualties,17% Casualties,20% Casualties,22% Casualties,25% Casualties,27% Casualties,29% Casualties,11% Casualties,13% Casualties,17% Casualties,20% Casualties,22% Casualties,25% Casualties,28% Casualties,30% Casualties,32% Casualties,11% Casualties,15% Casualties,18% Casualties,21% Casualties,24% Casualties,27% Casualties,29% Casualties,31% Casualties,34% Casualties,12% Casualties,15% Casualties,19% Casualties,22% Casualties,25% Casualties,28% Casualties,30% Casualties,33% Casualties,35% Casualties,13% Casualties,17% Casualties,20% Casualties,23% Casualties,27% Casualties,29% Casualties,32% Casualties,34% Casualties,36% Casualties,15% Casualties,19% Casualties,23% Casualties,26% Casualties,29% Casualties,32% Casualties,34% Casualties,36% Casualties,38% Casualties,16% Casualties,20% Casualties,24% Casualties,27% Casualties,30% Casualties,33% Casualties,35% Casualties,37% Casualties,39% Casualties,17% Casualties,21% Casualties,24% Casualties,28% Casualties,31% Casualties,34% Casualties,36% Casualties,38% Casualties,40% Casualties,18% Casualties,22% Casualties,26% Casualties,29% Casualties,32% Casualties,35% Casualties,37% Casualties,39% Casualties,40% Casualties,20% Casualties,24% Casualties,28% Casualties,32% Casualties,34% Casualties,37% Casualties,39% Casualties,41% Casualties,42% Casualties,21% Casualties,25% Casualties,29% Casualties,33% Casualties,35% Casualties,38% Casualties,40% Casualties,41% Casualties,42% Casualties,22% Casualties,27% Casualties,30% Casualties,34% Casualties,36% Casualties,39% Casualties,40% Casualties,41% Casualties,42% Casualties,23% Casualties,28% Casualties,31% Casualties,34% Casualties,37% Casualties,39% Casualties,41% Casualties,42% Casualties,43% Casualties,25% Casualties,29% Casualties,33% Casualties,36% Casualties,38% Casualties,40% Casualties,41% Casualties,42% Casualties,43% Casualties,26% Casualties,30% Casualties,34% Casualties,37% Casualties,39% Casualties,41% Casualties,41% Casualties,42% Casualties,43% Casualties,27% Casualties,31% Casualties,35% Casualties,38% Casualties,39% Casualties,41% Casualties,42% Casualties,42% Casualties,43% Casualties,28% Casualties,32% Casualties,35% Casualties,38% Casualties,40% Casualties,41% Casualties,42% Casualties,42% Casualties,43% Casualties,29% Casualties,34% Casualties,37% Casualties,39% Casualties,40% Casualties,41% Casualties,42% Casualties,42% Casualties,42% Casualties,30% Casualties,34% Casualties,37% Casualties,39% Casualties,41% Casualties,41% Casualties,42% Casualties,42% Casualties,43% Casualties,31% Casualties,35% Casualties,38% Casualties,39% Casualties,41% Casualties,42% Casualties,42% Casualties,42% Casualties,42% Casualties,32% Casualties,35% Casualties,38% Casualties,40% Casualties,41% Casualties,41% Casualties,42% Casualties,42% Casualties,42% Casualties,33% Casualties,36% Casualties,39% Casualties,40% Casualties,41% Casualties,41% Casualties,42% Casualties,42% Casualties,42% Casualties,34% Casualties,37% Casualties,39% Casualties,40% Casualties,41% Casualties,41% Casualties,41% Casualties,42% Casualties,42% Casualties,34% Casualties,37% Casualties,39% Casualties,40% Casualties,41% Casualties,41% Casualties,41% Casualties,41% Casualties,41% Casualties,34% Casualties,38% Casualties,39% Casualties,40% Casualties,41% Casualties,41% Casualties,41% Casualties,41% Casualties,41% Casualties
15 CV // 80 RT,5% Casualties,5% Casualties,6% Casualties,6% Casualties,7% Casualties,7% Casualties,8% Casualties,8% Casualties,8% Casualties,5% Casualties,5% Casualties,6% Casualties,7% Casualties,7% Casualties,7% Casualties,8% Casualties,8% Casualties,8% Casualties,5% Casualties,6% Casualties,6% Casualties,7% Casualties,7% Casualties,8% Casualties,8% Casualties,8% Casualties,8% Casualties,5% Casualties,6% Casualties,7% Casualties,7% Casualties,8% Casualties,8% Casualties,9% Casualties,9% Casualties,9% Casualties,5% Casualties,6% Casualties,7% Casualties,7% Casualties,8% Casualties,8% Casualties,9% Casualties,9% Casualties,9% Casualties,6% Casualties,6% Casualties,7% Casualties,8% Casualties,8% Casualties,8% Casualties,9% Casualties,9% Casualties,9% Casualties,6% Casualties,6% Casualties,7% Casualties,8% Casualties,8% Casualties,8% Casualties,9% Casualties,9% Casualties,9% Casualties,6% Casualties,6% Casualties,7% Casualties,8% Casualties,8% Casualties,9% Casualties,9% Casualties,9% Casualties,9% Casualties,6% Casualties,7% Casualties,7% Casualties,8% Casualties,8% Casualties,9% Casualties,9% Casualties,9% Casualties,9% Casualties,6% Casualties,7% Casualties,7% Casualties,8% Casualties,8% Casualties,9% Casualties,9% Casualties,9% Casualties,9% Casualties,6% Casualties,7% Casualties,7% Casualties,8% Casualties,8% Casualties,9% Casualties,9% Casualties,9% Casualties,9% Casualties,6% Casualties,7% Casualties,7% Casualties,8% Casualties,8% Casualties,9% Casualties,9% Casualties,9% Casualties,9% Casualties,6% Casualties,7% Casualties,8% Casualties,8% Casualties,8% Casualties,9% Casualties,9% Casualties,9% Casualties,9% Casualties,6% Casualties,7% Casualties,8% Casualties,8% Casualties,8% Casualties,9% Casualties,9% Casualties,9% Casualties,9% Casualties,6% Casualties,7% Casualties,8% Casualties,8% Casualties,8% Casualties,9% Casualties,9% Casualties,9% Casualties,9% Casualties,7% Casualties,7% Casualties,8% Casualties,8% Casualties,8% Casualties,9% Casualties,9% Casualties,9% Casualties,9% Casualties,7% Casualties,7% Casualties,8% Casualties,8% Casualties,8% Casualties,9% Casualties,9% Casualties,9% Casualties,9% Casualties,7% Casualties,7% Casualties,8% Casualties,8% Casualties,9% Casualties,9% Casualties,9% Casualties,9% Casualties,9% Casualties,7% Casualties,7% Casualties,8% Casualties,8% Casualties,8% Casualties,9% Casualties,9% Casualties,9% Casualties,9% Casualties,5% Casualties,6% Casualties,6% Casualties,6% Casualties,6% Casualties,6% Casualties,7% Casualties,7% Casualties,7% Casualties,5% Casualties,6% Casualties,6% Casualties,6% Casualties,6% Casualties,6% Casualties,7% Casualties,7% Casualties,7% Casualties,5% Casualties,6% Casualties,6% Casualties,6% Casualties,6% Casualties,6% Casualties,6% Casualties,7% Casualties,7% Casualties,5% Casualties,6% Casualties,6% Casualties,6% Casualties,6% Casualties,6% Casualties,7% Casualties,7% Casualties,6% Casualties,5% Casualties,6% Casualties,6% Casualties,6% Casualties,6% Casualties,6% Casualties,6% Casualties,7% Casualties,7% Casualties,5% Casualties,6% Casualties,6% Casualties,6% Casualties,6% Casualties,6% Casualties,6% Casualties,6% Casualties,6% Casualties
15 CV // 70 RT,5% Casualties,6% Casualties,6% Casualties,7% Casualties,7% Casualties,8% Casualties,9% Casualties,9% Casualties,9% Casualties,5% Casualties,6% Casualties,6% Casualties,7% Casualties,8% Casualties,8% Casualties,8% Casualties,9% Casualties,9% Casualties,5% Casualties,6% Casualties,7% Casualties,7% Casualties,8% Casualties,8% Casualties,9% Casualties,9% Casualties,9% Casualties,6% Casualties,6% Casualties,7% Casualties,8% Casualties,9% Casualties,9% Casualties,10% Casualties,10% Casualties,10% Casualties,6% Casualties,7% Casualties,7% Casualties,8% Casualties,9% Casualties,9% Casualties,10% Casualties,10% Casualties,10% Casualties,6% Casualties,7% Casualties,8% Casualties,8% Casualties,9% Casualties,9% Casualties,10% Casualties,10% Casualties,10% Casualties,6% Casualties,7% Casualties,8% Casualties,8% Casualties,9% Casualties,9% Casualties,10% Casualties,10% Casualties,10% Casualties,6% Casualties,7% Casualties,8% Casualties,8% Casualties,9% Casualties,9% Casualties,10% Casualties,10% Casualties,10% Casualties,6% Casualties,7% Casualties,8% Casualties,9% Casualties,9% Casualties,9% Casualties,10% Casualties,10% Casualties,10% Casualties,6% Casualties,7% Casualties,8% Casualties,9% Casualties,9% Casualties,9% Casualties,10% Casualties,10% Casualties,10% Casualties,6% Casualties,7% Casualties,8% Casualties,9% Casualties,9% Casualties,10% Casualties,10% Casualties,10% Casualties,10% Casualties,7% Casualties,7% Casualties,8% Casualties,9% Casualties,9% Casualties,10% Casualties,10% Casualties,10% Casualties,10% Casualties,7% Casualties,8% Casualties,8% Casualties,9% Casualties,9% Casualties,10% Casualties,10% Casualties,10% Casualties,10% Casualties,7% Casualties,8% Casualties,8% Casualties,9% Casualties,9% Casualties,10% Casualties,10% Casualties,10% Casualties,10% Casualties,7% Casualties,8% Casualties,8% Casualties,9% Casualties,9% Casualties,10% Casualties,10% Casualties,10% Casualties,10% Casualties,7% Casualties,8% Casualties,8% Casualties,9% Casualties,9% Casualties,10% Casualties,10% Casualties,10% Casualties,10% Casualties,7% Casualties,8% Casualties,9% Casualties,9% Casualties,9% Casualties,10% Casualties,10% Casualties,10% Casualties,10% Casualties,7% Casualties,8% Casualties,9% Casualties,9% Casualties,10% Casualties,10% Casualties,10% Casualties,10% Casualties,10% Casualties,7% Casualties,8% Casualties,9% Casualties,9% Casualties,9% Casualties,10% Casualties,10% Casualties,10% Casualties,10% Casualties,6% Casualties,6% Casualties,7% Casualties,7% Casualties,7% Casualties,8% Casualties,8% Casualties,8% Casualties,8% Casualties,6% Casualties,6% Casualties,7% Casualties,7% Casualties,7% Casualties,8% Casualties,8% Casualties,8% Casualties,8% Casualties,6% Casualties,6% Casualties,7% Casualties,7% Casualties,7% Casualties,8% Casualties,8% Casualties,8% Casualties,8% Casualties,6% Casualties,6% Casualties,7% Casualties,7% Casualties,7% Casualties,8% Casualties,8% Casualties,8% Casualties,8% Casualties,6% Casualties,6% Casualties,7% Casualties,7% Casualties,7% Casualties,7% Casualties,8% Casualties,8% Casualties,8% Casualties,6% Casualties,7% Casualties,7% Casualties,7% Casualties,7% Casualties,7% Casualties,8% Casualties,7% Casualties,8% Casualties
15 CV // 60 RT,5% Casualties,6% Casualties,7% Casualties,7% Casualties,8% Casualties,9% Casualties,9% Casualties,10% Casualties,10% Casualties,5% Casualties,6% Casualties,7% Casualties,7% Casualties,8% Casualties,9% Casualties,9% Casualties,10% Casualties,10% Casualties,5% Casualties,6% Casualties,7% Casualties,8% Casualties,8% Casualties,9% Casualties,9% Casualties,10% Casualties,10% Casualties,6% Casualties,7% Casualties,8% Casualties,9% Casualties,9% Casualties,10% Casualties,11% Casualties,11% Casualties,12% Casualties,6% Casualties,7% Casualties,8% Casualties,9% Casualties,10% Casualties,10% Casualties,11% Casualties,11% Casualties,12% Casualties,6% Casualties,7% Casualties,8% Casualties,9% Casualties,10% Casualties,10% Casualties,11% Casualties,11% Casualties,12% Casualties,6% Casualties,7% Casualties,8% Casualties,9% Casualties,10% Casualties,10% Casualties,11% Casualties,11% Casualties,12% Casualties,6% Casualties,7% Casualties,8% Casualties,9% Casualties,10% Casualties,11% Casualties,11% Casualties,11% Casualties,12% Casualties,6% Casualties,8% Casualties,8% Casualties,9% Casualties,10% Casualties,11% Casualties,11% Casualties,11% Casualties,12% Casualties,7% Casualties,8% Casualties,9% Casualties,10% Casualties,10% Casualties,11% Casualties,11% Casualties,11% Casualties,12% Casualties,7% Casualties,8% Casualties,9% Casualties,10% Casualties,10% Casualties,11% Casualties,11% Casualties,12% Casualties,12% Casualties,7% Casualties,8% Casualties,9% Casualties,10% Casualties,10% Casualties,11% Casualties,11% Casualties,12% Casualties,12% Casualties,7% Casualties,8% Casualties,9% Casualties,10% Casualties,11% Casualties,11% Casualties,11% Casualties,12% Casualties,12% Casualties,7% Casualties,8% Casualties,9% Casualties,10% Casualties,10% Casualties,11% Casualties,11% Casualties,12% Casualties,12% Casualties,7% Casualties,8% Casualties,9% Casualties,10% Casualties,11% Casualties,11% Casualties,11% Casualties,11% Casualties,12% Casualties,8% Casualties,9% Casualties,9% Casualties,10% Casualties,11% Casualties,11% Casualties,11% Casualties,12% Casualties,12% Casualties,8% Casualties,9% Casualties,10% Casualties,10% Casualties,11% Casualties,11% Casualties,11% Casualties,11% Casualties,12% Casualties,8% Casualties,9% Casualties,10% Casualties,10% Casualties,11% Casualties,11% Casualties,11% Casualties,12% Casualties,12% Casualties,8% Casualties,9% Casualties,10% Casualties,10% Casualties,11% Casualties,11% Casualties,11% Casualties,11% Casualties,12% Casualties,7% Casualties,7% Casualties,8% Casualties,8% Casualties,9% Casualties,9% Casualties,9% Casualties,9% Casualties,9% Casualties,7% Casualties,8% Casualties,8% Casualties,9% Casualties,9% Casualties,9% Casualties,9% Casualties,9% Casualties,9% Casualties,7% Casualties,8% Casualties,8% Casualties,9% Casualties,9% Casualties,9% Casualties,9% Casualties,9% Casualties,9% Casualties,7% Casualties,8% Casualties,8% Casualties,9% Casualties,9% Casualties,9% Casualties,9% Casualties,9% Casualties,9% Casualties,7% Casualties,8% Casualties,8% Casualties,9% Casualties,9% Casualties,9% Casualties,9% Casualties,9% Casualties,9% Casualties,7% Casualties,8% Casualties,8% Casualties,9% Casualties,9% Casualties,9% Casualties,9% Casualties,9% Casualties,9% Casualties
15 CV // 50 RT,5% Casualties,6% Casualties,7% Casualties,8% Casualties,9% Casualties,9% Casualties,10% Casualties,11% Casualties,11% Casualties,5% Casualties,6% Casualties,7% Casualties,8% Casualties,9% Casualties,10% Casualties,10% Casualties,11% Casualties,11% Casualties,5% Casualties,6% Casualties,7% Casualties,8% Casualties,9% Casualties,10% Casualties,10% Casualties,11% Casualties,11% Casualties,6% Casualties,7% Casualties,8% Casualties,9% Casualties,10% Casualties,11% Casualties,12% Casualties,12% Casualties,13% Casualties,6% Casualties,7% Casualties,9% Casualties,10% Casualties,11% Casualties,11% Casualties,12% Casualties,13% Casualties,13% Casualties,7% Casualties,8% Casualties,9% Casualties,10% Casualties,11% Casualties,12% Casualties,12% Casualties,13% Casualties,13% Casualties,7% Casualties,8% Casualties,9% Casualties,10% Casualties,11% Casualties,12% Casualties,13% Casualties,13% Casualties,13% Casualties,7% Casualties,8% Casualties,9% Casualties,10% Casualties,11% Casualties,12% Casualties,12% Casualties,13% Casualties,13% Casualties,7% Casualties,8% Casualties,9% Casualties,10% Casualties,11% Casualties,12% Casualties,13% Casualties,13% Casualties,14% Casualties,7% Casualties,9% Casualties,10% Casualties,11% Casualties,11% Casualties,12% Casualties,13% Casualties,13% Casualties,13% Casualties,7% Casualties,9% Casualties,10% Casualties,11% Casualties,12% Casualties,12% Casualties,13% Casualties,13% Casualties,14% Casualties,8% Casualties,9% Casualties,10% Casualties,11% Casualties,12% Casualties,12% Casualties,13% Casualties,13% Casualties,14% Casualties,8% Casualties,9% Casualties,10% Casualties,11% Casualties,12% Casualties,13% Casualties,13% Casualties,14% Casualties,14% Casualties,8% Casualties,9% Casualties,10% Casualties,11% Casualties,12% Casualties,13% Casualties,13% Casualties,13% Casualties,14% Casualties,8% Casualties,9% Casualties,10% Casualties,11% Casualties,12% Casualties,13% Casualties,13% Casualties,13% Casualties,14% Casualties,8% Casualties,10% Casualties,11% Casualties,12% Casualties,12% Casualties,13% Casualties,13% Casualties,13% Casualties,14% Casualties,9% Casualties,10% Casualties,11% Casualties,12% Casualties,12% Casualties,13% Casualties,13% Casualties,13% Casualties,14% Casualties,9% Casualties,10% Casualties,11% Casualties,12% Casualties,13% Casualties,13% Casualties,13% Casualties,14% Casualties,14% Casualties,9% Casualties,10% Casualties,11% Casualties,12% Casualties,13% Casualties,13% Casualties,13% Casualties,14% Casualties,14% Casualties,8% Casualties,9% Casualties,10% Casualties,10% Casualties,11% Casualties,11% Casualties,11% Casualties,11% Casualties,12% Casualties,8% Casualties,9% Casualties,10% Casualties,10% Casualties,11% Casualties,11% Casualties,11% Casualties,12% Casualties,12% Casualties,8% Casualties,9% Casualties,10% Casualties,10% Casualties,11% Casualties,11% Casualties,11% Casualties,12% Casualties,11% Casualties,8% Casualties,9% Casualties,10% Casualties,11% Casualties,11% Casualties,11% Casualties,11% Casualties,12% Casualties,12% Casualties,8% Casualties,9% Casualties,10% Casualties,11% Casualties,11% Casualties,11% Casualties,12% Casualties,11% Casualties,12% Casualties,9% Casualties,9% Casualties,10% Casualties,11% Casualties,11% Casualties,11% Casualties,11% Casualties,11% Casualties,12% Casualties
15 CV // 40 RT,5% Casualties,6% Casualties,7% Casualties,8% Casualties,10% Casualties,10% Casualties,11% Casualties,12% Casualties,13% Casualties,5% Casualties,6% Casualties,8% Casualties,9% Casualties,10% Casualties,10% Casualties,11% Casualties,12% Casualties,13% Casualties,6% Casualties,7% Casualties,8% Casualties,9% Casualties,10% Casualties,11% Casualties,12% Casualties,12% Casualties,13% Casualties,7% Casualties,8% Casualties,9% Casualties,10% Casualties,11% Casualties,12% Casualties,13% Casualties,14% Casualties,15% Casualties,7% Casualties,8% Casualties,10% Casualties,10% Casualties,12% Casualties,13% Casualties,14% Casualties,14% Casualties,15% Casualties,7% Casualties,8% Casualties,10% Casualties,11% Casualties,12% Casualties,13% Casualties,14% Casualties,15% Casualties,15% Casualties,7% Casualties,9% Casualties,10% Casualties,11% Casualties,12% Casualties,13% Casualties,14% Casualties,15% Casualties,16% Casualties,7% Casualties,9% Casualties,10% Casualties,11% Casualties,13% Casualties,13% Casualties,14% Casualties,15% Casualties,15% Casualties,8% Casualties,9% Casualties,10% Casualties,12% Casualties,13% Casualties,14% Casualties,14% Casualties,15% Casualties,16% Casualties,8% Casualties,9% Casualties,11% Casualties,12% Casualties,13% Casualties,14% Casualties,15% Casualties,15% Casualties,16% Casualties,8% Casualties,10% Casualties,11% Casualties,12% Casualties,13% Casualties,14% Casualties,15% Casualties,16% Casualties,16% Casualties,8% Casualties,10% Casualties,12% Casualties,13% Casualties,14% Casualties,14% Casualties,15% Casualties,16% Casualties,16% Casualties,9% Casualties,10% Casualties,12% Casualties,13% Casualties,14% Casualties,15% Casualties,15% Casualties,16% Casualties,16% Casualties,9% Casualties,10% Casualties,12% Casualties,13% Casualties,14% Casualties,15% Casualties,15% Casualties,16% Casualties,16% Casualties,9% Casualties,11% Casualties,12% Casualties,13% Casualties,14% Casualties,15% Casualties,16% Casualties,16% Casualties,16% Casualties,9% Casualties,11% Casualties,13% Casualties,14% Casualties,15% Casualties,15% Casualties,16% Casualties,16% Casualties,17% Casualties,10% Casualties,11% Casualties,13% Casualties,14% Casualties,15% Casualties,15% Casualties,16% Casualties,16% Casualties,16% Casualties,10% Casualties,12% Casualties,13% Casualties,14% Casualties,15% Casualties,16% Casualties,16% Casualties,16% Casualties,17% Casualties,10% Casualties,12% Casualties,13% Casualties,14% Casualties,15% Casualties,16% Casualties,16% Casualties,16% Casualties,17% Casualties,9% Casualties,11% Casualties,12% Casualties,13% Casualties,14% Casualties,14% Casualties,14% Casualties,15% Casualties,15% Casualties,10% Casualties,11% Casualties,12% Casualties,13% Casualties,13% Casualties,14% Casualties,15% Casualties,15% Casualties,15% Casualties,10% Casualties,11% Casualties,12% Casualties,13% Casualties,14% Casualties,14% Casualties,15% Casualties,15% Casualties,15% Casualties,10% Casualties,11% Casualties,13% Casualties,13% Casualties,14% Casualties,14% Casualties,14% Casualties,15% Casualties,15% Casualties,11% Casualties,12% Casualties,13% Casualties,14% Casualties,14% Casualties,15% Casualties,14% Casualties,15% Casualties,15% Casualties,11% Casualties,12% Casualties,13% Casualties,14% Casualties,14% Casualties,15% Casualties,15% Casualties,15% Casualties,15% Casualties
15 CV // 30 RT,6% Casualties,7% Casualties,8% Casualties,9% Casualties,11% Casualties,12% Casualties,13% Casualties,14% Casualties,14% Casualties,6% Casualties,7% Casualties,8% Casualties,9% Casualties,11% Casualties,12% Casualties,13% Casualties,14% Casualties,15% Casualties,6% Casualties,7% Casualties,9% Casualties,10% Casualties,11% Casualties,12% Casualties,13% Casualties,14% Casualties,15% Casualties,7% Casualties,8% Casualties,10% Casualties,12% Casualties,13% Casualties,14% Casualties,15% Casualties,16% Casualties,17% Casualties,7% Casualties,9% Casualties,11% Casualties,12% Casualties,13% Casualties,15% Casualties,16% Casualties,17% Casualties,17% Casualties,8% Casualties,9% Casualties,11% Casualties,12% Casualties,14% Casualties,15% Casualties,16% Casualties,17% Casualties,18% Casualties,8% Casualties,10% Casualties,11% Casualties,13% Casualties,14% Casualties,16% Casualties,17% Casualties,18% Casualties,18% Casualties,8% Casualties,10% Casualties,12% Casualties,13% Casualties,14% Casualties,16% Casualties,17% Casualties,17% Casualties,18% Casualties,9% Casualties,10% Casualties,12% Casualties,13% Casualties,15% Casualties,16% Casualties,17% Casualties,18% Casualties,19% Casualties,9% Casualties,11% Casualties,13% Casualties,14% Casualties,15% Casualties,17% Casualties,18% Casualties,18% Casualties,19% Casualties,9% Casualties,11% Casualties,13% Casualties,14% Casualties,16% Casualties,17% Casualties,18% Casualties,19% Casualties,19% Casualties,10% Casualties,12% Casualties,13% Casualties,15% Casualties,16% Casualties,18% Casualties,18% Casualties,19% Casualties,20% Casualties,10% Casualties,12% Casualties,14% Casualties,15% Casualties,17% Casualties,18% Casualties,19% Casualties,19% Casualties,20% Casualties,10% Casualties,12% Casualties,14% Casualties,15% Casualties,17% Casualties,18% Casualties,19% Casualties,19% Casualties,20% Casualties,11% Casualties,12% Casualties,14% Casualties,16% Casualties,17% Casualties,18% Casualties,19% Casualties,20% Casualties,20% Casualties,11% Casualties,13% Casualties,15% Casualties,16% Casualties,18% Casualties,19% Casualties,19% Casualties,20% Casualties,20% Casualties,12% Casualties,14% Casualties,15% Casualties,17% Casualties,18% Casualties,19% Casualties,19% Casualties,20% Casualties,20% Casualties,12% Casualties,14% Casualties,16% Casualties,17% Casualties,18% Casualties,19% Casualties,20% Casualties,20% Casualties,21% Casualties,12% Casualties,14% Casualties,16% Casualties,18% Casualties,18% Casualties,19% Casualties,20% Casualties,21% Casualties,21% Casualties,11% Casualties,13% Casualties,15% Casualties,16% Casualties,17% Casualties,18% Casualties,18% Casualties,19% Casualties,19% Casualties,12% Casualties,14% Casualties,15% Casualties,17% Casualties,17% Casualties,18% Casualties,19% Casualties,19% Casualties,19% Casualties,13% Casualties,14% Casualties,15% Casualties,16% Casualties,18% Casualties,19% Casualties,19% Casualties,19% Casualties,20% Casualties,13% Casualties,14% Casualties,16% Casualties,17% Casualties,18% Casualties,19% Casualties,19% Casualties,19% Casualties,19% Casualties,13% Casualties,15% Casualties,16% Casualties,17% Casualties,18% Casualties,19% Casualties,19% Casualties,19% Casualties,20% Casualties,13% Casualties,15% Casualties,17% Casualties,18% Casualties,18% Casualties,19% Casualties,20% Casualties,19% Casualties,20% Casualties
15 CV // 20 RT,6% Casualties,8% Casualties,9% Casualties,11% Casualties,12% Casualties,13% Casualties,15% Casualties,16% Casualties,17% Casualties,6% Casualties,8% Casualties,9% Casualties,11% Casualties,12% Casualties,13% Casualties,14% Casualties,16% Casualties,17% Casualties,6% Casualties,8% Casualties,10% Casualties,11% Casualties,13% Casualties,14% Casualties,15% Casualties,16% Casualties,18% Casualties,8% Casualties,9% Casualties,11% Casualties,13% Casualties,15% Casualties,16% Casualties,18% Casualties,19% Casualties,20% Casualties,8% Casualties,10% Casualties,12% Casualties,14% Casualties,15% Casualties,17% Casualties,19% Casualties,20% Casualties,21% Casualties,8% Casualties,11% Casualties,12% Casualties,14% Casualties,16% Casualties,18% Casualties,19% Casualties,21% Casualties,22% Casualties,9% Casualties,11% Casualties,13% Casualties,15% Casualties,17% Casualties,19% Casualties,20% Casualties,21% Casualties,22% Casualties,9% Casualties,11% Casualties,13% Casualties,15% Casualties,17% Casualties,18% Casualties,20% Casualties,21% Casualties,22% Casualties,10% Casualties,12% Casualties,14% Casualties,16% Casualties,17% Casualties,19% Casualties,21% Casualties,22% Casualties,23% Casualties,10% Casualties,12% Casualties,15% Casualties,16% Casualties,18% Casualties,20% Casualties,21% Casualties,22% Casualties,23% Casualties,10% Casualties,13% Casualties,15% Casualties,17% Casualties,19% Casualties,21% Casualties,22% Casualties,23% Casualties,24% Casualties,11% Casualties,13% Casualties,16% Casualties,18% Casualties,20% Casualties,21% Casualties,23% Casualties,24% Casualties,24% Casualties,12% Casualties,14% Casualties,17% Casualties,18% Casualties,20% Casualties,22% Casualties,23% Casualties,24% Casualties,25% Casualties,12% Casualties,14% Casualties,16% Casualties,18% Casualties,21% Casualties,22% Casualties,23% Casualties,24% Casualties,25% Casualties,13% Casualties,15% Casualties,17% Casualties,19% Casualties,21% Casualties,22% Casualties,24% Casualties,24% Casualties,25% Casualties,13% Casualties,15% Casualties,18% Casualties,20% Casualties,21% Casualties,23% Casualties,24% Casualties,25% Casualties,26% Casualties,13% Casualties,16% Casualties,19% Casualties,20% Casualties,22% Casualties,23% Casualties,25% Casualties,25% Casualties,26% Casualties,14% Casualties,16% Casualties,19% Casualties,21% Casualties,22% Casualties,24% Casualties,25% Casualties,26% Casualties,26% Casualties,15% Casualties,18% Casualties,19% Casualties,22% Casualties,23% Casualties,24% Casualties,25% Casualties,26% Casualties,26% Casualties,14% Casualties,17% Casualties,19% Casualties,21% Casualties,22% Casualties,23% Casualties,24% Casualties,25% Casualties,25% Casualties,14% Casualties,17% Casualties,19% Casualties,21% Casualties,23% Casualties,23% Casualties,24% Casualties,25% Casualties,25% Casualties,15% Casualties,18% Casualties,20% Casualties,22% Casualties,23% Casualties,24% Casualties,24% Casualties,25% Casualties,26% Casualties,16% Casualties,18% Casualties,20% Casualties,22% Casualties,24% Casualties,24% Casualties,25% Casualties,25% Casualties,26% Casualties,16% Casualties,19% Casualties,21% Casualties,23% Casualties,24% Casualties,25% Casualties,25% Casualties,26% Casualties,25% Casualties,17% Casualties,19% Casualties,21% Casualties,23% Casualties,24% Casualties,24% Casualties,25% Casualties,26% Casualties,26% Casualties
15 CV // 10 RT,7% Casualties,8% Casualties,10% Casualties,12% Casualties,14% Casualties,15% Casualties,17% Casualties,18% Casualties,20% Casualties,7% Casualties,8% Casualties,10% Casualties,12% Casualties,14% Casualties,15% Casualties,17% Casualties,19% Casualties,20% Casualties,7% Casualties,9% Casualties,11% Casualties,13% Casualties,14% Casualties,16% Casualties,18% Casualties,20% Casualties,21% Casualties,8% Casualties,11% Casualties,13% Casualties,15% Casualties,17% Casualties,19% Casualties,21% Casualties,23% Casualties,25% Casualties,9% Casualties,11% Casualties,14% Casualties,16% Casualties,18% Casualties,20% Casualties,22% Casualties,24% Casualties,25% Casualties,10% Casualties,12% Casualties,15% Casualties,17% Casualties,19% Casualties,21% Casualties,23% Casualties,25% Casualties,26% Casualties,10% Casualties,13% Casualties,15% Casualties,18% Casualties,20% Casualties,22% Casualties,24% Casualties,26% Casualties,27% Casualties,10% Casualties,12% Casualties,15% Casualties,17% Casualties,20% Casualties,22% Casualties,24% Casualties,26% Casualties,28% Casualties,11% Casualties,14% Casualties,16% Casualties,19% Casualties,21% Casualties,23% Casualties,25% Casualties,27% Casualties,28% Casualties,12% Casualties,15% Casualties,17% Casualties,20% Casualties,22% Casualties,24% Casualties,26% Casualties,28% Casualties,29% Casualties,12% Casualties,15% Casualties,18% Casualties,20% Casualties,23% Casualties,25% Casualties,27% Casualties,29% Casualties,30% Casualties,13% Casualties,16% Casualties,19% Casualties,21% Casualties,24% Casualties,26% Casualties,28% Casualties,29% Casualties,30% Casualties,14% Casualties,17% Casualties,20% Casualties,23% Casualties,24% Casualties,27% Casualties,29% Casualties,30% Casualties,31% Casualties,14% Casualties,17% Casualties,20% Casualties,22% Casualties,25% Casualties,27% Casualties,29% Casualties,30% Casualties,31% Casualties,14% Casualties,18% Casualties,21% Casualties,23% Casualties,26% Casualties,28% Casualties,30% Casualties,31% Casualties,32% Casualties,15% Casualties,18% Casualties,22% Casualties,24% Casualties,27% Casualties,28% Casualties,30% Casualties,31% Casualties,32% Casualties,16% Casualties,19% Casualties,23% Casualties,25% Casualties,27% Casualties,29% Casualties,31% Casualties,32% Casualties,33% Casualties,17% Casualties,20% Casualties,23% Casualties,26% Casualties,28% Casualties,30% Casualties,31% Casualties,32% Casualties,33% Casualties,17% Casualties,21% Casualties,24% Casualties,27% Casualties,29% Casualties,31% Casualties,32% Casualties,33% Casualties,34% Casualties,17% Casualties,21% Casualties,23% Casualties,26% Casualties,28% Casualties,30% Casualties,31% Casualties,32% Casualties,33% Casualties,18% Casualties,21% Casualties,25% Casualties,27% Casualties,29% Casualties,30% Casualties,31% Casualties,32% Casualties,33% Casualties,19% Casualties,22% Casualties,25% Casualties,28% Casualties,29% Casualties,31% Casualties,32% Casualties,33% Casualties,33% Casualties,20% Casualties,23% Casualties,26% Casualties,28% Casualties,30% Casualties,31% Casualties,32% Casualties,33% Casualties,33% Casualties,20% Casualties,24% Casualties,26% Casualties,29% Casualties,30% Casualties,32% Casualties,32% Casualties,33% Casualties,34% Casualties,21% Casualties,25% Casualties,27% Casualties,29% Casualties,31% Casualties,32% Casualties,33% Casualties,33% Casualties,34% Casualties
15 CV // 0 RT,7% Casualties,9% Casualties,11% Casualties,14% Casualties,16% Casualties,18% Casualties,20% Casualties,22% Casualties,24% Casualties,7% Casualties,9% Casualties,11% Casualties,13% Casualties,16% Casualties,17% Casualties,20% Casualties,22% Casualties,24% Casualties,8% Casualties,10% Casualties,12% Casualties,15% Casualties,16% Casualties,19% Casualties,21% Casualties,23% Casualties,25% Casualties,9% Casualties,12% Casualties,15% Casualties,17% Casualties,20% Casualties,23% Casualties,25% Casualties,27% Casualties,29% Casualties,10% Casualties,12% Casualties,16% Casualties,18% Casualties,21% Casualties,24% Casualties,27% Casualties,28% Casualties,31% Casualties,11% Casualties,13% Casualties,16% Casualties,20% Casualties,23% Casualties,25% Casualties,28% Casualties,30% Casualties,32% Casualties,12% Casualties,15% Casualties,18% Casualties,21% Casualties,24% Casualties,27% Casualties,29% Casualties,31% Casualties,34% Casualties,11% Casualties,15% Casualties,18% Casualties,21% Casualties,23% Casualties,27% Casualties,29% Casualties,31% Casualties,33% Casualties,12% Casualties,16% Casualties,19% Casualties,22% Casualties,25% Casualties,28% Casualties,30% Casualties,33% Casualties,35% Casualties,13% Casualties,17% Casualties,20% Casualties,23% Casualties,26% Casualties,29% Casualties,32% Casualties,34% Casualties,36% Casualties,14% Casualties,18% Casualties,21% Casualties,25% Casualties,28% Casualties,31% Casualties,33% Casualties,35% Casualties,37% Casualties,15% Casualties,19% Casualties,23% Casualties,26% Casualties,29% Casualties,32% Casualties,34% Casualties,36% Casualties,38% Casualties,16% Casualties,20% Casualties,23% Casualties,27% Casualties,30% Casualties,33% Casualties,35% Casualties,37% Casualties,39% Casualties,16% Casualties,20% Casualties,23% Casualties,27% Casualties,30% Casualties,33% Casualties,35% Casualties,37% Casualties,39% Casualties,16% Casualties,21% Casualties,25% Casualties,28% Casualties,31% Casualties,34% Casualties,36% Casualties,38% Casualties,40% Casualties,18% Casualties,22% Casualties,26% Casualties,29% Casualties,33% Casualties,35% Casualties,37% Casualties,39% Casualties,41% Casualties,19% Casualties,23% Casualties,27% Casualties,31% Casualties,33% Casualties,36% Casualties,38% Casualties,40% Casualties,41% Casualties,20% Casualties,24% Casualties,28% Casualties,31% Casualties,35% Casualties,37% Casualties,39% Casualties,40% Casualties,42% Casualties,21% Casualties,25% Casualties,29% Casualties,33% Casualties,35% Casualties,38% Casualties,39% Casualties,41% Casualties,42% Casualties,21% Casualties,26% Casualties,29% Casualties,33% Casualties,36% Casualties,38% Casualties,40% Casualties,41% Casualties,42% Casualties,22% Casualties,27% Casualties,30% Casualties,33% Casualties,37% Casualties,39% Casualties,40% Casualties,41% Casualties,42% Casualties,23% Casualties,28% Casualties,31% Casualties,35% Casualties,37% Casualties,39% Casualties,40% Casualties,42% Casualties,43% Casualties,24% Casualties,28% Casualties,32% Casualties,36% Casualties,38% Casualties,39% Casualties,41% Casualties,42% Casualties,43% Casualties,25% Casualties,29% Casualties,33% Casualties,36% Casualties,38% Casualties,40% Casualties,41% Casualties,42% Casualties,43% Casualties,26% Casualties,31% Casualties,34% Casualties,37% Casualties,39% Casualties,40% Casualties,41% Casualties,42% Casualties,43% Casualties
20 CV // 80 RT,4% Casualties,5% Casualties,5% Casualties,6% Casualties,7% Casualties,7% Casualties,7% Casualties,8% Casualties,8% Casualties,5% Casualties,6% Casualties,6% Casualties,7% Casualties,7% Casualties,8% Casualties,8% Casualties,9% Casualties,9% Casualties,5% Casualties,6% Casualties,6% Casualties,7% Casualties,7% Casualties,8% Casualties,8% Casualties,9% Casualties,9% Casualties,5% Casualties,6% Casualties,7% Casualties,7% Casualties,8% Casualties,8% Casualties,9% Casualties,9% Casualties,9% Casualties,5% Casualties,6% Casualties,7% Casualties,8% Casualties,8% Casualties,8% Casualties,9% Casualties,9% Casualties,9% Casualties,5% Casualties,6% Casualties,7% Casualties,8% Casualties,8% Casualties,8% Casualties,9% Casualties,9% Casualties,9% Casualties,6% Casualties,6% Casualties,7% Casualties,8% Casualties,8% Casualties,8% Casualties,9% Casualties,9% Casualties,9% Casualties,6% Casualties,6% Casualties,7% Casualties,8% Casualties,8% Casualties,9% Casualties,9% Casualties,9% Casualties,9% Casualties,6% Casualties,6% Casualties,7% Casualties,8% Casualties,8% Casualties,9% Casualties,9% Casualties,9% Casualties,9% Casualties,6% Casualties,7% Casualties,7% Casualties,8% Casualties,8% Casualties,9% Casualties,9% Casualties,9% Casualties,9% Casualties,6% Casualties,7% Casualties,7% Casualties,8% Casualties,8% Casualties,9% Casualties,9% Casualties,9% Casualties,9% Casualties,6% Casualties,7% Casualties,7% Casualties,8% Casualties,8% Casualties,9% Casualties,9% Casualties,9% Casualties,9% Casualties,6% Casualties,7% Casualties,7% Casualties,8% Casualties,8% Casualties,9% Casualties,9% Casualties,9% Casualties,9% Casualties,6% Casualties,7% Casualties,7% Casualties,8% Casualties,8% Casualties,8% Casualties,9% Casualties,9% Casualties,9% Casualties,6% Casualties,7% Casualties,7% Casualties,8% Casualties,8% Casualties,9% Casualties,9% Casualties,9% Casualties,9% Casualties,6% Casualties,7% Casualties,8% Casualties,8% Casualties,8% Casualties,9% Casualties,9% Casualties,9% Casualties,9% Casualties,6% Casualties,7% Casualties,8% Casualties,8% Casualties,8% Casualties,9% Casualties,9% Casualties,9% Casualties,9% Casualties,6% Casualties,7% Casualties,8% Casualties,8% Casualties,8% Casualties,9% Casualties,9% Casualties,9% Casualties,9% Casualties,6% Casualties,7% Casualties,8% Casualties,8% Casualties,8% Casualties,9% Casualties,9% Casualties,9% Casualties,9% Casualties,5% Casualties,5% Casualties,6% Casualties,6% Casualties,6% Casualties,7% Casualties,7% Casualties,7% Casualties,7% Casualties,5% Casualties,5% Casualties,6% Casualties,6% Casualties,6% Casualties,7% Casualties,7% Casualties,7% Casualties,7% Casualties,5% Casualties,6% Casualties,6% Casualties,6% Casualties,6% Casualties,7% Casualties,7% Casualties,7% Casualties,7% Casualties,5% Casualties,6% Casualties,6% Casualties,6% Casualties,6% Casualties,7% Casualties,7% Casualties,7% Casualties,7% Casualties,5% Casualties,6% Casualties,6% Casualties,6% Casualties,6% Casualties,7% Casualties,7% Casualties,7% Casualties,7% Casualties,5% Casualties,6% Casualties,6% Casualties,6% Casualties,6% Casualties,6% Casualties,7% Casualties,7% Casualties,7% Casualties
20 CV // 70 RT,4% Casualties,5% Casualties,6% Casualties,6% Casualties,7% Casualties,7% Casualties,8% Casualties,8% Casualties,9% Casualties,5% Casualties,6% Casualties,7% Casualties,8% Casualties,8% Casualties,9% Casualties,9% Casualties,10% Casualties,10% Casualties,5% Casualties,6% Casualties,7% Casualties,8% Casualties,8% Casualties,9% Casualties,9% Casualties,9% Casualties,10% Casualties,5% Casualties,6% Casualties,7% Casualties,8% Casualties,9% Casualties,9% Casualties,10% Casualties,10% Casualties,10% Casualties,6% Casualties,7% Casualties,7% Casualties,8% Casualties,9% Casualties,9% Casualties,10% Casualties,10% Casualties,10% Casualties,6% Casualties,7% Casualties,7% Casualties,8% Casualties,9% Casualties,9% Casualties,10% Casualties,10% Casualties,10% Casualties,6% Casualties,7% Casualties,8% Casualties,8% Casualties,9% Casualties,9% Casualties,10% Casualties,10% Casualties,10% Casualties,6% Casualties,7% Casualties,8% Casualties,8% Casualties,9% Casualties,10% Casualties,10% Casualties,10% Casualties,10% Casualties,6% Casualties,7% Casualties,8% Casualties,8% Casualties,9% Casualties,9% Casualties,10% Casualties,10% Casualties,10% Casualties,6% Casualties,7% Casualties,8% Casualties,8% Casualties,9% Casualties,10% Casualties,10% Casualties,10% Casualties,10% Casualties,6% Casualties,7% Casualties,8% Casualties,9% Casualties,9% Casualties,9% Casualties,10% Casualties,10% Casualties,10% Casualties,6% Casualties,7% Casualties,8% Casualties,9% Casualties,9% Casualties,10% Casualties,10% Casualties,10% Casualties,10% Casualties,6% Casualties,7% Casualties,8% Casualties,9% Casualties,9% Casualties,10% Casualties,10% Casualties,10% Casualties,10% Casualties,6% Casualties,7% Casualties,8% Casualties,9% Casualties,9% Casualties,10% Casualties,10% Casualties,10% Casualties,10% Casualties,7% Casualties,7% Casualties,8% Casualties,9% Casualties,9% Casualties,10% Casualties,10% Casualties,10% Casualties,10% Casualties,7% Casualties,8% Casualties,8% Casualties,9% Casualties,9% Casualties,10% Casualties,10% Casualties,10% Casualties,10% Casualties,7% Casualties,8% Casualties,8% Casualties,9% Casualties,9% Casualties,10% Casualties,10% Casualties,10% Casualties,10% Casualties,7% Casualties,8% Casualties,8% Casualties,9% Casualties,9% Casualties,10% Casualties,10% Casualties,10% Casualties,10% Casualties,7% Casualties,8% Casualties,9% Casualties,9% Casualties,9% Casualties,10% Casualties,10% Casualties,10% Casualties,10% Casualties,6% Casualties,6% Casualties,7% Casualties,7% Casualties,7% Casualties,8% Casualties,8% Casualties,8% Casualties,8% Casualties,6% Casualties,6% Casualties,7% Casualties,7% Casualties,7% Casualties,8% Casualties,8% Casualties,8% Casualties,8% Casualties,6% Casualties,6% Casualties,7% Casualties,7% Casualties,7% Casualties,8% Casualties,8% Casualties,8% Casualties,8% Casualties,6% Casualties,6% Casualties,7% Casualties,7% Casualties,7% Casualties,8% Casualties,8% Casualties,8% Casualties,8% Casualties,6% Casualties,6% Casualties,7% Casualties,7% Casualties,7% Casualties,8% Casualties,8% Casualties,8% Casualties,8% Casualties,6% Casualties,6% Casualties,7% Casualties,7% Casualties,7% Casualties,8% Casualties,8% Casualties,8% Casualties,8% Casualties
20 CV // 60 RT,5% Casualties,5% Casualties,6% Casualties,7% Casualties,7% Casualties,8% Casualties,8% Casualties,9% Casualties,9% Casualties,6% Casualties,6% Casualties,7% Casualties,8% Casualties,9% Casualties,9% Casualties,10% Casualties,10% Casualties,11% Casualties,5% Casualties,6% Casualties,7% Casualties,8% Casualties,9% Casualties,10% Casualties,10% Casualties,11% Casualties,11% Casualties,6% Casualties,7% Casualties,8% Casualties,8% Casualties,9% Casualties,10% Casualties,11% Casualties,11% Casualties,12% Casualties,6% Casualties,7% Casualties,8% Casualties,9% Casualties,10% Casualties,10% Casualties,11% Casualties,11% Casualties,12% Casualties,6% Casualties,7% Casualties,8% Casualties,9% Casualties,9% Casualties,10% Casualties,11% Casualties,11% Casualties,12% Casualties,6% Casualties,7% Casualties,8% Casualties,9% Casualties,10% Casualties,10% Casualties,11% Casualties,11% Casualties,12% Casualties,6% Casualties,7% Casualties,8% Casualties,9% Casualties,10% Casualties,10% Casualties,11% Casualties,11% Casualties,12% Casualties,6% Casualties,7% Casualties,8% Casualties,9% Casualties,10% Casualties,11% Casualties,11% Casualties,11% Casualties,12% Casualties,6% Casualties,7% Casualties,9% Casualties,9% Casualties,10% Casualties,11% Casualties,11% Casualties,12% Casualties,12% Casualties,7% Casualties,7% Casualties,9% Casualties,9% Casualties,10% Casualties,11% Casualties,11% Casualties,12% Casualties,12% Casualties,7% Casualties,8% Casualties,9% Casualties,9% Casualties,10% Casualties,11% Casualties,11% Casualties,11% Casualties,12% Casualties,7% Casualties,8% Casualties,9% Casualties,10% Casualties,10% Casualties,11% Casualties,11% Casualties,11% Casualties,12% Casualties,7% Casualties,8% Casualties,9% Casualties,10% Casualties,10% Casualties,11% Casualties,11% Casualties,11% Casualties,12% Casualties,7% Casualties,8% Casualties,9% Casualties,10% Casualties,10% Casualties,11% Casualties,11% Casualties,12% Casualties,12% Casualties,7% Casualties,8% Casualties,9% Casualties,10% Casualties,11% Casualties,11% Casualties,11% Casualties,12% Casualties,12% Casualties,7% Casualties,8% Casualties,9% Casualties,10% Casualties,10% Casualties,11% Casualties,11% Casualties,11% Casualties,12% Casualties,7% Casualties,9% Casualties,9% Casualties,10% Casualties,11% Casualties,11% Casualties,11% Casualties,11% Casualties,12% Casualties,7% Casualties,8% Casualties,9% Casualties,10% Casualties,11% Casualties,11% Casualties,11% Casualties,12% Casualties,12% Casualties,6% Casualties,7% Casualties,8% Casualties,8% Casualties,9% Casualties,9% Casualties,9% Casualties,9% Casualties,10% Casualties,6% Casualties,7% Casualties,8% Casualties,8% Casualties,9% Casualties,9% Casualties,9% Casualties,10% Casualties,10% Casualties,6% Casualties,7% Casualties,8% Casualties,8% Casualties,9% Casualties,9% Casualties,9% Casualties,9% Casualties,10% Casualties,7% Casualties,7% Casualties,8% Casualties,9% Casualties,9% Casualties,9% Casualties,9% Casualties,10% Casualties,10% Casualties,7% Casualties,7% Casualties,8% Casualties,9% Casualties,9% Casualties,9% Casualties,9% Casualties,9% Casualties,9% Casualties,6% Casualties,7% Casualties,8% Casualties,8% Casualties,9% Casualties,9% Casualties,9% Casualties,9% Casualties,10% Casualties
20 CV // 50 RT,5% Casualties,6% Casualties,6% Casualties,7% Casualties,8% Casualties,9% Casualties,9% Casualties,10% Casualties,11% Casualties,6% Casualties,7% Casualties,8% Casualties,9% Casualties,10% Casualties,10% Casualties,11% Casualties,12% Casualties,12% Casualties,6% Casualties,7% Casualties,8% Casualties,9% Casualties,10% Casualties,10% Casualties,11% Casualties,12% Casualties,12% Casualties,6% Casualties,7% Casualties,8% Casualties,9% Casualties,10% Casualties,11% Casualties,12% Casualties,12% Casualties,13% Casualties,6% Casualties,8% Casualties,9% Casualties,10% Casualties,11% Casualties,11% Casualties,12% Casualties,13% Casualties,13% Casualties,6% Casualties,7% Casualties,9% Casualties,10% Casualties,11% Casualties,11% Casualties,12% Casualties,13% Casualties,13% Casualties,7% Casualties,8% Casualties,9% Casualties,10% Casualties,11% Casualties,12% Casualties,12% Casualties,13% Casualties,13% Casualties,7% Casualties,8% Casualties,9% Casualties,10% Casualties,11% Casualties,12% Casualties,12% Casualties,13% Casualties,13% Casualties,7% Casualties,8% Casualties,9% Casualties,10% Casualties,11% Casualties,12% Casualties,12% Casualties,13% Casualties,13% Casualties,7% Casualties,8% Casualties,9% Casualties,10% Casualties,11% Casualties,12% Casualties,12% Casualties,13% Casualties,13% Casualties,7% Casualties,8% Casualties,9% Casualties,10% Casualties,11% Casualties,12% Casualties,13% Casualties,13% Casualties,13% Casualties,7% Casualties,9% Casualties,10% Casualties,10% Casualties,11% Casualties,12% Casualties,13% Casualties,13% Casualties,14% Casualties,7% Casualties,9% Casualties,10% Casualties,11% Casualties,12% Casualties,12% Casualties,13% Casualties,13% Casualties,14% Casualties,7% Casualties,9% Casualties,10% Casualties,11% Casualties,12% Casualties,12% Casualties,13% Casualties,13% Casualties,14% Casualties,8% Casualties,9% Casualties,10% Casualties,11% Casualties,12% Casualties,12% Casualties,13% Casualties,13% Casualties,14% Casualties,8% Casualties,9% Casualties,10% Casualties,11% Casualties,12% Casualties,13% Casualties,13% Casualties,13% Casualties,14% Casualties,8% Casualties,9% Casualties,10% Casualties,11% Casualties,12% Casualties,12% Casualties,13% Casualties,13% Casualties,14% Casualties,8% Casualties,9% Casualties,10% Casualties,11% Casualties,12% Casualties,13% Casualties,13% Casualties,13% Casualties,14% Casualties,8% Casualties,10% Casualties,11% Casualties,11% Casualties,12% Casualties,13% Casualties,13% Casualties,14% Casualties,14% Casualties,7% Casualties,8% Casualties,9% Casualties,10% Casualties,11% Casualties,11% Casualties,11% Casualties,11% Casualties,12% Casualties,7% Casualties,9% Casualties,9% Casualties,10% Casualties,11% Casualties,11% Casualties,11% Casualties,12% Casualties,12% Casualties,7% Casualties,8% Casualties,9% Casualties,10% Casualties,11% Casualties,11% Casualties,11% Casualties,12% Casualties,12% Casualties,8% Casualties,9% Casualties,10% Casualties,10% Casualties,11% Casualties,11% Casualties,11% Casualties,12% Casualties,12% Casualties,8% Casualties,9% Casualties,10% Casualties,10% Casualties,11% Casualties,11% Casualties,11% Casualties,12% Casualties,12% Casualties,8% Casualties,9% Casualties,10% Casualties,10% Casualties,11% Casualties,11% Casualties,11% Casualties,11% Casualties,12% Casualties
20 CV // 40 RT,5% Casualties,6% Casualties,7% Casualties,8% Casualties,9% Casualties,10% Casualties,10% Casualties,11% Casualties,12% Casualties,6% Casualties,7% Casualties,8% Casualties,10% Casualties,11% Casualties,11% Casualties,13% Casualties,13% Casualties,14% Casualties,6% Casualties,7% Casualties,8% Casualties,10% Casualties,11% Casualties,12% Casualties,13% Casualties,13% Casualties,14% Casualties,6% Casualties,8% Casualties,9% Casualties,10% Casualties,11% Casualties,12% Casualties,13% Casualties,14% Casualties,15% Casualties,7% Casualties,8% Casualties,9% Casualties,11% Casualties,12% Casualties,13% Casualties,14% Casualties,14% Casualties,15% Casualties,7% Casualties,8% Casualties,9% Casualties,11% Casualties,12% Casualties,13% Casualties,13% Casualties,14% Casualties,15% Casualties,7% Casualties,8% Casualties,10% Casualties,11% Casualties,12% Casualties,13% Casualties,14% Casualties,15% Casualties,15% Casualties,8% Casualties,9% Casualties,10% Casualties,11% Casualties,13% Casualties,13% Casualties,14% Casualties,15% Casualties,16% Casualties,7% Casualties,9% Casualties,10% Casualties,11% Casualties,12% Casualties,13% Casualties,14% Casualties,15% Casualties,16% Casualties,8% Casualties,9% Casualties,10% Casualties,12% Casualties,13% Casualties,14% Casualties,15% Casualties,15% Casualties,16% Casualties,8% Casualties,9% Casualties,10% Casualties,12% Casualties,13% Casualties,14% Casualties,14% Casualties,15% Casualties,16% Casualties,8% Casualties,9% Casualties,11% Casualties,12% Casualties,13% Casualties,14% Casualties,15% Casualties,15% Casualties,16% Casualties,8% Casualties,10% Casualties,11% Casualties,12% Casualties,13% Casualties,14% Casualties,15% Casualties,16% Casualties,16% Casualties,8% Casualties,10% Casualties,11% Casualties,12% Casualties,13% Casualties,14% Casualties,15% Casualties,15% Casualties,16% Casualties,8% Casualties,10% Casualties,11% Casualties,13% Casualties,14% Casualties,15% Casualties,15% Casualties,16% Casualties,16% Casualties,9% Casualties,10% Casualties,12% Casualties,13% Casualties,14% Casualties,15% Casualties,15% Casualties,16% Casualties,16% Casualties,9% Casualties,10% Casualties,12% Casualties,13% Casualties,14% Casualties,15% Casualties,16% Casualties,16% Casualties,16% Casualties,9% Casualties,11% Casualties,12% Casualties,13% Casualties,14% Casualties,15% Casualties,16% Casualties,16% Casualties,16% Casualties,9% Casualties,11% Casualties,12% Casualties,13% Casualties,14% Casualties,15% Casualties,16% Casualties,16% Casualties,16% Casualties,9% Casualties,10% Casualties,11% Casualties,12% Casualties,13% Casualties,14% Casualties,14% Casualties,14% Casualties,15% Casualties,9% Casualties,10% Casualties,11% Casualties,12% Casualties,13% Casualties,14% Casualties,14% Casualties,14% Casualties,15% Casualties,9% Casualties,10% Casualties,12% Casualties,13% Casualties,13% Casualties,14% Casualties,14% Casualties,14% Casualties,15% Casualties,9% Casualties,10% Casualties,12% Casualties,13% Casualties,13% Casualties,14% Casualties,14% Casualties,15% Casualties,15% Casualties,9% Casualties,11% Casualties,12% Casualties,13% Casualties,13% Casualties,14% Casualties,15% Casualties,14% Casualties,15% Casualties,9% Casualties,11% Casualties,12% Casualties,13% Casualties,13% Casualties,14% Casualties,14% Casualties,15% Casualties,15% Casualties
20 CV // 30 RT,5% Casualties,6% Casualties,7% Casualties,8% Casualties,10% Casualties,11% Casualties,12% Casualties,12% Casualties,13% Casualties,6% Casualties,8% Casualties,9% Casualties,11% Casualties,12% Casualties,13% Casualties,14% Casualties,15% Casualties,16% Casualties,6% Casualties,8% Casualties,9% Casualties,11% Casualties,12% Casualties,13% Casualties,14% Casualties,15% Casualties,16% Casualties,7% Casualties,8% Casualties,10% Casualties,11% Casualties,13% Casualties,14% Casualties,15% Casualties,16% Casualties,17% Casualties,7% Casualties,9% Casualties,10% Casualties,12% Casualties,13% Casualties,14% Casualties,15% Casualties,17% Casualties,18% Casualties,7% Casualties,9% Casualties,11% Casualties,12% Casualties,13% Casualties,15% Casualties,15% Casualties,17% Casualties,18% Casualties,8% Casualties,9% Casualties,11% Casualties,12% Casualties,14% Casualties,15% Casualties,16% Casualties,17% Casualties,18% Casualties,8% Casualties,10% Casualties,11% Casualties,13% Casualties,14% Casualties,15% Casualties,17% Casualties,17% Casualties,19% Casualties,8% Casualties,10% Casualties,11% Casualties,13% Casualties,14% Casualties,16% Casualties,17% Casualties,18% Casualties,19% Casualties,8% Casualties,10% Casualties,12% Casualties,13% Casualties,15% Casualties,16% Casualties,17% Casualties,18% Casualties,19% Casualties,8% Casualties,10% Casualties,12% Casualties,14% Casualties,15% Casualties,16% Casualties,17% Casualties,18% Casualties,19% Casualties,9% Casualties,11% Casualties,12% Casualties,14% Casualties,15% Casualties,17% Casualties,17% Casualties,18% Casualties,19% Casualties,9% Casualties,11% Casualties,13% Casualties,15% Casualties,16% Casualties,17% Casualties,18% Casualties,19% Casualties,19% Casualties,9% Casualties,11% Casualties,13% Casualties,15% Casualties,16% Casualties,17% Casualties,18% Casualties,19% Casualties,19% Casualties,10% Casualties,11% Casualties,13% Casualties,15% Casualties,16% Casualties,17% Casualties,18% Casualties,19% Casualties,20% Casualties,10% Casualties,12% Casualties,14% Casualties,15% Casualties,17% Casualties,18% Casualties,19% Casualties,19% Casualties,20% Casualties,10% Casualties,12% Casualties,14% Casualties,15% Casualties,17% Casualties,18% Casualties,19% Casualties,19% Casualties,20% Casualties,11% Casualties,12% Casualties,14% Casualties,16% Casualties,17% Casualties,18% Casualties,19% Casualties,20% Casualties,20% Casualties,10% Casualties,13% Casualties,14% Casualties,16% Casualties,17% Casualties,18% Casualties,19% Casualties,20% Casualties,20% Casualties,10% Casualties,12% Casualties,14% Casualties,15% Casualties,16% Casualties,17% Casualties,18% Casualties,19% Casualties,19% Casualties,11% Casualties,13% Casualties,14% Casualties,15% Casualties,17% Casualties,17% Casualties,18% Casualties,19% Casualties,19% Casualties,11% Casualties,12% Casualties,14% Casualties,16% Casualties,17% Casualties,17% Casualties,18% Casualties,19% Casualties,19% Casualties,11% Casualties,13% Casualties,15% Casualties,16% Casualties,17% Casualties,18% Casualties,18% Casualties,19% Casualties,19% Casualties,11% Casualties,13% Casualties,15% Casualties,16% Casualties,17% Casualties,18% Casualties,18% Casualties,19% Casualties,20% Casualties,11% Casualties,13% Casualties,15% Casualties,16% Casualties,17% Casualties,18% Casualties,18% Casualties,19% Casualties,19% Casualties
20 CV // 20 RT,5% Casualties,7% Casualties,8% Casualties,9% Casualties,11% Casualties,12% Casualties,13% Casualties,14% Casualties,15% Casualties,7% Casualties,9% Casualties,10% Casualties,12% Casualties,14% Casualties,15% Casualties,16% Casualties,17% Casualties,19% Casualties,7% Casualties,8% Casualties,10% Casualties,12% Casualties,13% Casualties,15% Casualties,16% Casualties,18% Casualties,19% Casualties,8% Casualties,10% Casualties,11% Casualties,13% Casualties,15% Casualties,16% Casualties,18% Casualties,19% Casualties,20% Casualties,8% Casualties,10% Casualties,12% Casualties,14% Casualties,16% Casualties,17% Casualties,19% Casualties,20% Casualties,21% Casualties,8% Casualties,10% Casualties,12% Casualties,14% Casualties,15% Casualties,17% Casualties,19% Casualties,20% Casualties,21% Casualties,8% Casualties,11% Casualties,13% Casualties,14% Casualties,16% Casualties,18% Casualties,19% Casualties,21% Casualties,22% Casualties,9% Casualties,11% Casualties,13% Casualties,15% Casualties,17% Casualties,19% Casualties,20% Casualties,21% Casualties,22% Casualties,9% Casualties,11% Casualties,13% Casualties,14% Casualties,17% Casualties,18% Casualties,20% Casualties,21% Casualties,22% Casualties,9% Casualties,12% Casualties,14% Casualties,16% Casualties,18% Casualties,19% Casualties,21% Casualties,22% Casualties,23% Casualties,10% Casualties,12% Casualties,14% Casualties,16% Casualties,18% Casualties,19% Casualties,21% Casualties,22% Casualties,23% Casualties,10% Casualties,12% Casualties,14% Casualties,16% Casualties,18% Casualties,20% Casualties,21% Casualties,23% Casualties,23% Casualties,11% Casualties,13% Casualties,15% Casualties,17% Casualties,19% Casualties,20% Casualties,22% Casualties,23% Casualties,24% Casualties,11% Casualties,13% Casualties,15% Casualties,17% Casualties,19% Casualties,20% Casualties,22% Casualties,23% Casualties,24% Casualties,11% Casualties,14% Casualties,16% Casualties,18% Casualties,20% Casualties,21% Casualties,23% Casualties,23% Casualties,24% Casualties,12% Casualties,14% Casualties,16% Casualties,19% Casualties,20% Casualties,22% Casualties,23% Casualties,24% Casualties,25% Casualties,12% Casualties,14% Casualties,17% Casualties,18% Casualties,20% Casualties,22% Casualties,23% Casualties,24% Casualties,25% Casualties,12% Casualties,15% Casualties,17% Casualties,19% Casualties,21% Casualties,22% Casualties,23% Casualties,24% Casualties,25% Casualties,12% Casualties,15% Casualties,17% Casualties,19% Casualties,21% Casualties,23% Casualties,24% Casualties,25% Casualties,25% Casualties,12% Casualties,15% Casualties,17% Casualties,19% Casualties,21% Casualties,22% Casualties,23% Casualties,24% Casualties,25% Casualties,13% Casualties,15% Casualties,18% Casualties,20% Casualties,21% Casualties,22% Casualties,23% Casualties,24% Casualties,25% Casualties,13% Casualties,15% Casualties,18% Casualties,20% Casualties,21% Casualties,22% Casualties,23% Casualties,24% Casualties,25% Casualties,13% Casualties,16% Casualties,18% Casualties,20% Casualties,22% Casualties,23% Casualties,24% Casualties,25% Casualties,25% Casualties,14% Casualties,17% Casualties,19% Casualties,21% Casualties,22% Casualties,23% Casualties,24% Casualties,25% Casualties,25% Casualties,14% Casualties,17% Casualties,19% Casualties,21% Casualties,22% Casualties,23% Casualties,24% Casualties,25% Casualties,25% Casualties
20 CV // 10 RT,6% Casualties,7% Casualties,9% Casualties,11% Casualties,12% Casualties,14% Casualties,15% Casualties,17% Casualties,18% Casualties,8% Casualties,9% Casualties,12% Casualties,13% Casualties,16% Casualties,17% Casualties,19% Casualties,21% Casualties,22% Casualties,8% Casualties,10% Casualties,11% Casualties,13% Casualties,15% Casualties,17% Casualties,19% Casualties,21% Casualties,22% Casualties,8% Casualties,10% Casualties,13% Casualties,15% Casualties,17% Casualties,19% Casualties,21% Casualties,23% Casualties,25% Casualties,9% Casualties,11% Casualties,14% Casualties,16% Casualties,18% Casualties,20% Casualties,22% Casualties,24% Casualties,26% Casualties,9% Casualties,11% Casualties,13% Casualties,16% Casualties,18% Casualties,20% Casualties,22% Casualties,24% Casualties,25% Casualties,10% Casualties,12% Casualties,15% Casualties,17% Casualties,19% Casualties,21% Casualties,23% Casualties,25% Casualties,26% Casualties,10% Casualties,13% Casualties,15% Casualties,18% Casualties,20% Casualties,22% Casualties,24% Casualties,26% Casualties,28% Casualties,10% Casualties,13% Casualties,15% Casualties,18% Casualties,20% Casualties,22% Casualties,24% Casualties,26% Casualties,27% Casualties,11% Casualties,14% Casualties,16% Casualties,19% Casualties,21% Casualties,24% Casualties,25% Casualties,27% Casualties,28% Casualties,11% Casualties,14% Casualties,16% Casualties,19% Casualties,21% Casualties,23% Casualties,25% Casualties,27% Casualties,29% Casualties,12% Casualties,14% Casualties,17% Casualties,19% Casualties,22% Casualties,24% Casualties,26% Casualties,28% Casualties,29% Casualties,12% Casualties,15% Casualties,18% Casualties,21% Casualties,23% Casualties,25% Casualties,27% Casualties,29% Casualties,30% Casualties,12% Casualties,15% Casualties,18% Casualties,20% Casualties,23% Casualties,25% Casualties,27% Casualties,29% Casualties,30% Casualties,13% Casualties,16% Casualties,19% Casualties,22% Casualties,24% Casualties,26% Casualties,28% Casualties,29% Casualties,31% Casualties,14% Casualties,17% Casualties,20% Casualties,23% Casualties,25% Casualties,27% Casualties,29% Casualties,30% Casualties,31% Casualties,14% Casualties,17% Casualties,19% Casualties,22% Casualties,25% Casualties,27% Casualties,29% Casualties,30% Casualties,31% Casualties,14% Casualties,18% Casualties,21% Casualties,23% Casualties,26% Casualties,27% Casualties,29% Casualties,31% Casualties,32% Casualties,14% Casualties,18% Casualties,21% Casualties,23% Casualties,26% Casualties,28% Casualties,30% Casualties,31% Casualties,32% Casualties,15% Casualties,18% Casualties,21% Casualties,24% Casualties,26% Casualties,28% Casualties,29% Casualties,31% Casualties,32% Casualties,16% Casualties,19% Casualties,22% Casualties,25% Casualties,27% Casualties,29% Casualties,30% Casualties,31% Casualties,32% Casualties,16% Casualties,19% Casualties,22% Casualties,25% Casualties,27% Casualties,28% Casualties,30% Casualties,31% Casualties,32% Casualties,17% Casualties,20% Casualties,23% Casualties,25% Casualties,27% Casualties,29% Casualties,31% Casualties,32% Casualties,32% Casualties,17% Casualties,21% Casualties,24% Casualties,26% Casualties,28% Casualties,30% Casualties,31% Casualties,32% Casualties,33% Casualties,18% Casualties,21% Casualties,24% Casualties,26% Casualties,28% Casualties,30% Casualties,31% Casualties,32% Casualties,33% Casualties
20 CV // 0 RT,7% Casualties,8% Casualties,10% Casualties,12% Casualties,14% Casualties,16% Casualties,18% Casualties,19% Casualties,21% Casualties,8% Casualties,11% Casualties,13% Casualties,15% Casualties,18% Casualties,20% Casualties,22% Casualties,25% Casualties,27% Casualties,8% Casualties,11% Casualties,13% Casualties,15% Casualties,18% Casualties,20% Casualties,22% Casualties,25% Casualties,27% Casualties,9% Casualties,12% Casualties,14% Casualties,17% Casualties,20% Casualties,22% Casualties,25% Casualties,27% Casualties,30% Casualties,10% Casualties,13% Casualties,16% Casualties,18% Casualties,21% Casualties,24% Casualties,26% Casualties,29% Casualties,31% Casualties,10% Casualties,13% Casualties,16% Casualties,18% Casualties,21% Casualties,24% Casualties,26% Casualties,29% Casualties,31% Casualties,11% Casualties,14% Casualties,17% Casualties,19% Casualties,23% Casualties,25% Casualties,28% Casualties,30% Casualties,32% Casualties,11% Casualties,15% Casualties,18% Casualties,21% Casualties,24% Casualties,26% Casualties,29% Casualties,32% Casualties,34% Casualties,11% Casualties,14% Casualties,18% Casualties,21% Casualties,24% Casualties,27% Casualties,29% Casualties,31% Casualties,33% Casualties,12% Casualties,15% Casualties,19% Casualties,22% Casualties,25% Casualties,28% Casualties,31% Casualties,33% Casualties,35% Casualties,12% Casualties,16% Casualties,19% Casualties,22% Casualties,25% Casualties,28% Casualties,31% Casualties,33% Casualties,35% Casualties,13% Casualties,17% Casualties,20% Casualties,24% Casualties,26% Casualties,29% Casualties,32% Casualties,34% Casualties,36% Casualties,14% Casualties,17% Casualties,21% Casualties,25% Casualties,27% Casualties,30% Casualties,33% Casualties,35% Casualties,37% Casualties,14% Casualties,18% Casualties,21% Casualties,25% Casualties,28% Casualties,31% Casualties,33% Casualties,35% Casualties,37% Casualties,15% Casualties,18% Casualties,22% Casualties,26% Casualties,29% Casualties,32% Casualties,34% Casualties,36% Casualties,38% Casualties,16% Casualties,20% Casualties,24% Casualties,27% Casualties,30% Casualties,33% Casualties,35% Casualties,37% Casualties,39% Casualties,16% Casualties,20% Casualties,24% Casualties,27% Casualties,30% Casualties,33% Casualties,35% Casualties,38% Casualties,39% Casualties,17% Casualties,21% Casualties,25% Casualties,29% Casualties,32% Casualties,34% Casualties,36% Casualties,38% Casualties,40% Casualties,17% Casualties,21% Casualties,25% Casualties,28% Casualties,31% Casualties,34% Casualties,36% Casualties,38% Casualties,40% Casualties,18% Casualties,22% Casualties,26% Casualties,29% Casualties,33% Casualties,35% Casualties,37% Casualties,39% Casualties,40% Casualties,19% Casualties,23% Casualties,27% Casualties,30% Casualties,34% Casualties,36% Casualties,38% Casualties,40% Casualties,41% Casualties,19% Casualties,23% Casualties,27% Casualties,30% Casualties,34% Casualties,36% Casualties,38% Casualties,40% Casualties,41% Casualties,20% Casualties,24% Casualties,28% Casualties,32% Casualties,35% Casualties,37% Casualties,39% Casualties,40% Casualties,41% Casualties,21% Casualties,25% Casualties,30% Casualties,33% Casualties,35% Casualties,38% Casualties,39% Casualties,41% Casualties,42% Casualties,21% Casualties,25% Casualties,30% Casualties,33% Casualties,36% Casualties,38% Casualties,40% Casualties,41% Casualties,42% Casualties
25 CV // 80 RT,4% Casualties,5% Casualties,5% Casualties,6% Casualties,6% Casualties,6% Casualties,7% Casualties,7% Casualties,7% Casualties,5% Casualties,5% Casualties,6% Casualties,7% Casualties,7% Casualties,7% Casualties,8% Casualties,8% Casualties,8% Casualties,5% Casualties,6% Casualties,6% Casualties,7% Casualties,8% Casualties,8% Casualties,8% Casualties,9% Casualties,9% Casualties,5% Casualties,6% Casualties,6% Casualties,7% Casualties,7% Casualties,8% Casualties,8% Casualties,9% Casualties,9% Casualties,5% Casualties,6% Casualties,7% Casualties,7% Casualties,8% Casualties,8% Casualties,9% Casualties,9% Casualties,9% Casualties,5% Casualties,6% Casualties,7% Casualties,7% Casualties,8% Casualties,8% Casualties,9% Casualties,9% Casualties,9% Casualties,5% Casualties,6% Casualties,7% Casualties,8% Casualties,8% Casualties,8% Casualties,9% Casualties,9% Casualties,9% Casualties,6% Casualties,6% Casualties,7% Casualties,8% Casualties,8% Casualties,8% Casualties,9% Casualties,9% Casualties,9% Casualties,6% Casualties,6% Casualties,7% Casualties,8% Casualties,8% Casualties,9% Casualties,9% Casualties,9% Casualties,9% Casualties,6% Casualties,6% Casualties,7% Casualties,8% Casualties,8% Casualties,9% Casualties,9% Casualties,9% Casualties,9% Casualties,6% Casualties,6% Casualties,7% Casualties,8% Casualties,8% Casualties,8% Casualties,9% Casualties,9% Casualties,9% Casualties,6% Casualties,7% Casualties,7% Casualties,8% Casualties,8% Casualties,9% Casualties,9% Casualties,9% Casualties,9% Casualties,6% Casualties,7% Casualties,7% Casualties,8% Casualties,8% Casualties,9% Casualties,9% Casualties,9% Casualties,9% Casualties,6% Casualties,7% Casualties,7% Casualties,8% Casualties,8% Casualties,9% Casualties,9% Casualties,9% Casualties,9% Casualties,6% Casualties,7% Casualties,7% Casualties,8% Casualties,8% Casualties,9% Casualties,9% Casualties,9% Casualties,9% Casualties,6% Casualties,7% Casualties,7% Casualties,8% Casualties,8% Casualties,9% Casualties,9% Casualties,9% Casualties,9% Casualties,6% Casualties,7% Casualties,7% Casualties,8% Casualties,8% Casualties,9% Casualties,9% Casualties,9% Casualties,9% Casualties,6% Casualties,7% Casualties,7% Casualties,8% Casualties,8% Casualties,9% Casualties,9% Casualties,9% Casualties,9% Casualties,6% Casualties,7% Casualties,8% Casualties,8% Casualties,8% Casualties,9% Casualties,9% Casualties,9% Casualties,9% Casualties,5% Casualties,5% Casualties,6% Casualties,6% Casualties,6% Casualties,7% Casualties,7% Casualties,7% Casualties,7% Casualties,5% Casualties,5% Casualties,6% Casualties,6% Casualties,6% Casualties,7% Casualties,7% Casualties,7% Casualties,7% Casualties,5% Casualties,5% Casualties,6% Casualties,6% Casualties,6% Casualties,7% Casualties,7% Casualties,7% Casualties,7% Casualties,5% Casualties,5% Casualties,6% Casualties,6% Casualties,6% Casualties,7% Casualties,7% Casualties,7% Casualties,7% Casualties,5% Casualties,5% Casualties,6% Casualties,6% Casualties,6% Casualties,7% Casualties,7% Casualties,7% Casualties,7% Casualties,5% Casualties,5% Casualties,6% Casualties,6% Casualties,6% Casualties,7% Casualties,7% Casualties,7% Casualties,7% Casualties
25 CV // 70 RT,4% Casualties,5% Casualties,5% Casualties,6% Casualties,7% Casualties,7% Casualties,7% Casualties,8% Casualties,8% Casualties,5% Casualties,6% Casualties,6% Casualties,7% Casualties,7% Casualties,8% Casualties,8% Casualties,9% Casualties,9% Casualties,5% Casualties,6% Casualties,7% Casualties,8% Casualties,8% Casualties,9% Casualties,9% Casualties,10% Casualties,10% Casualties,5% Casualties,6% Casualties,7% Casualties,8% Casualties,8% Casualties,9% Casualties,9% Casualties,10% Casualties,10% Casualties,6% Casualties,6% Casualties,7% Casualties,8% Casualties,9% Casualties,9% Casualties,10% Casualties,10% Casualties,10% Casualties,6% Casualties,6% Casualties,7% Casualties,8% Casualties,9% Casualties,9% Casualties,10% Casualties,10% Casualties,10% Casualties,6% Casualties,7% Casualties,7% Casualties,8% Casualties,9% Casualties,9% Casualties,10% Casualties,10% Casualties,10% Casualties,6% Casualties,7% Casualties,7% Casualties,8% Casualties,9% Casualties,9% Casualties,10% Casualties,10% Casualties,10% Casualties,6% Casualties,7% Casualties,8% Casualties,8% Casualties,9% Casualties,9% Casualties,10% Casualties,10% Casualties,10% Casualties,6% Casualties,7% Casualties,8% Casualties,8% Casualties,9% Casualties,9% Casualties,10% Casualties,10% Casualties,10% Casualties,6% Casualties,7% Casualties,8% Casualties,8% Casualties,9% Casualties,9% Casualties,10% Casualties,10% Casualties,10% Casualties,6% Casualties,7% Casualties,8% Casualties,8% Casualties,9% Casualties,10% Casualties,10% Casualties,10% Casualties,10% Casualties,6% Casualties,7% Casualties,8% Casualties,9% Casualties,9% Casualties,10% Casualties,10% Casualties,10% Casualties,10% Casualties,6% Casualties,7% Casualties,8% Casualties,9% Casualties,9% Casualties,9% Casualties,10% Casualties,10% Casualties,10% Casualties,6% Casualties,7% Casualties,8% Casualties,9% Casualties,9% Casualties,10% Casualties,10% Casualties,10% Casualties,10% Casualties,6% Casualties,7% Casualties,8% Casualties,9% Casualties,9% Casualties,10% Casualties,10% Casualties,10% Casualties,10% Casualties,6% Casualties,7% Casualties,8% Casualties,9% Casualties,9% Casualties,10% Casualties,10% Casualties,10% Casualties,10% Casualties,6% Casualties,7% Casualties,8% Casualties,9% Casualties,9% Casualties,10% Casualties,10% Casualties,10% Casualties,10% Casualties,7% Casualties,7% Casualties,8% Casualties,9% Casualties,9% Casualties,10% Casualties,10% Casualties,10% Casualties,10% Casualties,5% Casualties,6% Casualties,7% Casualties,7% Casualties,7% Casualties,8% Casualties,8% Casualties,8% Casualties,8% Casualties,5% Casualties,6% Casualties,7% Casualties,7% Casualties,7% Casualties,8% Casualties,8% Casualties,8% Casualties,8% Casualties,5% Casualties,6% Casualties,7% Casualties,7% Casualties,7% Casualties,8% Casualties,8% Casualties,8% Casualties,8% Casualties,5% Casualties,6% Casualties,7% Casualties,7% Casualties,7% Casualties,8% Casualties,8% Casualties,8% Casualties,8% Casualties,5% Casualties,6% Casualties,7% Casualties,7% Casualties,7% Casualties,8% Casualties,8% Casualties,8% Casualties,8% Casualties,6% Casualties,6% Casualties,7% Casualties,7% Casualties,7% Casualties,8% Casualties,8% Casualties,8% Casualties,8% Casualties
25 CV // 60 RT,4% Casualties,5% Casualties,6% Casualties,6% Casualties,7% Casualties,7% Casualties,8% Casualties,8% Casualties,9% Casualties,5% Casualties,6% Casualties,7% Casualties,7% Casualties,8% Casualties,9% Casualties,9% Casualties,10% Casualties,10% Casualties,5% Casualties,6% Casualties,7% Casualties,8% Casualties,9% Casualties,9% Casualties,10% Casualties,11% Casualties,11% Casualties,5% Casualties,6% Casualties,7% Casualties,8% Casualties,9% Casualties,9% Casualties,10% Casualties,11% Casualties,11% Casualties,6% Casualties,7% Casualties,8% Casualties,9% Casualties,9% Casualties,10% Casualties,11% Casualties,11% Casualties,12% Casualties,6% Casualties,7% Casualties,8% Casualties,9% Casualties,9% Casualties,10% Casualties,10% Casualties,11% Casualties,12% Casualties,6% Casualties,7% Casualties,8% Casualties,9% Casualties,10% Casualties,10% Casualties,11% Casualties,11% Casualties,12% Casualties,6% Casualties,7% Casualties,8% Casualties,9% Casualties,10% Casualties,10% Casualties,11% Casualties,11% Casualties,12% Casualties,6% Casualties,7% Casualties,8% Casualties,9% Casualties,10% Casualties,10% Casualties,11% Casualties,11% Casualties,12% Casualties,6% Casualties,7% Casualties,8% Casualties,9% Casualties,10% Casualties,11% Casualties,11% Casualties,11% Casualties,12% Casualties,6% Casualties,7% Casualties,8% Casualties,9% Casualties,10% Casualties,11% Casualties,11% Casualties,11% Casualties,12% Casualties,6% Casualties,7% Casualties,8% Casualties,9% Casualties,10% Casualties,10% Casualties,11% Casualties,11% Casualties,12% Casualties,6% Casualties,7% Casualties,9% Casualties,9% Casualties,10% Casualties,11% Casualties,11% Casualties,11% Casualties,12% Casualties,7% Casualties,8% Casualties,8% Casualties,9% Casualties,10% Casualties,11% Casualties,11% Casualties,11% Casualties,12% Casualties,7% Casualties,8% Casualties,9% Casualties,9% Casualties,10% Casualties,11% Casualties,11% Casualties,12% Casualties,12% Casualties,7% Casualties,8% Casualties,9% Casualties,10% Casualties,10% Casualties,11% Casualties,11% Casualties,11% Casualties,12% Casualties,7% Casualties,8% Casualties,9% Casualties,10% Casualties,10% Casualties,11% Casualties,11% Casualties,11% Casualties,12% Casualties,7% Casualties,8% Casualties,9% Casualties,10% Casualties,10% Casualties,11% Casualties,11% Casualties,11% Casualties,12% Casualties,7% Casualties,8% Casualties,9% Casualties,10% Casualties,10% Casualties,11% Casualties,11% Casualties,11% Casualties,12% Casualties,6% Casualties,7% Casualties,7% Casualties,8% Casualties,9% Casualties,9% Casualties,9% Casualties,10% Casualties,10% Casualties,6% Casualties,7% Casualties,8% Casualties,8% Casualties,9% Casualties,9% Casualties,9% Casualties,10% Casualties,10% Casualties,6% Casualties,7% Casualties,8% Casualties,8% Casualties,9% Casualties,9% Casualties,9% Casualties,10% Casualties,10% Casualties,6% Casualties,7% Casualties,8% Casualties,8% Casualties,9% Casualties,9% Casualties,9% Casualties,10% Casualties,10% Casualties,6% Casualties,7% Casualties,8% Casualties,8% Casualties,9% Casualties,9% Casualties,9% Casualties,9% Casualties,10% Casualties,6% Casualties,7% Casualties,8% Casualties,8% Casualties,9% Casualties,9% Casualties,9% Casualties,10% Casualties,10% Casualties
25 CV // 50 RT,4% Casualties,5% Casualties,6% Casualties,7% Casualties,7% Casualties,8% Casualties,9% Casualties,9% Casualties,10% Casualties,5% Casualties,6% Casualties,7% Casualties,8% Casualties,9% Casualties,10% Casualties,10% Casualties,11% Casualties,11% Casualties,6% Casualties,7% Casualties,8% Casualties,9% Casualties,10% Casualties,10% Casualties,11% Casualties,12% Casualties,12% Casualties,6% Casualties,7% Casualties,8% Casualties,9% Casualties,10% Casualties,10% Casualties,11% Casualties,12% Casualties,12% Casualties,6% Casualties,7% Casualties,8% Casualties,9% Casualties,10% Casualties,11% Casualties,12% Casualties,12% Casualties,13% Casualties,6% Casualties,7% Casualties,8% Casualties,9% Casualties,10% Casualties,11% Casualties,12% Casualties,12% Casualties,13% Casualties,6% Casualties,7% Casualties,9% Casualties,10% Casualties,10% Casualties,11% Casualties,12% Casualties,13% Casualties,13% Casualties,6% Casualties,7% Casualties,9% Casualties,10% Casualties,11% Casualties,11% Casualties,12% Casualties,13% Casualties,13% Casualties,7% Casualties,8% Casualties,9% Casualties,10% Casualties,11% Casualties,11% Casualties,12% Casualties,13% Casualties,13% Casualties,7% Casualties,8% Casualties,9% Casualties,10% Casualties,11% Casualties,12% Casualties,12% Casualties,13% Casualties,13% Casualties,7% Casualties,8% Casualties,9% Casualties,10% Casualties,11% Casualties,12% Casualties,12% Casualties,13% Casualties,13% Casualties,7% Casualties,8% Casualties,9% Casualties,10% Casualties,11% Casualties,12% Casualties,12% Casualties,13% Casualties,13% Casualties,7% Casualties,8% Casualties,9% Casualties,10% Casualties,11% Casualties,12% Casualties,13% Casualties,13% Casualties,13% Casualties,7% Casualties,8% Casualties,9% Casualties,10% Casualties,11% Casualties,12% Casualties,12% Casualties,13% Casualties,13% Casualties,7% Casualties,8% Casualties,10% Casualties,10% Casualties,11% Casualties,12% Casualties,13% Casualties,13% Casualties,14% Casualties,7% Casualties,8% Casualties,10% Casualties,10% Casualties,11% Casualties,12% Casualties,13% Casualties,13% Casualties,14% Casualties,7% Casualties,9% Casualties,10% Casualties,11% Casualties,12% Casualties,12% Casualties,13% Casualties,13% Casualties,14% Casualties,7% Casualties,9% Casualties,10% Casualties,11% Casualties,12% Casualties,12% Casualties,13% Casualties,13% Casualties,13% Casualties,8% Casualties,9% Casualties,10% Casualties,11% Casualties,12% Casualties,12% Casualties,13% Casualties,13% Casualties,14% Casualties,7% Casualties,8% Casualties,9% Casualties,10% Casualties,10% Casualties,11% Casualties,11% Casualties,11% Casualties,12% Casualties,7% Casualties,8% Casualties,9% Casualties,10% Casualties,10% Casualties,11% Casualties,11% Casualties,12% Casualties,12% Casualties,7% Casualties,8% Casualties,9% Casualties,10% Casualties,10% Casualties,11% Casualties,11% Casualties,12% Casualties,12% Casualties,7% Casualties,8% Casualties,9% Casualties,10% Casualties,11% Casualties,11% Casualties,11% Casualties,12% Casualties,12% Casualties,7% Casualties,8% Casualties,9% Casualties,10% Casualties,10% Casualties,11% Casualties,11% Casualties,12% Casualties,12% Casualties,7% Casualties,8% Casualties,9% Casualties,10% Casualties,10% Casualties,11% Casualties,11% Casualties,12% Casualties,12% Casualties
25 CV // 40 RT,4% Casualties,5% Casualties,6% Casualties,7% Casualties,8% Casualties,9% Casualties,9% Casualties,10% Casualties,11% Casualties,5% Casualties,7% Casualties,8% Casualties,9% Casualties,10% Casualties,10% Casualties,11% Casualties,12% Casualties,13% Casualties,6% Casualties,7% Casualties,8% Casualties,9% Casualties,11% Casualties,11% Casualties,12% Casualties,13% Casualties,14% Casualties,6% Casualties,7% Casualties,8% Casualties,10% Casualties,10% Casualties,12% Casualties,12% Casualties,13% Casualties,14% Casualties,6% Casualties,8% Casualties,9% Casualties,10% Casualties,11% Casualties,12% Casualties,13% Casualties,14% Casualties,15% Casualties,7% Casualties,8% Casualties,9% Casualties,10% Casualties,11% Casualties,12% Casualties,13% Casualties,14% Casualties,15% Casualties,7% Casualties,8% Casualties,9% Casualties,11% Casualties,12% Casualties,13% Casualties,14% Casualties,14% Casualties,15% Casualties,7% Casualties,8% Casualties,9% Casualties,10% Casualties,12% Casualties,13% Casualties,14% Casualties,14% Casualties,15% Casualties,7% Casualties,9% Casualties,10% Casualties,11% Casualties,12% Casualties,13% Casualties,14% Casualties,15% Casualties,15% Casualties,7% Casualties,9% Casualties,10% Casualties,11% Casualties,13% Casualties,13% Casualties,14% Casualties,15% Casualties,16% Casualties,7% Casualties,9% Casualties,10% Casualties,11% Casualties,12% Casualties,13% Casualties,14% Casualties,15% Casualties,15% Casualties,7% Casualties,9% Casualties,10% Casualties,11% Casualties,13% Casualties,13% Casualties,14% Casualties,15% Casualties,15% Casualties,8% Casualties,9% Casualties,11% Casualties,12% Casualties,13% Casualties,14% Casualties,14% Casualties,15% Casualties,16% Casualties,8% Casualties,9% Casualties,11% Casualties,12% Casualties,13% Casualties,14% Casualties,14% Casualties,15% Casualties,16% Casualties,8% Casualties,9% Casualties,11% Casualties,12% Casualties,13% Casualties,14% Casualties,15% Casualties,15% Casualties,16% Casualties,8% Casualties,9% Casualties,11% Casualties,12% Casualties,13% Casualties,14% Casualties,15% Casualties,15% Casualties,16% Casualties,8% Casualties,10% Casualties,11% Casualties,12% Casualties,13% Casualties,14% Casualties,15% Casualties,16% Casualties,16% Casualties,8% Casualties,10% Casualties,11% Casualties,12% Casualties,14% Casualties,14% Casualties,15% Casualties,15% Casualties,16% Casualties,9% Casualties,10% Casualties,11% Casualties,13% Casualties,14% Casualties,15% Casualties,15% Casualties,16% Casualties,16% Casualties,8% Casualties,9% Casualties,10% Casualties,11% Casualties,12% Casualties,13% Casualties,14% Casualties,14% Casualties,15% Casualties,8% Casualties,9% Casualties,11% Casualties,12% Casualties,13% Casualties,13% Casualties,14% Casualties,14% Casualties,15% Casualties,8% Casualties,9% Casualties,11% Casualties,12% Casualties,12% Casualties,13% Casualties,14% Casualties,14% Casualties,15% Casualties,8% Casualties,10% Casualties,11% Casualties,12% Casualties,13% Casualties,13% Casualties,14% Casualties,14% Casualties,15% Casualties,8% Casualties,10% Casualties,11% Casualties,12% Casualties,13% Casualties,14% Casualties,14% Casualties,15% Casualties,15% Casualties,9% Casualties,10% Casualties,11% Casualties,12% Casualties,13% Casualties,14% Casualties,14% Casualties,14% Casualties,15% Casualties
25 CV // 30 RT,5% Casualties,6% Casualties,7% Casualties,8% Casualties,9% Casualties,10% Casualties,10% Casualties,11% Casualties,12% Casualties,6% Casualties,7% Casualties,8% Casualties,9% Casualties,11% Casualties,12% Casualties,13% Casualties,14% Casualties,15% Casualties,7% Casualties,8% Casualties,9% Casualties,11% Casualties,12% Casualties,13% Casualties,14% Casualties,15% Casualties,16% Casualties,7% Casualties,8% Casualties,9% Casualties,11% Casualties,12% Casualties,13% Casualties,14% Casualties,15% Casualties,16% Casualties,7% Casualties,9% Casualties,10% Casualties,11% Casualties,13% Casualties,14% Casualties,15% Casualties,16% Casualties,17% Casualties,7% Casualties,8% Casualties,10% Casualties,11% Casualties,13% Casualties,14% Casualties,15% Casualties,16% Casualties,17% Casualties,7% Casualties,9% Casualties,11% Casualties,12% Casualties,14% Casualties,15% Casualties,16% Casualties,17% Casualties,18% Casualties,7% Casualties,9% Casualties,10% Casualties,12% Casualties,13% Casualties,15% Casualties,16% Casualties,17% Casualties,17% Casualties,8% Casualties,9% Casualties,11% Casualties,13% Casualties,14% Casualties,15% Casualties,16% Casualties,17% Casualties,18% Casualties,8% Casualties,10% Casualties,11% Casualties,13% Casualties,15% Casualties,15% Casualties,17% Casualties,17% Casualties,18% Casualties,8% Casualties,10% Casualties,11% Casualties,13% Casualties,14% Casualties,16% Casualties,17% Casualties,18% Casualties,19% Casualties,8% Casualties,10% Casualties,11% Casualties,13% Casualties,14% Casualties,16% Casualties,17% Casualties,18% Casualties,18% Casualties,8% Casualties,10% Casualties,12% Casualties,13% Casualties,15% Casualties,16% Casualties,17% Casualties,18% Casualties,19% Casualties,9% Casualties,10% Casualties,12% Casualties,14% Casualties,15% Casualties,16% Casualties,17% Casualties,18% Casualties,19% Casualties,9% Casualties,11% Casualties,12% Casualties,14% Casualties,16% Casualties,16% Casualties,17% Casualties,19% Casualties,19% Casualties,9% Casualties,11% Casualties,12% Casualties,14% Casualties,15% Casualties,17% Casualties,18% Casualties,18% Casualties,19% Casualties,9% Casualties,11% Casualties,13% Casualties,14% Casualties,16% Casualties,17% Casualties,18% Casualties,19% Casualties,20% Casualties,9% Casualties,11% Casualties,13% Casualties,15% Casualties,16% Casualties,17% Casualties,18% Casualties,19% Casualties,19% Casualties,10% Casualties,11% Casualties,13% Casualties,15% Casualties,16% Casualties,17% Casualties,18% Casualties,19% Casualties,20% Casualties,9% Casualties,11% Casualties,12% Casualties,14% Casualties,15% Casualties,16% Casualties,17% Casualties,18% Casualties,18% Casualties,10% Casualties,11% Casualties,13% Casualties,14% Casualties,16% Casualties,17% Casualties,17% Casualties,18% Casualties,19% Casualties,9% Casualties,11% Casualties,13% Casualties,14% Casualties,16% Casualties,16% Casualties,17% Casualties,18% Casualties,19% Casualties,10% Casualties,12% Casualties,13% Casualties,15% Casualties,16% Casualties,17% Casualties,18% Casualties,18% Casualties,18% Casualties,10% Casualties,12% Casualties,13% Casualties,15% Casualties,16% Casualties,17% Casualties,18% Casualties,18% Casualties,18% Casualties,10% Casualties,12% Casualties,14% Casualties,15% Casualties,16% Casualties,17% Casualties,18% Casualties,18% Casualties,19% Casualties
25 CV // 20 RT,5% Casualties,6% Casualties,7% Casualties,9% Casualties,10% Casualties,11% Casualties,12% Casualties,13% Casualties,14% Casualties,6% Casualties,8% Casualties,9% Casualties,11% Casualties,12% Casualties,13% Casualties,15% Casualties,16% Casualties,17% Casualties,7% Casualties,8% Casualties,10% Casualties,12% Casualties,13% Casualties,15% Casualties,16% Casualties,18% Casualties,19% Casualties,7% Casualties,9% Casualties,10% Casualties,12% Casualties,13% Casualties,15% Casualties,16% Casualties,18% Casualties,19% Casualties,8% Casualties,9% Casualties,11% Casualties,13% Casualties,15% Casualties,16% Casualties,18% Casualties,19% Casualties,21% Casualties,7% Casualties,9% Casualties,11% Casualties,13% Casualties,15% Casualties,16% Casualties,18% Casualties,19% Casualties,20% Casualties,8% Casualties,10% Casualties,12% Casualties,14% Casualties,15% Casualties,17% Casualties,18% Casualties,20% Casualties,21% Casualties,8% Casualties,10% Casualties,12% Casualties,14% Casualties,15% Casualties,17% Casualties,18% Casualties,20% Casualties,21% Casualties,8% Casualties,10% Casualties,13% Casualties,14% Casualties,16% Casualties,18% Casualties,19% Casualties,20% Casualties,22% Casualties,9% Casualties,11% Casualties,13% Casualties,15% Casualties,17% Casualties,18% Casualties,20% Casualties,21% Casualties,22% Casualties,9% Casualties,11% Casualties,13% Casualties,15% Casualties,17% Casualties,18% Casualties,20% Casualties,21% Casualties,23% Casualties,9% Casualties,11% Casualties,13% Casualties,15% Casualties,17% Casualties,18% Casualties,20% Casualties,21% Casualties,22% Casualties,10% Casualties,12% Casualties,14% Casualties,16% Casualties,18% Casualties,19% Casualties,21% Casualties,22% Casualties,23% Casualties,10% Casualties,12% Casualties,14% Casualties,16% Casualties,17% Casualties,19% Casualties,21% Casualties,22% Casualties,23% Casualties,10% Casualties,12% Casualties,15% Casualties,17% Casualties,18% Casualties,20% Casualties,21% Casualties,22% Casualties,23% Casualties,10% Casualties,12% Casualties,14% Casualties,16% Casualties,18% Casualties,20% Casualties,21% Casualties,22% Casualties,23% Casualties,11% Casualties,13% Casualties,15% Casualties,17% Casualties,19% Casualties,21% Casualties,22% Casualties,23% Casualties,24% Casualties,11% Casualties,13% Casualties,15% Casualties,17% Casualties,19% Casualties,21% Casualties,22% Casualties,23% Casualties,24% Casualties,11% Casualties,13% Casualties,16% Casualties,18% Casualties,20% Casualties,21% Casualties,23% Casualties,23% Casualties,24% Casualties,11% Casualties,13% Casualties,15% Casualties,17% Casualties,19% Casualties,20% Casualties,22% Casualties,22% Casualties,23% Casualties,11% Casualties,14% Casualties,16% Casualties,18% Casualties,20% Casualties,21% Casualties,22% Casualties,23% Casualties,24% Casualties,11% Casualties,14% Casualties,16% Casualties,18% Casualties,19% Casualties,21% Casualties,22% Casualties,23% Casualties,24% Casualties,12% Casualties,14% Casualties,16% Casualties,18% Casualties,20% Casualties,21% Casualties,22% Casualties,23% Casualties,24% Casualties,12% Casualties,14% Casualties,16% Casualties,18% Casualties,20% Casualties,22% Casualties,22% Casualties,23% Casualties,24% Casualties,12% Casualties,15% Casualties,17% Casualties,19% Casualties,20% Casualties,22% Casualties,23% Casualties,24% Casualties,25% Casualties
25 CV // 10 RT,5% Casualties,7% Casualties,8% Casualties,10% Casualties,11% Casualties,12% Casualties,14% Casualties,15% Casualties,16% Casualties,7% Casualties,8% Casualties,10% Casualties,12% Casualties,14% Casualties,15% Casualties,17% Casualties,18% Casualties,20% Casualties,8% Casualties,10% Casualties,12% Casualties,14% Casualties,16% Casualties,17% Casualties,19% Casualties,21% Casualties,22% Casualties,8% Casualties,10% Casualties,11% Casualties,14% Casualties,15% Casualties,17% Casualties,19% Casualties,21% Casualties,22% Casualties,8% Casualties,11% Casualties,13% Casualties,15% Casualties,17% Casualties,19% Casualties,21% Casualties,23% Casualties,25% Casualties,8% Casualties,11% Casualties,13% Casualties,15% Casualties,17% Casualties,19% Casualties,21% Casualties,23% Casualties,24% Casualties,9% Casualties,11% Casualties,13% Casualties,16% Casualties,18% Casualties,20% Casualties,22% Casualties,24% Casualties,25% Casualties,9% Casualties,11% Casualties,14% Casualties,16% Casualties,18% Casualties,20% Casualties,22% Casualties,24% Casualties,25% Casualties,10% Casualties,12% Casualties,14% Casualties,16% Casualties,19% Casualties,21% Casualties,23% Casualties,25% Casualties,27% Casualties,10% Casualties,13% Casualties,15% Casualties,18% Casualties,20% Casualties,22% Casualties,24% Casualties,26% Casualties,27% Casualties,10% Casualties,13% Casualties,15% Casualties,18% Casualties,20% Casualties,22% Casualties,24% Casualties,26% Casualties,27% Casualties,10% Casualties,13% Casualties,15% Casualties,18% Casualties,20% Casualties,22% Casualties,24% Casualties,26% Casualties,27% Casualties,11% Casualties,13% Casualties,16% Casualties,19% Casualties,21% Casualties,23% Casualties,25% Casualties,27% Casualties,28% Casualties,11% Casualties,13% Casualties,16% Casualties,19% Casualties,21% Casualties,23% Casualties,25% Casualties,27% Casualties,29% Casualties,11% Casualties,14% Casualties,17% Casualties,20% Casualties,22% Casualties,24% Casualties,26% Casualties,28% Casualties,29% Casualties,11% Casualties,14% Casualties,18% Casualties,20% Casualties,22% Casualties,24% Casualties,26% Casualties,28% Casualties,29% Casualties,12% Casualties,15% Casualties,18% Casualties,21% Casualties,23% Casualties,25% Casualties,27% Casualties,28% Casualties,30% Casualties,12% Casualties,15% Casualties,18% Casualties,21% Casualties,23% Casualties,25% Casualties,27% Casualties,28% Casualties,30% Casualties,13% Casualties,16% Casualties,19% Casualties,22% Casualties,24% Casualties,26% Casualties,28% Casualties,29% Casualties,30% Casualties,13% Casualties,16% Casualties,19% Casualties,21% Casualties,24% Casualties,25% Casualties,27% Casualties,29% Casualties,30% Casualties,13% Casualties,16% Casualties,19% Casualties,22% Casualties,24% Casualties,26% Casualties,28% Casualties,30% Casualties,31% Casualties,13% Casualties,17% Casualties,19% Casualties,22% Casualties,24% Casualties,26% Casualties,28% Casualties,29% Casualties,31% Casualties,14% Casualties,17% Casualties,20% Casualties,23% Casualties,25% Casualties,27% Casualties,29% Casualties,30% Casualties,31% Casualties,14% Casualties,17% Casualties,20% Casualties,23% Casualties,25% Casualties,27% Casualties,29% Casualties,30% Casualties,31% Casualties,15% Casualties,18% Casualties,21% Casualties,24% Casualties,26% Casualties,28% Casualties,29% Casualties,31% Casualties,32% Casualties
25 CV // 0 RT,6% Casualties,7% Casualties,9% Casualties,11% Casualties,12% Casualties,14% Casualties,16% Casualties,17% Casualties,19% Casualties,7% Casualties,9% Casualties,11% Casualties,14% Casualties,16% Casualties,18% Casualties,20% Casualties,22% Casualties,24% Casualties,8% Casualties,10% Casualties,13% Casualties,16% Casualties,18% Casualties,20% Casualties,22% Casualties,25% Casualties,27% Casualties,8% Casualties,11% Casualties,13% Casualties,16% Casualties,18% Casualties,20% Casualties,22% Casualties,24% Casualties,27% Casualties,9% Casualties,12% Casualties,14% Casualties,17% Casualties,20% Casualties,22% Casualties,25% Casualties,27% Casualties,29% Casualties,10% Casualties,12% Casualties,14% Casualties,17% Casualties,20% Casualties,23% Casualties,25% Casualties,27% Casualties,29% Casualties,10% Casualties,13% Casualties,16% Casualties,19% Casualties,21% Casualties,24% Casualties,27% Casualties,29% Casualties,31% Casualties,10% Casualties,13% Casualties,16% Casualties,19% Casualties,21% Casualties,24% Casualties,27% Casualties,28% Casualties,31% Casualties,11% Casualties,14% Casualties,17% Casualties,20% Casualties,22% Casualties,25% Casualties,28% Casualties,30% Casualties,33% Casualties,11% Casualties,14% Casualties,18% Casualties,21% Casualties,24% Casualties,27% Casualties,29% Casualties,31% Casualties,34% Casualties,11% Casualties,15% Casualties,18% Casualties,21% Casualties,24% Casualties,27% Casualties,29% Casualties,32% Casualties,34% Casualties,12% Casualties,15% Casualties,18% Casualties,21% Casualties,24% Casualties,27% Casualties,29% Casualties,31% Casualties,33% Casualties,13% Casualties,16% Casualties,19% Casualties,22% Casualties,25% Casualties,28% Casualties,31% Casualties,33% Casualties,35% Casualties,13% Casualties,16% Casualties,19% Casualties,22% Casualties,25% Casualties,28% Casualties,30% Casualties,33% Casualties,35% Casualties,13% Casualties,16% Casualties,20% Casualties,23% Casualties,26% Casualties,29% Casualties,32% Casualties,34% Casualties,36% Casualties,13% Casualties,17% Casualties,20% Casualties,24% Casualties,27% Casualties,29% Casualties,32% Casualties,34% Casualties,36% Casualties,14% Casualties,18% Casualties,21% Casualties,25% Casualties,28% Casualties,30% Casualties,33% Casualties,35% Casualties,37% Casualties,14% Casualties,18% Casualties,21% Casualties,25% Casualties,28% Casualties,31% Casualties,33% Casualties,35% Casualties,37% Casualties,15% Casualties,19% Casualties,22% Casualties,26% Casualties,29% Casualties,32% Casualties,34% Casualties,36% Casualties,38% Casualties,15% Casualties,19% Casualties,23% Casualties,26% Casualties,29% Casualties,32% Casualties,34% Casualties,36% Casualties,38% Casualties,16% Casualties,20% Casualties,24% Casualties,27% Casualties,30% Casualties,33% Casualties,35% Casualties,37% Casualties,39% Casualties,16% Casualties,20% Casualties,24% Casualties,27% Casualties,31% Casualties,33% Casualties,35% Casualties,38% Casualties,39% Casualties,17% Casualties,21% Casualties,25% Casualties,28% Casualties,31% Casualties,34% Casualties,36% Casualties,38% Casualties,40% Casualties,17% Casualties,21% Casualties,25% Casualties,28% Casualties,32% Casualties,34% Casualties,36% Casualties,38% Casualties,40% Casualties,18% Casualties,22% Casualties,26% Casualties,29% Casualties,33% Casualties,35% Casualties,37% Casualties,39% Casualties,41% Casualties
30 CV // 80 RT,4% Casualties,4% Casualties,5% Casualties,5% Casualties,6% Casualties,6% Casualties,6% Casualties,7% Casualties,7% Casualties,4% Casualties,5% Casualties,6% Casualties,6% Casualties,6% Casualties,7% Casualties,7% Casualties,7% Casualties,8% Casualties,5% Casualties,5% Casualties,6% Casualties,7% Casualties,7% Casualties,7% Casualties,8% Casualties,8% Casualties,8% Casualties,5% Casualties,6% Casualties,6% Casualties,7% Casualties,7% Casualties,8% Casualties,8% Casualties,9% Casualties,9% Casualties,5% Casualties,6% Casualties,6% Casualties,7% Casualties,8% Casualties,8% Casualties,8% Casualties,9% Casualties,9% Casualties,5% Casualties,6% Casualties,7% Casualties,7% Casualties,8% Casualties,8% Casualties,9% Casualties,9% Casualties,9% Casualties,5% Casualties,6% Casualties,7% Casualties,7% Casualties,8% Casualties,8% Casualties,9% Casualties,9% Casualties,9% Casualties,5% Casualties,6% Casualties,7% Casualties,7% Casualties,8% Casualties,8% Casualties,9% Casualties,9% Casualties,9% Casualties,5% Casualties,6% Casualties,7% Casualties,8% Casualties,8% Casualties,8% Casualties,9% Casualties,9% Casualties,9% Casualties,6% Casualties,6% Casualties,7% Casualties,8% Casualties,8% Casualties,8% Casualties,9% Casualties,9% Casualties,9% Casualties,6% Casualties,6% Casualties,7% Casualties,8% Casualties,8% Casualties,8% Casualties,9% Casualties,9% Casualties,9% Casualties,6% Casualties,6% Casualties,7% Casualties,8% Casualties,8% Casualties,9% Casualties,9% Casualties,9% Casualties,9% Casualties,6% Casualties,6% Casualties,7% Casualties,8% Casualties,8% Casualties,9% Casualties,9% Casualties,9% Casualties,9% Casualties,6% Casualties,6% Casualties,7% Casualties,8% Casualties,8% Casualties,9% Casualties,9% Casualties,9% Casualties,9% Casualties,6% Casualties,7% Casualties,7% Casualties,8% Casualties,8% Casualties,9% Casualties,9% Casualties,9% Casualties,9% Casualties,6% Casualties,7% Casualties,7% Casualties,8% Casualties,8% Casualties,8% Casualties,9% Casualties,9% Casualties,9% Casualties,6% Casualties,7% Casualties,7% Casualties,8% Casualties,8% Casualties,9% Casualties,9% Casualties,9% Casualties,9% Casualties,6% Casualties,7% Casualties,7% Casualties,8% Casualties,8% Casualties,9% Casualties,9% Casualties,9% Casualties,9% Casualties,6% Casualties,7% Casualties,7% Casualties,8% Casualties,8% Casualties,9% Casualties,9% Casualties,9% Casualties,9% Casualties,5% Casualties,5% Casualties,6% Casualties,6% Casualties,6% Casualties,7% Casualties,7% Casualties,7% Casualties,7% Casualties,5% Casualties,5% Casualties,6% Casualties,6% Casualties,7% Casualties,7% Casualties,7% Casualties,7% Casualties,7% Casualties,5% Casualties,5% Casualties,6% Casualties,6% Casualties,6% Casualties,7% Casualties,7% Casualties,7% Casualties,7% Casualties,5% Casualties,5% Casualties,6% Casualties,6% Casualties,6% Casualties,7% Casualties,7% Casualties,7% Casualties,7% Casualties,5% Casualties,5% Casualties,6% Casualties,6% Casualties,6% Casualties,7% Casualties,7% Casualties,7% Casualties,7% Casualties,5% Casualties,5% Casualties,6% Casualties,6% Casualties,6% Casualties,7% Casualties,7% Casualties,7% Casualties,7% Casualties
30 CV // 70 RT,4% Casualties,4% Casualties,5% Casualties,5% Casualties,6% Casualties,6% Casualties,7% Casualties,7% Casualties,7% Casualties,4% Casualties,5% Casualties,6% Casualties,6% Casualties,7% Casualties,8% Casualties,8% Casualties,8% Casualties,9% Casualties,5% Casualties,5% Casualties,6% Casualties,7% Casualties,8% Casualties,8% Casualties,8% Casualties,9% Casualties,9% Casualties,5% Casualties,6% Casualties,7% Casualties,8% Casualties,8% Casualties,9% Casualties,9% Casualties,10% Casualties,10% Casualties,5% Casualties,6% Casualties,7% Casualties,8% Casualties,8% Casualties,9% Casualties,9% Casualties,10% Casualties,10% Casualties,5% Casualties,6% Casualties,7% Casualties,8% Casualties,9% Casualties,9% Casualties,10% Casualties,10% Casualties,10% Casualties,6% Casualties,6% Casualties,7% Casualties,8% Casualties,9% Casualties,9% Casualties,10% Casualties,10% Casualties,10% Casualties,6% Casualties,7% Casualties,7% Casualties,8% Casualties,9% Casualties,9% Casualties,10% Casualties,10% Casualties,10% Casualties,6% Casualties,7% Casualties,7% Casualties,8% Casualties,9% Casualties,9% Casualties,10% Casualties,10% Casualties,10% Casualties,6% Casualties,7% Casualties,8% Casualties,8% Casualties,9% Casualties,9% Casualties,10% Casualties,10% Casualties,10% Casualties,6% Casualties,7% Casualties,8% Casualties,8% Casualties,9% Casualties,9% Casualties,10% Casualties,10% Casualties,10% Casualties,6% Casualties,7% Casualties,7% Casualties,8% Casualties,9% Casualties,9% Casualties,10% Casualties,10% Casualties,10% Casualties,6% Casualties,7% Casualties,8% Casualties,9% Casualties,9% Casualties,9% Casualties,10% Casualties,10% Casualties,10% Casualties,6% Casualties,7% Casualties,8% Casualties,8% Casualties,9% Casualties,9% Casualties,10% Casualties,10% Casualties,10% Casualties,6% Casualties,7% Casualties,8% Casualties,9% Casualties,9% Casualties,10% Casualties,10% Casualties,10% Casualties,10% Casualties,6% Casualties,7% Casualties,8% Casualties,8% Casualties,9% Casualties,9% Casualties,10% Casualties,10% Casualties,10% Casualties,6% Casualties,7% Casualties,8% Casualties,8% Casualties,9% Casualties,10% Casualties,10% Casualties,10% Casualties,10% Casualties,6% Casualties,7% Casualties,8% Casualties,9% Casualties,9% Casualties,10% Casualties,10% Casualties,10% Casualties,10% Casualties,6% Casualties,7% Casualties,8% Casualties,9% Casualties,9% Casualties,10% Casualties,10% Casualties,10% Casualties,10% Casualties,5% Casualties,6% Casualties,6% Casualties,7% Casualties,7% Casualties,8% Casualties,8% Casualties,8% Casualties,8% Casualties,5% Casualties,6% Casualties,6% Casualties,7% Casualties,7% Casualties,8% Casualties,8% Casualties,8% Casualties,8% Casualties,5% Casualties,6% Casualties,7% Casualties,7% Casualties,7% Casualties,8% Casualties,8% Casualties,8% Casualties,8% Casualties,5% Casualties,6% Casualties,7% Casualties,7% Casualties,7% Casualties,8% Casualties,8% Casualties,8% Casualties,8% Casualties,5% Casualties,6% Casualties,7% Casualties,7% Casualties,7% Casualties,8% Casualties,8% Casualties,8% Casualties,8% Casualties,5% Casualties,6% Casualties,7% Casualties,7% Casualties,7% Casualties,8% Casualties,8% Casualties,8% Casualties,8% Casualties
30 CV // 60 RT,4% Casualties,4% Casualties,5% Casualties,6% Casualties,6% Casualties,7% Casualties,7% Casualties,8% Casualties,8% Casualties,5% Casualties,5% Casualties,6% Casualties,7% Casualties,7% Casualties,8% Casualties,9% Casualties,9% Casualties,9% Casualties,5% Casualties,6% Casualties,7% Casualties,7% Casualties,8% Casualties,9% Casualties,9% Casualties,10% Casualties,10% Casualties,5% Casualties,6% Casualties,7% Casualties,8% Casualties,9% Casualties,9% Casualties,10% Casualties,11% Casualties,11% Casualties,5% Casualties,6% Casualties,7% Casualties,8% Casualties,9% Casualties,9% Casualties,10% Casualties,11% Casualties,11% Casualties,6% Casualties,7% Casualties,8% Casualties,9% Casualties,9% Casualties,10% Casualties,11% Casualties,11% Casualties,12% Casualties,6% Casualties,7% Casualties,8% Casualties,9% Casualties,9% Casualties,10% Casualties,11% Casualties,11% Casualties,12% Casualties,6% Casualties,7% Casualties,8% Casualties,9% Casualties,10% Casualties,10% Casualties,11% Casualties,11% Casualties,12% Casualties,6% Casualties,7% Casualties,8% Casualties,9% Casualties,10% Casualties,10% Casualties,11% Casualties,11% Casualties,12% Casualties,6% Casualties,7% Casualties,8% Casualties,9% Casualties,10% Casualties,10% Casualties,11% Casualties,11% Casualties,12% Casualties,6% Casualties,7% Casualties,8% Casualties,9% Casualties,10% Casualties,10% Casualties,11% Casualties,11% Casualties,12% Casualties,6% Casualties,7% Casualties,8% Casualties,9% Casualties,10% Casualties,10% Casualties,11% Casualties,11% Casualties,12% Casualties,6% Casualties,7% Casualties,8% Casualties,9% Casualties,10% Casualties,11% Casualties,11% Casualties,11% Casualties,12% Casualties,6% Casualties,7% Casualties,8% Casualties,9% Casualties,10% Casualties,10% Casualties,11% Casualties,11% Casualties,12% Casualties,6% Casualties,8% Casualties,8% Casualties,9% Casualties,10% Casualties,11% Casualties,11% Casualties,11% Casualties,12% Casualties,6% Casualties,7% Casualties,9% Casualties,9% Casualties,10% Casualties,11% Casualties,11% Casualties,11% Casualties,12% Casualties,7% Casualties,8% Casualties,8% Casualties,9% Casualties,10% Casualties,10% Casualties,11% Casualties,11% Casualties,12% Casualties,7% Casualties,8% Casualties,9% Casualties,10% Casualties,10% Casualties,11% Casualties,11% Casualties,11% Casualties,12% Casualties,7% Casualties,8% Casualties,9% Casualties,9% Casualties,10% Casualties,11% Casualties,11% Casualties,11% Casualties,12% Casualties,6% Casualties,7% Casualties,7% Casualties,8% Casualties,8% Casualties,9% Casualties,9% Casualties,10% Casualties,10% Casualties,6% Casualties,7% Casualties,7% Casualties,8% Casualties,9% Casualties,9% Casualties,9% Casualties,9% Casualties,10% Casualties,6% Casualties,7% Casualties,8% Casualties,8% Casualties,9% Casualties,9% Casualties,9% Casualties,10% Casualties,10% Casualties,6% Casualties,7% Casualties,7% Casualties,8% Casualties,9% Casualties,9% Casualties,9% Casualties,10% Casualties,10% Casualties,6% Casualties,7% Casualties,7% Casualties,8% Casualties,9% Casualties,9% Casualties,9% Casualties,9% Casualties,10% Casualties,6% Casualties,7% Casualties,8% Casualties,8% Casualties,9% Casualties,9% Casualties,9% Casualties,10% Casualties,10% Casualties
30 CV // 50 RT,4% Casualties,5% Casualties,5% Casualties,6% Casualties,7% Casualties,7% Casualties,8% Casualties,8% Casualties,9% Casualties,5% Casualties,5% Casualties,6% Casualties,7% Casualties,8% Casualties,9% Casualties,9% Casualties,10% Casualties,10% Casualties,5% Casualties,6% Casualties,7% Casualties,8% Casualties,9% Casualties,9% Casualties,10% Casualties,11% Casualties,11% Casualties,6% Casualties,7% Casualties,8% Casualties,9% Casualties,10% Casualties,10% Casualties,11% Casualties,12% Casualties,12% Casualties,6% Casualties,7% Casualties,8% Casualties,9% Casualties,10% Casualties,10% Casualties,11% Casualties,12% Casualties,12% Casualties,6% Casualties,7% Casualties,8% Casualties,9% Casualties,10% Casualties,11% Casualties,12% Casualties,12% Casualties,13% Casualties,6% Casualties,7% Casualties,8% Casualties,9% Casualties,10% Casualties,11% Casualties,12% Casualties,12% Casualties,13% Casualties,6% Casualties,7% Casualties,9% Casualties,10% Casualties,11% Casualties,11% Casualties,12% Casualties,13% Casualties,13% Casualties,6% Casualties,8% Casualties,9% Casualties,10% Casualties,11% Casualties,11% Casualties,12% Casualties,13% Casualties,13% Casualties,6% Casualties,8% Casualties,9% Casualties,10% Casualties,11% Casualties,12% Casualties,12% Casualties,13% Casualties,13% Casualties,7% Casualties,8% Casualties,9% Casualties,10% Casualties,11% Casualties,11% Casualties,12% Casualties,13% Casualties,13% Casualties,7% Casualties,8% Casualties,9% Casualties,10% Casualties,11% Casualties,12% Casualties,12% Casualties,13% Casualties,13% Casualties,7% Casualties,8% Casualties,9% Casualties,10% Casualties,11% Casualties,12% Casualties,12% Casualties,13% Casualties,13% Casualties,7% Casualties,8% Casualties,9% Casualties,10% Casualties,11% Casualties,12% Casualties,12% Casualties,13% Casualties,13% Casualties,7% Casualties,8% Casualties,9% Casualties,10% Casualties,11% Casualties,12% Casualties,13% Casualties,13% Casualties,13% Casualties,7% Casualties,8% Casualties,9% Casualties,10% Casualties,11% Casualties,12% Casualties,13% Casualties,13% Casualties,13% Casualties,7% Casualties,8% Casualties,9% Casualties,10% Casualties,11% Casualties,12% Casualties,13% Casualties,13% Casualties,13% Casualties,7% Casualties,9% Casualties,10% Casualties,10% Casualties,11% Casualties,12% Casualties,13% Casualties,13% Casualties,14% Casualties,7% Casualties,8% Casualties,10% Casualties,11% Casualties,11% Casualties,12% Casualties,13% Casualties,13% Casualties,14% Casualties,7% Casualties,8% Casualties,9% Casualties,9% Casualties,10% Casualties,11% Casualties,11% Casualties,11% Casualties,12% Casualties,6% Casualties,8% Casualties,8% Casualties,9% Casualties,10% Casualties,11% Casualties,11% Casualties,12% Casualties,12% Casualties,7% Casualties,8% Casualties,9% Casualties,10% Casualties,10% Casualties,11% Casualties,11% Casualties,11% Casualties,12% Casualties,7% Casualties,8% Casualties,9% Casualties,10% Casualties,10% Casualties,11% Casualties,11% Casualties,11% Casualties,12% Casualties,7% Casualties,8% Casualties,9% Casualties,9% Casualties,10% Casualties,11% Casualties,11% Casualties,11% Casualties,12% Casualties,7% Casualties,8% Casualties,9% Casualties,10% Casualties,10% Casualties,11% Casualties,11% Casualties,12% Casualties,12% Casualties
30 CV // 40 RT,4% Casualties,5% Casualties,6% Casualties,6% Casualties,7% Casualties,8% Casualties,9% Casualties,9% Casualties,10% Casualties,5% Casualties,6% Casualties,7% Casualties,8% Casualties,9% Casualties,9% Casualties,10% Casualties,11% Casualties,12% Casualties,5% Casualties,6% Casualties,8% Casualties,9% Casualties,10% Casualties,11% Casualties,11% Casualties,12% Casualties,13% Casualties,6% Casualties,7% Casualties,8% Casualties,9% Casualties,11% Casualties,12% Casualties,12% Casualties,13% Casualties,14% Casualties,6% Casualties,7% Casualties,9% Casualties,10% Casualties,11% Casualties,11% Casualties,12% Casualties,13% Casualties,14% Casualties,6% Casualties,8% Casualties,9% Casualties,10% Casualties,11% Casualties,12% Casualties,13% Casualties,14% Casualties,15% Casualties,7% Casualties,8% Casualties,9% Casualties,10% Casualties,11% Casualties,13% Casualties,13% Casualties,14% Casualties,15% Casualties,7% Casualties,8% Casualties,9% Casualties,11% Casualties,12% Casualties,13% Casualties,14% Casualties,14% Casualties,15% Casualties,7% Casualties,8% Casualties,9% Casualties,11% Casualties,12% Casualties,13% Casualties,13% Casualties,14% Casualties,15% Casualties,7% Casualties,8% Casualties,10% Casualties,11% Casualties,12% Casualties,13% Casualties,14% Casualties,15% Casualties,15% Casualties,7% Casualties,8% Casualties,10% Casualties,11% Casualties,12% Casualties,13% Casualties,14% Casualties,15% Casualties,15% Casualties,7% Casualties,8% Casualties,10% Casualties,11% Casualties,12% Casualties,13% Casualties,14% Casualties,15% Casualties,15% Casualties,7% Casualties,9% Casualties,10% Casualties,11% Casualties,12% Casualties,13% Casualties,14% Casualties,15% Casualties,16% Casualties,7% Casualties,9% Casualties,10% Casualties,11% Casualties,12% Casualties,13% Casualties,14% Casualties,15% Casualties,16% Casualties,8% Casualties,9% Casualties,10% Casualties,12% Casualties,13% Casualties,14% Casualties,15% Casualties,15% Casualties,16% Casualties,8% Casualties,9% Casualties,10% Casualties,12% Casualties,13% Casualties,14% Casualties,14% Casualties,15% Casualties,16% Casualties,8% Casualties,9% Casualties,10% Casualties,12% Casualties,13% Casualties,14% Casualties,15% Casualties,15% Casualties,16% Casualties,8% Casualties,9% Casualties,11% Casualties,12% Casualties,13% Casualties,14% Casualties,15% Casualties,15% Casualties,16% Casualties,8% Casualties,9% Casualties,11% Casualties,12% Casualties,13% Casualties,14% Casualties,15% Casualties,15% Casualties,16% Casualties,7% Casualties,9% Casualties,10% Casualties,11% Casualties,12% Casualties,13% Casualties,13% Casualties,14% Casualties,14% Casualties,7% Casualties,9% Casualties,10% Casualties,11% Casualties,12% Casualties,13% Casualties,13% Casualties,14% Casualties,15% Casualties,8% Casualties,9% Casualties,10% Casualties,11% Casualties,12% Casualties,13% Casualties,14% Casualties,14% Casualties,14% Casualties,8% Casualties,9% Casualties,10% Casualties,11% Casualties,12% Casualties,13% Casualties,14% Casualties,14% Casualties,15% Casualties,8% Casualties,9% Casualties,10% Casualties,11% Casualties,12% Casualties,13% Casualties,13% Casualties,14% Casualties,15% Casualties,8% Casualties,9% Casualties,11% Casualties,12% Casualties,12% Casualties,13% Casualties,14% Casualties,14% Casualties,15% Casualties
30 CV // 30 RT,4% Casualties,5% Casualties,6% Casualties,7% Casualties,8% Casualties,9% Casualties,9% Casualties,10% Casualties,11% Casualties,5% Casualties,6% Casualties,8% Casualties,9% Casualties,10% Casualties,11% Casualties,12% Casualties,12% Casualties,13% Casualties,6% Casualties,7% Casualties,8% Casualties,9% Casualties,11% Casualties,12% Casualties,13% Casualties,14% Casualties,15% Casualties,6% Casualties,8% Casualties,9% Casualties,11% Casualties,12% Casualties,13% Casualties,14% Casualties,15% Casualties,16% Casualties,6% Casualties,8% Casualties,9% Casualties,11% Casualties,12% Casualties,13% Casualties,14% Casualties,15% Casualties,16% Casualties,7% Casualties,9% Casualties,10% Casualties,12% Casualties,13% Casualties,14% Casualties,15% Casualties,16% Casualties,17% Casualties,7% Casualties,8% Casualties,10% Casualties,11% Casualties,13% Casualties,14% Casualties,15% Casualties,16% Casualties,17% Casualties,7% Casualties,9% Casualties,10% Casualties,12% Casualties,13% Casualties,15% Casualties,16% Casualties,17% Casualties,17% Casualties,7% Casualties,9% Casualties,10% Casualties,12% Casualties,13% Casualties,15% Casualties,15% Casualties,17% Casualties,18% Casualties,8% Casualties,9% Casualties,11% Casualties,12% Casualties,14% Casualties,15% Casualties,16% Casualties,17% Casualties,18% Casualties,8% Casualties,9% Casualties,11% Casualties,13% Casualties,14% Casualties,15% Casualties,16% Casualties,17% Casualties,18% Casualties,8% Casualties,10% Casualties,11% Casualties,12% Casualties,14% Casualties,15% Casualties,16% Casualties,17% Casualties,18% Casualties,8% Casualties,10% Casualties,12% Casualties,13% Casualties,14% Casualties,15% Casualties,17% Casualties,18% Casualties,18% Casualties,8% Casualties,10% Casualties,11% Casualties,13% Casualties,14% Casualties,16% Casualties,17% Casualties,18% Casualties,18% Casualties,8% Casualties,10% Casualties,12% Casualties,13% Casualties,15% Casualties,16% Casualties,17% Casualties,18% Casualties,19% Casualties,8% Casualties,10% Casualties,12% Casualties,14% Casualties,15% Casualties,16% Casualties,17% Casualties,18% Casualties,19% Casualties,8% Casualties,10% Casualties,12% Casualties,13% Casualties,15% Casualties,16% Casualties,17% Casualties,18% Casualties,19% Casualties,9% Casualties,11% Casualties,12% Casualties,14% Casualties,15% Casualties,16% Casualties,17% Casualties,19% Casualties,19% Casualties,9% Casualties,11% Casualties,13% Casualties,14% Casualties,15% Casualties,17% Casualties,18% Casualties,18% Casualties,19% Casualties,9% Casualties,10% Casualties,12% Casualties,13% Casualties,15% Casualties,16% Casualties,17% Casualties,18% Casualties,18% Casualties,9% Casualties,10% Casualties,12% Casualties,14% Casualties,15% Casualties,16% Casualties,17% Casualties,17% Casualties,18% Casualties,9% Casualties,11% Casualties,12% Casualties,14% Casualties,15% Casualties,16% Casualties,17% Casualties,18% Casualties,18% Casualties,9% Casualties,11% Casualties,13% Casualties,14% Casualties,15% Casualties,16% Casualties,17% Casualties,18% Casualties,18% Casualties,9% Casualties,11% Casualties,12% Casualties,14% Casualties,15% Casualties,16% Casualties,17% Casualties,18% Casualties,18% Casualties,9% Casualties,11% Casualties,13% Casualties,14% Casualties,16% Casualties,17% Casualties,17% Casualties,18% Casualties,18% Casualties
30 CV // 20 RT,4% Casualties,5% Casualties,7% Casualties,7% Casualties,9% Casualties,10% Casualties,11% Casualties,11% Casualties,12% Casualties,6% Casualties,7% Casualties,8% Casualties,9% Casualties,11% Casualties,12% Casualties,13% Casualties,14% Casualties,15% Casualties,6% Casualties,8% Casualties,9% Casualties,10% Casualties,12% Casualties,13% Casualties,15% Casualties,16% Casualties,17% Casualties,7% Casualties,9% Casualties,10% Casualties,12% Casualties,14% Casualties,15% Casualties,16% Casualties,18% Casualties,19% Casualties,7% Casualties,9% Casualties,10% Casualties,12% Casualties,13% Casualties,15% Casualties,16% Casualties,17% Casualties,19% Casualties,8% Casualties,9% Casualties,11% Casualties,13% Casualties,15% Casualties,16% Casualties,18% Casualties,19% Casualties,20% Casualties,8% Casualties,9% Casualties,11% Casualties,13% Casualties,15% Casualties,16% Casualties,18% Casualties,19% Casualties,20% Casualties,8% Casualties,10% Casualties,12% Casualties,14% Casualties,16% Casualties,17% Casualties,18% Casualties,20% Casualties,21% Casualties,8% Casualties,10% Casualties,12% Casualties,14% Casualties,15% Casualties,17% Casualties,18% Casualties,20% Casualties,21% Casualties,9% Casualties,11% Casualties,13% Casualties,14% Casualties,16% Casualties,18% Casualties,19% Casualties,21% Casualties,22% Casualties,8% Casualties,11% Casualties,13% Casualties,14% Casualties,16% Casualties,18% Casualties,19% Casualties,21% Casualties,22% Casualties,9% Casualties,11% Casualties,12% Casualties,15% Casualties,16% Casualties,18% Casualties,19% Casualties,21% Casualties,22% Casualties,9% Casualties,11% Casualties,13% Casualties,15% Casualties,17% Casualties,18% Casualties,20% Casualties,21% Casualties,23% Casualties,9% Casualties,11% Casualties,13% Casualties,15% Casualties,17% Casualties,18% Casualties,20% Casualties,21% Casualties,22% Casualties,9% Casualties,12% Casualties,14% Casualties,16% Casualties,18% Casualties,19% Casualties,21% Casualties,22% Casualties,23% Casualties,9% Casualties,12% Casualties,14% Casualties,16% Casualties,18% Casualties,19% Casualties,21% Casualties,22% Casualties,23% Casualties,9% Casualties,12% Casualties,14% Casualties,16% Casualties,18% Casualties,19% Casualties,21% Casualties,22% Casualties,23% Casualties,10% Casualties,12% Casualties,14% Casualties,16% Casualties,18% Casualties,20% Casualties,21% Casualties,22% Casualties,23% Casualties,10% Casualties,12% Casualties,14% Casualties,17% Casualties,19% Casualties,20% Casualties,21% Casualties,23% Casualties,23% Casualties,10% Casualties,12% Casualties,15% Casualties,16% Casualties,18% Casualties,20% Casualties,21% Casualties,22% Casualties,23% Casualties,10% Casualties,12% Casualties,14% Casualties,17% Casualties,18% Casualties,20% Casualties,21% Casualties,22% Casualties,23% Casualties,11% Casualties,13% Casualties,15% Casualties,17% Casualties,19% Casualties,20% Casualties,22% Casualties,23% Casualties,24% Casualties,11% Casualties,13% Casualties,15% Casualties,17% Casualties,19% Casualties,21% Casualties,22% Casualties,22% Casualties,24% Casualties,11% Casualties,13% Casualties,15% Casualties,17% Casualties,19% Casualties,20% Casualties,21% Casualties,22% Casualties,23% Casualties,11% Casualties,14% Casualties,16% Casualties,18% Casualties,19% Casualties,21% Casualties,22% Casualties,23% Casualties,24% Casualties
30 CV // 10 RT,5% Casualties,6% Casualties,7% Casualties,8% Casualties,9% Casualties,11% Casualties,12% Casualties,13% Casualties,14% Casualties,6% Casualties,8% Casualties,9% Casualties,10% Casualties,12% Casualties,14% Casualties,15% Casualties,16% Casualties,18% Casualties,7% Casualties,8% Casualties,10% Casualties,12% Casualties,14% Casualties,15% Casualties,17% Casualties,18% Casualties,20% Casualties,8% Casualties,9% Casualties,12% Casualties,13% Casualties,16% Casualties,17% Casualties,19% Casualties,21% Casualties,22% Casualties,7% Casualties,9% Casualties,12% Casualties,13% Casualties,15% Casualties,17% Casualties,19% Casualties,21% Casualties,22% Casualties,8% Casualties,11% Casualties,13% Casualties,15% Casualties,17% Casualties,19% Casualties,21% Casualties,23% Casualties,24% Casualties,8% Casualties,11% Casualties,13% Casualties,15% Casualties,17% Casualties,19% Casualties,21% Casualties,23% Casualties,25% Casualties,9% Casualties,11% Casualties,13% Casualties,16% Casualties,18% Casualties,20% Casualties,22% Casualties,24% Casualties,26% Casualties,9% Casualties,11% Casualties,13% Casualties,16% Casualties,18% Casualties,20% Casualties,22% Casualties,24% Casualties,25% Casualties,9% Casualties,12% Casualties,14% Casualties,17% Casualties,19% Casualties,21% Casualties,23% Casualties,25% Casualties,26% Casualties,9% Casualties,12% Casualties,14% Casualties,17% Casualties,19% Casualties,21% Casualties,23% Casualties,25% Casualties,27% Casualties,10% Casualties,12% Casualties,14% Casualties,17% Casualties,19% Casualties,21% Casualties,23% Casualties,25% Casualties,27% Casualties,10% Casualties,13% Casualties,15% Casualties,17% Casualties,20% Casualties,22% Casualties,24% Casualties,26% Casualties,27% Casualties,10% Casualties,13% Casualties,15% Casualties,18% Casualties,20% Casualties,22% Casualties,24% Casualties,26% Casualties,28% Casualties,11% Casualties,13% Casualties,16% Casualties,19% Casualties,21% Casualties,23% Casualties,25% Casualties,27% Casualties,28% Casualties,11% Casualties,13% Casualties,16% Casualties,19% Casualties,21% Casualties,23% Casualties,25% Casualties,27% Casualties,28% Casualties,11% Casualties,13% Casualties,16% Casualties,19% Casualties,21% Casualties,23% Casualties,25% Casualties,26% Casualties,28% Casualties,12% Casualties,14% Casualties,17% Casualties,20% Casualties,22% Casualties,25% Casualties,26% Casualties,28% Casualties,29% Casualties,12% Casualties,14% Casualties,17% Casualties,20% Casualties,22% Casualties,24% Casualties,26% Casualties,28% Casualties,29% Casualties,12% Casualties,15% Casualties,18% Casualties,20% Casualties,23% Casualties,24% Casualties,26% Casualties,28% Casualties,29% Casualties,12% Casualties,15% Casualties,17% Casualties,20% Casualties,23% Casualties,25% Casualties,26% Casualties,28% Casualties,29% Casualties,13% Casualties,16% Casualties,18% Casualties,21% Casualties,24% Casualties,26% Casualties,27% Casualties,29% Casualties,30% Casualties,13% Casualties,16% Casualties,19% Casualties,21% Casualties,24% Casualties,25% Casualties,27% Casualties,29% Casualties,30% Casualties,13% Casualties,16% Casualties,18% Casualties,21% Casualties,24% Casualties,26% Casualties,27% Casualties,29% Casualties,30% Casualties,13% Casualties,16% Casualties,20% Casualties,22% Casualties,24% Casualties,27% Casualties,28% Casualties,29% Casualties,31% Casualties
30 CV // 0 RT,5% Casualties,7% Casualties,8% Casualties,9% Casualties,11% Casualties,12% Casualties,14% Casualties,15% Casualties,16% Casualties,6% Casualties,8% Casualties,10% Casualties,12% Casualties,14% Casualties,16% Casualties,18% Casualties,19% Casualties,21% Casualties,7% Casualties,9% Casualties,11% Casualties,14% Casualties,16% Casualties,18% Casualties,20% Casualties,22% Casualties,24% Casualties,8% Casualties,11% Casualties,13% Casualties,15% Casualties,18% Casualties,20% Casualties,23% Casualties,25% Casualties,27% Casualties,9% Casualties,11% Casualties,13% Casualties,15% Casualties,18% Casualties,20% Casualties,22% Casualties,24% Casualties,27% Casualties,9% Casualties,12% Casualties,14% Casualties,17% Casualties,20% Casualties,22% Casualties,25% Casualties,27% Casualties,29% Casualties,9% Casualties,12% Casualties,15% Casualties,17% Casualties,20% Casualties,22% Casualties,25% Casualties,27% Casualties,30% Casualties,10% Casualties,13% Casualties,16% Casualties,18% Casualties,21% Casualties,24% Casualties,26% Casualties,29% Casualties,31% Casualties,10% Casualties,13% Casualties,15% Casualties,18% Casualties,21% Casualties,24% Casualties,26% Casualties,29% Casualties,31% Casualties,11% Casualties,14% Casualties,17% Casualties,20% Casualties,22% Casualties,25% Casualties,28% Casualties,30% Casualties,32% Casualties,11% Casualties,14% Casualties,17% Casualties,19% Casualties,23% Casualties,25% Casualties,28% Casualties,30% Casualties,32% Casualties,11% Casualties,13% Casualties,17% Casualties,20% Casualties,22% Casualties,25% Casualties,28% Casualties,30% Casualties,32% Casualties,12% Casualties,15% Casualties,18% Casualties,21% Casualties,24% Casualties,27% Casualties,29% Casualties,32% Casualties,34% Casualties,12% Casualties,14% Casualties,18% Casualties,21% Casualties,24% Casualties,27% Casualties,29% Casualties,31% Casualties,34% Casualties,12% Casualties,16% Casualties,19% Casualties,22% Casualties,25% Casualties,28% Casualties,31% Casualties,33% Casualties,35% Casualties,13% Casualties,15% Casualties,19% Casualties,22% Casualties,25% Casualties,28% Casualties,31% Casualties,33% Casualties,35% Casualties,12% Casualties,15% Casualties,19% Casualties,22% Casualties,25% Casualties,28% Casualties,30% Casualties,33% Casualties,35% Casualties,14% Casualties,17% Casualties,20% Casualties,23% Casualties,26% Casualties,29% Casualties,32% Casualties,34% Casualties,36% Casualties,13% Casualties,17% Casualties,20% Casualties,23% Casualties,26% Casualties,29% Casualties,32% Casualties,34% Casualties,36% Casualties,14% Casualties,18% Casualties,21% Casualties,25% Casualties,28% Casualties,30% Casualties,33% Casualties,35% Casualties,37% Casualties,14% Casualties,18% Casualties,21% Casualties,25% Casualties,28% Casualties,30% Casualties,33% Casualties,35% Casualties,37% Casualties,15% Casualties,19% Casualties,23% Casualties,26% Casualties,29% Casualties,32% Casualties,35% Casualties,36% Casualties,38% Casualties,15% Casualties,19% Casualties,22% Casualties,26% Casualties,29% Casualties,32% Casualties,34% Casualties,36% Casualties,38% Casualties,15% Casualties,19% Casualties,22% Casualties,26% Casualties,29% Casualties,32% Casualties,34% Casualties,37% Casualties,38% Casualties,16% Casualties,20% Casualties,24% Casualties,27% Casualties,30% Casualties,33% Casualties,35% Casualties,37% Casualties,39% Casualties
35 CV // 80 RT,3% Casualties,3% Casualties,4% Casualties,4% Casualties,5% Casualties,5% Casualties,5% Casualties,6% Casualties,6% Casualties,4% Casualties,5% Casualties,5% Casualties,6% Casualties,6% Casualties,6% Casualties,7% Casualties,7% Casualties,7% Casualties,5% Casualties,5% Casualties,6% Casualties,7% Casualties,7% Casualties,7% Casualties,8% Casualties,8% Casualties,8% Casualties,5% Casualties,6% Casualties,6% Casualties,7% Casualties,8% Casualties,8% Casualties,8% Casualties,9% Casualties,9% Casualties,5% Casualties,6% Casualties,6% Casualties,7% Casualties,8% Casualties,8% Casualties,8% Casualties,9% Casualties,9% Casualties,5% Casualties,6% Casualties,6% Casualties,7% Casualties,8% Casualties,8% Casualties,8% Casualties,9% Casualties,9% Casualties,5% Casualties,6% Casualties,7% Casualties,7% Casualties,8% Casualties,8% Casualties,9% Casualties,9% Casualties,9% Casualties,5% Casualties,6% Casualties,7% Casualties,7% Casualties,8% Casualties,8% Casualties,9% Casualties,9% Casualties,9% Casualties,6% Casualties,6% Casualties,7% Casualties,8% Casualties,8% Casualties,8% Casualties,9% Casualties,9% Casualties,9% Casualties,5% Casualties,6% Casualties,7% Casualties,8% Casualties,8% Casualties,8% Casualties,9% Casualties,9% Casualties,9% Casualties,5% Casualties,6% Casualties,7% Casualties,8% Casualties,8% Casualties,8% Casualties,9% Casualties,9% Casualties,9% Casualties,6% Casualties,6% Casualties,7% Casualties,8% Casualties,8% Casualties,8% Casualties,9% Casualties,9% Casualties,9% Casualties,5% Casualties,6% Casualties,7% Casualties,8% Casualties,8% Casualties,9% Casualties,9% Casualties,9% Casualties,9% Casualties,6% Casualties,6% Casualties,7% Casualties,8% Casualties,8% Casualties,9% Casualties,9% Casualties,9% Casualties,9% Casualties,6% Casualties,6% Casualties,7% Casualties,8% Casualties,8% Casualties,8% Casualties,9% Casualties,9% Casualties,9% Casualties,6% Casualties,6% Casualties,7% Casualties,8% Casualties,8% Casualties,8% Casualties,9% Casualties,9% Casualties,9% Casualties,6% Casualties,6% Casualties,7% Casualties,8% Casualties,8% Casualties,9% Casualties,9% Casualties,9% Casualties,9% Casualties,6% Casualties,7% Casualties,7% Casualties,8% Casualties,8% Casualties,9% Casualties,9% Casualties,9% Casualties,9% Casualties,6% Casualties,7% Casualties,7% Casualties,8% Casualties,8% Casualties,9% Casualties,9% Casualties,9% Casualties,9% Casualties,5% Casualties,5% Casualties,6% Casualties,6% Casualties,6% Casualties,7% Casualties,7% Casualties,7% Casualties,7% Casualties,5% Casualties,5% Casualties,6% Casualties,6% Casualties,6% Casualties,7% Casualties,7% Casualties,7% Casualties,7% Casualties,5% Casualties,5% Casualties,6% Casualties,6% Casualties,6% Casualties,7% Casualties,7% Casualties,7% Casualties,7% Casualties,5% Casualties,5% Casualties,6% Casualties,6% Casualties,7% Casualties,7% Casualties,7% Casualties,7% Casualties,7% Casualties,5% Casualties,5% Casualties,6% Casualties,6% Casualties,6% Casualties,7% Casualties,7% Casualties,7% Casualties,7% Casualties,5% Casualties,5% Casualties,6% Casualties,6% Casualties,6% Casualties,7% Casualties,7% Casualties,7% Casualties,7% Casualties
35 CV // 70 RT,3% Casualties,3% Casualties,4% Casualties,4% Casualties,5% Casualties,5% Casualties,6% Casualties,6% Casualties,6% Casualties,4% Casualties,5% Casualties,5% Casualties,6% Casualties,6% Casualties,7% Casualties,7% Casualties,8% Casualties,8% Casualties,5% Casualties,6% Casualties,6% Casualties,7% Casualties,8% Casualties,8% Casualties,9% Casualties,9% Casualties,9% Casualties,5% Casualties,6% Casualties,7% Casualties,8% Casualties,8% Casualties,9% Casualties,9% Casualties,10% Casualties,10% Casualties,5% Casualties,6% Casualties,7% Casualties,8% Casualties,8% Casualties,9% Casualties,9% Casualties,9% Casualties,10% Casualties,5% Casualties,6% Casualties,7% Casualties,8% Casualties,8% Casualties,9% Casualties,9% Casualties,10% Casualties,10% Casualties,6% Casualties,6% Casualties,7% Casualties,8% Casualties,9% Casualties,9% Casualties,10% Casualties,10% Casualties,10% Casualties,6% Casualties,6% Casualties,7% Casualties,8% Casualties,9% Casualties,9% Casualties,10% Casualties,10% Casualties,10% Casualties,6% Casualties,7% Casualties,7% Casualties,8% Casualties,9% Casualties,9% Casualties,10% Casualties,10% Casualties,10% Casualties,6% Casualties,7% Casualties,7% Casualties,8% Casualties,9% Casualties,9% Casualties,10% Casualties,10% Casualties,10% Casualties,6% Casualties,7% Casualties,7% Casualties,8% Casualties,9% Casualties,9% Casualties,10% Casualties,10% Casualties,10% Casualties,6% Casualties,7% Casualties,8% Casualties,8% Casualties,9% Casualties,9% Casualties,10% Casualties,10% Casualties,10% Casualties,6% Casualties,7% Casualties,8% Casualties,8% Casualties,9% Casualties,9% Casualties,10% Casualties,10% Casualties,10% Casualties,6% Casualties,7% Casualties,8% Casualties,8% Casualties,9% Casualties,9% Casualties,10% Casualties,10% Casualties,10% Casualties,6% Casualties,7% Casualties,8% Casualties,8% Casualties,9% Casualties,10% Casualties,10% Casualties,10% Casualties,10% Casualties,6% Casualties,7% Casualties,8% Casualties,8% Casualties,9% Casualties,9% Casualties,10% Casualties,10% Casualties,10% Casualties,6% Casualties,7% Casualties,8% Casualties,8% Casualties,9% Casualties,9% Casualties,10% Casualties,10% Casualties,10% Casualties,6% Casualties,7% Casualties,8% Casualties,9% Casualties,9% Casualties,9% Casualties,10% Casualties,10% Casualties,10% Casualties,6% Casualties,7% Casualties,8% Casualties,8% Casualties,9% Casualties,9% Casualties,10% Casualties,10% Casualties,10% Casualties,5% Casualties,6% Casualties,6% Casualties,7% Casualties,7% Casualties,8% Casualties,8% Casualties,8% Casualties,8% Casualties,5% Casualties,6% Casualties,6% Casualties,7% Casualties,7% Casualties,8% Casualties,8% Casualties,8% Casualties,8% Casualties,5% Casualties,6% Casualties,6% Casualties,7% Casualties,7% Casualties,8% Casualties,8% Casualties,8% Casualties,8% Casualties,5% Casualties,6% Casualties,6% Casualties,7% Casualties,7% Casualties,8% Casualties,8% Casualties,8% Casualties,8% Casualties,5% Casualties,6% Casualties,7% Casualties,7% Casualties,7% Casualties,8% Casualties,8% Casualties,8% Casualties,8% Casualties,5% Casualties,6% Casualties,7% Casualties,7% Casualties,7% Casualties,8% Casualties,8% Casualties,8% Casualties,8% Casualties
35 CV // 60 RT,3% Casualties,4% Casualties,4% Casualties,5% Casualties,5% Casualties,6% Casualties,6% Casualties,6% Casualties,7% Casualties,4% Casualties,5% Casualties,6% Casualties,6% Casualties,7% Casualties,7% Casualties,8% Casualties,8% Casualties,9% Casualties,5% Casualties,6% Casualties,7% Casualties,7% Casualties,8% Casualties,9% Casualties,9% Casualties,10% Casualties,10% Casualties,5% Casualties,6% Casualties,7% Casualties,8% Casualties,9% Casualties,10% Casualties,10% Casualties,11% Casualties,11% Casualties,5% Casualties,6% Casualties,7% Casualties,8% Casualties,9% Casualties,10% Casualties,10% Casualties,11% Casualties,11% Casualties,5% Casualties,6% Casualties,7% Casualties,8% Casualties,9% Casualties,9% Casualties,10% Casualties,11% Casualties,11% Casualties,6% Casualties,7% Casualties,8% Casualties,9% Casualties,9% Casualties,10% Casualties,11% Casualties,11% Casualties,11% Casualties,6% Casualties,7% Casualties,8% Casualties,9% Casualties,9% Casualties,10% Casualties,11% Casualties,11% Casualties,11% Casualties,6% Casualties,7% Casualties,8% Casualties,9% Casualties,10% Casualties,10% Casualties,11% Casualties,11% Casualties,12% Casualties,6% Casualties,7% Casualties,8% Casualties,9% Casualties,10% Casualties,10% Casualties,11% Casualties,11% Casualties,12% Casualties,6% Casualties,7% Casualties,8% Casualties,9% Casualties,10% Casualties,10% Casualties,11% Casualties,11% Casualties,12% Casualties,6% Casualties,7% Casualties,8% Casualties,9% Casualties,10% Casualties,10% Casualties,11% Casualties,11% Casualties,12% Casualties,6% Casualties,7% Casualties,8% Casualties,9% Casualties,10% Casualties,10% Casualties,11% Casualties,11% Casualties,12% Casualties,6% Casualties,7% Casualties,8% Casualties,9% Casualties,10% Casualties,10% Casualties,11% Casualties,11% Casualties,12% Casualties,6% Casualties,7% Casualties,8% Casualties,9% Casualties,10% Casualties,11% Casualties,11% Casualties,11% Casualties,12% Casualties,6% Casualties,7% Casualties,8% Casualties,9% Casualties,10% Casualties,11% Casualties,11% Casualties,11% Casualties,12% Casualties,6% Casualties,7% Casualties,8% Casualties,9% Casualties,10% Casualties,11% Casualties,11% Casualties,11% Casualties,12% Casualties,6% Casualties,8% Casualties,8% Casualties,9% Casualties,10% Casualties,11% Casualties,11% Casualties,11% Casualties,12% Casualties,7% Casualties,7% Casualties,8% Casualties,9% Casualties,10% Casualties,11% Casualties,11% Casualties,12% Casualties,12% Casualties,6% Casualties,6% Casualties,7% Casualties,8% Casualties,8% Casualties,9% Casualties,9% Casualties,10% Casualties,10% Casualties,6% Casualties,7% Casualties,7% Casualties,8% Casualties,9% Casualties,9% Casualties,9% Casualties,10% Casualties,10% Casualties,6% Casualties,7% Casualties,7% Casualties,8% Casualties,9% Casualties,9% Casualties,9% Casualties,10% Casualties,10% Casualties,6% Casualties,7% Casualties,7% Casualties,8% Casualties,9% Casualties,9% Casualties,9% Casualties,10% Casualties,10% Casualties,6% Casualties,7% Casualties,7% Casualties,8% Casualties,9% Casualties,9% Casualties,9% Casualties,10% Casualties,10% Casualties,6% Casualties,7% Casualties,7% Casualties,8% Casualties,9% Casualties,9% Casualties,9% Casualties,10% Casualties,10% Casualties
35 CV // 50 RT,3% Casualties,4% Casualties,4% Casualties,5% Casualties,5% Casualties,6% Casualties,7% Casualties,7% Casualties,7% Casualties,4% Casualties,5% Casualties,6% Casualties,7% Casualties,7% Casualties,8% Casualties,9% Casualties,9% Casualties,10% Casualties,5% Casualties,6% Casualties,7% Casualties,8% Casualties,9% Casualties,9% Casualties,10% Casualties,11% Casualties,11% Casualties,6% Casualties,7% Casualties,8% Casualties,9% Casualties,10% Casualties,10% Casualties,11% Casualties,12% Casualties,12% Casualties,6% Casualties,7% Casualties,8% Casualties,9% Casualties,10% Casualties,10% Casualties,11% Casualties,12% Casualties,12% Casualties,6% Casualties,7% Casualties,8% Casualties,9% Casualties,10% Casualties,10% Casualties,11% Casualties,12% Casualties,12% Casualties,6% Casualties,7% Casualties,8% Casualties,9% Casualties,10% Casualties,11% Casualties,12% Casualties,12% Casualties,13% Casualties,6% Casualties,7% Casualties,8% Casualties,9% Casualties,10% Casualties,11% Casualties,12% Casualties,12% Casualties,13% Casualties,6% Casualties,7% Casualties,9% Casualties,10% Casualties,11% Casualties,11% Casualties,12% Casualties,13% Casualties,13% Casualties,6% Casualties,7% Casualties,9% Casualties,10% Casualties,11% Casualties,11% Casualties,12% Casualties,13% Casualties,13% Casualties,6% Casualties,7% Casualties,9% Casualties,9% Casualties,10% Casualties,11% Casualties,12% Casualties,13% Casualties,13% Casualties,7% Casualties,8% Casualties,9% Casualties,10% Casualties,11% Casualties,12% Casualties,12% Casualties,13% Casualties,13% Casualties,7% Casualties,8% Casualties,9% Casualties,10% Casualties,11% Casualties,11% Casualties,12% Casualties,13% Casualties,13% Casualties,7% Casualties,8% Casualties,9% Casualties,10% Casualties,11% Casualties,11% Casualties,12% Casualties,13% Casualties,13% Casualties,7% Casualties,8% Casualties,9% Casualties,10% Casualties,11% Casualties,12% Casualties,12% Casualties,13% Casualties,13% Casualties,7% Casualties,8% Casualties,9% Casualties,10% Casualties,11% Casualties,12% Casualties,12% Casualties,13% Casualties,13% Casualties,7% Casualties,8% Casualties,9% Casualties,10% Casualties,11% Casualties,12% Casualties,12% Casualties,13% Casualties,13% Casualties,7% Casualties,8% Casualties,9% Casualties,10% Casualties,11% Casualties,12% Casualties,12% Casualties,13% Casualties,13% Casualties,7% Casualties,8% Casualties,9% Casualties,10% Casualties,11% Casualties,12% Casualties,13% Casualties,13% Casualties,13% Casualties,6% Casualties,7% Casualties,8% Casualties,9% Casualties,10% Casualties,10% Casualties,11% Casualties,11% Casualties,12% Casualties,6% Casualties,7% Casualties,8% Casualties,9% Casualties,10% Casualties,11% Casualties,11% Casualties,11% Casualties,12% Casualties,6% Casualties,7% Casualties,8% Casualties,9% Casualties,10% Casualties,11% Casualties,11% Casualties,11% Casualties,12% Casualties,6% Casualties,8% Casualties,8% Casualties,9% Casualties,10% Casualties,11% Casualties,11% Casualties,11% Casualties,12% Casualties,7% Casualties,8% Casualties,9% Casualties,9% Casualties,10% Casualties,11% Casualties,11% Casualties,11% Casualties,12% Casualties,6% Casualties,8% Casualties,9% Casualties,10% Casualties,10% Casualties,10% Casualties,11% Casualties,12% Casualties,12% Casualties
35 CV // 40 RT,3% Casualties,4% Casualties,4% Casualties,5% Casualties,6% Casualties,6% Casualties,7% Casualties,7% Casualties,8% Casualties,4% Casualties,5% Casualties,6% Casualties,7% Casualties,8% Casualties,9% Casualties,9% Casualties,10% Casualties,11% Casualties,5% Casualties,6% Casualties,8% Casualties,8% Casualties,10% Casualties,10% Casualties,11% Casualties,12% Casualties,13% Casualties,6% Casualties,7% Casualties,8% Casualties,9% Casualties,11% Casualties,12% Casualties,12% Casualties,13% Casualties,14% Casualties,6% Casualties,7% Casualties,8% Casualties,10% Casualties,11% Casualties,11% Casualties,12% Casualties,13% Casualties,14% Casualties,6% Casualties,7% Casualties,8% Casualties,10% Casualties,11% Casualties,12% Casualties,12% Casualties,13% Casualties,14% Casualties,6% Casualties,8% Casualties,9% Casualties,10% Casualties,11% Casualties,12% Casualties,13% Casualties,14% Casualties,15% Casualties,7% Casualties,8% Casualties,9% Casualties,10% Casualties,11% Casualties,12% Casualties,13% Casualties,14% Casualties,15% Casualties,7% Casualties,8% Casualties,9% Casualties,11% Casualties,12% Casualties,13% Casualties,14% Casualties,15% Casualties,15% Casualties,7% Casualties,8% Casualties,9% Casualties,11% Casualties,12% Casualties,13% Casualties,14% Casualties,14% Casualties,15% Casualties,7% Casualties,8% Casualties,10% Casualties,11% Casualties,12% Casualties,13% Casualties,14% Casualties,14% Casualties,15% Casualties,7% Casualties,8% Casualties,10% Casualties,11% Casualties,12% Casualties,13% Casualties,14% Casualties,15% Casualties,15% Casualties,7% Casualties,8% Casualties,10% Casualties,11% Casualties,12% Casualties,13% Casualties,14% Casualties,15% Casualties,15% Casualties,7% Casualties,8% Casualties,10% Casualties,11% Casualties,12% Casualties,13% Casualties,14% Casualties,15% Casualties,15% Casualties,7% Casualties,9% Casualties,10% Casualties,11% Casualties,13% Casualties,14% Casualties,14% Casualties,15% Casualties,16% Casualties,7% Casualties,9% Casualties,10% Casualties,11% Casualties,12% Casualties,13% Casualties,14% Casualties,15% Casualties,16% Casualties,7% Casualties,9% Casualties,10% Casualties,11% Casualties,12% Casualties,14% Casualties,14% Casualties,15% Casualties,16% Casualties,8% Casualties,9% Casualties,10% Casualties,12% Casualties,13% Casualties,14% Casualties,15% Casualties,15% Casualties,16% Casualties,8% Casualties,9% Casualties,11% Casualties,12% Casualties,13% Casualties,14% Casualties,14% Casualties,15% Casualties,16% Casualties,7% Casualties,8% Casualties,10% Casualties,11% Casualties,12% Casualties,12% Casualties,13% Casualties,14% Casualties,14% Casualties,7% Casualties,8% Casualties,10% Casualties,11% Casualties,12% Casualties,12% Casualties,13% Casualties,14% Casualties,14% Casualties,7% Casualties,9% Casualties,10% Casualties,11% Casualties,12% Casualties,13% Casualties,13% Casualties,14% Casualties,14% Casualties,7% Casualties,9% Casualties,10% Casualties,11% Casualties,12% Casualties,13% Casualties,13% Casualties,14% Casualties,14% Casualties,7% Casualties,9% Casualties,10% Casualties,11% Casualties,12% Casualties,13% Casualties,13% Casualties,14% Casualties,14% Casualties,7% Casualties,9% Casualties,10% Casualties,11% Casualties,12% Casualties,13% Casualties,13% Casualties,14% Casualties,15% Casualties
35 CV // 30 RT,3% Casualties,4% Casualties,5% Casualties,5% Casualties,6% Casualties,7% Casualties,7% Casualties,8% Casualties,9% Casualties,5% Casualties,6% Casualties,7% Casualties,8% Casualties,9% Casualties,10% Casualties,10% Casualties,11% Casualties,12% Casualties,6% Casualties,7% Casualties,8% Casualties,9% Casualties,11% Casualties,12% Casualties,13% Casualties,14% Casualties,15% Casualties,7% Casualties,8% Casualties,9% Casualties,11% Casualties,12% Casualties,13% Casualties,14% Casualties,15% Casualties,16% Casualties,6% Casualties,8% Casualties,9% Casualties,10% Casualties,12% Casualties,13% Casualties,14% Casualties,15% Casualties,16% Casualties,7% Casualties,8% Casualties,9% Casualties,11% Casualties,12% Casualties,13% Casualties,14% Casualties,15% Casualties,16% Casualties,7% Casualties,9% Casualties,10% Casualties,12% Casualties,13% Casualties,14% Casualties,15% Casualties,16% Casualties,17% Casualties,7% Casualties,8% Casualties,10% Casualties,11% Casualties,13% Casualties,14% Casualties,15% Casualties,16% Casualties,17% Casualties,7% Casualties,9% Casualties,11% Casualties,12% Casualties,13% Casualties,15% Casualties,16% Casualties,17% Casualties,18% Casualties,7% Casualties,9% Casualties,10% Casualties,12% Casualties,13% Casualties,14% Casualties,16% Casualties,17% Casualties,17% Casualties,7% Casualties,9% Casualties,10% Casualties,12% Casualties,13% Casualties,14% Casualties,16% Casualties,17% Casualties,17% Casualties,8% Casualties,9% Casualties,11% Casualties,13% Casualties,14% Casualties,15% Casualties,16% Casualties,17% Casualties,18% Casualties,8% Casualties,9% Casualties,11% Casualties,13% Casualties,14% Casualties,15% Casualties,16% Casualties,17% Casualties,18% Casualties,8% Casualties,9% Casualties,11% Casualties,13% Casualties,14% Casualties,15% Casualties,16% Casualties,17% Casualties,18% Casualties,8% Casualties,10% Casualties,11% Casualties,13% Casualties,14% Casualties,16% Casualties,17% Casualties,18% Casualties,18% Casualties,8% Casualties,10% Casualties,12% Casualties,13% Casualties,14% Casualties,16% Casualties,17% Casualties,18% Casualties,18% Casualties,8% Casualties,10% Casualties,11% Casualties,13% Casualties,14% Casualties,16% Casualties,17% Casualties,17% Casualties,18% Casualties,8% Casualties,10% Casualties,12% Casualties,14% Casualties,15% Casualties,16% Casualties,17% Casualties,18% Casualties,19% Casualties,9% Casualties,10% Casualties,12% Casualties,14% Casualties,15% Casualties,16% Casualties,17% Casualties,18% Casualties,19% Casualties,8% Casualties,9% Casualties,11% Casualties,13% Casualties,14% Casualties,15% Casualties,16% Casualties,17% Casualties,17% Casualties,8% Casualties,10% Casualties,11% Casualties,13% Casualties,14% Casualties,15% Casualties,16% Casualties,17% Casualties,18% Casualties,8% Casualties,10% Casualties,12% Casualties,13% Casualties,14% Casualties,15% Casualties,16% Casualties,17% Casualties,18% Casualties,9% Casualties,10% Casualties,12% Casualties,14% Casualties,15% Casualties,16% Casualties,17% Casualties,18% Casualties,18% Casualties,9% Casualties,10% Casualties,12% Casualties,14% Casualties,15% Casualties,16% Casualties,17% Casualties,17% Casualties,18% Casualties,9% Casualties,11% Casualties,12% Casualties,13% Casualties,15% Casualties,16% Casualties,17% Casualties,17% Casualties,18% Casualties
35 CV // 20 RT,4% Casualties,4% Casualties,5% Casualties,6% Casualties,7% Casualties,8% Casualties,8% Casualties,9% Casualties,10% Casualties,5% Casualties,6% Casualties,7% Casualties,8% Casualties,9% Casualties,11% Casualties,12% Casualties,13% Casualties,14% Casualties,6% Casualties,8% Casualties,9% Casualties,10% Casualties,12% Casualties,13% Casualties,15% Casualties,16% Casualties,17% Casualties,7% Casualties,9% Casualties,10% Casualties,12% Casualties,13% Casualties,15% Casualties,16% Casualties,17% Casualties,19% Casualties,7% Casualties,9% Casualties,10% Casualties,12% Casualties,13% Casualties,15% Casualties,16% Casualties,17% Casualties,18% Casualties,7% Casualties,9% Casualties,10% Casualties,12% Casualties,13% Casualties,15% Casualties,16% Casualties,17% Casualties,19% Casualties,7% Casualties,9% Casualties,12% Casualties,13% Casualties,15% Casualties,16% Casualties,18% Casualties,19% Casualties,20% Casualties,8% Casualties,9% Casualties,11% Casualties,13% Casualties,15% Casualties,16% Casualties,18% Casualties,19% Casualties,20% Casualties,8% Casualties,10% Casualties,12% Casualties,14% Casualties,16% Casualties,17% Casualties,19% Casualties,20% Casualties,21% Casualties,8% Casualties,10% Casualties,12% Casualties,14% Casualties,15% Casualties,17% Casualties,19% Casualties,20% Casualties,21% Casualties,8% Casualties,10% Casualties,12% Casualties,14% Casualties,15% Casualties,17% Casualties,19% Casualties,20% Casualties,21% Casualties,8% Casualties,10% Casualties,13% Casualties,15% Casualties,16% Casualties,18% Casualties,19% Casualties,21% Casualties,22% Casualties,9% Casualties,11% Casualties,13% Casualties,14% Casualties,16% Casualties,18% Casualties,19% Casualties,20% Casualties,22% Casualties,9% Casualties,11% Casualties,12% Casualties,15% Casualties,16% Casualties,18% Casualties,19% Casualties,20% Casualties,22% Casualties,9% Casualties,11% Casualties,13% Casualties,15% Casualties,17% Casualties,18% Casualties,20% Casualties,21% Casualties,22% Casualties,9% Casualties,11% Casualties,13% Casualties,15% Casualties,17% Casualties,19% Casualties,20% Casualties,21% Casualties,22% Casualties,9% Casualties,11% Casualties,13% Casualties,15% Casualties,17% Casualties,18% Casualties,20% Casualties,21% Casualties,22% Casualties,10% Casualties,12% Casualties,14% Casualties,16% Casualties,17% Casualties,19% Casualties,21% Casualties,22% Casualties,23% Casualties,9% Casualties,12% Casualties,14% Casualties,16% Casualties,18% Casualties,19% Casualties,20% Casualties,22% Casualties,23% Casualties,9% Casualties,11% Casualties,13% Casualties,15% Casualties,17% Casualties,18% Casualties,20% Casualties,21% Casualties,22% Casualties,10% Casualties,12% Casualties,14% Casualties,16% Casualties,17% Casualties,19% Casualties,20% Casualties,22% Casualties,22% Casualties,10% Casualties,12% Casualties,14% Casualties,16% Casualties,18% Casualties,19% Casualties,20% Casualties,21% Casualties,23% Casualties,10% Casualties,13% Casualties,15% Casualties,16% Casualties,18% Casualties,20% Casualties,21% Casualties,22% Casualties,23% Casualties,11% Casualties,12% Casualties,14% Casualties,16% Casualties,18% Casualties,20% Casualties,21% Casualties,22% Casualties,23% Casualties,10% Casualties,12% Casualties,15% Casualties,17% Casualties,18% Casualties,20% Casualties,21% Casualties,22% Casualties,23% Casualties
35 CV // 10 RT,4% Casualties,5% Casualties,5% Casualties,6% Casualties,7% Casualties,8% Casualties,9% Casualties,10% Casualties,11% Casualties,5% Casualties,7% Casualties,8% Casualties,10% Casualties,11% Casualties,12% Casualties,14% Casualties,14% Casualties,16% Casualties,7% Casualties,9% Casualties,10% Casualties,12% Casualties,14% Casualties,15% Casualties,17% Casualties,19% Casualties,20% Casualties,8% Casualties,10% Casualties,12% Casualties,14% Casualties,16% Casualties,17% Casualties,19% Casualties,21% Casualties,22% Casualties,8% Casualties,10% Casualties,11% Casualties,13% Casualties,15% Casualties,17% Casualties,19% Casualties,21% Casualties,22% Casualties,8% Casualties,9% Casualties,12% Casualties,14% Casualties,16% Casualties,17% Casualties,19% Casualties,21% Casualties,22% Casualties,8% Casualties,11% Casualties,13% Casualties,15% Casualties,17% Casualties,19% Casualties,21% Casualties,23% Casualties,24% Casualties,8% Casualties,10% Casualties,13% Casualties,15% Casualties,17% Casualties,19% Casualties,21% Casualties,23% Casualties,25% Casualties,9% Casualties,11% Casualties,14% Casualties,16% Casualties,18% Casualties,20% Casualties,22% Casualties,24% Casualties,25% Casualties,9% Casualties,11% Casualties,14% Casualties,16% Casualties,18% Casualties,20% Casualties,22% Casualties,24% Casualties,25% Casualties,9% Casualties,11% Casualties,14% Casualties,16% Casualties,18% Casualties,20% Casualties,22% Casualties,24% Casualties,25% Casualties,9% Casualties,12% Casualties,15% Casualties,17% Casualties,19% Casualties,21% Casualties,23% Casualties,25% Casualties,27% Casualties,10% Casualties,12% Casualties,15% Casualties,17% Casualties,19% Casualties,21% Casualties,23% Casualties,25% Casualties,26% Casualties,10% Casualties,12% Casualties,14% Casualties,17% Casualties,19% Casualties,21% Casualties,23% Casualties,25% Casualties,26% Casualties,10% Casualties,13% Casualties,15% Casualties,17% Casualties,20% Casualties,22% Casualties,24% Casualties,26% Casualties,27% Casualties,10% Casualties,13% Casualties,15% Casualties,18% Casualties,20% Casualties,22% Casualties,24% Casualties,26% Casualties,27% Casualties,10% Casualties,12% Casualties,15% Casualties,18% Casualties,20% Casualties,22% Casualties,24% Casualties,26% Casualties,28% Casualties,11% Casualties,13% Casualties,16% Casualties,19% Casualties,21% Casualties,23% Casualties,25% Casualties,27% Casualties,28% Casualties,11% Casualties,14% Casualties,16% Casualties,19% Casualties,21% Casualties,23% Casualties,25% Casualties,27% Casualties,28% Casualties,10% Casualties,13% Casualties,16% Casualties,18% Casualties,21% Casualties,23% Casualties,24% Casualties,26% Casualties,28% Casualties,11% Casualties,14% Casualties,17% Casualties,19% Casualties,21% Casualties,24% Casualties,26% Casualties,27% Casualties,29% Casualties,11% Casualties,14% Casualties,17% Casualties,19% Casualties,22% Casualties,24% Casualties,25% Casualties,27% Casualties,29% Casualties,12% Casualties,15% Casualties,18% Casualties,20% Casualties,23% Casualties,24% Casualties,27% Casualties,28% Casualties,29% Casualties,12% Casualties,15% Casualties,17% Casualties,20% Casualties,23% Casualties,24% Casualties,27% Casualties,28% Casualties,30% Casualties,12% Casualties,15% Casualties,17% Casualties,20% Casualties,22% Casualties,25% Casualties,26% Casualties,28% Casualties,29% Casualties
35 CV // 0 RT,4% Casualties,5% Casualties,6% Casualties,7% Casualties,8% Casualties,9% Casualties,10% Casualties,11% Casualties,12% Casualties,6% Casualties,7% Casualties,9% Casualties,10% Casualties,12% Casualties,14% Casualties,15% Casualties,17% Casualties,19% Casualties,7% Casualties,9% Casualties,11% Casualties,14% Casualties,15% Casualties,18% Casualties,20% Casualties,22% Casualties,24% Casualties,8% Casualties,11% Casualties,13% Casualties,15% Casualties,18% Casualties,20% Casualties,22% Casualties,25% Casualties,27% Casualties,8% Casualties,11% Casualties,13% Casualties,15% Casualties,18% Casualties,20% Casualties,23% Casualties,25% Casualties,27% Casualties,8% Casualties,11% Casualties,13% Casualties,15% Casualties,18% Casualties,20% Casualties,22% Casualties,25% Casualties,26% Casualties,9% Casualties,12% Casualties,15% Casualties,17% Casualties,20% Casualties,23% Casualties,25% Casualties,27% Casualties,30% Casualties,10% Casualties,12% Casualties,15% Casualties,17% Casualties,20% Casualties,22% Casualties,25% Casualties,27% Casualties,29% Casualties,10% Casualties,13% Casualties,15% Casualties,18% Casualties,21% Casualties,24% Casualties,26% Casualties,29% Casualties,31% Casualties,10% Casualties,12% Casualties,16% Casualties,18% Casualties,21% Casualties,24% Casualties,27% Casualties,29% Casualties,31% Casualties,10% Casualties,13% Casualties,16% Casualties,18% Casualties,21% Casualties,24% Casualties,26% Casualties,29% Casualties,31% Casualties,11% Casualties,14% Casualties,16% Casualties,20% Casualties,22% Casualties,25% Casualties,28% Casualties,30% Casualties,32% Casualties,11% Casualties,14% Casualties,16% Casualties,19% Casualties,23% Casualties,25% Casualties,28% Casualties,30% Casualties,32% Casualties,11% Casualties,14% Casualties,17% Casualties,20% Casualties,23% Casualties,25% Casualties,27% Casualties,30% Casualties,32% Casualties,12% Casualties,15% Casualties,18% Casualties,21% Casualties,24% Casualties,27% Casualties,29% Casualties,32% Casualties,34% Casualties,11% Casualties,15% Casualties,17% Casualties,21% Casualties,24% Casualties,27% Casualties,29% Casualties,31% Casualties,33% Casualties,11% Casualties,15% Casualties,17% Casualties,21% Casualties,24% Casualties,26% Casualties,29% Casualties,32% Casualties,34% Casualties,12% Casualties,16% Casualties,19% Casualties,22% Casualties,25% Casualties,28% Casualties,31% Casualties,33% Casualties,35% Casualties,12% Casualties,16% Casualties,19% Casualties,22% Casualties,25% Casualties,28% Casualties,30% Casualties,33% Casualties,35% Casualties,12% Casualties,16% Casualties,19% Casualties,23% Casualties,25% Casualties,28% Casualties,30% Casualties,33% Casualties,35% Casualties,13% Casualties,16% Casualties,20% Casualties,23% Casualties,27% Casualties,29% Casualties,32% Casualties,34% Casualties,36% Casualties,13% Casualties,17% Casualties,20% Casualties,23% Casualties,26% Casualties,30% Casualties,32% Casualties,34% Casualties,36% Casualties,14% Casualties,18% Casualties,21% Casualties,25% Casualties,28% Casualties,31% Casualties,33% Casualties,35% Casualties,38% Casualties,14% Casualties,18% Casualties,21% Casualties,25% Casualties,28% Casualties,31% Casualties,33% Casualties,35% Casualties,37% Casualties,14% Casualties,18% Casualties,21% Casualties,24% Casualties,28% Casualties,31% Casualties,33% Casualties,35% Casualties,37% Casualties
40 CV // 80 RT,3% Casualties,3% Casualties,3% Casualties,4% Casualties,4% Casualties,5% Casualties,5% Casualties,5% Casualties,5% Casualties,4% Casualties,4% Casualties,5% Casualties,5% Casualties,6% Casualties,6% Casualties,6% Casualties,6% Casualties,7% Casualties,4% Casualties,5% Casualties,5% Casualties,6% Casualties,6% Casualties,7% Casualties,7% Casualties,8% Casualties,8% Casualties,5% Casualties,5% Casualties,6% Casualties,6% Casualties,7% Casualties,7% Casualties,8% Casualties,8% Casualties,8% Casualties,5% Casualties,6% Casualties,6% Casualties,7% Casualties,8% Casualties,8% Casualties,8% Casualties,9% Casualties,9% Casualties,5% Casualties,6% Casualties,6% Casualties,7% Casualties,8% Casualties,8% Casualties,8% Casualties,9% Casualties,9% Casualties,5% Casualties,6% Casualties,6% Casualties,7% Casualties,8% Casualties,8% Casualties,8% Casualties,9% Casualties,9% Casualties,5% Casualties,6% Casualties,7% Casualties,7% Casualties,8% Casualties,8% Casualties,9% Casualties,9% Casualties,9% Casualties,5% Casualties,6% Casualties,7% Casualties,7% Casualties,8% Casualties,8% Casualties,9% Casualties,9% Casualties,9% Casualties,5% Casualties,6% Casualties,7% Casualties,8% Casualties,8% Casualties,8% Casualties,9% Casualties,9% Casualties,9% Casualties,6% Casualties,6% Casualties,7% Casualties,8% Casualties,8% Casualties,9% Casualties,9% Casualties,9% Casualties,9% Casualties,5% Casualties,6% Casualties,7% Casualties,7% Casualties,8% Casualties,9% Casualties,9% Casualties,9% Casualties,9% Casualties,6% Casualties,6% Casualties,7% Casualties,7% Casualties,8% Casualties,8% Casualties,9% Casualties,9% Casualties,9% Casualties,6% Casualties,6% Casualties,7% Casualties,8% Casualties,8% Casualties,9% Casualties,9% Casualties,9% Casualties,9% Casualties,6% Casualties,6% Casualties,7% Casualties,8% Casualties,8% Casualties,9% Casualties,9% Casualties,9% Casualties,9% Casualties,6% Casualties,6% Casualties,7% Casualties,8% Casualties,8% Casualties,9% Casualties,9% Casualties,9% Casualties,9% Casualties,6% Casualties,6% Casualties,7% Casualties,8% Casualties,8% Casualties,9% Casualties,9% Casualties,9% Casualties,9% Casualties,6% Casualties,6% Casualties,7% Casualties,8% Casualties,8% Casualties,9% Casualties,9% Casualties,9% Casualties,9% Casualties,6% Casualties,6% Casualties,7% Casualties,8% Casualties,8% Casualties,9% Casualties,9% Casualties,9% Casualties,9% Casualties,4% Casualties,5% Casualties,6% Casualties,6% Casualties,6% Casualties,7% Casualties,7% Casualties,7% Casualties,7% Casualties,5% Casualties,5% Casualties,6% Casualties,6% Casualties,6% Casualties,7% Casualties,7% Casualties,7% Casualties,7% Casualties,5% Casualties,5% Casualties,6% Casualties,6% Casualties,6% Casualties,7% Casualties,7% Casualties,7% Casualties,7% Casualties,5% Casualties,5% Casualties,6% Casualties,6% Casualties,6% Casualties,7% Casualties,7% Casualties,7% Casualties,7% Casualties,5% Casualties,5% Casualties,6% Casualties,6% Casualties,6% Casualties,7% Casualties,7% Casualties,7% Casualties,7% Casualties,5% Casualties,5% Casualties,6% Casualties,6% Casualties,6% Casualties,7% Casualties,7% Casualties,7% Casualties,7% Casualties
40 CV // 70 RT,3% Casualties,3% Casualties,4% Casualties,4% Casualties,4% Casualties,5% Casualties,5% Casualties,6% Casualties,6% Casualties,4% Casualties,4% Casualties,5% Casualties,5% Casualties,6% Casualties,6% Casualties,7% Casualties,7% Casualties,7% Casualties,4% Casualties,5% Casualties,6% Casualties,6% Casualties,7% Casualties,8% Casualties,8% Casualties,8% Casualties,9% Casualties,5% Casualties,5% Casualties,6% Casualties,7% Casualties,8% Casualties,8% Casualties,8% Casualties,9% Casualties,9% Casualties,5% Casualties,6% Casualties,7% Casualties,8% Casualties,8% Casualties,9% Casualties,9% Casualties,10% Casualties,10% Casualties,5% Casualties,6% Casualties,7% Casualties,8% Casualties,8% Casualties,9% Casualties,9% Casualties,9% Casualties,10% Casualties,5% Casualties,6% Casualties,7% Casualties,8% Casualties,8% Casualties,9% Casualties,9% Casualties,10% Casualties,10% Casualties,6% Casualties,6% Casualties,7% Casualties,8% Casualties,9% Casualties,9% Casualties,10% Casualties,10% Casualties,10% Casualties,5% Casualties,6% Casualties,7% Casualties,8% Casualties,9% Casualties,9% Casualties,10% Casualties,10% Casualties,10% Casualties,6% Casualties,6% Casualties,7% Casualties,8% Casualties,9% Casualties,9% Casualties,10% Casualties,10% Casualties,10% Casualties,6% Casualties,7% Casualties,8% Casualties,8% Casualties,9% Casualties,9% Casualties,10% Casualties,10% Casualties,10% Casualties,6% Casualties,7% Casualties,7% Casualties,8% Casualties,9% Casualties,9% Casualties,10% Casualties,10% Casualties,10% Casualties,6% Casualties,7% Casualties,7% Casualties,8% Casualties,9% Casualties,9% Casualties,10% Casualties,10% Casualties,10% Casualties,6% Casualties,7% Casualties,8% Casualties,8% Casualties,9% Casualties,9% Casualties,10% Casualties,10% Casualties,11% Casualties,6% Casualties,7% Casualties,8% Casualties,8% Casualties,9% Casualties,9% Casualties,10% Casualties,10% Casualties,10% Casualties,6% Casualties,7% Casualties,8% Casualties,8% Casualties,9% Casualties,9% Casualties,10% Casualties,10% Casualties,10% Casualties,6% Casualties,7% Casualties,8% Casualties,8% Casualties,9% Casualties,9% Casualties,10% Casualties,10% Casualties,10% Casualties,6% Casualties,7% Casualties,8% Casualties,8% Casualties,9% Casualties,9% Casualties,10% Casualties,10% Casualties,10% Casualties,6% Casualties,7% Casualties,8% Casualties,8% Casualties,9% Casualties,9% Casualties,10% Casualties,10% Casualties,10% Casualties,5% Casualties,6% Casualties,6% Casualties,7% Casualties,7% Casualties,8% Casualties,8% Casualties,8% Casualties,8% Casualties,5% Casualties,6% Casualties,6% Casualties,7% Casualties,7% Casualties,8% Casualties,8% Casualties,8% Casualties,8% Casualties,5% Casualties,6% Casualties,6% Casualties,7% Casualties,7% Casualties,8% Casualties,8% Casualties,8% Casualties,8% Casualties,5% Casualties,6% Casualties,6% Casualties,7% Casualties,7% Casualties,8% Casualties,8% Casualties,8% Casualties,8% Casualties,5% Casualties,6% Casualties,7% Casualties,7% Casualties,7% Casualties,8% Casualties,8% Casualties,8% Casualties,8% Casualties,5% Casualties,6% Casualties,6% Casualties,7% Casualties,7% Casualties,8% Casualties,8% Casualties,8% Casualties,8% Casualties
40 CV // 60 RT,3% Casualties,3% Casualties,4% Casualties,4% Casualties,5% Casualties,5% Casualties,5% Casualties,6% Casualties,6% Casualties,4% Casualties,4% Casualties,5% Casualties,6% Casualties,6% Casualties,7% Casualties,7% Casualties,8% Casualties,8% Casualties,5% Casualties,5% Casualties,6% Casualties,7% Casualties,7% Casualties,8% Casualties,9% Casualties,9% Casualties,9% Casualties,5% Casualties,6% Casualties,7% Casualties,7% Casualties,8% Casualties,9% Casualties,9% Casualties,10% Casualties,10% Casualties,5% Casualties,6% Casualties,7% Casualties,8% Casualties,9% Casualties,9% Casualties,10% Casualties,10% Casualties,11% Casualties,5% Casualties,6% Casualties,7% Casualties,8% Casualties,9% Casualties,10% Casualties,10% Casualties,11% Casualties,11% Casualties,5% Casualties,6% Casualties,7% Casualties,8% Casualties,9% Casualties,10% Casualties,10% Casualties,11% Casualties,11% Casualties,6% Casualties,7% Casualties,8% Casualties,9% Casualties,9% Casualties,10% Casualties,11% Casualties,11% Casualties,12% Casualties,6% Casualties,7% Casualties,8% Casualties,9% Casualties,9% Casualties,10% Casualties,11% Casualties,11% Casualties,12% Casualties,6% Casualties,7% Casualties,8% Casualties,9% Casualties,9% Casualties,10% Casualties,11% Casualties,11% Casualties,12% Casualties,6% Casualties,7% Casualties,8% Casualties,9% Casualties,10% Casualties,10% Casualties,11% Casualties,11% Casualties,12% Casualties,6% Casualties,7% Casualties,8% Casualties,9% Casualties,10% Casualties,10% Casualties,11% Casualties,11% Casualties,12% Casualties,6% Casualties,7% Casualties,8% Casualties,9% Casualties,10% Casualties,10% Casualties,11% Casualties,11% Casualties,12% Casualties,6% Casualties,7% Casualties,8% Casualties,9% Casualties,10% Casualties,10% Casualties,11% Casualties,11% Casualties,12% Casualties,6% Casualties,7% Casualties,8% Casualties,9% Casualties,10% Casualties,10% Casualties,11% Casualties,11% Casualties,12% Casualties,6% Casualties,7% Casualties,8% Casualties,9% Casualties,10% Casualties,10% Casualties,11% Casualties,11% Casualties,12% Casualties,6% Casualties,7% Casualties,8% Casualties,9% Casualties,10% Casualties,10% Casualties,11% Casualties,11% Casualties,12% Casualties,6% Casualties,7% Casualties,8% Casualties,9% Casualties,10% Casualties,10% Casualties,11% Casualties,11% Casualties,12% Casualties,6% Casualties,7% Casualties,8% Casualties,9% Casualties,10% Casualties,10% Casualties,11% Casualties,11% Casualties,12% Casualties,6% Casualties,6% Casualties,7% Casualties,8% Casualties,8% Casualties,9% Casualties,9% Casualties,10% Casualties,10% Casualties,6% Casualties,6% Casualties,7% Casualties,8% Casualties,8% Casualties,9% Casualties,9% Casualties,10% Casualties,10% Casualties,5% Casualties,6% Casualties,7% Casualties,8% Casualties,8% Casualties,9% Casualties,9% Casualties,10% Casualties,10% Casualties,6% Casualties,6% Casualties,7% Casualties,8% Casualties,8% Casualties,9% Casualties,9% Casualties,10% Casualties,10% Casualties,6% Casualties,7% Casualties,7% Casualties,8% Casualties,9% Casualties,9% Casualties,9% Casualties,9% Casualties,10% Casualties,6% Casualties,7% Casualties,7% Casualties,8% Casualties,9% Casualties,9% Casualties,9% Casualties,10% Casualties,10% Casualties
40 CV // 50 RT,3% Casualties,3% Casualties,4% Casualties,4% Casualties,5% Casualties,5% Casualties,6% Casualties,6% Casualties,7% Casualties,4% Casualties,5% Casualties,5% Casualties,6% Casualties,7% Casualties,7% Casualties,8% Casualties,8% Casualties,9% Casualties,5% Casualties,6% Casualties,6% Casualties,7% Casualties,8% Casualties,9% Casualties,9% Casualties,10% Casualties,10% Casualties,5% Casualties,6% Casualties,7% Casualties,8% Casualties,9% Casualties,10% Casualties,10% Casualties,11% Casualties,11% Casualties,6% Casualties,7% Casualties,8% Casualties,9% Casualties,10% Casualties,10% Casualties,11% Casualties,12% Casualties,12% Casualties,6% Casualties,7% Casualties,8% Casualties,9% Casualties,10% Casualties,10% Casualties,11% Casualties,12% Casualties,12% Casualties,6% Casualties,7% Casualties,8% Casualties,9% Casualties,10% Casualties,10% Casualties,11% Casualties,12% Casualties,12% Casualties,6% Casualties,7% Casualties,8% Casualties,9% Casualties,10% Casualties,11% Casualties,12% Casualties,12% Casualties,13% Casualties,6% Casualties,7% Casualties,8% Casualties,9% Casualties,10% Casualties,11% Casualties,12% Casualties,12% Casualties,13% Casualties,6% Casualties,7% Casualties,8% Casualties,9% Casualties,10% Casualties,11% Casualties,12% Casualties,12% Casualties,13% Casualties,6% Casualties,7% Casualties,9% Casualties,10% Casualties,11% Casualties,11% Casualties,12% Casualties,13% Casualties,13% Casualties,6% Casualties,7% Casualties,9% Casualties,10% Casualties,11% Casualties,11% Casualties,12% Casualties,13% Casualties,13% Casualties,6% Casualties,7% Casualties,9% Casualties,10% Casualties,11% Casualties,11% Casualties,12% Casualties,12% Casualties,13% Casualties,7% Casualties,8% Casualties,9% Casualties,10% Casualties,11% Casualties,11% Casualties,12% Casualties,13% Casualties,13% Casualties,7% Casualties,8% Casualties,9% Casualties,10% Casualties,11% Casualties,12% Casualties,12% Casualties,13% Casualties,13% Casualties,7% Casualties,8% Casualties,9% Casualties,10% Casualties,11% Casualties,11% Casualties,12% Casualties,13% Casualties,13% Casualties,7% Casualties,8% Casualties,9% Casualties,10% Casualties,11% Casualties,12% Casualties,12% Casualties,13% Casualties,13% Casualties,7% Casualties,8% Casualties,9% Casualties,10% Casualties,11% Casualties,12% Casualties,12% Casualties,13% Casualties,13% Casualties,7% Casualties,8% Casualties,9% Casualties,10% Casualties,11% Casualties,12% Casualties,13% Casualties,13% Casualties,13% Casualties,6% Casualties,7% Casualties,8% Casualties,9% Casualties,10% Casualties,10% Casualties,11% Casualties,11% Casualties,12% Casualties,6% Casualties,7% Casualties,8% Casualties,9% Casualties,10% Casualties,10% Casualties,11% Casualties,11% Casualties,12% Casualties,6% Casualties,7% Casualties,8% Casualties,9% Casualties,10% Casualties,10% Casualties,11% Casualties,11% Casualties,12% Casualties,6% Casualties,7% Casualties,8% Casualties,9% Casualties,10% Casualties,10% Casualties,11% Casualties,11% Casualties,12% Casualties,6% Casualties,7% Casualties,8% Casualties,9% Casualties,10% Casualties,11% Casualties,11% Casualties,11% Casualties,12% Casualties,6% Casualties,8% Casualties,8% Casualties,9% Casualties,10% Casualties,10% Casualties,11% Casualties,11% Casualties,12% Casualties
40 CV // 40 RT,3% Casualties,3% Casualties,4% Casualties,4% Casualties,5% Casualties,6% Casualties,6% Casualties,7% Casualties,7% Casualties,4% Casualties,5% Casualties,6% Casualties,7% Casualties,7% Casualties,8% Casualties,9% Casualties,9% Casualties,10% Casualties,5% Casualties,6% Casualties,7% Casualties,8% Casualties,9% Casualties,10% Casualties,10% Casualties,11% Casualties,12% Casualties,5% Casualties,6% Casualties,8% Casualties,9% Casualties,10% Casualties,10% Casualties,11% Casualties,12% Casualties,13% Casualties,6% Casualties,7% Casualties,8% Casualties,10% Casualties,11% Casualties,12% Casualties,12% Casualties,13% Casualties,14% Casualties,6% Casualties,7% Casualties,8% Casualties,10% Casualties,11% Casualties,11% Casualties,12% Casualties,13% Casualties,14% Casualties,6% Casualties,7% Casualties,8% Casualties,9% Casualties,11% Casualties,11% Casualties,12% Casualties,13% Casualties,14% Casualties,6% Casualties,8% Casualties,9% Casualties,10% Casualties,11% Casualties,12% Casualties,13% Casualties,14% Casualties,15% Casualties,6% Casualties,8% Casualties,9% Casualties,10% Casualties,11% Casualties,13% Casualties,13% Casualties,14% Casualties,15% Casualties,6% Casualties,8% Casualties,9% Casualties,10% Casualties,11% Casualties,12% Casualties,13% Casualties,14% Casualties,15% Casualties,7% Casualties,8% Casualties,9% Casualties,11% Casualties,12% Casualties,13% Casualties,14% Casualties,14% Casualties,15% Casualties,7% Casualties,8% Casualties,9% Casualties,11% Casualties,12% Casualties,13% Casualties,13% Casualties,14% Casualties,15% Casualties,7% Casualties,8% Casualties,9% Casualties,11% Casualties,12% Casualties,13% Casualties,14% Casualties,14% Casualties,15% Casualties,7% Casualties,8% Casualties,10% Casualties,11% Casualties,12% Casualties,13% Casualties,14% Casualties,15% Casualties,15% Casualties,7% Casualties,8% Casualties,10% Casualties,11% Casualties,12% Casualties,13% Casualties,14% Casualties,15% Casualties,15% Casualties,7% Casualties,8% Casualties,10% Casualties,11% Casualties,12% Casualties,13% Casualties,14% Casualties,15% Casualties,15% Casualties,7% Casualties,9% Casualties,10% Casualties,11% Casualties,12% Casualties,13% Casualties,14% Casualties,15% Casualties,15% Casualties,7% Casualties,9% Casualties,10% Casualties,11% Casualties,13% Casualties,13% Casualties,14% Casualties,15% Casualties,16% Casualties,7% Casualties,9% Casualties,10% Casualties,11% Casualties,12% Casualties,13% Casualties,14% Casualties,15% Casualties,15% Casualties,7% Casualties,8% Casualties,10% Casualties,11% Casualties,11% Casualties,12% Casualties,13% Casualties,14% Casualties,14% Casualties,7% Casualties,8% Casualties,10% Casualties,10% Casualties,12% Casualties,12% Casualties,13% Casualties,14% Casualties,14% Casualties,7% Casualties,8% Casualties,10% Casualties,11% Casualties,11% Casualties,12% Casualties,13% Casualties,14% Casualties,14% Casualties,7% Casualties,8% Casualties,9% Casualties,11% Casualties,11% Casualties,12% Casualties,13% Casualties,14% Casualties,14% Casualties,7% Casualties,9% Casualties,10% Casualties,11% Casualties,12% Casualties,13% Casualties,13% Casualties,14% Casualties,14% Casualties,7% Casualties,9% Casualties,10% Casualties,11% Casualties,12% Casualties,12% Casualties,13% Casualties,14% Casualties,14% Casualties
40 CV // 30 RT,3% Casualties,4% Casualties,4% Casualties,5% Casualties,5% Casualties,6% Casualties,7% Casualties,7% Casualties,8% Casualties,4% Casualties,5% Casualties,6% Casualties,7% Casualties,8% Casualties,9% Casualties,9% Casualties,10% Casualties,11% Casualties,5% Casualties,6% Casualties,8% Casualties,9% Casualties,10% Casualties,11% Casualties,11% Casualties,12% Casualties,13% Casualties,6% Casualties,7% Casualties,8% Casualties,9% Casualties,11% Casualties,12% Casualties,13% Casualties,14% Casualties,15% Casualties,6% Casualties,8% Casualties,9% Casualties,10% Casualties,12% Casualties,13% Casualties,14% Casualties,15% Casualties,16% Casualties,7% Casualties,8% Casualties,9% Casualties,10% Casualties,12% Casualties,13% Casualties,14% Casualties,15% Casualties,16% Casualties,6% Casualties,8% Casualties,9% Casualties,11% Casualties,12% Casualties,13% Casualties,14% Casualties,15% Casualties,16% Casualties,7% Casualties,9% Casualties,10% Casualties,11% Casualties,13% Casualties,14% Casualties,15% Casualties,16% Casualties,17% Casualties,7% Casualties,8% Casualties,10% Casualties,11% Casualties,13% Casualties,14% Casualties,15% Casualties,16% Casualties,17% Casualties,7% Casualties,8% Casualties,10% Casualties,11% Casualties,13% Casualties,14% Casualties,15% Casualties,16% Casualties,17% Casualties,7% Casualties,9% Casualties,11% Casualties,12% Casualties,13% Casualties,15% Casualties,16% Casualties,17% Casualties,18% Casualties,7% Casualties,9% Casualties,11% Casualties,12% Casualties,13% Casualties,15% Casualties,16% Casualties,17% Casualties,18% Casualties,7% Casualties,9% Casualties,11% Casualties,12% Casualties,13% Casualties,15% Casualties,16% Casualties,17% Casualties,18% Casualties,8% Casualties,9% Casualties,11% Casualties,12% Casualties,14% Casualties,15% Casualties,16% Casualties,17% Casualties,18% Casualties,8% Casualties,9% Casualties,11% Casualties,12% Casualties,14% Casualties,15% Casualties,16% Casualties,17% Casualties,18% Casualties,8% Casualties,9% Casualties,11% Casualties,12% Casualties,14% Casualties,15% Casualties,16% Casualties,17% Casualties,18% Casualties,8% Casualties,10% Casualties,11% Casualties,13% Casualties,14% Casualties,16% Casualties,17% Casualties,18% Casualties,18% Casualties,8% Casualties,10% Casualties,11% Casualties,13% Casualties,14% Casualties,15% Casualties,17% Casualties,18% Casualties,18% Casualties,8% Casualties,10% Casualties,11% Casualties,13% Casualties,14% Casualties,15% Casualties,17% Casualties,18% Casualties,18% Casualties,8% Casualties,10% Casualties,11% Casualties,12% Casualties,14% Casualties,15% Casualties,16% Casualties,17% Casualties,17% Casualties,8% Casualties,10% Casualties,11% Casualties,13% Casualties,14% Casualties,15% Casualties,16% Casualties,17% Casualties,17% Casualties,8% Casualties,10% Casualties,11% Casualties,13% Casualties,14% Casualties,15% Casualties,16% Casualties,16% Casualties,18% Casualties,8% Casualties,10% Casualties,11% Casualties,13% Casualties,14% Casualties,15% Casualties,16% Casualties,16% Casualties,17% Casualties,8% Casualties,10% Casualties,11% Casualties,13% Casualties,14% Casualties,15% Casualties,16% Casualties,17% Casualties,18% Casualties,8% Casualties,10% Casualties,12% Casualties,13% Casualties,14% Casualties,15% Casualties,16% Casualties,17% Casualties,18% Casualties
40 CV // 20 RT,3% Casualties,4% Casualties,4% Casualties,5% Casualties,6% Casualties,6% Casualties,7% Casualties,8% Casualties,9% Casualties,4% Casualties,5% Casualties,7% Casualties,7% Casualties,9% Casualties,10% Casualties,11% Casualties,12% Casualties,12% Casualties,6% Casualties,7% Casualties,8% Casualties,9% Casualties,11% Casualties,12% Casualties,13% Casualties,14% Casualties,15% Casualties,6% Casualties,8% Casualties,9% Casualties,11% Casualties,12% Casualties,13% Casualties,15% Casualties,16% Casualties,17% Casualties,7% Casualties,8% Casualties,10% Casualties,12% Casualties,13% Casualties,15% Casualties,16% Casualties,17% Casualties,19% Casualties,7% Casualties,9% Casualties,11% Casualties,12% Casualties,13% Casualties,15% Casualties,16% Casualties,17% Casualties,19% Casualties,7% Casualties,9% Casualties,10% Casualties,12% Casualties,13% Casualties,15% Casualties,16% Casualties,17% Casualties,19% Casualties,8% Casualties,9% Casualties,11% Casualties,13% Casualties,15% Casualties,16% Casualties,18% Casualties,19% Casualties,20% Casualties,8% Casualties,9% Casualties,11% Casualties,13% Casualties,15% Casualties,16% Casualties,18% Casualties,19% Casualties,20% Casualties,8% Casualties,9% Casualties,12% Casualties,13% Casualties,15% Casualties,16% Casualties,18% Casualties,19% Casualties,20% Casualties,8% Casualties,10% Casualties,12% Casualties,14% Casualties,15% Casualties,17% Casualties,19% Casualties,20% Casualties,21% Casualties,8% Casualties,10% Casualties,12% Casualties,14% Casualties,15% Casualties,17% Casualties,18% Casualties,20% Casualties,21% Casualties,8% Casualties,10% Casualties,12% Casualties,14% Casualties,15% Casualties,17% Casualties,18% Casualties,20% Casualties,21% Casualties,8% Casualties,11% Casualties,12% Casualties,14% Casualties,16% Casualties,18% Casualties,19% Casualties,20% Casualties,22% Casualties,8% Casualties,11% Casualties,13% Casualties,14% Casualties,16% Casualties,18% Casualties,19% Casualties,21% Casualties,22% Casualties,9% Casualties,10% Casualties,13% Casualties,15% Casualties,16% Casualties,18% Casualties,19% Casualties,20% Casualties,22% Casualties,9% Casualties,11% Casualties,13% Casualties,15% Casualties,17% Casualties,19% Casualties,20% Casualties,21% Casualties,22% Casualties,9% Casualties,11% Casualties,13% Casualties,15% Casualties,17% Casualties,19% Casualties,20% Casualties,21% Casualties,22% Casualties,9% Casualties,11% Casualties,13% Casualties,15% Casualties,17% Casualties,19% Casualties,20% Casualties,21% Casualties,22% Casualties,9% Casualties,11% Casualties,14% Casualties,15% Casualties,17% Casualties,19% Casualties,20% Casualties,21% Casualties,22% Casualties,9% Casualties,11% Casualties,13% Casualties,15% Casualties,17% Casualties,18% Casualties,20% Casualties,21% Casualties,22% Casualties,9% Casualties,11% Casualties,13% Casualties,15% Casualties,17% Casualties,18% Casualties,20% Casualties,21% Casualties,22% Casualties,9% Casualties,11% Casualties,14% Casualties,15% Casualties,17% Casualties,18% Casualties,20% Casualties,21% Casualties,22% Casualties,10% Casualties,12% Casualties,14% Casualties,16% Casualties,18% Casualties,19% Casualties,20% Casualties,22% Casualties,23% Casualties,10% Casualties,12% Casualties,14% Casualties,16% Casualties,17% Casualties,19% Casualties,20% Casualties,22% Casualties,22% Casualties
40 CV // 10 RT,3% Casualties,4% Casualties,5% Casualties,5% Casualties,6% Casualties,7% Casualties,8% Casualties,9% Casualties,10% Casualties,5% Casualties,6% Casualties,7% Casualties,8% Casualties,10% Casualties,11% Casualties,12% Casualties,13% Casualties,14% Casualties,6% Casualties,7% Casualties,9% Casualties,10% Casualties,12% Casualties,14% Casualties,15% Casualties,17% Casualties,18% Casualties,7% Casualties,8% Casualties,10% Casualties,12% Casualties,14% Casualties,16% Casualties,17% Casualties,19% Casualties,20% Casualties,8% Casualties,10% Casualties,12% Casualties,14% Casualties,15% Casualties,17% Casualties,19% Casualties,20% Casualties,23% Casualties,8% Casualties,10% Casualties,12% Casualties,14% Casualties,15% Casualties,17% Casualties,19% Casualties,21% Casualties,22% Casualties,8% Casualties,9% Casualties,12% Casualties,14% Casualties,15% Casualties,17% Casualties,19% Casualties,21% Casualties,22% Casualties,8% Casualties,11% Casualties,12% Casualties,15% Casualties,17% Casualties,19% Casualties,21% Casualties,23% Casualties,24% Casualties,8% Casualties,10% Casualties,13% Casualties,15% Casualties,17% Casualties,19% Casualties,21% Casualties,23% Casualties,25% Casualties,8% Casualties,11% Casualties,13% Casualties,15% Casualties,17% Casualties,19% Casualties,21% Casualties,23% Casualties,24% Casualties,9% Casualties,11% Casualties,13% Casualties,16% Casualties,18% Casualties,20% Casualties,22% Casualties,24% Casualties,25% Casualties,9% Casualties,11% Casualties,14% Casualties,16% Casualties,18% Casualties,20% Casualties,22% Casualties,24% Casualties,25% Casualties,9% Casualties,11% Casualties,14% Casualties,16% Casualties,18% Casualties,20% Casualties,22% Casualties,24% Casualties,25% Casualties,10% Casualties,12% Casualties,15% Casualties,17% Casualties,19% Casualties,21% Casualties,23% Casualties,25% Casualties,26% Casualties,10% Casualties,12% Casualties,14% Casualties,17% Casualties,19% Casualties,21% Casualties,23% Casualties,25% Casualties,27% Casualties,10% Casualties,12% Casualties,14% Casualties,17% Casualties,19% Casualties,21% Casualties,23% Casualties,25% Casualties,26% Casualties,10% Casualties,13% Casualties,15% Casualties,18% Casualties,20% Casualties,22% Casualties,24% Casualties,26% Casualties,27% Casualties,10% Casualties,13% Casualties,15% Casualties,18% Casualties,20% Casualties,22% Casualties,24% Casualties,26% Casualties,28% Casualties,10% Casualties,13% Casualties,15% Casualties,18% Casualties,20% Casualties,22% Casualties,24% Casualties,26% Casualties,28% Casualties,11% Casualties,13% Casualties,16% Casualties,18% Casualties,21% Casualties,23% Casualties,25% Casualties,26% Casualties,28% Casualties,11% Casualties,13% Casualties,16% Casualties,18% Casualties,20% Casualties,23% Casualties,25% Casualties,26% Casualties,28% Casualties,11% Casualties,13% Casualties,16% Casualties,18% Casualties,21% Casualties,23% Casualties,24% Casualties,26% Casualties,28% Casualties,11% Casualties,13% Casualties,16% Casualties,18% Casualties,20% Casualties,23% Casualties,25% Casualties,26% Casualties,28% Casualties,11% Casualties,14% Casualties,17% Casualties,19% Casualties,22% Casualties,24% Casualties,26% Casualties,27% Casualties,29% Casualties,11% Casualties,14% Casualties,17% Casualties,19% Casualties,21% Casualties,24% Casualties,26% Casualties,27% Casualties,29% Casualties
40 CV // 0 RT,3% Casualties,4% Casualties,5% Casualties,6% Casualties,7% Casualties,8% Casualties,9% Casualties,10% Casualties,11% Casualties,5% Casualties,6% Casualties,8% Casualties,9% Casualties,10% Casualties,12% Casualties,14% Casualties,15% Casualties,17% Casualties,6% Casualties,8% Casualties,10% Casualties,12% Casualties,14% Casualties,16% Casualties,17% Casualties,20% Casualties,21% Casualties,7% Casualties,9% Casualties,11% Casualties,13% Casualties,16% Casualties,18% Casualties,20% Casualties,22% Casualties,24% Casualties,9% Casualties,11% Casualties,13% Casualties,16% Casualties,18% Casualties,20% Casualties,22% Casualties,24% Casualties,27% Casualties,8% Casualties,11% Casualties,13% Casualties,15% Casualties,17% Casualties,20% Casualties,22% Casualties,25% Casualties,26% Casualties,8% Casualties,11% Casualties,13% Casualties,15% Casualties,18% Casualties,20% Casualties,22% Casualties,25% Casualties,27% Casualties,9% Casualties,12% Casualties,14% Casualties,17% Casualties,20% Casualties,22% Casualties,25% Casualties,27% Casualties,29% Casualties,9% Casualties,12% Casualties,15% Casualties,17% Casualties,20% Casualties,22% Casualties,25% Casualties,27% Casualties,29% Casualties,9% Casualties,12% Casualties,14% Casualties,17% Casualties,20% Casualties,22% Casualties,25% Casualties,27% Casualties,30% Casualties,10% Casualties,13% Casualties,16% Casualties,18% Casualties,21% Casualties,24% Casualties,26% Casualties,29% Casualties,31% Casualties,10% Casualties,13% Casualties,15% Casualties,19% Casualties,21% Casualties,24% Casualties,26% Casualties,29% Casualties,31% Casualties,10% Casualties,13% Casualties,16% Casualties,18% Casualties,21% Casualties,24% Casualties,26% Casualties,29% Casualties,31% Casualties,11% Casualties,14% Casualties,17% Casualties,20% Casualties,22% Casualties,25% Casualties,28% Casualties,30% Casualties,32% Casualties,11% Casualties,14% Casualties,16% Casualties,20% Casualties,23% Casualties,25% Casualties,28% Casualties,30% Casualties,32% Casualties,11% Casualties,14% Casualties,17% Casualties,20% Casualties,22% Casualties,25% Casualties,28% Casualties,30% Casualties,32% Casualties,12% Casualties,15% Casualties,18% Casualties,21% Casualties,24% Casualties,27% Casualties,29% Casualties,32% Casualties,34% Casualties,12% Casualties,14% Casualties,18% Casualties,21% Casualties,24% Casualties,26% Casualties,29% Casualties,31% Casualties,34% Casualties,12% Casualties,14% Casualties,18% Casualties,21% Casualties,24% Casualties,27% Casualties,29% Casualties,31% Casualties,34% Casualties,13% Casualties,16% Casualties,19% Casualties,22% Casualties,25% Casualties,27% Casualties,31% Casualties,33% Casualties,35% Casualties,13% Casualties,15% Casualties,19% Casualties,22% Casualties,25% Casualties,28% Casualties,31% Casualties,33% Casualties,35% Casualties,13% Casualties,15% Casualties,19% Casualties,22% Casualties,25% Casualties,28% Casualties,30% Casualties,33% Casualties,35% Casualties,12% Casualties,16% Casualties,19% Casualties,22% Casualties,25% Casualties,28% Casualties,31% Casualties,32% Casualties,34% Casualties,13% Casualties,17% Casualties,20% Casualties,23% Casualties,26% Casualties,29% Casualties,32% Casualties,34% Casualties,36% Casualties,13% Casualties,17% Casualties,20% Casualties,23% Casualties,27% Casualties,29% Casualties,32% Casualties,34% Casualties,36% Casualties
45 CV // 80 RT,2% Casualties,3% Casualties,3% Casualties,3% Casualties,4% Casualties,4% Casualties,4% Casualties,5% Casualties,5% Casualties,4% Casualties,4% Casualties,5% Casualties,5% Casualties,6% Casualties,6% Casualties,6% Casualties,7% Casualties,7% Casualties,4% Casualties,5% Casualties,5% Casualties,6% Casualties,6% Casualties,6% Casualties,7% Casualties,7% Casualties,7% Casualties,5% Casualties,5% Casualties,6% Casualties,7% Casualties,7% Casualties,7% Casualties,8% Casualties,8% Casualties,8% Casualties,5% Casualties,5% Casualties,6% Casualties,6% Casualties,7% Casualties,7% Casualties,8% Casualties,8% Casualties,8% Casualties,5% Casualties,6% Casualties,7% Casualties,7% Casualties,8% Casualties,8% Casualties,8% Casualties,9% Casualties,9% Casualties,5% Casualties,6% Casualties,6% Casualties,7% Casualties,8% Casualties,8% Casualties,8% Casualties,9% Casualties,9% Casualties,5% Casualties,6% Casualties,6% Casualties,7% Casualties,7% Casualties,8% Casualties,8% Casualties,9% Casualties,9% Casualties,5% Casualties,6% Casualties,7% Casualties,8% Casualties,8% Casualties,8% Casualties,9% Casualties,9% Casualties,9% Casualties,5% Casualties,6% Casualties,7% Casualties,7% Casualties,8% Casualties,8% Casualties,9% Casualties,9% Casualties,9% Casualties,5% Casualties,6% Casualties,7% Casualties,7% Casualties,8% Casualties,8% Casualties,9% Casualties,9% Casualties,9% Casualties,6% Casualties,6% Casualties,7% Casualties,8% Casualties,8% Casualties,8% Casualties,9% Casualties,9% Casualties,9% Casualties,5% Casualties,6% Casualties,7% Casualties,7% Casualties,8% Casualties,8% Casualties,9% Casualties,9% Casualties,9% Casualties,6% Casualties,6% Casualties,7% Casualties,8% Casualties,8% Casualties,8% Casualties,9% Casualties,9% Casualties,9% Casualties,6% Casualties,6% Casualties,7% Casualties,8% Casualties,8% Casualties,8% Casualties,9% Casualties,9% Casualties,9% Casualties,6% Casualties,6% Casualties,7% Casualties,8% Casualties,8% Casualties,8% Casualties,9% Casualties,9% Casualties,9% Casualties,6% Casualties,6% Casualties,7% Casualties,8% Casualties,8% Casualties,8% Casualties,9% Casualties,9% Casualties,9% Casualties,6% Casualties,6% Casualties,7% Casualties,8% Casualties,8% Casualties,8% Casualties,9% Casualties,9% Casualties,9% Casualties,6% Casualties,6% Casualties,7% Casualties,8% Casualties,8% Casualties,9% Casualties,9% Casualties,9% Casualties,9% Casualties,4% Casualties,5% Casualties,6% Casualties,6% Casualties,6% Casualties,7% Casualties,7% Casualties,7% Casualties,7% Casualties,5% Casualties,5% Casualties,6% Casualties,6% Casualties,6% Casualties,7% Casualties,7% Casualties,7% Casualties,7% Casualties,4% Casualties,5% Casualties,6% Casualties,6% Casualties,6% Casualties,7% Casualties,7% Casualties,7% Casualties,7% Casualties,5% Casualties,5% Casualties,6% Casualties,6% Casualties,6% Casualties,7% Casualties,7% Casualties,7% Casualties,7% Casualties,5% Casualties,5% Casualties,6% Casualties,6% Casualties,6% Casualties,7% Casualties,7% Casualties,7% Casualties,7% Casualties,5% Casualties,5% Casualties,6% Casualties,6% Casualties,6% Casualties,7% Casualties,7% Casualties,7% Casualties,7% Casualties
45 CV // 70 RT,3% Casualties,3% Casualties,3% Casualties,4% Casualties,4% Casualties,4% Casualties,5% Casualties,5% Casualties,5% Casualties,4% Casualties,4% Casualties,5% Casualties,5% Casualties,6% Casualties,6% Casualties,7% Casualties,7% Casualties,7% Casualties,4% Casualties,5% Casualties,5% Casualties,6% Casualties,6% Casualties,7% Casualties,7% Casualties,8% Casualties,8% Casualties,5% Casualties,6% Casualties,6% Casualties,7% Casualties,8% Casualties,8% Casualties,9% Casualties,9% Casualties,9% Casualties,5% Casualties,5% Casualties,6% Casualties,7% Casualties,8% Casualties,8% Casualties,8% Casualties,9% Casualties,9% Casualties,5% Casualties,6% Casualties,7% Casualties,8% Casualties,8% Casualties,9% Casualties,9% Casualties,10% Casualties,10% Casualties,5% Casualties,6% Casualties,7% Casualties,8% Casualties,8% Casualties,9% Casualties,9% Casualties,10% Casualties,10% Casualties,5% Casualties,6% Casualties,7% Casualties,8% Casualties,8% Casualties,9% Casualties,9% Casualties,10% Casualties,10% Casualties,6% Casualties,6% Casualties,7% Casualties,8% Casualties,9% Casualties,9% Casualties,10% Casualties,10% Casualties,10% Casualties,6% Casualties,6% Casualties,7% Casualties,8% Casualties,9% Casualties,9% Casualties,10% Casualties,10% Casualties,10% Casualties,6% Casualties,6% Casualties,7% Casualties,8% Casualties,9% Casualties,9% Casualties,10% Casualties,10% Casualties,10% Casualties,6% Casualties,7% Casualties,7% Casualties,8% Casualties,9% Casualties,9% Casualties,10% Casualties,10% Casualties,10% Casualties,6% Casualties,7% Casualties,7% Casualties,8% Casualties,9% Casualties,9% Casualties,10% Casualties,10% Casualties,10% Casualties,6% Casualties,7% Casualties,7% Casualties,8% Casualties,9% Casualties,9% Casualties,10% Casualties,10% Casualties,10% Casualties,6% Casualties,7% Casualties,7% Casualties,8% Casualties,9% Casualties,9% Casualties,10% Casualties,10% Casualties,10% Casualties,6% Casualties,7% Casualties,8% Casualties,8% Casualties,9% Casualties,9% Casualties,10% Casualties,10% Casualties,10% Casualties,6% Casualties,7% Casualties,8% Casualties,8% Casualties,9% Casualties,9% Casualties,10% Casualties,10% Casualties,10% Casualties,6% Casualties,7% Casualties,8% Casualties,8% Casualties,9% Casualties,9% Casualties,10% Casualties,10% Casualties,10% Casualties,6% Casualties,7% Casualties,8% Casualties,8% Casualties,9% Casualties,10% Casualties,10% Casualties,10% Casualties,10% Casualties,5% Casualties,6% Casualties,6% Casualties,7% Casualties,7% Casualties,8% Casualties,8% Casualties,8% Casualties,9% Casualties,5% Casualties,6% Casualties,6% Casualties,7% Casualties,7% Casualties,8% Casualties,8% Casualties,8% Casualties,8% Casualties,5% Casualties,6% Casualties,6% Casualties,7% Casualties,7% Casualties,8% Casualties,8% Casualties,8% Casualties,8% Casualties,5% Casualties,6% Casualties,6% Casualties,7% Casualties,7% Casualties,8% Casualties,8% Casualties,8% Casualties,8% Casualties,5% Casualties,6% Casualties,6% Casualties,7% Casualties,7% Casualties,8% Casualties,8% Casualties,8% Casualties,8% Casualties,5% Casualties,6% Casualties,6% Casualties,7% Casualties,7% Casualties,8% Casualties,8% Casualties,8% Casualties,8% Casualties
45 CV // 60 RT,2% Casualties,3% Casualties,3% Casualties,4% Casualties,4% Casualties,5% Casualties,5% Casualties,5% Casualties,6% Casualties,4% Casualties,4% Casualties,5% Casualties,6% Casualties,6% Casualties,7% Casualties,7% Casualties,8% Casualties,8% Casualties,4% Casualties,5% Casualties,6% Casualties,6% Casualties,7% Casualties,7% Casualties,8% Casualties,9% Casualties,9% Casualties,5% Casualties,6% Casualties,7% Casualties,7% Casualties,8% Casualties,9% Casualties,9% Casualties,10% Casualties,10% Casualties,5% Casualties,6% Casualties,7% Casualties,7% Casualties,8% Casualties,9% Casualties,9% Casualties,10% Casualties,10% Casualties,5% Casualties,6% Casualties,7% Casualties,8% Casualties,9% Casualties,9% Casualties,10% Casualties,11% Casualties,11% Casualties,5% Casualties,6% Casualties,7% Casualties,8% Casualties,9% Casualties,10% Casualties,10% Casualties,11% Casualties,11% Casualties,5% Casualties,6% Casualties,7% Casualties,8% Casualties,9% Casualties,9% Casualties,10% Casualties,11% Casualties,11% Casualties,6% Casualties,7% Casualties,8% Casualties,9% Casualties,9% Casualties,10% Casualties,11% Casualties,11% Casualties,12% Casualties,6% Casualties,7% Casualties,8% Casualties,9% Casualties,9% Casualties,10% Casualties,11% Casualties,11% Casualties,12% Casualties,6% Casualties,7% Casualties,8% Casualties,9% Casualties,10% Casualties,10% Casualties,11% Casualties,11% Casualties,12% Casualties,6% Casualties,7% Casualties,8% Casualties,9% Casualties,10% Casualties,10% Casualties,11% Casualties,11% Casualties,12% Casualties,6% Casualties,7% Casualties,8% Casualties,9% Casualties,10% Casualties,10% Casualties,11% Casualties,11% Casualties,12% Casualties,6% Casualties,7% Casualties,8% Casualties,9% Casualties,10% Casualties,10% Casualties,11% Casualties,11% Casualties,12% Casualties,6% Casualties,7% Casualties,8% Casualties,9% Casualties,10% Casualties,10% Casualties,11% Casualties,11% Casualties,12% Casualties,6% Casualties,7% Casualties,8% Casualties,9% Casualties,10% Casualties,10% Casualties,11% Casualties,11% Casualties,12% Casualties,6% Casualties,7% Casualties,8% Casualties,9% Casualties,10% Casualties,10% Casualties,11% Casualties,11% Casualties,12% Casualties,6% Casualties,7% Casualties,8% Casualties,9% Casualties,10% Casualties,10% Casualties,11% Casualties,11% Casualties,12% Casualties,6% Casualties,7% Casualties,8% Casualties,9% Casualties,10% Casualties,10% Casualties,11% Casualties,11% Casualties,12% Casualties,5% Casualties,6% Casualties,7% Casualties,8% Casualties,8% Casualties,9% Casualties,9% Casualties,10% Casualties,10% Casualties,5% Casualties,6% Casualties,7% Casualties,8% Casualties,8% Casualties,9% Casualties,9% Casualties,9% Casualties,10% Casualties,5% Casualties,6% Casualties,7% Casualties,8% Casualties,8% Casualties,9% Casualties,9% Casualties,10% Casualties,10% Casualties,6% Casualties,6% Casualties,7% Casualties,8% Casualties,8% Casualties,9% Casualties,9% Casualties,10% Casualties,10% Casualties,6% Casualties,6% Casualties,7% Casualties,8% Casualties,8% Casualties,9% Casualties,9% Casualties,10% Casualties,10% Casualties,6% Casualties,6% Casualties,7% Casualties,8% Casualties,8% Casualties,9% Casualties,9% Casualties,10% Casualties,10% Casualties
45 CV // 50 RT,3% Casualties,3% Casualties,3% Casualties,4% Casualties,4% Casualties,5% Casualties,5% Casualties,6% Casualties,6% Casualties,4% Casualties,4% Casualties,5% Casualties,6% Casualties,7% Casualties,7% Casualties,8% Casualties,8% Casualties,9% Casualties,4% Casualties,5% Casualties,6% Casualties,7% Casualties,7% Casualties,8% Casualties,9% Casualties,9% Casualties,10% Casualties,5% Casualties,6% Casualties,7% Casualties,8% Casualties,9% Casualties,9% Casualties,10% Casualties,11% Casualties,11% Casualties,5% Casualties,6% Casualties,7% Casualties,8% Casualties,9% Casualties,10% Casualties,10% Casualties,11% Casualties,11% Casualties,6% Casualties,7% Casualties,8% Casualties,9% Casualties,10% Casualties,10% Casualties,11% Casualties,12% Casualties,12% Casualties,6% Casualties,7% Casualties,8% Casualties,9% Casualties,10% Casualties,10% Casualties,11% Casualties,12% Casualties,12% Casualties,6% Casualties,7% Casualties,8% Casualties,9% Casualties,10% Casualties,10% Casualties,11% Casualties,12% Casualties,12% Casualties,6% Casualties,7% Casualties,8% Casualties,9% Casualties,10% Casualties,11% Casualties,12% Casualties,12% Casualties,13% Casualties,6% Casualties,7% Casualties,8% Casualties,9% Casualties,10% Casualties,11% Casualties,12% Casualties,12% Casualties,13% Casualties,6% Casualties,7% Casualties,8% Casualties,9% Casualties,10% Casualties,11% Casualties,12% Casualties,12% Casualties,13% Casualties,6% Casualties,7% Casualties,8% Casualties,10% Casualties,10% Casualties,11% Casualties,12% Casualties,13% Casualties,13% Casualties,6% Casualties,7% Casualties,9% Casualties,9% Casualties,10% Casualties,11% Casualties,12% Casualties,13% Casualties,13% Casualties,6% Casualties,7% Casualties,9% Casualties,10% Casualties,11% Casualties,11% Casualties,12% Casualties,12% Casualties,13% Casualties,6% Casualties,7% Casualties,8% Casualties,10% Casualties,10% Casualties,11% Casualties,12% Casualties,13% Casualties,13% Casualties,7% Casualties,8% Casualties,9% Casualties,10% Casualties,11% Casualties,11% Casualties,12% Casualties,13% Casualties,13% Casualties,7% Casualties,8% Casualties,9% Casualties,10% Casualties,11% Casualties,12% Casualties,12% Casualties,13% Casualties,13% Casualties,7% Casualties,8% Casualties,9% Casualties,10% Casualties,11% Casualties,11% Casualties,12% Casualties,13% Casualties,13% Casualties,7% Casualties,8% Casualties,9% Casualties,10% Casualties,11% Casualties,12% Casualties,12% Casualties,13% Casualties,13% Casualties,6% Casualties,7% Casualties,8% Casualties,9% Casualties,10% Casualties,10% Casualties,11% Casualties,11% Casualties,12% Casualties,6% Casualties,7% Casualties,8% Casualties,9% Casualties,10% Casualties,10% Casualties,11% Casualties,11% Casualties,12% Casualties,6% Casualties,7% Casualties,8% Casualties,9% Casualties,10% Casualties,10% Casualties,11% Casualties,11% Casualties,12% Casualties,6% Casualties,7% Casualties,8% Casualties,9% Casualties,10% Casualties,10% Casualties,11% Casualties,11% Casualties,12% Casualties,6% Casualties,7% Casualties,8% Casualties,9% Casualties,10% Casualties,10% Casualties,11% Casualties,11% Casualties,12% Casualties,6% Casualties,7% Casualties,8% Casualties,9% Casualties,10% Casualties,10% Casualties,11% Casualties,11% Casualties,12% Casualties
45 CV // 40 RT,3% Casualties,3% Casualties,3% Casualties,4% Casualties,5% Casualties,5% Casualties,5% Casualties,6% Casualties,6% Casualties,4% Casualties,5% Casualties,6% Casualties,6% Casualties,7% Casualties,8% Casualties,9% Casualties,9% Casualties,10% Casualties,4% Casualties,5% Casualties,6% Casualties,7% Casualties,8% Casualties,9% Casualties,9% Casualties,10% Casualties,11% Casualties,5% Casualties,6% Casualties,7% Casualties,9% Casualties,9% Casualties,10% Casualties,11% Casualties,12% Casualties,13% Casualties,5% Casualties,7% Casualties,8% Casualties,9% Casualties,9% Casualties,11% Casualties,11% Casualties,12% Casualties,13% Casualties,6% Casualties,7% Casualties,8% Casualties,10% Casualties,11% Casualties,11% Casualties,12% Casualties,13% Casualties,14% Casualties,6% Casualties,7% Casualties,9% Casualties,9% Casualties,11% Casualties,11% Casualties,12% Casualties,13% Casualties,14% Casualties,6% Casualties,7% Casualties,8% Casualties,9% Casualties,11% Casualties,11% Casualties,12% Casualties,13% Casualties,14% Casualties,6% Casualties,8% Casualties,9% Casualties,10% Casualties,11% Casualties,13% Casualties,13% Casualties,14% Casualties,15% Casualties,6% Casualties,8% Casualties,9% Casualties,10% Casualties,11% Casualties,12% Casualties,13% Casualties,14% Casualties,15% Casualties,6% Casualties,8% Casualties,9% Casualties,10% Casualties,11% Casualties,12% Casualties,13% Casualties,14% Casualties,15% Casualties,7% Casualties,8% Casualties,9% Casualties,11% Casualties,12% Casualties,13% Casualties,14% Casualties,14% Casualties,15% Casualties,7% Casualties,8% Casualties,9% Casualties,11% Casualties,12% Casualties,13% Casualties,14% Casualties,14% Casualties,15% Casualties,7% Casualties,8% Casualties,9% Casualties,11% Casualties,12% Casualties,13% Casualties,14% Casualties,14% Casualties,15% Casualties,7% Casualties,8% Casualties,10% Casualties,11% Casualties,12% Casualties,13% Casualties,14% Casualties,14% Casualties,15% Casualties,7% Casualties,8% Casualties,10% Casualties,11% Casualties,12% Casualties,13% Casualties,14% Casualties,15% Casualties,15% Casualties,7% Casualties,8% Casualties,10% Casualties,11% Casualties,12% Casualties,13% Casualties,14% Casualties,15% Casualties,15% Casualties,7% Casualties,8% Casualties,10% Casualties,11% Casualties,12% Casualties,13% Casualties,14% Casualties,15% Casualties,15% Casualties,7% Casualties,9% Casualties,10% Casualties,11% Casualties,12% Casualties,13% Casualties,14% Casualties,15% Casualties,15% Casualties,7% Casualties,8% Casualties,9% Casualties,10% Casualties,11% Casualties,12% Casualties,13% Casualties,13% Casualties,14% Casualties,7% Casualties,8% Casualties,9% Casualties,10% Casualties,11% Casualties,12% Casualties,13% Casualties,13% Casualties,14% Casualties,7% Casualties,8% Casualties,9% Casualties,10% Casualties,11% Casualties,12% Casualties,13% Casualties,13% Casualties,14% Casualties,7% Casualties,8% Casualties,9% Casualties,11% Casualties,12% Casualties,12% Casualties,13% Casualties,14% Casualties,14% Casualties,7% Casualties,8% Casualties,10% Casualties,10% Casualties,12% Casualties,12% Casualties,13% Casualties,14% Casualties,14% Casualties,7% Casualties,8% Casualties,10% Casualties,11% Casualties,12% Casualties,12% Casualties,13% Casualties,14% Casualties,14% Casualties
45 CV // 30 RT,3% Casualties,3% Casualties,4% Casualties,4% Casualties,5% Casualties,5% Casualties,6% Casualties,6% Casualties,7% Casualties,4% Casualties,5% Casualties,6% Casualties,7% Casualties,8% Casualties,9% Casualties,9% Casualties,10% Casualties,11% Casualties,5% Casualties,6% Casualties,7% Casualties,8% Casualties,9% Casualties,10% Casualties,10% Casualties,11% Casualties,12% Casualties,6% Casualties,7% Casualties,8% Casualties,9% Casualties,11% Casualties,12% Casualties,13% Casualties,14% Casualties,15% Casualties,6% Casualties,7% Casualties,8% Casualties,10% Casualties,11% Casualties,12% Casualties,13% Casualties,14% Casualties,14% Casualties,6% Casualties,8% Casualties,9% Casualties,11% Casualties,12% Casualties,13% Casualties,14% Casualties,15% Casualties,16% Casualties,6% Casualties,8% Casualties,9% Casualties,11% Casualties,12% Casualties,13% Casualties,14% Casualties,15% Casualties,16% Casualties,6% Casualties,8% Casualties,9% Casualties,11% Casualties,12% Casualties,13% Casualties,14% Casualties,15% Casualties,16% Casualties,7% Casualties,8% Casualties,10% Casualties,11% Casualties,13% Casualties,14% Casualties,15% Casualties,16% Casualties,17% Casualties,7% Casualties,8% Casualties,10% Casualties,11% Casualties,13% Casualties,14% Casualties,15% Casualties,16% Casualties,17% Casualties,7% Casualties,8% Casualties,10% Casualties,12% Casualties,13% Casualties,14% Casualties,15% Casualties,16% Casualties,17% Casualties,7% Casualties,9% Casualties,11% Casualties,12% Casualties,13% Casualties,15% Casualties,16% Casualties,17% Casualties,18% Casualties,7% Casualties,9% Casualties,10% Casualties,12% Casualties,13% Casualties,15% Casualties,16% Casualties,17% Casualties,18% Casualties,7% Casualties,9% Casualties,11% Casualties,12% Casualties,13% Casualties,15% Casualties,16% Casualties,17% Casualties,18% Casualties,7% Casualties,9% Casualties,10% Casualties,12% Casualties,13% Casualties,14% Casualties,16% Casualties,17% Casualties,18% Casualties,8% Casualties,9% Casualties,11% Casualties,12% Casualties,14% Casualties,15% Casualties,16% Casualties,17% Casualties,18% Casualties,8% Casualties,9% Casualties,11% Casualties,12% Casualties,14% Casualties,15% Casualties,16% Casualties,17% Casualties,18% Casualties,8% Casualties,9% Casualties,11% Casualties,12% Casualties,14% Casualties,15% Casualties,16% Casualties,17% Casualties,18% Casualties,8% Casualties,10% Casualties,11% Casualties,13% Casualties,14% Casualties,15% Casualties,17% Casualties,18% Casualties,19% Casualties,8% Casualties,9% Casualties,11% Casualties,12% Casualties,13% Casualties,15% Casualties,15% Casualties,16% Casualties,17% Casualties,8% Casualties,9% Casualties,11% Casualties,12% Casualties,14% Casualties,14% Casualties,15% Casualties,16% Casualties,17% Casualties,8% Casualties,9% Casualties,11% Casualties,12% Casualties,13% Casualties,14% Casualties,15% Casualties,16% Casualties,17% Casualties,8% Casualties,10% Casualties,11% Casualties,12% Casualties,14% Casualties,15% Casualties,16% Casualties,17% Casualties,17% Casualties,8% Casualties,10% Casualties,11% Casualties,12% Casualties,14% Casualties,15% Casualties,16% Casualties,17% Casualties,18% Casualties,8% Casualties,9% Casualties,11% Casualties,13% Casualties,14% Casualties,15% Casualties,16% Casualties,17% Casualties,18% Casualties
45 CV // 20 RT,3% Casualties,3% Casualties,4% Casualties,5% Casualties,5% Casualties,6% Casualties,6% Casualties,7% Casualties,8% Casualties,4% Casualties,5% Casualties,6% Casualties,7% Casualties,8% Casualties,10% Casualties,10% Casualties,12% Casualties,13% Casualties,5% Casualties,6% Casualties,7% Casualties,8% Casualties,10% Casualties,11% Casualties,12% Casualties,13% Casualties,14% Casualties,6% Casualties,8% Casualties,9% Casualties,11% Casualties,12% Casualties,13% Casualties,14% Casualties,16% Casualties,17% Casualties,6% Casualties,8% Casualties,9% Casualties,11% Casualties,12% Casualties,13% Casualties,15% Casualties,16% Casualties,17% Casualties,7% Casualties,9% Casualties,10% Casualties,12% Casualties,13% Casualties,15% Casualties,16% Casualties,17% Casualties,19% Casualties,7% Casualties,9% Casualties,10% Casualties,12% Casualties,13% Casualties,15% Casualties,16% Casualties,17% Casualties,19% Casualties,7% Casualties,9% Casualties,10% Casualties,12% Casualties,14% Casualties,15% Casualties,16% Casualties,17% Casualties,19% Casualties,8% Casualties,10% Casualties,11% Casualties,13% Casualties,15% Casualties,17% Casualties,18% Casualties,19% Casualties,20% Casualties,8% Casualties,9% Casualties,11% Casualties,13% Casualties,15% Casualties,16% Casualties,18% Casualties,19% Casualties,20% Casualties,8% Casualties,10% Casualties,11% Casualties,13% Casualties,15% Casualties,16% Casualties,18% Casualties,19% Casualties,20% Casualties,8% Casualties,10% Casualties,12% Casualties,14% Casualties,15% Casualties,17% Casualties,19% Casualties,20% Casualties,21% Casualties,8% Casualties,10% Casualties,12% Casualties,14% Casualties,15% Casualties,17% Casualties,18% Casualties,20% Casualties,21% Casualties,8% Casualties,10% Casualties,12% Casualties,14% Casualties,15% Casualties,17% Casualties,19% Casualties,20% Casualties,21% Casualties,8% Casualties,10% Casualties,12% Casualties,14% Casualties,15% Casualties,17% Casualties,18% Casualties,20% Casualties,21% Casualties,9% Casualties,11% Casualties,13% Casualties,15% Casualties,16% Casualties,18% Casualties,19% Casualties,20% Casualties,21% Casualties,8% Casualties,10% Casualties,13% Casualties,14% Casualties,16% Casualties,18% Casualties,19% Casualties,21% Casualties,22% Casualties,8% Casualties,11% Casualties,13% Casualties,14% Casualties,16% Casualties,18% Casualties,19% Casualties,21% Casualties,22% Casualties,9% Casualties,11% Casualties,13% Casualties,15% Casualties,17% Casualties,19% Casualties,20% Casualties,21% Casualties,22% Casualties,9% Casualties,11% Casualties,12% Casualties,15% Casualties,16% Casualties,18% Casualties,19% Casualties,20% Casualties,22% Casualties,9% Casualties,11% Casualties,13% Casualties,14% Casualties,16% Casualties,18% Casualties,19% Casualties,20% Casualties,21% Casualties,9% Casualties,11% Casualties,13% Casualties,15% Casualties,16% Casualties,17% Casualties,19% Casualties,20% Casualties,21% Casualties,10% Casualties,11% Casualties,13% Casualties,15% Casualties,17% Casualties,18% Casualties,20% Casualties,21% Casualties,22% Casualties,10% Casualties,11% Casualties,13% Casualties,15% Casualties,17% Casualties,18% Casualties,20% Casualties,21% Casualties,22% Casualties,9% Casualties,11% Casualties,13% Casualties,15% Casualties,17% Casualties,19% Casualties,20% Casualties,21% Casualties,22% Casualties
45 CV // 10 RT,3% Casualties,3% Casualties,4% Casualties,5% Casualties,5% Casualties,6% Casualties,7% Casualties,7% Casualties,8% Casualties,5% Casualties,6% Casualties,7% Casualties,8% Casualties,9% Casualties,11% Casualties,12% Casualties,13% Casualties,14% Casualties,5% Casualties,7% Casualties,8% Casualties,10% Casualties,11% Casualties,12% Casualties,14% Casualties,15% Casualties,16% Casualties,7% Casualties,8% Casualties,10% Casualties,12% Casualties,14% Casualties,16% Casualties,17% Casualties,19% Casualties,20% Casualties,7% Casualties,9% Casualties,10% Casualties,12% Casualties,14% Casualties,16% Casualties,17% Casualties,18% Casualties,20% Casualties,8% Casualties,10% Casualties,11% Casualties,13% Casualties,15% Casualties,17% Casualties,19% Casualties,20% Casualties,22% Casualties,8% Casualties,9% Casualties,12% Casualties,13% Casualties,15% Casualties,17% Casualties,19% Casualties,21% Casualties,22% Casualties,8% Casualties,10% Casualties,12% Casualties,13% Casualties,15% Casualties,17% Casualties,19% Casualties,21% Casualties,22% Casualties,8% Casualties,11% Casualties,13% Casualties,15% Casualties,17% Casualties,19% Casualties,21% Casualties,23% Casualties,25% Casualties,9% Casualties,11% Casualties,13% Casualties,15% Casualties,17% Casualties,19% Casualties,21% Casualties,23% Casualties,24% Casualties,8% Casualties,11% Casualties,13% Casualties,15% Casualties,17% Casualties,19% Casualties,21% Casualties,23% Casualties,24% Casualties,9% Casualties,11% Casualties,14% Casualties,16% Casualties,18% Casualties,20% Casualties,22% Casualties,24% Casualties,26% Casualties,9% Casualties,11% Casualties,13% Casualties,16% Casualties,18% Casualties,20% Casualties,22% Casualties,24% Casualties,25% Casualties,9% Casualties,11% Casualties,13% Casualties,16% Casualties,18% Casualties,20% Casualties,22% Casualties,24% Casualties,25% Casualties,9% Casualties,11% Casualties,14% Casualties,16% Casualties,18% Casualties,20% Casualties,22% Casualties,24% Casualties,25% Casualties,10% Casualties,12% Casualties,14% Casualties,17% Casualties,19% Casualties,21% Casualties,23% Casualties,25% Casualties,26% Casualties,9% Casualties,12% Casualties,14% Casualties,17% Casualties,19% Casualties,21% Casualties,23% Casualties,25% Casualties,27% Casualties,10% Casualties,12% Casualties,14% Casualties,17% Casualties,19% Casualties,21% Casualties,23% Casualties,25% Casualties,27% Casualties,10% Casualties,13% Casualties,15% Casualties,18% Casualties,20% Casualties,22% Casualties,24% Casualties,25% Casualties,27% Casualties,10% Casualties,12% Casualties,15% Casualties,18% Casualties,20% Casualties,22% Casualties,24% Casualties,25% Casualties,26% Casualties,10% Casualties,13% Casualties,15% Casualties,17% Casualties,20% Casualties,22% Casualties,24% Casualties,25% Casualties,27% Casualties,10% Casualties,13% Casualties,15% Casualties,17% Casualties,20% Casualties,22% Casualties,24% Casualties,25% Casualties,27% Casualties,11% Casualties,13% Casualties,16% Casualties,18% Casualties,21% Casualties,23% Casualties,24% Casualties,26% Casualties,28% Casualties,11% Casualties,13% Casualties,16% Casualties,18% Casualties,21% Casualties,23% Casualties,24% Casualties,26% Casualties,28% Casualties,11% Casualties,13% Casualties,16% Casualties,18% Casualties,21% Casualties,23% Casualties,24% Casualties,27% Casualties,28% Casualties
45 CV // 0 RT,3% Casualties,4% Casualties,4% Casualties,5% Casualties,6% Casualties,7% Casualties,7% Casualties,8% Casualties,9% Casualties,5% Casualties,6% Casualties,8% Casualties,9% Casualties,10% Casualties,12% Casualties,14% Casualties,15% Casualties,17% Casualties,6% Casualties,7% Casualties,9% Casualties,10% Casualties,12% Casualties,14% Casualties,16% Casualties,17% Casualties,19% Casualties,7% Casualties,9% Casualties,11% Casualties,13% Casualties,16% Casualties,18% Casualties,20% Casualties,22% Casualties,24% Casualties,7% Casualties,9% Casualties,11% Casualties,14% Casualties,16% Casualties,18% Casualties,20% Casualties,22% Casualties,24% Casualties,8% Casualties,11% Casualties,13% Casualties,16% Casualties,18% Casualties,20% Casualties,22% Casualties,24% Casualties,27% Casualties,8% Casualties,11% Casualties,13% Casualties,16% Casualties,17% Casualties,20% Casualties,23% Casualties,24% Casualties,26% Casualties,8% Casualties,10% Casualties,13% Casualties,15% Casualties,18% Casualties,20% Casualties,22% Casualties,25% Casualties,27% Casualties,9% Casualties,12% Casualties,15% Casualties,17% Casualties,20% Casualties,23% Casualties,24% Casualties,27% Casualties,29% Casualties,9% Casualties,12% Casualties,14% Casualties,17% Casualties,20% Casualties,23% Casualties,25% Casualties,27% Casualties,29% Casualties,9% Casualties,12% Casualties,15% Casualties,17% Casualties,20% Casualties,23% Casualties,25% Casualties,27% Casualties,29% Casualties,10% Casualties,13% Casualties,16% Casualties,18% Casualties,21% Casualties,24% Casualties,27% Casualties,29% Casualties,31% Casualties,10% Casualties,13% Casualties,16% Casualties,18% Casualties,21% Casualties,24% Casualties,26% Casualties,29% Casualties,31% Casualties,10% Casualties,13% Casualties,15% Casualties,19% Casualties,21% Casualties,24% Casualties,26% Casualties,29% Casualties,31% Casualties,10% Casualties,13% Casualties,16% Casualties,18% Casualties,21% Casualties,24% Casualties,26% Casualties,29% Casualties,31% Casualties,11% Casualties,14% Casualties,17% Casualties,20% Casualties,22% Casualties,25% Casualties,28% Casualties,30% Casualties,32% Casualties,11% Casualties,14% Casualties,16% Casualties,20% Casualties,23% Casualties,25% Casualties,28% Casualties,30% Casualties,32% Casualties,11% Casualties,13% Casualties,17% Casualties,19% Casualties,22% Casualties,25% Casualties,28% Casualties,30% Casualties,32% Casualties,12% Casualties,14% Casualties,18% Casualties,21% Casualties,24% Casualties,27% Casualties,29% Casualties,32% Casualties,34% Casualties,11% Casualties,14% Casualties,18% Casualties,21% Casualties,24% Casualties,26% Casualties,29% Casualties,32% Casualties,34% Casualties,11% Casualties,15% Casualties,18% Casualties,21% Casualties,24% Casualties,27% Casualties,29% Casualties,31% Casualties,34% Casualties,12% Casualties,14% Casualties,18% Casualties,21% Casualties,24% Casualties,27% Casualties,29% Casualties,31% Casualties,34% Casualties,12% Casualties,16% Casualties,19% Casualties,22% Casualties,25% Casualties,28% Casualties,30% Casualties,33% Casualties,35% Casualties,13% Casualties,15% Casualties,19% Casualties,22% Casualties,25% Casualties,28% Casualties,30% Casualties,33% Casualties,35% Casualties,12% Casualties,16% Casualties,19% Casualties,22% Casualties,25% Casualties,28% Casualties,30% Casualties,33% Casualties,35% Casualties
50 CV // 80 RT,2% Casualties,2% Casualties,3% Casualties,3% Casualties,3% Casualties,4% Casualties,4% Casualties,4% Casualties,4% Casualties,3% Casualties,4% Casualties,4% Casualties,5% Casualties,5% Casualties,5% Casualties,6% Casualties,6% Casualties,6% Casualties,4% Casualties,5% Casualties,5% Casualties,6% Casualties,6% Casualties,6% Casualties,7% Casualties,7% Casualties,7% Casualties,4% Casualties,5% Casualties,5% Casualties,6% Casualties,6% Casualties,7% Casualties,7% Casualties,7% Casualties,8% Casualties,5% Casualties,5% Casualties,6% Casualties,7% Casualties,7% Casualties,7% Casualties,8% Casualties,8% Casualties,8% Casualties,5% Casualties,5% Casualties,6% Casualties,7% Casualties,7% Casualties,7% Casualties,8% Casualties,8% Casualties,8% Casualties,5% Casualties,6% Casualties,6% Casualties,7% Casualties,8% Casualties,8% Casualties,8% Casualties,9% Casualties,9% Casualties,5% Casualties,6% Casualties,6% Casualties,7% Casualties,8% Casualties,8% Casualties,8% Casualties,9% Casualties,9% Casualties,5% Casualties,6% Casualties,6% Casualties,7% Casualties,8% Casualties,8% Casualties,8% Casualties,9% Casualties,9% Casualties,5% Casualties,6% Casualties,7% Casualties,7% Casualties,8% Casualties,8% Casualties,9% Casualties,9% Casualties,9% Casualties,5% Casualties,6% Casualties,7% Casualties,7% Casualties,8% Casualties,8% Casualties,9% Casualties,9% Casualties,9% Casualties,5% Casualties,6% Casualties,7% Casualties,7% Casualties,8% Casualties,8% Casualties,9% Casualties,9% Casualties,9% Casualties,5% Casualties,6% Casualties,7% Casualties,7% Casualties,8% Casualties,8% Casualties,9% Casualties,9% Casualties,9% Casualties,5% Casualties,6% Casualties,7% Casualties,8% Casualties,8% Casualties,8% Casualties,9% Casualties,9% Casualties,9% Casualties,5% Casualties,6% Casualties,7% Casualties,7% Casualties,8% Casualties,8% Casualties,9% Casualties,9% Casualties,9% Casualties,6% Casualties,6% Casualties,7% Casualties,8% Casualties,8% Casualties,8% Casualties,9% Casualties,9% Casualties,9% Casualties,5% Casualties,6% Casualties,7% Casualties,8% Casualties,8% Casualties,8% Casualties,9% Casualties,9% Casualties,9% Casualties,6% Casualties,6% Casualties,7% Casualties,8% Casualties,8% Casualties,8% Casualties,9% Casualties,9% Casualties,9% Casualties,6% Casualties,6% Casualties,7% Casualties,8% Casualties,8% Casualties,8% Casualties,9% Casualties,9% Casualties,9% Casualties,4% Casualties,5% Casualties,6% Casualties,6% Casualties,6% Casualties,7% Casualties,7% Casualties,7% Casualties,7% Casualties,5% Casualties,5% Casualties,6% Casualties,6% Casualties,6% Casualties,7% Casualties,7% Casualties,7% Casualties,7% Casualties,5% Casualties,5% Casualties,6% Casualties,6% Casualties,6% Casualties,7% Casualties,7% Casualties,7% Casualties,7% Casualties,4% Casualties,5% Casualties,6% Casualties,6% Casualties,6% Casualties,7% Casualties,7% Casualties,7% Casualties,7% Casualties,5% Casualties,5% Casualties,6% Casualties,6% Casualties,6% Casualties,7% Casualties,7% Casualties,7% Casualties,7% Casualties,5% Casualties,5% Casualties,6% Casualties,6% Casualties,6% Casualties,7% Casualties,7% Casualties,7% Casualties,7% Casualties
50 CV // 70 RT,2% Casualties,2% Casualties,3% Casualties,3% Casualties,3% Casualties,4% Casualties,4% Casualties,4% Casualties,5% Casualties,3% Casualties,4% Casualties,4% Casualties,5% Casualties,5% Casualties,6% Casualties,6% Casualties,7% Casualties,7% Casualties,4% Casualties,5% Casualties,5% Casualties,6% Casualties,6% Casualties,7% Casualties,7% Casualties,8% Casualties,8% Casualties,4% Casualties,5% Casualties,6% Casualties,6% Casualties,7% Casualties,8% Casualties,8% Casualties,8% Casualties,9% Casualties,5% Casualties,6% Casualties,6% Casualties,7% Casualties,8% Casualties,8% Casualties,8% Casualties,9% Casualties,9% Casualties,5% Casualties,5% Casualties,6% Casualties,7% Casualties,8% Casualties,8% Casualties,8% Casualties,9% Casualties,9% Casualties,5% Casualties,6% Casualties,7% Casualties,8% Casualties,8% Casualties,9% Casualties,9% Casualties,10% Casualties,10% Casualties,5% Casualties,6% Casualties,7% Casualties,8% Casualties,8% Casualties,9% Casualties,9% Casualties,10% Casualties,10% Casualties,5% Casualties,6% Casualties,7% Casualties,7% Casualties,8% Casualties,9% Casualties,9% Casualties,10% Casualties,10% Casualties,6% Casualties,6% Casualties,7% Casualties,8% Casualties,9% Casualties,9% Casualties,10% Casualties,10% Casualties,10% Casualties,6% Casualties,6% Casualties,7% Casualties,8% Casualties,9% Casualties,9% Casualties,10% Casualties,10% Casualties,10% Casualties,6% Casualties,6% Casualties,7% Casualties,8% Casualties,9% Casualties,9% Casualties,10% Casualties,10% Casualties,10% Casualties,6% Casualties,6% Casualties,7% Casualties,8% Casualties,9% Casualties,9% Casualties,10% Casualties,10% Casualties,10% Casualties,6% Casualties,7% Casualties,7% Casualties,8% Casualties,9% Casualties,9% Casualties,10% Casualties,10% Casualties,10% Casualties,6% Casualties,7% Casualties,7% Casualties,8% Casualties,9% Casualties,9% Casualties,10% Casualties,10% Casualties,10% Casualties,6% Casualties,7% Casualties,7% Casualties,8% Casualties,9% Casualties,9% Casualties,10% Casualties,10% Casualties,10% Casualties,6% Casualties,7% Casualties,7% Casualties,8% Casualties,9% Casualties,9% Casualties,10% Casualties,10% Casualties,10% Casualties,6% Casualties,7% Casualties,7% Casualties,8% Casualties,9% Casualties,9% Casualties,10% Casualties,10% Casualties,10% Casualties,6% Casualties,7% Casualties,8% Casualties,8% Casualties,9% Casualties,9% Casualties,10% Casualties,10% Casualties,10% Casualties,5% Casualties,6% Casualties,6% Casualties,7% Casualties,7% Casualties,8% Casualties,8% Casualties,8% Casualties,8% Casualties,5% Casualties,6% Casualties,6% Casualties,7% Casualties,7% Casualties,8% Casualties,8% Casualties,8% Casualties,8% Casualties,5% Casualties,6% Casualties,6% Casualties,7% Casualties,7% Casualties,8% Casualties,8% Casualties,8% Casualties,8% Casualties,5% Casualties,6% Casualties,6% Casualties,7% Casualties,7% Casualties,8% Casualties,8% Casualties,8% Casualties,8% Casualties,5% Casualties,6% Casualties,6% Casualties,7% Casualties,7% Casualties,8% Casualties,8% Casualties,8% Casualties,8% Casualties,5% Casualties,6% Casualties,6% Casualties,7% Casualties,7% Casualties,8% Casualties,8% Casualties,8% Casualties,8% Casualties
50 CV // 60 RT,2% Casualties,2% Casualties,3% Casualties,3% Casualties,4% Casualties,4% Casualties,4% Casualties,5% Casualties,5% Casualties,3% Casualties,4% Casualties,5% Casualties,5% Casualties,6% Casualties,6% Casualties,7% Casualties,7% Casualties,8% Casualties,4% Casualties,5% Casualties,6% Casualties,6% Casualties,7% Casualties,8% Casualties,8% Casualties,9% Casualties,9% Casualties,5% Casualties,5% Casualties,6% Casualties,7% Casualties,8% Casualties,8% Casualties,9% Casualties,9% Casualties,10% Casualties,5% Casualties,6% Casualties,7% Casualties,7% Casualties,8% Casualties,9% Casualties,9% Casualties,10% Casualties,10% Casualties,5% Casualties,6% Casualties,7% Casualties,7% Casualties,8% Casualties,9% Casualties,9% Casualties,10% Casualties,10% Casualties,5% Casualties,6% Casualties,7% Casualties,8% Casualties,9% Casualties,10% Casualties,10% Casualties,11% Casualties,11% Casualties,5% Casualties,6% Casualties,7% Casualties,8% Casualties,9% Casualties,10% Casualties,10% Casualties,10% Casualties,11% Casualties,5% Casualties,6% Casualties,7% Casualties,8% Casualties,9% Casualties,10% Casualties,10% Casualties,10% Casualties,11% Casualties,6% Casualties,7% Casualties,8% Casualties,9% Casualties,9% Casualties,10% Casualties,11% Casualties,11% Casualties,12% Casualties,6% Casualties,7% Casualties,8% Casualties,9% Casualties,9% Casualties,10% Casualties,11% Casualties,11% Casualties,11% Casualties,6% Casualties,7% Casualties,8% Casualties,9% Casualties,9% Casualties,10% Casualties,11% Casualties,11% Casualties,12% Casualties,6% Casualties,7% Casualties,8% Casualties,9% Casualties,9% Casualties,10% Casualties,11% Casualties,11% Casualties,11% Casualties,6% Casualties,7% Casualties,8% Casualties,9% Casualties,10% Casualties,10% Casualties,11% Casualties,11% Casualties,12% Casualties,6% Casualties,7% Casualties,8% Casualties,9% Casualties,10% Casualties,10% Casualties,11% Casualties,11% Casualties,12% Casualties,6% Casualties,7% Casualties,8% Casualties,9% Casualties,10% Casualties,10% Casualties,11% Casualties,11% Casualties,12% Casualties,6% Casualties,7% Casualties,8% Casualties,9% Casualties,10% Casualties,10% Casualties,11% Casualties,11% Casualties,12% Casualties,6% Casualties,7% Casualties,8% Casualties,9% Casualties,10% Casualties,10% Casualties,11% Casualties,11% Casualties,12% Casualties,6% Casualties,7% Casualties,8% Casualties,9% Casualties,10% Casualties,10% Casualties,11% Casualties,11% Casualties,12% Casualties,5% Casualties,6% Casualties,7% Casualties,8% Casualties,8% Casualties,9% Casualties,9% Casualties,10% Casualties,10% Casualties,5% Casualties,6% Casualties,7% Casualties,8% Casualties,8% Casualties,9% Casualties,9% Casualties,10% Casualties,10% Casualties,5% Casualties,6% Casualties,7% Casualties,8% Casualties,8% Casualties,9% Casualties,9% Casualties,10% Casualties,10% Casualties,5% Casualties,6% Casualties,7% Casualties,8% Casualties,8% Casualties,9% Casualties,9% Casualties,10% Casualties,10% Casualties,5% Casualties,6% Casualties,7% Casualties,8% Casualties,8% Casualties,9% Casualties,9% Casualties,10% Casualties,10% Casualties,5% Casualties,6% Casualties,7% Casualties,8% Casualties,8% Casualties,9% Casualties,9% Casualties,10% Casualties,10% Casualties
50 CV // 50 RT,2% Casualties,2% Casualties,3% Casualties,3% Casualties,4% Casualties,4% Casualties,5% Casualties,5% Casualties,5% Casualties,3% Casualties,4% Casualties,5% Casualties,5% Casualties,6% Casualties,7% Casualties,7% Casualties,8% Casualties,8% Casualties,4% Casualties,5% Casualties,6% Casualties,7% Casualties,7% Casualties,8% Casualties,9% Casualties,9% Casualties,10% Casualties,5% Casualties,6% Casualties,6% Casualties,7% Casualties,8% Casualties,9% Casualties,9% Casualties,10% Casualties,10% Casualties,5% Casualties,6% Casualties,7% Casualties,8% Casualties,9% Casualties,10% Casualties,10% Casualties,11% Casualties,11% Casualties,5% Casualties,6% Casualties,7% Casualties,8% Casualties,9% Casualties,9% Casualties,10% Casualties,11% Casualties,11% Casualties,6% Casualties,7% Casualties,8% Casualties,9% Casualties,10% Casualties,10% Casualties,11% Casualties,12% Casualties,12% Casualties,6% Casualties,7% Casualties,8% Casualties,9% Casualties,10% Casualties,10% Casualties,11% Casualties,12% Casualties,12% Casualties,6% Casualties,7% Casualties,8% Casualties,9% Casualties,10% Casualties,10% Casualties,11% Casualties,12% Casualties,12% Casualties,6% Casualties,7% Casualties,8% Casualties,9% Casualties,10% Casualties,11% Casualties,12% Casualties,12% Casualties,13% Casualties,6% Casualties,7% Casualties,8% Casualties,9% Casualties,10% Casualties,11% Casualties,12% Casualties,12% Casualties,13% Casualties,6% Casualties,7% Casualties,8% Casualties,9% Casualties,10% Casualties,11% Casualties,12% Casualties,12% Casualties,13% Casualties,6% Casualties,7% Casualties,8% Casualties,9% Casualties,10% Casualties,11% Casualties,12% Casualties,12% Casualties,13% Casualties,6% Casualties,7% Casualties,9% Casualties,10% Casualties,11% Casualties,11% Casualties,12% Casualties,13% Casualties,13% Casualties,6% Casualties,7% Casualties,9% Casualties,10% Casualties,11% Casualties,11% Casualties,12% Casualties,13% Casualties,13% Casualties,6% Casualties,7% Casualties,8% Casualties,10% Casualties,11% Casualties,11% Casualties,12% Casualties,13% Casualties,13% Casualties,6% Casualties,7% Casualties,9% Casualties,10% Casualties,11% Casualties,11% Casualties,12% Casualties,13% Casualties,13% Casualties,7% Casualties,8% Casualties,9% Casualties,10% Casualties,11% Casualties,12% Casualties,12% Casualties,13% Casualties,13% Casualties,7% Casualties,8% Casualties,9% Casualties,10% Casualties,11% Casualties,12% Casualties,12% Casualties,13% Casualties,13% Casualties,6% Casualties,7% Casualties,8% Casualties,9% Casualties,10% Casualties,10% Casualties,11% Casualties,11% Casualties,12% Casualties,6% Casualties,7% Casualties,8% Casualties,9% Casualties,10% Casualties,10% Casualties,11% Casualties,11% Casualties,12% Casualties,6% Casualties,7% Casualties,8% Casualties,9% Casualties,10% Casualties,10% Casualties,11% Casualties,11% Casualties,12% Casualties,6% Casualties,7% Casualties,8% Casualties,9% Casualties,10% Casualties,10% Casualties,11% Casualties,11% Casualties,12% Casualties,6% Casualties,7% Casualties,8% Casualties,9% Casualties,10% Casualties,10% Casualties,11% Casualties,11% Casualties,12% Casualties,6% Casualties,7% Casualties,8% Casualties,9% Casualties,10% Casualties,10% Casualties,11% Casualties,11% Casualties,12% Casualties
50 CV // 40 RT,2% Casualties,2% Casualties,3% Casualties,3% Casualties,4% Casualties,4% Casualties,5% Casualties,5% Casualties,6% Casualties,4% Casualties,4% Casualties,5% Casualties,6% Casualties,6% Casualties,7% Casualties,8% Casualties,8% Casualties,9% Casualties,4% Casualties,5% Casualties,6% Casualties,7% Casualties,8% Casualties,9% Casualties,9% Casualties,10% Casualties,11% Casualties,5% Casualties,6% Casualties,7% Casualties,8% Casualties,9% Casualties,10% Casualties,10% Casualties,11% Casualties,12% Casualties,5% Casualties,7% Casualties,8% Casualties,9% Casualties,10% Casualties,10% Casualties,11% Casualties,12% Casualties,13% Casualties,5% Casualties,6% Casualties,7% Casualties,9% Casualties,10% Casualties,11% Casualties,11% Casualties,12% Casualties,13% Casualties,6% Casualties,7% Casualties,8% Casualties,9% Casualties,11% Casualties,12% Casualties,12% Casualties,13% Casualties,14% Casualties,6% Casualties,7% Casualties,9% Casualties,10% Casualties,11% Casualties,11% Casualties,12% Casualties,13% Casualties,14% Casualties,6% Casualties,7% Casualties,8% Casualties,10% Casualties,11% Casualties,12% Casualties,12% Casualties,13% Casualties,14% Casualties,7% Casualties,8% Casualties,9% Casualties,10% Casualties,11% Casualties,12% Casualties,13% Casualties,14% Casualties,15% Casualties,6% Casualties,8% Casualties,9% Casualties,10% Casualties,11% Casualties,12% Casualties,13% Casualties,14% Casualties,14% Casualties,6% Casualties,8% Casualties,9% Casualties,10% Casualties,11% Casualties,12% Casualties,13% Casualties,14% Casualties,15% Casualties,6% Casualties,8% Casualties,9% Casualties,10% Casualties,11% Casualties,12% Casualties,13% Casualties,14% Casualties,15% Casualties,7% Casualties,8% Casualties,9% Casualties,10% Casualties,12% Casualties,13% Casualties,14% Casualties,14% Casualties,15% Casualties,7% Casualties,8% Casualties,9% Casualties,11% Casualties,12% Casualties,13% Casualties,14% Casualties,14% Casualties,15% Casualties,7% Casualties,8% Casualties,9% Casualties,11% Casualties,12% Casualties,13% Casualties,13% Casualties,14% Casualties,15% Casualties,7% Casualties,8% Casualties,9% Casualties,11% Casualties,12% Casualties,13% Casualties,14% Casualties,14% Casualties,15% Casualties,7% Casualties,8% Casualties,10% Casualties,11% Casualties,12% Casualties,13% Casualties,14% Casualties,14% Casualties,15% Casualties,7% Casualties,8% Casualties,10% Casualties,11% Casualties,12% Casualties,13% Casualties,14% Casualties,14% Casualties,15% Casualties,6% Casualties,8% Casualties,9% Casualties,10% Casualties,11% Casualties,12% Casualties,13% Casualties,13% Casualties,14% Casualties,7% Casualties,8% Casualties,9% Casualties,10% Casualties,11% Casualties,12% Casualties,13% Casualties,13% Casualties,14% Casualties,7% Casualties,8% Casualties,9% Casualties,10% Casualties,11% Casualties,12% Casualties,13% Casualties,13% Casualties,14% Casualties,7% Casualties,8% Casualties,9% Casualties,10% Casualties,11% Casualties,12% Casualties,13% Casualties,13% Casualties,14% Casualties,7% Casualties,8% Casualties,9% Casualties,10% Casualties,11% Casualties,12% Casualties,13% Casualties,13% Casualties,14% Casualties,7% Casualties,8% Casualties,9% Casualties,10% Casualties,11% Casualties,12% Casualties,13% Casualties,13% Casualties,14% Casualties
50 CV // 30 RT,2% Casualties,2% Casualties,3% Casualties,3% Casualties,4% Casualties,5% Casualties,5% Casualties,6% Casualties,6% Casualties,4% Casualties,4% Casualties,5% Casualties,6% Casualties,7% Casualties,8% Casualties,8% Casualties,9% Casualties,10% Casualties,5% Casualties,6% Casualties,7% Casualties,8% Casualties,9% Casualties,10% Casualties,10% Casualties,11% Casualties,12% Casualties,5% Casualties,6% Casualties,7% Casualties,9% Casualties,10% Casualties,10% Casualties,12% Casualties,13% Casualties,13% Casualties,6% Casualties,7% Casualties,8% Casualties,10% Casualties,11% Casualties,12% Casualties,13% Casualties,14% Casualties,15% Casualties,6% Casualties,7% Casualties,8% Casualties,10% Casualties,11% Casualties,12% Casualties,13% Casualties,14% Casualties,14% Casualties,6% Casualties,8% Casualties,9% Casualties,10% Casualties,12% Casualties,13% Casualties,14% Casualties,15% Casualties,16% Casualties,6% Casualties,8% Casualties,9% Casualties,11% Casualties,12% Casualties,13% Casualties,14% Casualties,15% Casualties,16% Casualties,6% Casualties,8% Casualties,9% Casualties,11% Casualties,12% Casualties,13% Casualties,14% Casualties,15% Casualties,16% Casualties,7% Casualties,9% Casualties,10% Casualties,11% Casualties,13% Casualties,14% Casualties,15% Casualties,16% Casualties,17% Casualties,7% Casualties,8% Casualties,10% Casualties,11% Casualties,13% Casualties,14% Casualties,15% Casualties,16% Casualties,17% Casualties,7% Casualties,8% Casualties,10% Casualties,11% Casualties,13% Casualties,14% Casualties,15% Casualties,16% Casualties,17% Casualties,7% Casualties,8% Casualties,10% Casualties,12% Casualties,13% Casualties,14% Casualties,15% Casualties,16% Casualties,17% Casualties,7% Casualties,9% Casualties,11% Casualties,12% Casualties,13% Casualties,15% Casualties,16% Casualties,17% Casualties,18% Casualties,7% Casualties,9% Casualties,11% Casualties,12% Casualties,13% Casualties,15% Casualties,16% Casualties,17% Casualties,18% Casualties,7% Casualties,9% Casualties,10% Casualties,12% Casualties,13% Casualties,15% Casualties,16% Casualties,17% Casualties,18% Casualties,7% Casualties,9% Casualties,10% Casualties,12% Casualties,13% Casualties,15% Casualties,16% Casualties,17% Casualties,18% Casualties,8% Casualties,9% Casualties,11% Casualties,13% Casualties,14% Casualties,15% Casualties,16% Casualties,17% Casualties,18% Casualties,8% Casualties,9% Casualties,11% Casualties,12% Casualties,14% Casualties,15% Casualties,16% Casualties,17% Casualties,18% Casualties,7% Casualties,9% Casualties,10% Casualties,12% Casualties,13% Casualties,14% Casualties,15% Casualties,16% Casualties,17% Casualties,8% Casualties,9% Casualties,11% Casualties,12% Casualties,13% Casualties,14% Casualties,15% Casualties,16% Casualties,17% Casualties,8% Casualties,9% Casualties,11% Casualties,12% Casualties,13% Casualties,14% Casualties,15% Casualties,16% Casualties,17% Casualties,8% Casualties,9% Casualties,11% Casualties,12% Casualties,13% Casualties,14% Casualties,16% Casualties,16% Casualties,17% Casualties,8% Casualties,9% Casualties,11% Casualties,12% Casualties,14% Casualties,14% Casualties,15% Casualties,16% Casualties,17% Casualties,8% Casualties,9% Casualties,11% Casualties,12% Casualties,13% Casualties,15% Casualties,16% Casualties,16% Casualties,17% Casualties
50 CV // 20 RT,2% Casualties,3% Casualties,3% Casualties,4% Casualties,4% Casualties,5% Casualties,5% Casualties,6% Casualties,6% Casualties,4% Casualties,5% Casualties,6% Casualties,7% Casualties,7% Casualties,8% Casualties,9% Casualties,10% Casualties,11% Casualties,5% Casualties,6% Casualties,7% Casualties,8% Casualties,10% Casualties,10% Casualties,12% Casualties,13% Casualties,14% Casualties,6% Casualties,7% Casualties,8% Casualties,10% Casualties,11% Casualties,12% Casualties,13% Casualties,14% Casualties,15% Casualties,6% Casualties,8% Casualties,9% Casualties,11% Casualties,12% Casualties,13% Casualties,15% Casualties,16% Casualties,17% Casualties,6% Casualties,8% Casualties,9% Casualties,11% Casualties,12% Casualties,13% Casualties,14% Casualties,16% Casualties,17% Casualties,7% Casualties,9% Casualties,10% Casualties,12% Casualties,13% Casualties,15% Casualties,16% Casualties,17% Casualties,19% Casualties,7% Casualties,9% Casualties,10% Casualties,12% Casualties,13% Casualties,15% Casualties,16% Casualties,18% Casualties,19% Casualties,7% Casualties,9% Casualties,10% Casualties,12% Casualties,13% Casualties,15% Casualties,16% Casualties,18% Casualties,19% Casualties,8% Casualties,9% Casualties,11% Casualties,13% Casualties,15% Casualties,16% Casualties,18% Casualties,19% Casualties,20% Casualties,8% Casualties,10% Casualties,11% Casualties,13% Casualties,15% Casualties,16% Casualties,18% Casualties,19% Casualties,20% Casualties,8% Casualties,9% Casualties,11% Casualties,13% Casualties,15% Casualties,17% Casualties,18% Casualties,19% Casualties,20% Casualties,8% Casualties,9% Casualties,11% Casualties,13% Casualties,15% Casualties,16% Casualties,18% Casualties,19% Casualties,20% Casualties,8% Casualties,10% Casualties,12% Casualties,13% Casualties,16% Casualties,17% Casualties,18% Casualties,20% Casualties,21% Casualties,8% Casualties,10% Casualties,12% Casualties,14% Casualties,15% Casualties,17% Casualties,18% Casualties,20% Casualties,21% Casualties,8% Casualties,10% Casualties,12% Casualties,14% Casualties,15% Casualties,17% Casualties,18% Casualties,20% Casualties,21% Casualties,8% Casualties,10% Casualties,12% Casualties,14% Casualties,16% Casualties,17% Casualties,19% Casualties,20% Casualties,21% Casualties,8% Casualties,11% Casualties,12% Casualties,14% Casualties,16% Casualties,18% Casualties,19% Casualties,20% Casualties,22% Casualties,8% Casualties,11% Casualties,13% Casualties,15% Casualties,16% Casualties,18% Casualties,19% Casualties,21% Casualties,22% Casualties,8% Casualties,10% Casualties,12% Casualties,14% Casualties,16% Casualties,17% Casualties,18% Casualties,20% Casualties,21% Casualties,9% Casualties,11% Casualties,13% Casualties,14% Casualties,16% Casualties,18% Casualties,19% Casualties,21% Casualties,21% Casualties,9% Casualties,11% Casualties,13% Casualties,15% Casualties,16% Casualties,18% Casualties,19% Casualties,20% Casualties,21% Casualties,9% Casualties,11% Casualties,13% Casualties,14% Casualties,16% Casualties,18% Casualties,19% Casualties,20% Casualties,22% Casualties,9% Casualties,11% Casualties,12% Casualties,14% Casualties,16% Casualties,18% Casualties,19% Casualties,20% Casualties,21% Casualties,9% Casualties,11% Casualties,13% Casualties,15% Casualties,16% Casualties,17% Casualties,19% Casualties,20% Casualties,21% Casualties
50 CV // 10 RT,2% Casualties,3% Casualties,3% Casualties,4% Casualties,5% Casualties,5% Casualties,6% Casualties,7% Casualties,7% Casualties,4% Casualties,5% Casualties,6% Casualties,7% Casualties,8% Casualties,9% Casualties,11% Casualties,12% Casualties,13% Casualties,5% Casualties,7% Casualties,8% Casualties,9% Casualties,11% Casualties,12% Casualties,14% Casualties,15% Casualties,16% Casualties,6% Casualties,7% Casualties,9% Casualties,11% Casualties,12% Casualties,14% Casualties,15% Casualties,17% Casualties,18% Casualties,7% Casualties,8% Casualties,10% Casualties,12% Casualties,14% Casualties,15% Casualties,17% Casualties,19% Casualties,20% Casualties,7% Casualties,8% Casualties,10% Casualties,12% Casualties,14% Casualties,15% Casualties,17% Casualties,19% Casualties,20% Casualties,8% Casualties,9% Casualties,12% Casualties,13% Casualties,16% Casualties,18% Casualties,19% Casualties,21% Casualties,22% Casualties,8% Casualties,10% Casualties,12% Casualties,13% Casualties,15% Casualties,17% Casualties,19% Casualties,20% Casualties,22% Casualties,8% Casualties,10% Casualties,11% Casualties,14% Casualties,15% Casualties,17% Casualties,19% Casualties,20% Casualties,22% Casualties,8% Casualties,11% Casualties,13% Casualties,15% Casualties,17% Casualties,19% Casualties,21% Casualties,23% Casualties,25% Casualties,9% Casualties,10% Casualties,12% Casualties,15% Casualties,17% Casualties,19% Casualties,21% Casualties,23% Casualties,24% Casualties,8% Casualties,11% Casualties,13% Casualties,15% Casualties,17% Casualties,19% Casualties,21% Casualties,23% Casualties,24% Casualties,9% Casualties,11% Casualties,13% Casualties,15% Casualties,17% Casualties,19% Casualties,21% Casualties,22% Casualties,24% Casualties,9% Casualties,11% Casualties,14% Casualties,16% Casualties,18% Casualties,20% Casualties,22% Casualties,24% Casualties,25% Casualties,9% Casualties,11% Casualties,14% Casualties,16% Casualties,18% Casualties,20% Casualties,22% Casualties,24% Casualties,26% Casualties,9% Casualties,11% Casualties,13% Casualties,16% Casualties,18% Casualties,20% Casualties,22% Casualties,24% Casualties,26% Casualties,9% Casualties,11% Casualties,14% Casualties,16% Casualties,18% Casualties,20% Casualties,22% Casualties,24% Casualties,25% Casualties,10% Casualties,12% Casualties,14% Casualties,17% Casualties,19% Casualties,21% Casualties,23% Casualties,25% Casualties,26% Casualties,10% Casualties,12% Casualties,14% Casualties,17% Casualties,19% Casualties,21% Casualties,23% Casualties,25% Casualties,27% Casualties,9% Casualties,12% Casualties,14% Casualties,16% Casualties,19% Casualties,21% Casualties,23% Casualties,24% Casualties,26% Casualties,10% Casualties,13% Casualties,15% Casualties,17% Casualties,20% Casualties,22% Casualties,24% Casualties,25% Casualties,27% Casualties,10% Casualties,13% Casualties,15% Casualties,18% Casualties,20% Casualties,22% Casualties,24% Casualties,25% Casualties,27% Casualties,10% Casualties,12% Casualties,15% Casualties,17% Casualties,20% Casualties,22% Casualties,24% Casualties,25% Casualties,27% Casualties,10% Casualties,13% Casualties,15% Casualties,17% Casualties,20% Casualties,22% Casualties,24% Casualties,25% Casualties,27% Casualties,10% Casualties,12% Casualties,15% Casualties,17% Casualties,20% Casualties,22% Casualties,24% Casualties,25% Casualties,27% Casualties
50 CV // 0 RT,2% Casualties,3% Casualties,3% Casualties,4% Casualties,5% Casualties,6% Casualties,6% Casualties,7% Casualties,8% Casualties,4% Casualties,5% Casualties,7% Casualties,8% Casualties,9% Casualties,10% Casualties,12% Casualties,13% Casualties,14% Casualties,6% Casualties,7% Casualties,9% Casualties,11% Casualties,12% Casualties,14% Casualties,15% Casualties,17% Casualties,19% Casualties,6% Casualties,8% Casualties,10% Casualties,12% Casualties,14% Casualties,16% Casualties,18% Casualties,20% Casualties,21% Casualties,7% Casualties,9% Casualties,12% Casualties,14% Casualties,15% Casualties,18% Casualties,20% Casualties,22% Casualties,24% Casualties,7% Casualties,9% Casualties,11% Casualties,13% Casualties,16% Casualties,18% Casualties,20% Casualties,22% Casualties,24% Casualties,9% Casualties,11% Casualties,13% Casualties,15% Casualties,18% Casualties,20% Casualties,22% Casualties,25% Casualties,26% Casualties,8% Casualties,11% Casualties,13% Casualties,15% Casualties,18% Casualties,20% Casualties,22% Casualties,24% Casualties,27% Casualties,8% Casualties,11% Casualties,13% Casualties,15% Casualties,18% Casualties,20% Casualties,22% Casualties,24% Casualties,27% Casualties,9% Casualties,12% Casualties,15% Casualties,17% Casualties,20% Casualties,22% Casualties,25% Casualties,27% Casualties,30% Casualties,10% Casualties,12% Casualties,15% Casualties,17% Casualties,20% Casualties,23% Casualties,25% Casualties,27% Casualties,29% Casualties,9% Casualties,12% Casualties,14% Casualties,17% Casualties,20% Casualties,22% Casualties,25% Casualties,27% Casualties,29% Casualties,9% Casualties,12% Casualties,14% Casualties,17% Casualties,20% Casualties,22% Casualties,25% Casualties,28% Casualties,30% Casualties,10% Casualties,13% Casualties,16% Casualties,18% Casualties,21% Casualties,24% Casualties,26% Casualties,29% Casualties,31% Casualties,10% Casualties,13% Casualties,15% Casualties,18% Casualties,21% Casualties,24% Casualties,26% Casualties,28% Casualties,31% Casualties,10% Casualties,13% Casualties,15% Casualties,18% Casualties,21% Casualties,24% Casualties,26% Casualties,29% Casualties,31% Casualties,10% Casualties,13% Casualties,16% Casualties,18% Casualties,21% Casualties,24% Casualties,27% Casualties,29% Casualties,31% Casualties,11% Casualties,13% Casualties,17% Casualties,20% Casualties,23% Casualties,25% Casualties,28% Casualties,30% Casualties,32% Casualties,11% Casualties,13% Casualties,17% Casualties,20% Casualties,23% Casualties,25% Casualties,28% Casualties,30% Casualties,32% Casualties,11% Casualties,13% Casualties,17% Casualties,20% Casualties,22% Casualties,25% Casualties,28% Casualties,30% Casualties,33% Casualties,11% Casualties,15% Casualties,18% Casualties,21% Casualties,24% Casualties,26% Casualties,29% Casualties,31% Casualties,34% Casualties,11% Casualties,15% Casualties,18% Casualties,21% Casualties,24% Casualties,26% Casualties,29% Casualties,32% Casualties,33% Casualties,12% Casualties,14% Casualties,18% Casualties,21% Casualties,23% Casualties,26% Casualties,29% Casualties,32% Casualties,34% Casualties,12% Casualties,14% Casualties,18% Casualties,21% Casualties,24% Casualties,26% Casualties,29% Casualties,32% Casualties,34% Casualties,12% Casualties,15% Casualties,18% Casualties,21% Casualties,24% Casualties,27% Casualties,29% Casualties,32% Casualties,34% Casualties
55 CV // 80 RT,2% Casualties,2% Casualties,3% Casualties,3% Casualties,3% Casualties,3% Casualties,4% Casualties,4% Casualties,4% Casualties,3% Casualties,3% Casualties,4% Casualties,4% Casualties,5% Casualties,5% Casualties,5% Casualties,6% Casualties,6% Casualties,4% Casualties,4% Casualties,5% Casualties,5% Casualties,6% Casualties,6% Casualties,6% Casualties,7% Casualties,7% Casualties,4% Casualties,5% Casualties,5% Casualties,6% Casualties,6% Casualties,6% Casualties,7% Casualties,7% Casualties,7% Casualties,4% Casualties,5% Casualties,6% Casualties,6% Casualties,6% Casualties,7% Casualties,7% Casualties,7% Casualties,8% Casualties,5% Casualties,5% Casualties,6% Casualties,7% Casualties,7% Casualties,7% Casualties,8% Casualties,8% Casualties,8% Casualties,5% Casualties,6% Casualties,6% Casualties,7% Casualties,8% Casualties,8% Casualties,8% Casualties,9% Casualties,9% Casualties,5% Casualties,6% Casualties,6% Casualties,7% Casualties,8% Casualties,8% Casualties,8% Casualties,9% Casualties,9% Casualties,5% Casualties,6% Casualties,7% Casualties,7% Casualties,7% Casualties,8% Casualties,8% Casualties,9% Casualties,9% Casualties,5% Casualties,6% Casualties,6% Casualties,7% Casualties,7% Casualties,8% Casualties,8% Casualties,9% Casualties,9% Casualties,5% Casualties,6% Casualties,7% Casualties,7% Casualties,8% Casualties,8% Casualties,9% Casualties,9% Casualties,9% Casualties,5% Casualties,6% Casualties,7% Casualties,7% Casualties,8% Casualties,8% Casualties,9% Casualties,9% Casualties,9% Casualties,5% Casualties,6% Casualties,7% Casualties,7% Casualties,8% Casualties,8% Casualties,9% Casualties,9% Casualties,9% Casualties,5% Casualties,6% Casualties,7% Casualties,7% Casualties,8% Casualties,8% Casualties,9% Casualties,9% Casualties,9% Casualties,5% Casualties,6% Casualties,7% Casualties,7% Casualties,8% Casualties,8% Casualties,9% Casualties,9% Casualties,9% Casualties,5% Casualties,6% Casualties,7% Casualties,8% Casualties,8% Casualties,8% Casualties,9% Casualties,9% Casualties,9% Casualties,6% Casualties,6% Casualties,7% Casualties,8% Casualties,8% Casualties,8% Casualties,9% Casualties,9% Casualties,9% Casualties,5% Casualties,6% Casualties,7% Casualties,8% Casualties,8% Casualties,8% Casualties,9% Casualties,9% Casualties,9% Casualties,6% Casualties,6% Casualties,7% Casualties,8% Casualties,8% Casualties,9% Casualties,9% Casualties,9% Casualties,9% Casualties,4% Casualties,5% Casualties,6% Casualties,6% Casualties,6% Casualties,7% Casualties,7% Casualties,7% Casualties,7% Casualties,4% Casualties,5% Casualties,6% Casualties,6% Casualties,6% Casualties,7% Casualties,7% Casualties,7% Casualties,7% Casualties,4% Casualties,5% Casualties,6% Casualties,6% Casualties,6% Casualties,7% Casualties,7% Casualties,7% Casualties,7% Casualties,4% Casualties,5% Casualties,6% Casualties,6% Casualties,6% Casualties,7% Casualties,7% Casualties,7% Casualties,7% Casualties,4% Casualties,5% Casualties,6% Casualties,6% Casualties,6% Casualties,7% Casualties,7% Casualties,7% Casualties,7% Casualties,4% Casualties,5% Casualties,6% Casualties,6% Casualties,6% Casualties,7% Casualties,7% Casualties,7% Casualties,7% Casualties
55 CV // 70 RT,2% Casualties,2% Casualties,3% Casualties,3% Casualties,3% Casualties,4% Casualties,4% Casualties,4% Casualties,4% Casualties,3% Casualties,3% Casualties,4% Casualties,4% Casualties,5% Casualties,5% Casualties,6% Casualties,6% Casualties,6% Casualties,4% Casualties,4% Casualties,5% Casualties,5% Casualties,6% Casualties,6% Casualties,7% Casualties,7% Casualties,7% Casualties,4% Casualties,5% Casualties,5% Casualties,6% Casualties,6% Casualties,7% Casualties,7% Casualties,8% Casualties,8% Casualties,4% Casualties,5% Casualties,6% Casualties,6% Casualties,7% Casualties,8% Casualties,8% Casualties,8% Casualties,9% Casualties,5% Casualties,6% Casualties,6% Casualties,7% Casualties,7% Casualties,8% Casualties,8% Casualties,9% Casualties,9% Casualties,5% Casualties,6% Casualties,7% Casualties,8% Casualties,8% Casualties,9% Casualties,9% Casualties,10% Casualties,10% Casualties,5% Casualties,6% Casualties,7% Casualties,8% Casualties,8% Casualties,9% Casualties,9% Casualties,10% Casualties,10% Casualties,5% Casualties,6% Casualties,7% Casualties,8% Casualties,8% Casualties,9% Casualties,9% Casualties,10% Casualties,10% Casualties,5% Casualties,6% Casualties,7% Casualties,8% Casualties,8% Casualties,9% Casualties,9% Casualties,10% Casualties,10% Casualties,6% Casualties,6% Casualties,7% Casualties,8% Casualties,9% Casualties,9% Casualties,10% Casualties,10% Casualties,10% Casualties,6% Casualties,7% Casualties,7% Casualties,8% Casualties,9% Casualties,9% Casualties,10% Casualties,10% Casualties,10% Casualties,6% Casualties,6% Casualties,7% Casualties,8% Casualties,9% Casualties,9% Casualties,10% Casualties,10% Casualties,10% Casualties,6% Casualties,6% Casualties,7% Casualties,8% Casualties,9% Casualties,9% Casualties,10% Casualties,10% Casualties,10% Casualties,6% Casualties,6% Casualties,7% Casualties,8% Casualties,9% Casualties,9% Casualties,10% Casualties,10% Casualties,10% Casualties,6% Casualties,7% Casualties,7% Casualties,8% Casualties,9% Casualties,9% Casualties,10% Casualties,10% Casualties,10% Casualties,6% Casualties,7% Casualties,7% Casualties,8% Casualties,9% Casualties,9% Casualties,10% Casualties,10% Casualties,10% Casualties,6% Casualties,7% Casualties,7% Casualties,8% Casualties,9% Casualties,9% Casualties,10% Casualties,10% Casualties,10% Casualties,6% Casualties,7% Casualties,8% Casualties,8% Casualties,9% Casualties,9% Casualties,10% Casualties,10% Casualties,10% Casualties,5% Casualties,6% Casualties,6% Casualties,7% Casualties,7% Casualties,8% Casualties,8% Casualties,8% Casualties,8% Casualties,5% Casualties,6% Casualties,6% Casualties,7% Casualties,7% Casualties,8% Casualties,8% Casualties,8% Casualties,8% Casualties,5% Casualties,6% Casualties,6% Casualties,7% Casualties,7% Casualties,8% Casualties,8% Casualties,8% Casualties,9% Casualties,5% Casualties,6% Casualties,6% Casualties,7% Casualties,7% Casualties,8% Casualties,8% Casualties,8% Casualties,8% Casualties,5% Casualties,6% Casualties,6% Casualties,7% Casualties,7% Casualties,8% Casualties,8% Casualties,8% Casualties,8% Casualties,5% Casualties,6% Casualties,6% Casualties,7% Casualties,7% Casualties,8% Casualties,8% Casualties,8% Casualties,8% Casualties
55 CV // 60 RT,2% Casualties,2% Casualties,3% Casualties,3% Casualties,4% Casualties,4% Casualties,4% Casualties,4% Casualties,5% Casualties,3% Casualties,4% Casualties,4% Casualties,5% Casualties,5% Casualties,6% Casualties,6% Casualties,6% Casualties,7% Casualties,4% Casualties,4% Casualties,5% Casualties,6% Casualties,6% Casualties,7% Casualties,7% Casualties,8% Casualties,8% Casualties,4% Casualties,5% Casualties,6% Casualties,6% Casualties,7% Casualties,7% Casualties,8% Casualties,8% Casualties,9% Casualties,5% Casualties,5% Casualties,6% Casualties,7% Casualties,7% Casualties,8% Casualties,9% Casualties,9% Casualties,10% Casualties,5% Casualties,6% Casualties,7% Casualties,7% Casualties,8% Casualties,9% Casualties,9% Casualties,10% Casualties,10% Casualties,5% Casualties,6% Casualties,7% Casualties,8% Casualties,9% Casualties,10% Casualties,10% Casualties,11% Casualties,11% Casualties,6% Casualties,6% Casualties,7% Casualties,8% Casualties,9% Casualties,10% Casualties,10% Casualties,11% Casualties,11% Casualties,5% Casualties,7% Casualties,7% Casualties,8% Casualties,9% Casualties,9% Casualties,10% Casualties,11% Casualties,11% Casualties,5% Casualties,6% Casualties,7% Casualties,8% Casualties,9% Casualties,10% Casualties,10% Casualties,11% Casualties,11% Casualties,6% Casualties,7% Casualties,8% Casualties,9% Casualties,9% Casualties,10% Casualties,11% Casualties,11% Casualties,12% Casualties,6% Casualties,7% Casualties,8% Casualties,9% Casualties,9% Casualties,10% Casualties,11% Casualties,11% Casualties,12% Casualties,6% Casualties,7% Casualties,8% Casualties,9% Casualties,9% Casualties,10% Casualties,11% Casualties,11% Casualties,12% Casualties,6% Casualties,7% Casualties,8% Casualties,9% Casualties,9% Casualties,10% Casualties,11% Casualties,11% Casualties,11% Casualties,6% Casualties,7% Casualties,8% Casualties,9% Casualties,9% Casualties,10% Casualties,11% Casualties,11% Casualties,12% Casualties,6% Casualties,7% Casualties,8% Casualties,9% Casualties,10% Casualties,10% Casualties,11% Casualties,11% Casualties,12% Casualties,6% Casualties,7% Casualties,8% Casualties,9% Casualties,10% Casualties,10% Casualties,11% Casualties,11% Casualties,12% Casualties,6% Casualties,7% Casualties,8% Casualties,9% Casualties,10% Casualties,10% Casualties,11% Casualties,11% Casualties,12% Casualties,6% Casualties,7% Casualties,8% Casualties,9% Casualties,10% Casualties,10% Casualties,11% Casualties,11% Casualties,12% Casualties,5% Casualties,6% Casualties,7% Casualties,8% Casualties,8% Casualties,9% Casualties,9% Casualties,10% Casualties,10% Casualties,5% Casualties,6% Casualties,7% Casualties,8% Casualties,8% Casualties,9% Casualties,9% Casualties,10% Casualties,10% Casualties,5% Casualties,6% Casualties,7% Casualties,8% Casualties,8% Casualties,9% Casualties,9% Casualties,10% Casualties,10% Casualties,5% Casualties,6% Casualties,7% Casualties,8% Casualties,8% Casualties,9% Casualties,9% Casualties,10% Casualties,10% Casualties,5% Casualties,6% Casualties,7% Casualties,8% Casualties,8% Casualties,9% Casualties,9% Casualties,9% Casualties,10% Casualties,5% Casualties,6% Casualties,7% Casualties,8% Casualties,8% Casualties,9% Casualties,9% Casualties,10% Casualties,10% Casualties
55 CV // 50 RT,2% Casualties,2% Casualties,3% Casualties,3% Casualties,3% Casualties,4% Casualties,4% Casualties,5% Casualties,5% Casualties,3% Casualties,4% Casualties,4% Casualties,5% Casualties,5% Casualties,6% Casualties,7% Casualties,7% Casualties,7% Casualties,4% Casualties,5% Casualties,5% Casualties,6% Casualties,7% Casualties,7% Casualties,8% Casualties,8% Casualties,9% Casualties,4% Casualties,5% Casualties,6% Casualties,7% Casualties,7% Casualties,8% Casualties,9% Casualties,9% Casualties,10% Casualties,5% Casualties,5% Casualties,6% Casualties,7% Casualties,8% Casualties,9% Casualties,9% Casualties,10% Casualties,10% Casualties,5% Casualties,6% Casualties,7% Casualties,8% Casualties,9% Casualties,9% Casualties,10% Casualties,11% Casualties,11% Casualties,6% Casualties,7% Casualties,8% Casualties,9% Casualties,10% Casualties,10% Casualties,11% Casualties,12% Casualties,12% Casualties,6% Casualties,7% Casualties,8% Casualties,9% Casualties,10% Casualties,10% Casualties,11% Casualties,12% Casualties,12% Casualties,6% Casualties,7% Casualties,8% Casualties,9% Casualties,10% Casualties,10% Casualties,11% Casualties,12% Casualties,12% Casualties,6% Casualties,7% Casualties,8% Casualties,9% Casualties,10% Casualties,10% Casualties,11% Casualties,12% Casualties,12% Casualties,6% Casualties,7% Casualties,8% Casualties,9% Casualties,10% Casualties,11% Casualties,12% Casualties,12% Casualties,13% Casualties,6% Casualties,7% Casualties,8% Casualties,9% Casualties,10% Casualties,11% Casualties,12% Casualties,12% Casualties,13% Casualties,6% Casualties,7% Casualties,8% Casualties,9% Casualties,10% Casualties,11% Casualties,12% Casualties,13% Casualties,13% Casualties,6% Casualties,7% Casualties,8% Casualties,9% Casualties,10% Casualties,11% Casualties,12% Casualties,13% Casualties,13% Casualties,6% Casualties,8% Casualties,9% Casualties,10% Casualties,10% Casualties,11% Casualties,12% Casualties,13% Casualties,13% Casualties,6% Casualties,7% Casualties,9% Casualties,10% Casualties,10% Casualties,11% Casualties,12% Casualties,13% Casualties,13% Casualties,6% Casualties,8% Casualties,9% Casualties,10% Casualties,10% Casualties,11% Casualties,12% Casualties,13% Casualties,13% Casualties,6% Casualties,7% Casualties,9% Casualties,10% Casualties,11% Casualties,11% Casualties,12% Casualties,12% Casualties,13% Casualties,6% Casualties,8% Casualties,9% Casualties,10% Casualties,11% Casualties,12% Casualties,12% Casualties,13% Casualties,13% Casualties,6% Casualties,7% Casualties,8% Casualties,9% Casualties,9% Casualties,10% Casualties,11% Casualties,11% Casualties,11% Casualties,6% Casualties,7% Casualties,8% Casualties,9% Casualties,9% Casualties,10% Casualties,10% Casualties,11% Casualties,12% Casualties,6% Casualties,7% Casualties,8% Casualties,9% Casualties,9% Casualties,10% Casualties,11% Casualties,11% Casualties,12% Casualties,6% Casualties,7% Casualties,8% Casualties,9% Casualties,10% Casualties,10% Casualties,11% Casualties,11% Casualties,11% Casualties,6% Casualties,7% Casualties,8% Casualties,9% Casualties,10% Casualties,10% Casualties,11% Casualties,11% Casualties,12% Casualties,6% Casualties,7% Casualties,8% Casualties,9% Casualties,10% Casualties,10% Casualties,11% Casualties,11% Casualties,12% Casualties
55 CV // 40 RT,2% Casualties,2% Casualties,3% Casualties,3% Casualties,4% Casualties,4% Casualties,4% Casualties,5% Casualties,5% Casualties,3% Casualties,4% Casualties,4% Casualties,5% Casualties,6% Casualties,6% Casualties,7% Casualties,7% Casualties,8% Casualties,4% Casualties,5% Casualties,6% Casualties,6% Casualties,7% Casualties,8% Casualties,9% Casualties,9% Casualties,10% Casualties,4% Casualties,5% Casualties,6% Casualties,7% Casualties,8% Casualties,9% Casualties,10% Casualties,10% Casualties,11% Casualties,5% Casualties,6% Casualties,7% Casualties,8% Casualties,9% Casualties,10% Casualties,10% Casualties,11% Casualties,12% Casualties,5% Casualties,6% Casualties,7% Casualties,9% Casualties,10% Casualties,10% Casualties,11% Casualties,12% Casualties,13% Casualties,6% Casualties,7% Casualties,9% Casualties,10% Casualties,11% Casualties,12% Casualties,12% Casualties,13% Casualties,14% Casualties,6% Casualties,7% Casualties,8% Casualties,9% Casualties,11% Casualties,12% Casualties,12% Casualties,13% Casualties,14% Casualties,6% Casualties,7% Casualties,8% Casualties,9% Casualties,11% Casualties,11% Casualties,12% Casualties,13% Casualties,14% Casualties,6% Casualties,7% Casualties,8% Casualties,10% Casualties,11% Casualties,12% Casualties,12% Casualties,13% Casualties,14% Casualties,7% Casualties,8% Casualties,9% Casualties,10% Casualties,11% Casualties,12% Casualties,13% Casualties,14% Casualties,15% Casualties,6% Casualties,8% Casualties,9% Casualties,10% Casualties,11% Casualties,12% Casualties,13% Casualties,14% Casualties,15% Casualties,6% Casualties,8% Casualties,9% Casualties,10% Casualties,11% Casualties,12% Casualties,13% Casualties,14% Casualties,15% Casualties,7% Casualties,8% Casualties,9% Casualties,10% Casualties,11% Casualties,13% Casualties,13% Casualties,14% Casualties,15% Casualties,7% Casualties,8% Casualties,9% Casualties,11% Casualties,12% Casualties,13% Casualties,14% Casualties,14% Casualties,15% Casualties,7% Casualties,8% Casualties,9% Casualties,10% Casualties,12% Casualties,13% Casualties,13% Casualties,14% Casualties,15% Casualties,7% Casualties,8% Casualties,9% Casualties,11% Casualties,12% Casualties,13% Casualties,14% Casualties,14% Casualties,15% Casualties,7% Casualties,8% Casualties,9% Casualties,10% Casualties,12% Casualties,13% Casualties,14% Casualties,14% Casualties,15% Casualties,7% Casualties,8% Casualties,10% Casualties,11% Casualties,12% Casualties,13% Casualties,14% Casualties,14% Casualties,15% Casualties,7% Casualties,8% Casualties,9% Casualties,10% Casualties,11% Casualties,12% Casualties,12% Casualties,13% Casualties,14% Casualties,6% Casualties,8% Casualties,9% Casualties,10% Casualties,11% Casualties,12% Casualties,12% Casualties,13% Casualties,14% Casualties,6% Casualties,8% Casualties,9% Casualties,10% Casualties,11% Casualties,12% Casualties,13% Casualties,13% Casualties,14% Casualties,7% Casualties,8% Casualties,9% Casualties,10% Casualties,11% Casualties,12% Casualties,13% Casualties,13% Casualties,14% Casualties,7% Casualties,8% Casualties,9% Casualties,10% Casualties,11% Casualties,12% Casualties,13% Casualties,13% Casualties,14% Casualties,7% Casualties,8% Casualties,9% Casualties,10% Casualties,11% Casualties,12% Casualties,13% Casualties,13% Casualties,14% Casualties
55 CV // 30 RT,2% Casualties,2% Casualties,3% Casualties,3% Casualties,4% Casualties,4% Casualties,5% Casualties,5% Casualties,5% Casualties,3% Casualties,4% Casualties,5% Casualties,5% Casualties,6% Casualties,7% Casualties,8% Casualties,8% Casualties,9% Casualties,4% Casualties,5% Casualties,6% Casualties,7% Casualties,8% Casualties,9% Casualties,10% Casualties,10% Casualties,11% Casualties,5% Casualties,6% Casualties,7% Casualties,8% Casualties,9% Casualties,10% Casualties,10% Casualties,11% Casualties,12% Casualties,5% Casualties,6% Casualties,7% Casualties,8% Casualties,10% Casualties,11% Casualties,11% Casualties,13% Casualties,13% Casualties,6% Casualties,7% Casualties,8% Casualties,10% Casualties,11% Casualties,12% Casualties,13% Casualties,14% Casualties,15% Casualties,6% Casualties,8% Casualties,9% Casualties,10% Casualties,12% Casualties,13% Casualties,14% Casualties,15% Casualties,16% Casualties,6% Casualties,8% Casualties,9% Casualties,11% Casualties,12% Casualties,13% Casualties,14% Casualties,15% Casualties,16% Casualties,6% Casualties,8% Casualties,9% Casualties,11% Casualties,12% Casualties,13% Casualties,14% Casualties,15% Casualties,16% Casualties,6% Casualties,8% Casualties,9% Casualties,11% Casualties,12% Casualties,13% Casualties,14% Casualties,15% Casualties,16% Casualties,7% Casualties,8% Casualties,10% Casualties,12% Casualties,13% Casualties,14% Casualties,15% Casualties,16% Casualties,17% Casualties,7% Casualties,9% Casualties,10% Casualties,11% Casualties,13% Casualties,14% Casualties,15% Casualties,16% Casualties,17% Casualties,7% Casualties,9% Casualties,10% Casualties,11% Casualties,13% Casualties,14% Casualties,15% Casualties,16% Casualties,17% Casualties,7% Casualties,8% Casualties,10% Casualties,11% Casualties,13% Casualties,14% Casualties,15% Casualties,17% Casualties,17% Casualties,7% Casualties,9% Casualties,10% Casualties,12% Casualties,14% Casualties,15% Casualties,16% Casualties,17% Casualties,17% Casualties,7% Casualties,9% Casualties,11% Casualties,12% Casualties,13% Casualties,14% Casualties,16% Casualties,16% Casualties,18% Casualties,7% Casualties,9% Casualties,10% Casualties,12% Casualties,13% Casualties,14% Casualties,16% Casualties,17% Casualties,17% Casualties,7% Casualties,9% Casualties,11% Casualties,12% Casualties,13% Casualties,15% Casualties,16% Casualties,17% Casualties,18% Casualties,8% Casualties,9% Casualties,11% Casualties,12% Casualties,14% Casualties,15% Casualties,16% Casualties,17% Casualties,18% Casualties,7% Casualties,9% Casualties,10% Casualties,12% Casualties,13% Casualties,14% Casualties,15% Casualties,16% Casualties,17% Casualties,7% Casualties,9% Casualties,10% Casualties,12% Casualties,13% Casualties,14% Casualties,15% Casualties,16% Casualties,17% Casualties,7% Casualties,9% Casualties,10% Casualties,12% Casualties,13% Casualties,14% Casualties,15% Casualties,16% Casualties,17% Casualties,7% Casualties,9% Casualties,10% Casualties,12% Casualties,13% Casualties,14% Casualties,15% Casualties,16% Casualties,17% Casualties,8% Casualties,9% Casualties,11% Casualties,12% Casualties,13% Casualties,15% Casualties,15% Casualties,17% Casualties,17% Casualties,8% Casualties,9% Casualties,11% Casualties,12% Casualties,13% Casualties,15% Casualties,16% Casualties,16% Casualties,17% Casualties
55 CV // 20 RT,2% Casualties,2% Casualties,3% Casualties,3% Casualties,4% Casualties,4% Casualties,5% Casualties,5% Casualties,6% Casualties,3% Casualties,4% Casualties,5% Casualties,6% Casualties,7% Casualties,8% Casualties,8% Casualties,9% Casualties,10% Casualties,4% Casualties,5% Casualties,6% Casualties,7% Casualties,9% Casualties,10% Casualties,11% Casualties,11% Casualties,12% Casualties,5% Casualties,6% Casualties,7% Casualties,8% Casualties,10% Casualties,11% Casualties,12% Casualties,13% Casualties,14% Casualties,6% Casualties,7% Casualties,8% Casualties,10% Casualties,11% Casualties,12% Casualties,13% Casualties,14% Casualties,15% Casualties,6% Casualties,8% Casualties,9% Casualties,11% Casualties,12% Casualties,13% Casualties,15% Casualties,16% Casualties,17% Casualties,7% Casualties,9% Casualties,10% Casualties,12% Casualties,14% Casualties,15% Casualties,16% Casualties,18% Casualties,19% Casualties,7% Casualties,9% Casualties,10% Casualties,12% Casualties,14% Casualties,15% Casualties,16% Casualties,17% Casualties,19% Casualties,7% Casualties,9% Casualties,10% Casualties,12% Casualties,14% Casualties,15% Casualties,16% Casualties,17% Casualties,19% Casualties,7% Casualties,9% Casualties,10% Casualties,12% Casualties,13% Casualties,15% Casualties,16% Casualties,17% Casualties,19% Casualties,8% Casualties,9% Casualties,11% Casualties,13% Casualties,15% Casualties,16% Casualties,18% Casualties,19% Casualties,20% Casualties,8% Casualties,9% Casualties,11% Casualties,13% Casualties,15% Casualties,16% Casualties,18% Casualties,19% Casualties,20% Casualties,8% Casualties,10% Casualties,11% Casualties,13% Casualties,14% Casualties,17% Casualties,18% Casualties,19% Casualties,20% Casualties,8% Casualties,9% Casualties,11% Casualties,13% Casualties,15% Casualties,16% Casualties,18% Casualties,19% Casualties,21% Casualties,8% Casualties,10% Casualties,12% Casualties,14% Casualties,15% Casualties,17% Casualties,18% Casualties,20% Casualties,21% Casualties,8% Casualties,10% Casualties,12% Casualties,14% Casualties,16% Casualties,17% Casualties,19% Casualties,20% Casualties,21% Casualties,8% Casualties,10% Casualties,12% Casualties,14% Casualties,15% Casualties,17% Casualties,19% Casualties,20% Casualties,21% Casualties,8% Casualties,10% Casualties,12% Casualties,14% Casualties,16% Casualties,17% Casualties,18% Casualties,20% Casualties,21% Casualties,9% Casualties,11% Casualties,13% Casualties,14% Casualties,16% Casualties,18% Casualties,19% Casualties,20% Casualties,21% Casualties,8% Casualties,10% Casualties,12% Casualties,14% Casualties,16% Casualties,17% Casualties,19% Casualties,20% Casualties,21% Casualties,8% Casualties,10% Casualties,12% Casualties,14% Casualties,16% Casualties,17% Casualties,18% Casualties,19% Casualties,21% Casualties,8% Casualties,10% Casualties,12% Casualties,14% Casualties,15% Casualties,17% Casualties,18% Casualties,19% Casualties,21% Casualties,8% Casualties,10% Casualties,12% Casualties,14% Casualties,16% Casualties,17% Casualties,18% Casualties,20% Casualties,21% Casualties,9% Casualties,11% Casualties,13% Casualties,14% Casualties,16% Casualties,18% Casualties,19% Casualties,20% Casualties,21% Casualties,9% Casualties,11% Casualties,13% Casualties,14% Casualties,16% Casualties,18% Casualties,19% Casualties,20% Casualties,21% Casualties
55 CV // 10 RT,2% Casualties,2% Casualties,3% Casualties,3% Casualties,4% Casualties,5% Casualties,5% Casualties,6% Casualties,6% Casualties,4% Casualties,4% Casualties,5% Casualties,6% Casualties,7% Casualties,8% Casualties,9% Casualties,10% Casualties,11% Casualties,5% Casualties,6% Casualties,7% Casualties,8% Casualties,9% Casualties,11% Casualties,12% Casualties,13% Casualties,14% Casualties,5% Casualties,7% Casualties,8% Casualties,9% Casualties,11% Casualties,12% Casualties,13% Casualties,15% Casualties,16% Casualties,6% Casualties,7% Casualties,9% Casualties,11% Casualties,12% Casualties,14% Casualties,15% Casualties,17% Casualties,18% Casualties,7% Casualties,8% Casualties,10% Casualties,12% Casualties,14% Casualties,16% Casualties,17% Casualties,19% Casualties,20% Casualties,8% Casualties,10% Casualties,12% Casualties,14% Casualties,15% Casualties,17% Casualties,19% Casualties,21% Casualties,22% Casualties,8% Casualties,9% Casualties,12% Casualties,13% Casualties,15% Casualties,17% Casualties,19% Casualties,21% Casualties,22% Casualties,8% Casualties,9% Casualties,12% Casualties,14% Casualties,15% Casualties,17% Casualties,19% Casualties,21% Casualties,22% Casualties,8% Casualties,9% Casualties,12% Casualties,13% Casualties,16% Casualties,17% Casualties,19% Casualties,21% Casualties,22% Casualties,8% Casualties,11% Casualties,13% Casualties,15% Casualties,17% Casualties,20% Casualties,21% Casualties,23% Casualties,25% Casualties,9% Casualties,10% Casualties,13% Casualties,15% Casualties,17% Casualties,19% Casualties,21% Casualties,23% Casualties,24% Casualties,9% Casualties,11% Casualties,13% Casualties,15% Casualties,17% Casualties,19% Casualties,21% Casualties,23% Casualties,25% Casualties,8% Casualties,10% Casualties,13% Casualties,15% Casualties,17% Casualties,19% Casualties,21% Casualties,23% Casualties,25% Casualties,9% Casualties,11% Casualties,14% Casualties,16% Casualties,18% Casualties,20% Casualties,22% Casualties,24% Casualties,25% Casualties,9% Casualties,11% Casualties,14% Casualties,16% Casualties,18% Casualties,20% Casualties,22% Casualties,24% Casualties,26% Casualties,9% Casualties,11% Casualties,13% Casualties,16% Casualties,18% Casualties,20% Casualties,22% Casualties,24% Casualties,26% Casualties,9% Casualties,11% Casualties,14% Casualties,16% Casualties,18% Casualties,20% Casualties,22% Casualties,24% Casualties,25% Casualties,9% Casualties,12% Casualties,14% Casualties,17% Casualties,19% Casualties,21% Casualties,23% Casualties,25% Casualties,27% Casualties,9% Casualties,12% Casualties,14% Casualties,16% Casualties,19% Casualties,21% Casualties,22% Casualties,25% Casualties,26% Casualties,9% Casualties,12% Casualties,14% Casualties,17% Casualties,19% Casualties,20% Casualties,23% Casualties,24% Casualties,26% Casualties,9% Casualties,12% Casualties,14% Casualties,16% Casualties,19% Casualties,20% Casualties,22% Casualties,24% Casualties,26% Casualties,9% Casualties,12% Casualties,15% Casualties,16% Casualties,18% Casualties,21% Casualties,23% Casualties,24% Casualties,26% Casualties,10% Casualties,12% Casualties,15% Casualties,17% Casualties,19% Casualties,22% Casualties,24% Casualties,26% Casualties,27% Casualties,10% Casualties,12% Casualties,15% Casualties,17% Casualties,20% Casualties,22% Casualties,24% Casualties,25% Casualties,27% Casualties
55 CV // 0 RT,2% Casualties,2% Casualties,3% Casualties,4% Casualties,4% Casualties,5% Casualties,6% Casualties,6% Casualties,7% Casualties,4% Casualties,5% Casualties,6% Casualties,7% Casualties,8% Casualties,9% Casualties,10% Casualties,11% Casualties,13% Casualties,5% Casualties,6% Casualties,8% Casualties,9% Casualties,11% Casualties,12% Casualties,14% Casualties,15% Casualties,17% Casualties,6% Casualties,7% Casualties,9% Casualties,10% Casualties,12% Casualties,14% Casualties,16% Casualties,17% Casualties,19% Casualties,6% Casualties,8% Casualties,10% Casualties,12% Casualties,14% Casualties,16% Casualties,18% Casualties,19% Casualties,21% Casualties,7% Casualties,9% Casualties,11% Casualties,14% Casualties,16% Casualties,18% Casualties,20% Casualties,22% Casualties,24% Casualties,8% Casualties,10% Casualties,13% Casualties,16% Casualties,18% Casualties,20% Casualties,23% Casualties,24% Casualties,27% Casualties,8% Casualties,11% Casualties,13% Casualties,15% Casualties,18% Casualties,20% Casualties,22% Casualties,24% Casualties,26% Casualties,8% Casualties,11% Casualties,13% Casualties,15% Casualties,18% Casualties,20% Casualties,23% Casualties,25% Casualties,27% Casualties,8% Casualties,10% Casualties,13% Casualties,16% Casualties,18% Casualties,20% Casualties,22% Casualties,25% Casualties,27% Casualties,9% Casualties,12% Casualties,14% Casualties,17% Casualties,20% Casualties,22% Casualties,25% Casualties,27% Casualties,30% Casualties,9% Casualties,12% Casualties,15% Casualties,17% Casualties,20% Casualties,22% Casualties,25% Casualties,27% Casualties,29% Casualties,10% Casualties,12% Casualties,15% Casualties,17% Casualties,20% Casualties,22% Casualties,25% Casualties,27% Casualties,30% Casualties,9% Casualties,12% Casualties,15% Casualties,17% Casualties,20% Casualties,22% Casualties,25% Casualties,27% Casualties,29% Casualties,10% Casualties,13% Casualties,15% Casualties,18% Casualties,21% Casualties,23% Casualties,26% Casualties,29% Casualties,31% Casualties,10% Casualties,13% Casualties,16% Casualties,19% Casualties,21% Casualties,24% Casualties,26% Casualties,29% Casualties,31% Casualties,10% Casualties,13% Casualties,15% Casualties,18% Casualties,21% Casualties,24% Casualties,26% Casualties,29% Casualties,31% Casualties,10% Casualties,13% Casualties,16% Casualties,18% Casualties,21% Casualties,24% Casualties,26% Casualties,28% Casualties,31% Casualties,11% Casualties,14% Casualties,17% Casualties,20% Casualties,22% Casualties,25% Casualties,27% Casualties,30% Casualties,32% Casualties,11% Casualties,14% Casualties,16% Casualties,19% Casualties,23% Casualties,25% Casualties,28% Casualties,30% Casualties,32% Casualties,11% Casualties,13% Casualties,17% Casualties,19% Casualties,23% Casualties,26% Casualties,27% Casualties,30% Casualties,32% Casualties,11% Casualties,14% Casualties,17% Casualties,20% Casualties,23% Casualties,25% Casualties,28% Casualties,30% Casualties,32% Casualties,11% Casualties,14% Casualties,17% Casualties,20% Casualties,23% Casualties,25% Casualties,28% Casualties,30% Casualties,32% Casualties,11% Casualties,14% Casualties,18% Casualties,21% Casualties,24% Casualties,27% Casualties,29% Casualties,31% Casualties,34% Casualties,12% Casualties,15% Casualties,18% Casualties,21% Casualties,24% Casualties,26% Casualties,29% Casualties,32% Casualties,34% Casualties
60 CV // 80 RT,2% Casualties,2% Casualties,2% Casualties,3% Casualties,3% Casualties,3% Casualties,4% Casualties,4% Casualties,4% Casualties,3% Casualties,3% Casualties,3% Casualties,4% Casualties,4% Casualties,5% Casualties,5% Casualties,5% Casualties,5% Casualties,4% Casualties,4% Casualties,5% Casualties,5% Casualties,6% Casualties,6% Casualties,6% Casualties,6% Casualties,7% Casualties,4% Casualties,5% Casualties,5% Casualties,5% Casualties,6% Casualties,6% Casualties,7% Casualties,7% Casualties,7% Casualties,4% Casualties,5% Casualties,6% Casualties,6% Casualties,7% Casualties,7% Casualties,7% Casualties,8% Casualties,8% Casualties,5% Casualties,5% Casualties,6% Casualties,6% Casualties,7% Casualties,7% Casualties,8% Casualties,8% Casualties,8% Casualties,5% Casualties,5% Casualties,6% Casualties,7% Casualties,7% Casualties,7% Casualties,8% Casualties,8% Casualties,8% Casualties,5% Casualties,6% Casualties,6% Casualties,7% Casualties,7% Casualties,8% Casualties,8% Casualties,9% Casualties,9% Casualties,5% Casualties,6% Casualties,6% Casualties,7% Casualties,8% Casualties,8% Casualties,8% Casualties,9% Casualties,9% Casualties,5% Casualties,6% Casualties,6% Casualties,7% Casualties,8% Casualties,8% Casualties,8% Casualties,9% Casualties,9% Casualties,5% Casualties,6% Casualties,7% Casualties,7% Casualties,8% Casualties,8% Casualties,8% Casualties,9% Casualties,9% Casualties,5% Casualties,6% Casualties,7% Casualties,7% Casualties,8% Casualties,8% Casualties,9% Casualties,9% Casualties,9% Casualties,5% Casualties,6% Casualties,7% Casualties,7% Casualties,8% Casualties,8% Casualties,9% Casualties,9% Casualties,9% Casualties,5% Casualties,6% Casualties,7% Casualties,7% Casualties,8% Casualties,9% Casualties,9% Casualties,9% Casualties,9% Casualties,5% Casualties,6% Casualties,7% Casualties,7% Casualties,8% Casualties,8% Casualties,9% Casualties,9% Casualties,9% Casualties,6% Casualties,6% Casualties,7% Casualties,8% Casualties,8% Casualties,8% Casualties,9% Casualties,9% Casualties,9% Casualties,5% Casualties,6% Casualties,7% Casualties,7% Casualties,8% Casualties,8% Casualties,9% Casualties,9% Casualties,9% Casualties,5% Casualties,6% Casualties,7% Casualties,7% Casualties,8% Casualties,8% Casualties,9% Casualties,9% Casualties,9% Casualties,5% Casualties,6% Casualties,7% Casualties,7% Casualties,8% Casualties,8% Casualties,9% Casualties,9% Casualties,9% Casualties,4% Casualties,5% Casualties,6% Casualties,6% Casualties,6% Casualties,7% Casualties,7% Casualties,7% Casualties,7% Casualties,5% Casualties,5% Casualties,6% Casualties,6% Casualties,6% Casualties,7% Casualties,7% Casualties,7% Casualties,7% Casualties,4% Casualties,5% Casualties,6% Casualties,6% Casualties,6% Casualties,7% Casualties,7% Casualties,7% Casualties,7% Casualties,4% Casualties,5% Casualties,6% Casualties,6% Casualties,6% Casualties,7% Casualties,7% Casualties,7% Casualties,7% Casualties,4% Casualties,5% Casualties,6% Casualties,6% Casualties,6% Casualties,7% Casualties,7% Casualties,7% Casualties,7% Casualties,4% Casualties,5% Casualties,6% Casualties,6% Casualties,6% Casualties,7% Casualties,7% Casualties,7% Casualties,7% Casualties
60 CV // 70 RT,2% Casualties,2% Casualties,2% Casualties,3% Casualties,3% Casualties,4% Casualties,4% Casualties,4% Casualties,4% Casualties,3% Casualties,3% Casualties,4% Casualties,4% Casualties,4% Casualties,5% Casualties,5% Casualties,5% Casualties,6% Casualties,4% Casualties,4% Casualties,5% Casualties,5% Casualties,6% Casualties,6% Casualties,7% Casualties,7% Casualties,8% Casualties,4% Casualties,5% Casualties,5% Casualties,6% Casualties,6% Casualties,7% Casualties,7% Casualties,8% Casualties,8% Casualties,4% Casualties,5% Casualties,6% Casualties,6% Casualties,7% Casualties,7% Casualties,8% Casualties,8% Casualties,9% Casualties,5% Casualties,6% Casualties,6% Casualties,7% Casualties,8% Casualties,8% Casualties,9% Casualties,9% Casualties,9% Casualties,5% Casualties,6% Casualties,6% Casualties,7% Casualties,7% Casualties,8% Casualties,8% Casualties,9% Casualties,9% Casualties,5% Casualties,6% Casualties,7% Casualties,8% Casualties,8% Casualties,9% Casualties,9% Casualties,10% Casualties,10% Casualties,5% Casualties,6% Casualties,7% Casualties,8% Casualties,8% Casualties,9% Casualties,9% Casualties,9% Casualties,10% Casualties,5% Casualties,6% Casualties,7% Casualties,8% Casualties,8% Casualties,9% Casualties,9% Casualties,9% Casualties,10% Casualties,5% Casualties,6% Casualties,7% Casualties,8% Casualties,8% Casualties,9% Casualties,9% Casualties,9% Casualties,10% Casualties,5% Casualties,6% Casualties,7% Casualties,8% Casualties,9% Casualties,9% Casualties,10% Casualties,10% Casualties,10% Casualties,6% Casualties,6% Casualties,7% Casualties,8% Casualties,9% Casualties,9% Casualties,10% Casualties,10% Casualties,10% Casualties,6% Casualties,6% Casualties,7% Casualties,8% Casualties,9% Casualties,9% Casualties,10% Casualties,10% Casualties,10% Casualties,6% Casualties,6% Casualties,7% Casualties,8% Casualties,9% Casualties,9% Casualties,10% Casualties,10% Casualties,10% Casualties,6% Casualties,7% Casualties,7% Casualties,8% Casualties,9% Casualties,9% Casualties,10% Casualties,10% Casualties,10% Casualties,6% Casualties,7% Casualties,7% Casualties,8% Casualties,9% Casualties,9% Casualties,10% Casualties,10% Casualties,10% Casualties,6% Casualties,7% Casualties,7% Casualties,8% Casualties,9% Casualties,9% Casualties,10% Casualties,10% Casualties,10% Casualties,6% Casualties,7% Casualties,7% Casualties,8% Casualties,9% Casualties,9% Casualties,10% Casualties,10% Casualties,10% Casualties,5% Casualties,5% Casualties,6% Casualties,7% Casualties,7% Casualties,8% Casualties,8% Casualties,8% Casualties,8% Casualties,5% Casualties,6% Casualties,6% Casualties,7% Casualties,7% Casualties,8% Casualties,8% Casualties,8% Casualties,9% Casualties,5% Casualties,6% Casualties,6% Casualties,7% Casualties,7% Casualties,8% Casualties,8% Casualties,8% Casualties,8% Casualties,5% Casualties,6% Casualties,6% Casualties,7% Casualties,7% Casualties,8% Casualties,8% Casualties,8% Casualties,9% Casualties,5% Casualties,6% Casualties,6% Casualties,7% Casualties,7% Casualties,8% Casualties,8% Casualties,8% Casualties,9% Casualties,5% Casualties,6% Casualties,6% Casualties,7% Casualties,7% Casualties,8% Casualties,8% Casualties,8% Casualties,8% Casualties
60 CV // 60 RT,2% Casualties,2% Casualties,3% Casualties,3% Casualties,3% Casualties,4% Casualties,4% Casualties,4% Casualties,5% Casualties,3% Casualties,3% Casualties,4% Casualties,4% Casualties,5% Casualties,5% Casualties,5% Casualties,6% Casualties,6% Casualties,4% Casualties,4% Casualties,5% Casualties,6% Casualties,6% Casualties,7% Casualties,7% Casualties,8% Casualties,8% Casualties,4% Casualties,5% Casualties,6% Casualties,6% Casualties,7% Casualties,7% Casualties,8% Casualties,8% Casualties,9% Casualties,4% Casualties,5% Casualties,6% Casualties,7% Casualties,7% Casualties,8% Casualties,9% Casualties,9% Casualties,9% Casualties,5% Casualties,6% Casualties,7% Casualties,7% Casualties,8% Casualties,9% Casualties,9% Casualties,10% Casualties,10% Casualties,5% Casualties,6% Casualties,7% Casualties,7% Casualties,8% Casualties,9% Casualties,9% Casualties,10% Casualties,10% Casualties,5% Casualties,6% Casualties,7% Casualties,8% Casualties,9% Casualties,10% Casualties,10% Casualties,11% Casualties,11% Casualties,5% Casualties,6% Casualties,7% Casualties,8% Casualties,9% Casualties,10% Casualties,10% Casualties,11% Casualties,11% Casualties,5% Casualties,6% Casualties,7% Casualties,8% Casualties,9% Casualties,9% Casualties,10% Casualties,11% Casualties,11% Casualties,5% Casualties,6% Casualties,7% Casualties,8% Casualties,9% Casualties,9% Casualties,10% Casualties,11% Casualties,11% Casualties,6% Casualties,7% Casualties,8% Casualties,9% Casualties,9% Casualties,10% Casualties,11% Casualties,11% Casualties,12% Casualties,6% Casualties,7% Casualties,8% Casualties,9% Casualties,9% Casualties,10% Casualties,11% Casualties,11% Casualties,12% Casualties,6% Casualties,7% Casualties,8% Casualties,9% Casualties,9% Casualties,10% Casualties,11% Casualties,11% Casualties,12% Casualties,6% Casualties,7% Casualties,8% Casualties,9% Casualties,9% Casualties,10% Casualties,11% Casualties,11% Casualties,11% Casualties,6% Casualties,7% Casualties,8% Casualties,9% Casualties,10% Casualties,10% Casualties,11% Casualties,11% Casualties,12% Casualties,6% Casualties,7% Casualties,8% Casualties,9% Casualties,9% Casualties,10% Casualties,11% Casualties,11% Casualties,12% Casualties,6% Casualties,7% Casualties,8% Casualties,9% Casualties,10% Casualties,10% Casualties,11% Casualties,11% Casualties,12% Casualties,6% Casualties,7% Casualties,8% Casualties,9% Casualties,10% Casualties,10% Casualties,11% Casualties,11% Casualties,11% Casualties,5% Casualties,6% Casualties,7% Casualties,8% Casualties,8% Casualties,9% Casualties,9% Casualties,10% Casualties,10% Casualties,5% Casualties,6% Casualties,7% Casualties,8% Casualties,8% Casualties,9% Casualties,9% Casualties,10% Casualties,10% Casualties,5% Casualties,6% Casualties,7% Casualties,8% Casualties,8% Casualties,9% Casualties,9% Casualties,10% Casualties,10% Casualties,5% Casualties,6% Casualties,7% Casualties,8% Casualties,8% Casualties,9% Casualties,9% Casualties,10% Casualties,10% Casualties,5% Casualties,6% Casualties,7% Casualties,8% Casualties,8% Casualties,9% Casualties,9% Casualties,10% Casualties,10% Casualties,5% Casualties,6% Casualties,7% Casualties,8% Casualties,8% Casualties,9% Casualties,9% Casualties,9% Casualties,10% Casualties
60 CV // 50 RT,2% Casualties,2% Casualties,2% Casualties,3% Casualties,3% Casualties,4% Casualties,4% Casualties,5% Casualties,5% Casualties,3% Casualties,3% Casualties,4% Casualties,4% Casualties,5% Casualties,5% Casualties,6% Casualties,6% Casualties,7% Casualties,4% Casualties,5% Casualties,5% Casualties,6% Casualties,7% Casualties,7% Casualties,8% Casualties,8% Casualties,9% Casualties,4% Casualties,5% Casualties,6% Casualties,7% Casualties,7% Casualties,8% Casualties,9% Casualties,9% Casualties,10% Casualties,5% Casualties,6% Casualties,6% Casualties,7% Casualties,8% Casualties,9% Casualties,9% Casualties,10% Casualties,11% Casualties,5% Casualties,6% Casualties,7% Casualties,8% Casualties,9% Casualties,9% Casualties,10% Casualties,11% Casualties,11% Casualties,5% Casualties,6% Casualties,7% Casualties,8% Casualties,9% Casualties,10% Casualties,10% Casualties,11% Casualties,11% Casualties,6% Casualties,7% Casualties,8% Casualties,9% Casualties,10% Casualties,10% Casualties,11% Casualties,12% Casualties,12% Casualties,6% Casualties,7% Casualties,8% Casualties,9% Casualties,10% Casualties,10% Casualties,11% Casualties,12% Casualties,12% Casualties,6% Casualties,7% Casualties,8% Casualties,9% Casualties,10% Casualties,10% Casualties,11% Casualties,12% Casualties,12% Casualties,6% Casualties,7% Casualties,8% Casualties,9% Casualties,10% Casualties,10% Casualties,11% Casualties,12% Casualties,12% Casualties,6% Casualties,7% Casualties,8% Casualties,9% Casualties,10% Casualties,11% Casualties,12% Casualties,12% Casualties,13% Casualties,6% Casualties,7% Casualties,8% Casualties,9% Casualties,10% Casualties,11% Casualties,12% Casualties,12% Casualties,13% Casualties,6% Casualties,7% Casualties,8% Casualties,9% Casualties,10% Casualties,11% Casualties,12% Casualties,12% Casualties,13% Casualties,6% Casualties,7% Casualties,8% Casualties,9% Casualties,10% Casualties,11% Casualties,12% Casualties,12% Casualties,13% Casualties,6% Casualties,7% Casualties,9% Casualties,10% Casualties,11% Casualties,11% Casualties,12% Casualties,13% Casualties,13% Casualties,6% Casualties,8% Casualties,9% Casualties,10% Casualties,11% Casualties,11% Casualties,12% Casualties,13% Casualties,13% Casualties,6% Casualties,7% Casualties,9% Casualties,10% Casualties,10% Casualties,11% Casualties,12% Casualties,13% Casualties,13% Casualties,6% Casualties,7% Casualties,9% Casualties,9% Casualties,11% Casualties,11% Casualties,12% Casualties,12% Casualties,13% Casualties,6% Casualties,7% Casualties,8% Casualties,9% Casualties,9% Casualties,10% Casualties,11% Casualties,11% Casualties,11% Casualties,6% Casualties,7% Casualties,8% Casualties,9% Casualties,10% Casualties,10% Casualties,11% Casualties,11% Casualties,12% Casualties,6% Casualties,7% Casualties,8% Casualties,9% Casualties,10% Casualties,10% Casualties,11% Casualties,11% Casualties,12% Casualties,6% Casualties,7% Casualties,8% Casualties,9% Casualties,9% Casualties,10% Casualties,11% Casualties,11% Casualties,12% Casualties,6% Casualties,7% Casualties,8% Casualties,9% Casualties,9% Casualties,10% Casualties,11% Casualties,11% Casualties,12% Casualties,6% Casualties,7% Casualties,8% Casualties,9% Casualties,9% Casualties,10% Casualties,11% Casualties,11% Casualties,12% Casualties
60 CV // 40 RT,2% Casualties,2% Casualties,3% Casualties,3% Casualties,3% Casualties,4% Casualties,4% Casualties,5% Casualties,5% Casualties,3% Casualties,3% Casualties,4% Casualties,4% Casualties,5% Casualties,6% Casualties,6% Casualties,7% Casualties,7% Casualties,4% Casualties,5% Casualties,6% Casualties,6% Casualties,7% Casualties,8% Casualties,9% Casualties,9% Casualties,10% Casualties,4% Casualties,5% Casualties,6% Casualties,7% Casualties,8% Casualties,9% Casualties,9% Casualties,10% Casualties,11% Casualties,5% Casualties,6% Casualties,7% Casualties,8% Casualties,9% Casualties,9% Casualties,11% Casualties,11% Casualties,12% Casualties,5% Casualties,7% Casualties,7% Casualties,9% Casualties,10% Casualties,10% Casualties,11% Casualties,12% Casualties,13% Casualties,5% Casualties,6% Casualties,7% Casualties,9% Casualties,10% Casualties,10% Casualties,11% Casualties,12% Casualties,13% Casualties,6% Casualties,7% Casualties,8% Casualties,9% Casualties,11% Casualties,11% Casualties,12% Casualties,13% Casualties,14% Casualties,6% Casualties,7% Casualties,8% Casualties,9% Casualties,10% Casualties,11% Casualties,12% Casualties,13% Casualties,14% Casualties,6% Casualties,7% Casualties,8% Casualties,9% Casualties,11% Casualties,11% Casualties,12% Casualties,13% Casualties,14% Casualties,6% Casualties,7% Casualties,8% Casualties,9% Casualties,10% Casualties,12% Casualties,12% Casualties,13% Casualties,14% Casualties,6% Casualties,8% Casualties,9% Casualties,10% Casualties,11% Casualties,12% Casualties,13% Casualties,14% Casualties,15% Casualties,7% Casualties,8% Casualties,9% Casualties,10% Casualties,11% Casualties,12% Casualties,13% Casualties,14% Casualties,15% Casualties,7% Casualties,8% Casualties,9% Casualties,10% Casualties,11% Casualties,12% Casualties,13% Casualties,14% Casualties,15% Casualties,7% Casualties,8% Casualties,9% Casualties,10% Casualties,11% Casualties,12% Casualties,13% Casualties,14% Casualties,15% Casualties,7% Casualties,8% Casualties,9% Casualties,11% Casualties,12% Casualties,13% Casualties,13% Casualties,15% Casualties,15% Casualties,7% Casualties,8% Casualties,10% Casualties,11% Casualties,12% Casualties,13% Casualties,14% Casualties,15% Casualties,15% Casualties,7% Casualties,8% Casualties,9% Casualties,11% Casualties,12% Casualties,13% Casualties,13% Casualties,14% Casualties,15% Casualties,7% Casualties,8% Casualties,9% Casualties,11% Casualties,12% Casualties,13% Casualties,14% Casualties,14% Casualties,15% Casualties,6% Casualties,7% Casualties,9% Casualties,10% Casualties,11% Casualties,12% Casualties,12% Casualties,13% Casualties,14% Casualties,7% Casualties,8% Casualties,9% Casualties,10% Casualties,11% Casualties,12% Casualties,12% Casualties,13% Casualties,14% Casualties,6% Casualties,8% Casualties,9% Casualties,10% Casualties,11% Casualties,12% Casualties,12% Casualties,13% Casualties,14% Casualties,7% Casualties,8% Casualties,9% Casualties,10% Casualties,11% Casualties,12% Casualties,13% Casualties,13% Casualties,14% Casualties,7% Casualties,8% Casualties,9% Casualties,10% Casualties,11% Casualties,12% Casualties,12% Casualties,13% Casualties,14% Casualties,6% Casualties,8% Casualties,9% Casualties,10% Casualties,11% Casualties,12% Casualties,13% Casualties,13% Casualties,14% Casualties
60 CV // 30 RT,2% Casualties,2% Casualties,3% Casualties,3% Casualties,4% Casualties,4% Casualties,4% Casualties,5% Casualties,5% Casualties,3% Casualties,4% Casualties,4% Casualties,5% Casualties,5% Casualties,6% Casualties,7% Casualties,7% Casualties,8% Casualties,4% Casualties,5% Casualties,6% Casualties,7% Casualties,8% Casualties,9% Casualties,10% Casualties,10% Casualties,11% Casualties,5% Casualties,6% Casualties,7% Casualties,8% Casualties,9% Casualties,10% Casualties,10% Casualties,11% Casualties,12% Casualties,5% Casualties,6% Casualties,7% Casualties,9% Casualties,10% Casualties,11% Casualties,12% Casualties,12% Casualties,13% Casualties,6% Casualties,7% Casualties,8% Casualties,9% Casualties,11% Casualties,12% Casualties,13% Casualties,14% Casualties,15% Casualties,6% Casualties,7% Casualties,8% Casualties,10% Casualties,11% Casualties,12% Casualties,13% Casualties,14% Casualties,14% Casualties,7% Casualties,8% Casualties,9% Casualties,11% Casualties,12% Casualties,13% Casualties,14% Casualties,15% Casualties,16% Casualties,6% Casualties,8% Casualties,9% Casualties,11% Casualties,12% Casualties,13% Casualties,14% Casualties,15% Casualties,16% Casualties,7% Casualties,8% Casualties,9% Casualties,11% Casualties,12% Casualties,13% Casualties,14% Casualties,15% Casualties,16% Casualties,6% Casualties,8% Casualties,9% Casualties,11% Casualties,12% Casualties,13% Casualties,14% Casualties,15% Casualties,16% Casualties,7% Casualties,9% Casualties,10% Casualties,11% Casualties,13% Casualties,14% Casualties,15% Casualties,16% Casualties,17% Casualties,7% Casualties,8% Casualties,10% Casualties,11% Casualties,13% Casualties,14% Casualties,15% Casualties,16% Casualties,17% Casualties,7% Casualties,9% Casualties,10% Casualties,12% Casualties,13% Casualties,14% Casualties,16% Casualties,16% Casualties,17% Casualties,7% Casualties,8% Casualties,10% Casualties,11% Casualties,13% Casualties,14% Casualties,15% Casualties,16% Casualties,17% Casualties,7% Casualties,9% Casualties,10% Casualties,12% Casualties,13% Casualties,15% Casualties,16% Casualties,17% Casualties,18% Casualties,7% Casualties,9% Casualties,10% Casualties,12% Casualties,14% Casualties,15% Casualties,16% Casualties,17% Casualties,18% Casualties,7% Casualties,9% Casualties,10% Casualties,12% Casualties,13% Casualties,14% Casualties,16% Casualties,17% Casualties,18% Casualties,7% Casualties,9% Casualties,11% Casualties,12% Casualties,13% Casualties,15% Casualties,16% Casualties,17% Casualties,18% Casualties,7% Casualties,8% Casualties,10% Casualties,11% Casualties,12% Casualties,14% Casualties,15% Casualties,16% Casualties,16% Casualties,7% Casualties,9% Casualties,10% Casualties,12% Casualties,13% Casualties,14% Casualties,15% Casualties,16% Casualties,17% Casualties,7% Casualties,9% Casualties,10% Casualties,12% Casualties,13% Casualties,14% Casualties,15% Casualties,16% Casualties,17% Casualties,7% Casualties,9% Casualties,10% Casualties,12% Casualties,13% Casualties,14% Casualties,15% Casualties,16% Casualties,17% Casualties,7% Casualties,9% Casualties,10% Casualties,12% Casualties,13% Casualties,14% Casualties,15% Casualties,16% Casualties,17% Casualties,7% Casualties,9% Casualties,10% Casualties,12% Casualties,13% Casualties,14% Casualties,15% Casualties,16% Casualties,17% Casualties
60 CV // 20 RT,2% Casualties,2% Casualties,3% Casualties,3% Casualties,4% Casualties,4% Casualties,5% Casualties,5% Casualties,6% Casualties,3% Casualties,4% Casualties,4% Casualties,5% Casualties,6% Casualties,7% Casualties,7% Casualties,8% Casualties,9% Casualties,4% Casualties,5% Casualties,6% Casualties,8% Casualties,9% Casualties,10% Casualties,11% Casualties,12% Casualties,12% Casualties,5% Casualties,6% Casualties,7% Casualties,9% Casualties,10% Casualties,11% Casualties,12% Casualties,13% Casualties,14% Casualties,5% Casualties,7% Casualties,8% Casualties,9% Casualties,11% Casualties,12% Casualties,13% Casualties,14% Casualties,15% Casualties,6% Casualties,7% Casualties,9% Casualties,10% Casualties,12% Casualties,13% Casualties,15% Casualties,16% Casualties,17% Casualties,6% Casualties,8% Casualties,9% Casualties,11% Casualties,12% Casualties,14% Casualties,15% Casualties,16% Casualties,17% Casualties,7% Casualties,9% Casualties,11% Casualties,12% Casualties,13% Casualties,15% Casualties,16% Casualties,17% Casualties,19% Casualties,7% Casualties,9% Casualties,10% Casualties,12% Casualties,13% Casualties,15% Casualties,16% Casualties,17% Casualties,19% Casualties,7% Casualties,9% Casualties,10% Casualties,12% Casualties,14% Casualties,15% Casualties,16% Casualties,17% Casualties,19% Casualties,7% Casualties,9% Casualties,10% Casualties,12% Casualties,13% Casualties,15% Casualties,16% Casualties,17% Casualties,19% Casualties,8% Casualties,10% Casualties,11% Casualties,13% Casualties,15% Casualties,16% Casualties,18% Casualties,19% Casualties,20% Casualties,8% Casualties,9% Casualties,11% Casualties,13% Casualties,15% Casualties,16% Casualties,18% Casualties,19% Casualties,20% Casualties,8% Casualties,9% Casualties,11% Casualties,13% Casualties,15% Casualties,16% Casualties,18% Casualties,19% Casualties,20% Casualties,8% Casualties,10% Casualties,11% Casualties,13% Casualties,15% Casualties,16% Casualties,17% Casualties,19% Casualties,20% Casualties,8% Casualties,10% Casualties,12% Casualties,14% Casualties,15% Casualties,17% Casualties,18% Casualties,20% Casualties,21% Casualties,8% Casualties,10% Casualties,12% Casualties,14% Casualties,15% Casualties,17% Casualties,18% Casualties,20% Casualties,21% Casualties,8% Casualties,10% Casualties,12% Casualties,14% Casualties,16% Casualties,17% Casualties,19% Casualties,20% Casualties,21% Casualties,8% Casualties,10% Casualties,12% Casualties,14% Casualties,16% Casualties,17% Casualties,18% Casualties,20% Casualties,21% Casualties,8% Casualties,10% Casualties,12% Casualties,13% Casualties,15% Casualties,16% Casualties,18% Casualties,19% Casualties,20% Casualties,8% Casualties,10% Casualties,12% Casualties,14% Casualties,16% Casualties,17% Casualties,18% Casualties,20% Casualties,21% Casualties,8% Casualties,10% Casualties,12% Casualties,14% Casualties,15% Casualties,17% Casualties,18% Casualties,20% Casualties,21% Casualties,8% Casualties,10% Casualties,12% Casualties,14% Casualties,16% Casualties,17% Casualties,18% Casualties,20% Casualties,21% Casualties,8% Casualties,10% Casualties,12% Casualties,14% Casualties,15% Casualties,17% Casualties,18% Casualties,20% Casualties,21% Casualties,8% Casualties,10% Casualties,12% Casualties,14% Casualties,16% Casualties,17% Casualties,18% Casualties,20% Casualties,21% Casualties
60 CV // 10 RT,2% Casualties,2% Casualties,3% Casualties,3% Casualties,4% Casualties,4% Casualties,5% Casualties,5% Casualties,6% Casualties,3% Casualties,4% Casualties,5% Casualties,6% Casualties,6% Casualties,7% Casualties,8% Casualties,9% Casualties,10% Casualties,5% Casualties,6% Casualties,7% Casualties,8% Casualties,10% Casualties,11% Casualties,12% Casualties,13% Casualties,15% Casualties,5% Casualties,7% Casualties,8% Casualties,9% Casualties,11% Casualties,12% Casualties,14% Casualties,15% Casualties,16% Casualties,6% Casualties,7% Casualties,9% Casualties,11% Casualties,12% Casualties,14% Casualties,15% Casualties,17% Casualties,18% Casualties,7% Casualties,8% Casualties,10% Casualties,12% Casualties,14% Casualties,16% Casualties,17% Casualties,19% Casualties,20% Casualties,7% Casualties,8% Casualties,10% Casualties,12% Casualties,14% Casualties,15% Casualties,17% Casualties,19% Casualties,20% Casualties,8% Casualties,10% Casualties,11% Casualties,13% Casualties,15% Casualties,17% Casualties,19% Casualties,21% Casualties,23% Casualties,8% Casualties,10% Casualties,11% Casualties,13% Casualties,15% Casualties,17% Casualties,19% Casualties,20% Casualties,22% Casualties,8% Casualties,10% Casualties,11% Casualties,13% Casualties,15% Casualties,17% Casualties,19% Casualties,21% Casualties,22% Casualties,8% Casualties,10% Casualties,12% Casualties,13% Casualties,15% Casualties,17% Casualties,19% Casualties,21% Casualties,22% Casualties,8% Casualties,10% Casualties,13% Casualties,15% Casualties,17% Casualties,19% Casualties,21% Casualties,23% Casualties,24% Casualties,8% Casualties,10% Casualties,13% Casualties,15% Casualties,17% Casualties,19% Casualties,21% Casualties,23% Casualties,25% Casualties,8% Casualties,11% Casualties,13% Casualties,15% Casualties,17% Casualties,19% Casualties,21% Casualties,23% Casualties,24% Casualties,8% Casualties,11% Casualties,13% Casualties,15% Casualties,17% Casualties,19% Casualties,21% Casualties,23% Casualties,24% Casualties,9% Casualties,11% Casualties,14% Casualties,16% Casualties,18% Casualties,20% Casualties,22% Casualties,24% Casualties,25% Casualties,9% Casualties,11% Casualties,13% Casualties,16% Casualties,18% Casualties,20% Casualties,22% Casualties,23% Casualties,26% Casualties,9% Casualties,11% Casualties,14% Casualties,16% Casualties,18% Casualties,20% Casualties,22% Casualties,24% Casualties,25% Casualties,9% Casualties,11% Casualties,14% Casualties,16% Casualties,18% Casualties,20% Casualties,22% Casualties,24% Casualties,25% Casualties,9% Casualties,11% Casualties,13% Casualties,15% Casualties,18% Casualties,20% Casualties,22% Casualties,23% Casualties,25% Casualties,9% Casualties,12% Casualties,14% Casualties,16% Casualties,19% Casualties,21% Casualties,23% Casualties,24% Casualties,26% Casualties,10% Casualties,12% Casualties,14% Casualties,16% Casualties,19% Casualties,21% Casualties,23% Casualties,25% Casualties,26% Casualties,9% Casualties,12% Casualties,14% Casualties,17% Casualties,19% Casualties,21% Casualties,23% Casualties,24% Casualties,26% Casualties,9% Casualties,12% Casualties,14% Casualties,17% Casualties,19% Casualties,21% Casualties,23% Casualties,24% Casualties,26% Casualties,10% Casualties,12% Casualties,14% Casualties,17% Casualties,19% Casualties,21% Casualties,23% Casualties,24% Casualties,26% Casualties
60 CV // 0 RT,2% Casualties,2% Casualties,3% Casualties,3% Casualties,4% Casualties,4% Casualties,5% Casualties,6% Casualties,6% Casualties,3% Casualties,4% Casualties,5% Casualties,6% Casualties,7% Casualties,8% Casualties,9% Casualties,10% Casualties,11% Casualties,5% Casualties,6% Casualties,8% Casualties,9% Casualties,11% Casualties,12% Casualties,13% Casualties,15% Casualties,16% Casualties,6% Casualties,7% Casualties,9% Casualties,10% Casualties,12% Casualties,14% Casualties,15% Casualties,17% Casualties,19% Casualties,6% Casualties,8% Casualties,10% Casualties,12% Casualties,14% Casualties,16% Casualties,18% Casualties,19% Casualties,21% Casualties,7% Casualties,9% Casualties,11% Casualties,13% Casualties,16% Casualties,18% Casualties,20% Casualties,22% Casualties,23% Casualties,7% Casualties,9% Casualties,11% Casualties,14% Casualties,16% Casualties,18% Casualties,20% Casualties,22% Casualties,24% Casualties,8% Casualties,10% Casualties,13% Casualties,15% Casualties,18% Casualties,20% Casualties,22% Casualties,25% Casualties,27% Casualties,8% Casualties,11% Casualties,13% Casualties,15% Casualties,18% Casualties,20% Casualties,22% Casualties,25% Casualties,26% Casualties,8% Casualties,11% Casualties,13% Casualties,15% Casualties,18% Casualties,20% Casualties,23% Casualties,24% Casualties,27% Casualties,9% Casualties,11% Casualties,13% Casualties,15% Casualties,18% Casualties,21% Casualties,22% Casualties,24% Casualties,27% Casualties,9% Casualties,12% Casualties,15% Casualties,17% Casualties,20% Casualties,22% Casualties,25% Casualties,27% Casualties,29% Casualties,9% Casualties,12% Casualties,14% Casualties,17% Casualties,20% Casualties,22% Casualties,25% Casualties,27% Casualties,29% Casualties,9% Casualties,12% Casualties,15% Casualties,17% Casualties,20% Casualties,23% Casualties,25% Casualties,27% Casualties,30% Casualties,9% Casualties,12% Casualties,15% Casualties,17% Casualties,20% Casualties,23% Casualties,25% Casualties,27% Casualties,29% Casualties,10% Casualties,13% Casualties,16% Casualties,18% Casualties,22% Casualties,24% Casualties,26% Casualties,29% Casualties,31% Casualties,10% Casualties,13% Casualties,16% Casualties,18% Casualties,21% Casualties,24% Casualties,26% Casualties,29% Casualties,31% Casualties,10% Casualties,13% Casualties,15% Casualties,18% Casualties,21% Casualties,24% Casualties,26% Casualties,29% Casualties,31% Casualties,10% Casualties,13% Casualties,16% Casualties,19% Casualties,21% Casualties,24% Casualties,26% Casualties,29% Casualties,31% Casualties,10% Casualties,13% Casualties,16% Casualties,19% Casualties,21% Casualties,24% Casualties,26% Casualties,29% Casualties,31% Casualties,11% Casualties,14% Casualties,16% Casualties,20% Casualties,23% Casualties,25% Casualties,28% Casualties,30% Casualties,32% Casualties,11% Casualties,14% Casualties,17% Casualties,20% Casualties,23% Casualties,25% Casualties,28% Casualties,30% Casualties,32% Casualties,11% Casualties,13% Casualties,17% Casualties,20% Casualties,23% Casualties,25% Casualties,28% Casualties,30% Casualties,32% Casualties,11% Casualties,14% Casualties,17% Casualties,20% Casualties,23% Casualties,25% Casualties,28% Casualties,30% Casualties,32% Casualties,11% Casualties,14% Casualties,17% Casualties,20% Casualties,22% Casualties,25% Casualties,28% Casualties,30% Casualties,32% Casualties
65 CV // 80 RT,2% Casualties,2% Casualties,2% Casualties,3% Casualties,3% Casualties,3% Casualties,4% Casualties,4% Casualties,4% Casualties,3% Casualties,3% Casualties,3% Casualties,3% Casualties,4% Casualties,4% Casualties,4% Casualties,5% Casualties,5% Casualties,3% Casualties,4% Casualties,4% Casualties,5% Casualties,5% Casualties,5% Casualties,6% Casualties,6% Casualties,6% Casualties,4% Casualties,5% Casualties,5% Casualties,6% Casualties,6% Casualties,6% Casualties,7% Casualties,7% Casualties,7% Casualties,4% Casualties,5% Casualties,6% Casualties,6% Casualties,6% Casualties,7% Casualties,7% Casualties,8% Casualties,8% Casualties,4% Casualties,5% Casualties,5% Casualties,6% Casualties,7% Casualties,7% Casualties,7% Casualties,8% Casualties,8% Casualties,5% Casualties,5% Casualties,6% Casualties,7% Casualties,7% Casualties,7% Casualties,8% Casualties,8% Casualties,8% Casualties,5% Casualties,5% Casualties,6% Casualties,7% Casualties,7% Casualties,7% Casualties,8% Casualties,8% Casualties,8% Casualties,5% Casualties,6% Casualties,6% Casualties,7% Casualties,8% Casualties,8% Casualties,8% Casualties,9% Casualties,9% Casualties,5% Casualties,6% Casualties,7% Casualties,7% Casualties,8% Casualties,8% Casualties,8% Casualties,9% Casualties,9% Casualties,5% Casualties,6% Casualties,7% Casualties,7% Casualties,8% Casualties,8% Casualties,8% Casualties,9% Casualties,9% Casualties,5% Casualties,6% Casualties,6% Casualties,7% Casualties,8% Casualties,8% Casualties,8% Casualties,9% Casualties,9% Casualties,5% Casualties,6% Casualties,7% Casualties,7% Casualties,8% Casualties,8% Casualties,9% Casualties,9% Casualties,9% Casualties,5% Casualties,6% Casualties,7% Casualties,7% Casualties,8% Casualties,8% Casualties,9% Casualties,9% Casualties,9% Casualties,5% Casualties,6% Casualties,7% Casualties,7% Casualties,8% Casualties,8% Casualties,9% Casualties,9% Casualties,9% Casualties,5% Casualties,6% Casualties,7% Casualties,7% Casualties,8% Casualties,8% Casualties,9% Casualties,9% Casualties,9% Casualties,5% Casualties,6% Casualties,7% Casualties,7% Casualties,8% Casualties,8% Casualties,9% Casualties,9% Casualties,9% Casualties,6% Casualties,6% Casualties,7% Casualties,7% Casualties,8% Casualties,8% Casualties,9% Casualties,9% Casualties,9% Casualties,5% Casualties,6% Casualties,7% Casualties,8% Casualties,8% Casualties,8% Casualties,9% Casualties,9% Casualties,9% Casualties,4% Casualties,5% Casualties,5% Casualties,6% Casualties,6% Casualties,7% Casualties,7% Casualties,7% Casualties,7% Casualties,4% Casualties,5% Casualties,5% Casualties,6% Casualties,6% Casualties,7% Casualties,7% Casualties,7% Casualties,7% Casualties,4% Casualties,5% Casualties,5% Casualties,6% Casualties,6% Casualties,7% Casualties,7% Casualties,7% Casualties,7% Casualties,4% Casualties,5% Casualties,6% Casualties,6% Casualties,6% Casualties,7% Casualties,7% Casualties,7% Casualties,7% Casualties,4% Casualties,5% Casualties,5% Casualties,6% Casualties,6% Casualties,7% Casualties,7% Casualties,7% Casualties,7% Casualties,4% Casualties,5% Casualties,6% Casualties,6% Casualties,6% Casualties,7% Casualties,7% Casualties,7% Casualties,7% Casualties
65 CV // 70 RT,2% Casualties,2% Casualties,2% Casualties,3% Casualties,3% Casualties,3% Casualties,4% Casualties,4% Casualties,4% Casualties,3% Casualties,3% Casualties,3% Casualties,4% Casualties,4% Casualties,4% Casualties,5% Casualties,5% Casualties,5% Casualties,3% Casualties,4% Casualties,4% Casualties,5% Casualties,5% Casualties,6% Casualties,6% Casualties,7% Casualties,7% Casualties,4% Casualties,5% Casualties,5% Casualties,6% Casualties,7% Casualties,7% Casualties,7% Casualties,8% Casualties,8% Casualties,4% Casualties,5% Casualties,6% Casualties,6% Casualties,7% Casualties,7% Casualties,8% Casualties,8% Casualties,9% Casualties,4% Casualties,5% Casualties,6% Casualties,6% Casualties,7% Casualties,7% Casualties,8% Casualties,8% Casualties,9% Casualties,5% Casualties,5% Casualties,6% Casualties,7% Casualties,7% Casualties,8% Casualties,8% Casualties,9% Casualties,9% Casualties,5% Casualties,6% Casualties,6% Casualties,7% Casualties,8% Casualties,8% Casualties,8% Casualties,9% Casualties,9% Casualties,5% Casualties,6% Casualties,7% Casualties,8% Casualties,8% Casualties,9% Casualties,9% Casualties,10% Casualties,10% Casualties,5% Casualties,6% Casualties,7% Casualties,8% Casualties,8% Casualties,9% Casualties,9% Casualties,10% Casualties,10% Casualties,5% Casualties,6% Casualties,7% Casualties,8% Casualties,8% Casualties,9% Casualties,9% Casualties,10% Casualties,10% Casualties,5% Casualties,6% Casualties,7% Casualties,8% Casualties,8% Casualties,9% Casualties,9% Casualties,10% Casualties,10% Casualties,6% Casualties,6% Casualties,7% Casualties,8% Casualties,9% Casualties,9% Casualties,10% Casualties,10% Casualties,10% Casualties,6% Casualties,6% Casualties,7% Casualties,8% Casualties,9% Casualties,9% Casualties,10% Casualties,10% Casualties,10% Casualties,6% Casualties,6% Casualties,7% Casualties,8% Casualties,9% Casualties,9% Casualties,10% Casualties,10% Casualties,10% Casualties,6% Casualties,6% Casualties,7% Casualties,8% Casualties,9% Casualties,9% Casualties,10% Casualties,10% Casualties,10% Casualties,6% Casualties,6% Casualties,7% Casualties,8% Casualties,9% Casualties,9% Casualties,10% Casualties,10% Casualties,10% Casualties,6% Casualties,7% Casualties,7% Casualties,8% Casualties,9% Casualties,9% Casualties,10% Casualties,10% Casualties,10% Casualties,6% Casualties,7% Casualties,7% Casualties,8% Casualties,9% Casualties,9% Casualties,10% Casualties,10% Casualties,10% Casualties,5% Casualties,5% Casualties,6% Casualties,7% Casualties,7% Casualties,8% Casualties,8% Casualties,8% Casualties,9% Casualties,5% Casualties,5% Casualties,6% Casualties,7% Casualties,7% Casualties,8% Casualties,8% Casualties,8% Casualties,8% Casualties,5% Casualties,5% Casualties,6% Casualties,7% Casualties,7% Casualties,8% Casualties,8% Casualties,8% Casualties,8% Casualties,5% Casualties,6% Casualties,6% Casualties,7% Casualties,7% Casualties,8% Casualties,8% Casualties,8% Casualties,8% Casualties,5% Casualties,6% Casualties,6% Casualties,7% Casualties,7% Casualties,8% Casualties,8% Casualties,8% Casualties,8% Casualties,5% Casualties,6% Casualties,6% Casualties,7% Casualties,7% Casualties,8% Casualties,8% Casualties,8% Casualties,9% Casualties
65 CV // 60 RT,2% Casualties,2% Casualties,2% Casualties,3% Casualties,3% Casualties,3% Casualties,4% Casualties,4% Casualties,4% Casualties,3% Casualties,3% Casualties,3% Casualties,4% Casualties,4% Casualties,5% Casualties,5% Casualties,5% Casualties,6% Casualties,3% Casualties,4% Casualties,5% Casualties,5% Casualties,6% Casualties,6% Casualties,7% Casualties,7% Casualties,7% Casualties,4% Casualties,5% Casualties,6% Casualties,6% Casualties,7% Casualties,7% Casualties,8% Casualties,8% Casualties,9% Casualties,5% Casualties,5% Casualties,6% Casualties,7% Casualties,8% Casualties,8% Casualties,9% Casualties,9% Casualties,9% Casualties,5% Casualties,5% Casualties,6% Casualties,7% Casualties,8% Casualties,8% Casualties,9% Casualties,9% Casualties,9% Casualties,5% Casualties,6% Casualties,6% Casualties,7% Casualties,8% Casualties,9% Casualties,9% Casualties,10% Casualties,10% Casualties,5% Casualties,6% Casualties,7% Casualties,7% Casualties,8% Casualties,9% Casualties,9% Casualties,10% Casualties,10% Casualties,5% Casualties,6% Casualties,7% Casualties,8% Casualties,9% Casualties,10% Casualties,10% Casualties,11% Casualties,11% Casualties,5% Casualties,6% Casualties,7% Casualties,8% Casualties,9% Casualties,10% Casualties,10% Casualties,10% Casualties,11% Casualties,5% Casualties,6% Casualties,7% Casualties,8% Casualties,9% Casualties,10% Casualties,10% Casualties,11% Casualties,11% Casualties,5% Casualties,6% Casualties,7% Casualties,8% Casualties,9% Casualties,9% Casualties,10% Casualties,11% Casualties,11% Casualties,6% Casualties,7% Casualties,8% Casualties,9% Casualties,9% Casualties,10% Casualties,11% Casualties,11% Casualties,11% Casualties,6% Casualties,7% Casualties,8% Casualties,8% Casualties,9% Casualties,10% Casualties,11% Casualties,11% Casualties,11% Casualties,6% Casualties,7% Casualties,8% Casualties,9% Casualties,9% Casualties,10% Casualties,11% Casualties,11% Casualties,11% Casualties,6% Casualties,7% Casualties,8% Casualties,9% Casualties,9% Casualties,10% Casualties,11% Casualties,11% Casualties,12% Casualties,6% Casualties,7% Casualties,8% Casualties,9% Casualties,9% Casualties,10% Casualties,11% Casualties,11% Casualties,12% Casualties,6% Casualties,7% Casualties,8% Casualties,9% Casualties,9% Casualties,10% Casualties,11% Casualties,11% Casualties,12% Casualties,6% Casualties,7% Casualties,8% Casualties,9% Casualties,10% Casualties,10% Casualties,11% Casualties,11% Casualties,12% Casualties,5% Casualties,6% Casualties,7% Casualties,8% Casualties,8% Casualties,9% Casualties,9% Casualties,9% Casualties,10% Casualties,5% Casualties,6% Casualties,7% Casualties,8% Casualties,8% Casualties,9% Casualties,9% Casualties,9% Casualties,10% Casualties,5% Casualties,6% Casualties,7% Casualties,8% Casualties,8% Casualties,9% Casualties,9% Casualties,9% Casualties,10% Casualties,5% Casualties,6% Casualties,7% Casualties,8% Casualties,8% Casualties,9% Casualties,9% Casualties,10% Casualties,10% Casualties,5% Casualties,6% Casualties,7% Casualties,8% Casualties,8% Casualties,9% Casualties,9% Casualties,9% Casualties,10% Casualties,5% Casualties,6% Casualties,7% Casualties,8% Casualties,8% Casualties,9% Casualties,9% Casualties,10% Casualties,10% Casualties
65 CV // 50 RT,2% Casualties,2% Casualties,2% Casualties,3% Casualties,3% Casualties,4% Casualties,4% Casualties,4% Casualties,5% Casualties,3% Casualties,3% Casualties,3% Casualties,4% Casualties,4% Casualties,5% Casualties,5% Casualties,6% Casualties,6% Casualties,4% Casualties,4% Casualties,5% Casualties,5% Casualties,6% Casualties,7% Casualties,7% Casualties,8% Casualties,8% Casualties,4% Casualties,5% Casualties,6% Casualties,7% Casualties,7% Casualties,8% Casualties,9% Casualties,9% Casualties,10% Casualties,5% Casualties,6% Casualties,6% Casualties,7% Casualties,8% Casualties,9% Casualties,9% Casualties,10% Casualties,10% Casualties,5% Casualties,6% Casualties,6% Casualties,7% Casualties,8% Casualties,9% Casualties,9% Casualties,10% Casualties,11% Casualties,5% Casualties,6% Casualties,7% Casualties,8% Casualties,9% Casualties,10% Casualties,10% Casualties,11% Casualties,11% Casualties,5% Casualties,6% Casualties,7% Casualties,8% Casualties,9% Casualties,9% Casualties,10% Casualties,11% Casualties,11% Casualties,6% Casualties,7% Casualties,8% Casualties,9% Casualties,10% Casualties,11% Casualties,11% Casualties,12% Casualties,13% Casualties,6% Casualties,7% Casualties,8% Casualties,9% Casualties,10% Casualties,10% Casualties,11% Casualties,12% Casualties,12% Casualties,6% Casualties,7% Casualties,8% Casualties,9% Casualties,10% Casualties,10% Casualties,11% Casualties,12% Casualties,12% Casualties,6% Casualties,7% Casualties,8% Casualties,9% Casualties,10% Casualties,10% Casualties,11% Casualties,12% Casualties,12% Casualties,6% Casualties,7% Casualties,8% Casualties,9% Casualties,10% Casualties,11% Casualties,12% Casualties,12% Casualties,13% Casualties,6% Casualties,7% Casualties,8% Casualties,9% Casualties,10% Casualties,11% Casualties,12% Casualties,12% Casualties,13% Casualties,6% Casualties,7% Casualties,8% Casualties,9% Casualties,10% Casualties,11% Casualties,12% Casualties,12% Casualties,13% Casualties,6% Casualties,7% Casualties,8% Casualties,10% Casualties,10% Casualties,11% Casualties,12% Casualties,12% Casualties,13% Casualties,6% Casualties,7% Casualties,8% Casualties,9% Casualties,10% Casualties,11% Casualties,12% Casualties,12% Casualties,13% Casualties,6% Casualties,8% Casualties,9% Casualties,10% Casualties,10% Casualties,11% Casualties,12% Casualties,13% Casualties,13% Casualties,6% Casualties,8% Casualties,9% Casualties,10% Casualties,10% Casualties,11% Casualties,12% Casualties,13% Casualties,13% Casualties,6% Casualties,7% Casualties,8% Casualties,8% Casualties,9% Casualties,10% Casualties,10% Casualties,11% Casualties,11% Casualties,6% Casualties,7% Casualties,8% Casualties,9% Casualties,9% Casualties,10% Casualties,10% Casualties,11% Casualties,11% Casualties,6% Casualties,7% Casualties,8% Casualties,8% Casualties,9% Casualties,10% Casualties,11% Casualties,11% Casualties,11% Casualties,6% Casualties,7% Casualties,8% Casualties,9% Casualties,9% Casualties,10% Casualties,11% Casualties,11% Casualties,12% Casualties,6% Casualties,7% Casualties,8% Casualties,9% Casualties,9% Casualties,10% Casualties,11% Casualties,11% Casualties,11% Casualties,6% Casualties,7% Casualties,8% Casualties,9% Casualties,9% Casualties,10% Casualties,11% Casualties,11% Casualties,11% Casualties
65 CV // 40 RT,2% Casualties,2% Casualties,2% Casualties,3% Casualties,3% Casualties,4% Casualties,4% Casualties,4% Casualties,5% Casualties,3% Casualties,3% Casualties,4% Casualties,4% Casualties,5% Casualties,5% Casualties,5% Casualties,6% Casualties,6% Casualties,4% Casualties,4% Casualties,5% Casualties,6% Casualties,6% Casualties,7% Casualties,8% Casualties,8% Casualties,9% Casualties,4% Casualties,5% Casualties,6% Casualties,7% Casualties,8% Casualties,9% Casualties,9% Casualties,10% Casualties,11% Casualties,5% Casualties,6% Casualties,7% Casualties,8% Casualties,9% Casualties,10% Casualties,10% Casualties,11% Casualties,12% Casualties,5% Casualties,6% Casualties,7% Casualties,8% Casualties,9% Casualties,9% Casualties,10% Casualties,11% Casualties,12% Casualties,5% Casualties,6% Casualties,8% Casualties,9% Casualties,10% Casualties,11% Casualties,11% Casualties,12% Casualties,13% Casualties,5% Casualties,6% Casualties,8% Casualties,8% Casualties,10% Casualties,10% Casualties,11% Casualties,12% Casualties,13% Casualties,6% Casualties,7% Casualties,8% Casualties,10% Casualties,11% Casualties,12% Casualties,12% Casualties,13% Casualties,14% Casualties,6% Casualties,7% Casualties,8% Casualties,10% Casualties,11% Casualties,12% Casualties,12% Casualties,13% Casualties,14% Casualties,6% Casualties,7% Casualties,8% Casualties,10% Casualties,11% Casualties,12% Casualties,12% Casualties,13% Casualties,14% Casualties,6% Casualties,7% Casualties,8% Casualties,9% Casualties,10% Casualties,11% Casualties,13% Casualties,13% Casualties,14% Casualties,6% Casualties,8% Casualties,9% Casualties,10% Casualties,11% Casualties,12% Casualties,13% Casualties,14% Casualties,15% Casualties,6% Casualties,8% Casualties,9% Casualties,10% Casualties,11% Casualties,12% Casualties,13% Casualties,14% Casualties,15% Casualties,7% Casualties,8% Casualties,9% Casualties,10% Casualties,11% Casualties,12% Casualties,13% Casualties,14% Casualties,15% Casualties,6% Casualties,8% Casualties,9% Casualties,10% Casualties,12% Casualties,12% Casualties,13% Casualties,14% Casualties,15% Casualties,6% Casualties,8% Casualties,9% Casualties,10% Casualties,11% Casualties,12% Casualties,13% Casualties,14% Casualties,15% Casualties,7% Casualties,8% Casualties,10% Casualties,11% Casualties,12% Casualties,13% Casualties,14% Casualties,14% Casualties,15% Casualties,7% Casualties,8% Casualties,9% Casualties,11% Casualties,12% Casualties,13% Casualties,14% Casualties,14% Casualties,15% Casualties,6% Casualties,7% Casualties,9% Casualties,10% Casualties,11% Casualties,12% Casualties,12% Casualties,13% Casualties,13% Casualties,6% Casualties,7% Casualties,9% Casualties,10% Casualties,11% Casualties,11% Casualties,12% Casualties,13% Casualties,14% Casualties,6% Casualties,7% Casualties,8% Casualties,10% Casualties,11% Casualties,11% Casualties,12% Casualties,13% Casualties,14% Casualties,6% Casualties,8% Casualties,9% Casualties,10% Casualties,11% Casualties,12% Casualties,13% Casualties,13% Casualties,14% Casualties,7% Casualties,8% Casualties,9% Casualties,10% Casualties,11% Casualties,12% Casualties,13% Casualties,13% Casualties,14% Casualties,7% Casualties,8% Casualties,9% Casualties,10% Casualties,11% Casualties,12% Casualties,13% Casualties,13% Casualties,14% Casualties
65 CV // 30 RT,2% Casualties,2% Casualties,2% Casualties,3% Casualties,3% Casualties,4% Casualties,4% Casualties,5% Casualties,5% Casualties,3% Casualties,3% Casualties,4% Casualties,4% Casualties,5% Casualties,5% Casualties,6% Casualties,6% Casualties,7% Casualties,4% Casualties,4% Casualties,5% Casualties,6% Casualties,7% Casualties,8% Casualties,8% Casualties,9% Casualties,10% Casualties,5% Casualties,6% Casualties,7% Casualties,8% Casualties,9% Casualties,10% Casualties,11% Casualties,11% Casualties,12% Casualties,5% Casualties,6% Casualties,7% Casualties,8% Casualties,10% Casualties,11% Casualties,11% Casualties,12% Casualties,13% Casualties,5% Casualties,6% Casualties,7% Casualties,9% Casualties,10% Casualties,11% Casualties,12% Casualties,12% Casualties,13% Casualties,6% Casualties,7% Casualties,8% Casualties,10% Casualties,11% Casualties,12% Casualties,13% Casualties,14% Casualties,15% Casualties,6% Casualties,7% Casualties,8% Casualties,9% Casualties,11% Casualties,12% Casualties,13% Casualties,14% Casualties,15% Casualties,6% Casualties,8% Casualties,9% Casualties,11% Casualties,12% Casualties,13% Casualties,14% Casualties,15% Casualties,16% Casualties,6% Casualties,8% Casualties,9% Casualties,11% Casualties,12% Casualties,13% Casualties,14% Casualties,15% Casualties,16% Casualties,6% Casualties,8% Casualties,9% Casualties,11% Casualties,12% Casualties,13% Casualties,14% Casualties,15% Casualties,16% Casualties,6% Casualties,8% Casualties,9% Casualties,11% Casualties,12% Casualties,13% Casualties,14% Casualties,15% Casualties,16% Casualties,7% Casualties,8% Casualties,10% Casualties,11% Casualties,13% Casualties,14% Casualties,15% Casualties,16% Casualties,17% Casualties,7% Casualties,9% Casualties,10% Casualties,12% Casualties,13% Casualties,14% Casualties,15% Casualties,16% Casualties,17% Casualties,7% Casualties,9% Casualties,10% Casualties,11% Casualties,13% Casualties,14% Casualties,15% Casualties,16% Casualties,17% Casualties,7% Casualties,9% Casualties,10% Casualties,12% Casualties,13% Casualties,14% Casualties,15% Casualties,16% Casualties,17% Casualties,7% Casualties,9% Casualties,10% Casualties,12% Casualties,13% Casualties,14% Casualties,15% Casualties,16% Casualties,17% Casualties,7% Casualties,9% Casualties,11% Casualties,12% Casualties,14% Casualties,14% Casualties,16% Casualties,17% Casualties,18% Casualties,7% Casualties,9% Casualties,10% Casualties,12% Casualties,13% Casualties,14% Casualties,16% Casualties,17% Casualties,18% Casualties,7% Casualties,9% Casualties,10% Casualties,11% Casualties,12% Casualties,14% Casualties,15% Casualties,15% Casualties,16% Casualties,7% Casualties,8% Casualties,10% Casualties,11% Casualties,12% Casualties,14% Casualties,15% Casualties,16% Casualties,16% Casualties,7% Casualties,8% Casualties,10% Casualties,11% Casualties,12% Casualties,14% Casualties,15% Casualties,16% Casualties,16% Casualties,7% Casualties,9% Casualties,10% Casualties,12% Casualties,13% Casualties,14% Casualties,15% Casualties,16% Casualties,17% Casualties,7% Casualties,9% Casualties,10% Casualties,12% Casualties,13% Casualties,14% Casualties,15% Casualties,16% Casualties,17% Casualties,7% Casualties,9% Casualties,10% Casualties,12% Casualties,13% Casualties,14% Casualties,15% Casualties,16% Casualties,17% Casualties
65 CV // 20 RT,2% Casualties,2% Casualties,3% Casualties,3% Casualties,4% Casualties,4% Casualties,4% Casualties,5% Casualties,5% Casualties,3% Casualties,3% Casualties,4% Casualties,4% Casualties,5% Casualties,6% Casualties,6% Casualties,7% Casualties,8% Casualties,4% Casualties,5% Casualties,6% Casualties,7% Casualties,8% Casualties,8% Casualties,9% Casualties,10% Casualties,11% Casualties,5% Casualties,6% Casualties,7% Casualties,8% Casualties,10% Casualties,11% Casualties,12% Casualties,13% Casualties,14% Casualties,6% Casualties,7% Casualties,8% Casualties,10% Casualties,11% Casualties,12% Casualties,13% Casualties,14% Casualties,15% Casualties,6% Casualties,7% Casualties,8% Casualties,9% Casualties,11% Casualties,12% Casualties,13% Casualties,14% Casualties,15% Casualties,6% Casualties,8% Casualties,9% Casualties,11% Casualties,12% Casualties,13% Casualties,15% Casualties,16% Casualties,17% Casualties,6% Casualties,8% Casualties,9% Casualties,11% Casualties,12% Casualties,13% Casualties,15% Casualties,16% Casualties,17% Casualties,7% Casualties,8% Casualties,10% Casualties,12% Casualties,13% Casualties,15% Casualties,16% Casualties,17% Casualties,19% Casualties,7% Casualties,9% Casualties,10% Casualties,12% Casualties,13% Casualties,15% Casualties,16% Casualties,18% Casualties,19% Casualties,7% Casualties,9% Casualties,10% Casualties,12% Casualties,13% Casualties,15% Casualties,16% Casualties,17% Casualties,19% Casualties,7% Casualties,9% Casualties,10% Casualties,12% Casualties,13% Casualties,15% Casualties,16% Casualties,17% Casualties,18% Casualties,8% Casualties,9% Casualties,11% Casualties,13% Casualties,15% Casualties,16% Casualties,18% Casualties,19% Casualties,20% Casualties,8% Casualties,9% Casualties,11% Casualties,13% Casualties,15% Casualties,16% Casualties,18% Casualties,19% Casualties,21% Casualties,8% Casualties,9% Casualties,11% Casualties,13% Casualties,15% Casualties,16% Casualties,18% Casualties,19% Casualties,20% Casualties,7% Casualties,10% Casualties,11% Casualties,13% Casualties,15% Casualties,16% Casualties,18% Casualties,19% Casualties,20% Casualties,8% Casualties,9% Casualties,11% Casualties,13% Casualties,15% Casualties,16% Casualties,18% Casualties,19% Casualties,20% Casualties,8% Casualties,10% Casualties,12% Casualties,14% Casualties,15% Casualties,17% Casualties,19% Casualties,20% Casualties,21% Casualties,8% Casualties,10% Casualties,12% Casualties,14% Casualties,15% Casualties,17% Casualties,19% Casualties,20% Casualties,21% Casualties,8% Casualties,10% Casualties,11% Casualties,13% Casualties,15% Casualties,16% Casualties,18% Casualties,19% Casualties,20% Casualties,8% Casualties,10% Casualties,11% Casualties,13% Casualties,15% Casualties,16% Casualties,18% Casualties,19% Casualties,20% Casualties,8% Casualties,10% Casualties,12% Casualties,13% Casualties,15% Casualties,16% Casualties,18% Casualties,19% Casualties,20% Casualties,8% Casualties,10% Casualties,12% Casualties,14% Casualties,16% Casualties,17% Casualties,19% Casualties,20% Casualties,21% Casualties,8% Casualties,10% Casualties,12% Casualties,14% Casualties,15% Casualties,17% Casualties,19% Casualties,20% Casualties,21% Casualties,8% Casualties,10% Casualties,12% Casualties,14% Casualties,16% Casualties,17% Casualties,18% Casualties,20% Casualties,21% Casualties
65 CV // 10 RT,2% Casualties,2% Casualties,3% Casualties,3% Casualties,4% Casualties,4% Casualties,5% Casualties,5% Casualties,6% Casualties,3% Casualties,3% Casualties,4% Casualties,5% Casualties,5% Casualties,6% Casualties,7% Casualties,8% Casualties,8% Casualties,4% Casualties,5% Casualties,6% Casualties,7% Casualties,8% Casualties,9% Casualties,10% Casualties,11% Casualties,13% Casualties,5% Casualties,7% Casualties,8% Casualties,9% Casualties,11% Casualties,12% Casualties,14% Casualties,15% Casualties,16% Casualties,6% Casualties,7% Casualties,9% Casualties,11% Casualties,12% Casualties,14% Casualties,15% Casualties,17% Casualties,18% Casualties,6% Casualties,7% Casualties,9% Casualties,11% Casualties,12% Casualties,14% Casualties,15% Casualties,17% Casualties,18% Casualties,7% Casualties,8% Casualties,10% Casualties,12% Casualties,14% Casualties,16% Casualties,17% Casualties,19% Casualties,20% Casualties,7% Casualties,8% Casualties,10% Casualties,12% Casualties,14% Casualties,16% Casualties,17% Casualties,19% Casualties,20% Casualties,8% Casualties,9% Casualties,11% Casualties,14% Casualties,15% Casualties,17% Casualties,19% Casualties,21% Casualties,22% Casualties,8% Casualties,10% Casualties,12% Casualties,14% Casualties,15% Casualties,17% Casualties,19% Casualties,20% Casualties,22% Casualties,8% Casualties,9% Casualties,12% Casualties,14% Casualties,15% Casualties,17% Casualties,19% Casualties,21% Casualties,22% Casualties,8% Casualties,9% Casualties,12% Casualties,13% Casualties,15% Casualties,17% Casualties,19% Casualties,21% Casualties,22% Casualties,8% Casualties,11% Casualties,13% Casualties,15% Casualties,17% Casualties,19% Casualties,21% Casualties,23% Casualties,24% Casualties,8% Casualties,10% Casualties,13% Casualties,15% Casualties,17% Casualties,19% Casualties,21% Casualties,23% Casualties,24% Casualties,9% Casualties,11% Casualties,13% Casualties,15% Casualties,17% Casualties,19% Casualties,21% Casualties,23% Casualties,25% Casualties,8% Casualties,10% Casualties,13% Casualties,15% Casualties,17% Casualties,19% Casualties,21% Casualties,22% Casualties,24% Casualties,8% Casualties,11% Casualties,13% Casualties,15% Casualties,17% Casualties,19% Casualties,21% Casualties,23% Casualties,24% Casualties,9% Casualties,11% Casualties,14% Casualties,16% Casualties,18% Casualties,20% Casualties,22% Casualties,23% Casualties,25% Casualties,9% Casualties,11% Casualties,14% Casualties,16% Casualties,18% Casualties,20% Casualties,22% Casualties,24% Casualties,25% Casualties,9% Casualties,11% Casualties,13% Casualties,16% Casualties,18% Casualties,20% Casualties,22% Casualties,23% Casualties,25% Casualties,9% Casualties,11% Casualties,13% Casualties,15% Casualties,18% Casualties,20% Casualties,22% Casualties,23% Casualties,25% Casualties,9% Casualties,11% Casualties,13% Casualties,15% Casualties,18% Casualties,20% Casualties,22% Casualties,23% Casualties,25% Casualties,9% Casualties,12% Casualties,14% Casualties,17% Casualties,18% Casualties,21% Casualties,23% Casualties,24% Casualties,26% Casualties,10% Casualties,12% Casualties,14% Casualties,16% Casualties,19% Casualties,21% Casualties,22% Casualties,24% Casualties,26% Casualties,9% Casualties,12% Casualties,14% Casualties,17% Casualties,18% Casualties,21% Casualties,23% Casualties,24% Casualties,26% Casualties
65 CV // 0 RT,2% Casualties,2% Casualties,3% Casualties,3% Casualties,4% Casualties,4% Casualties,5% Casualties,5% Casualties,6% Casualties,3% Casualties,4% Casualties,4% Casualties,5% Casualties,6% Casualties,7% Casualties,8% Casualties,8% Casualties,9% Casualties,4% Casualties,5% Casualties,7% Casualties,8% Casualties,9% Casualties,10% Casualties,12% Casualties,13% Casualties,14% Casualties,6% Casualties,7% Casualties,9% Casualties,10% Casualties,12% Casualties,14% Casualties,16% Casualties,17% Casualties,19% Casualties,6% Casualties,8% Casualties,10% Casualties,12% Casualties,14% Casualties,16% Casualties,17% Casualties,20% Casualties,21% Casualties,6% Casualties,8% Casualties,10% Casualties,12% Casualties,14% Casualties,16% Casualties,18% Casualties,19% Casualties,21% Casualties,7% Casualties,9% Casualties,11% Casualties,14% Casualties,16% Casualties,18% Casualties,20% Casualties,22% Casualties,24% Casualties,7% Casualties,9% Casualties,11% Casualties,14% Casualties,16% Casualties,18% Casualties,20% Casualties,22% Casualties,24% Casualties,8% Casualties,10% Casualties,13% Casualties,15% Casualties,18% Casualties,20% Casualties,22% Casualties,24% Casualties,27% Casualties,8% Casualties,10% Casualties,13% Casualties,15% Casualties,18% Casualties,20% Casualties,22% Casualties,24% Casualties,27% Casualties,9% Casualties,11% Casualties,13% Casualties,15% Casualties,18% Casualties,20% Casualties,22% Casualties,25% Casualties,27% Casualties,8% Casualties,11% Casualties,13% Casualties,15% Casualties,18% Casualties,20% Casualties,22% Casualties,25% Casualties,27% Casualties,9% Casualties,12% Casualties,15% Casualties,17% Casualties,20% Casualties,23% Casualties,25% Casualties,27% Casualties,29% Casualties,9% Casualties,12% Casualties,15% Casualties,17% Casualties,20% Casualties,23% Casualties,25% Casualties,27% Casualties,29% Casualties,9% Casualties,12% Casualties,14% Casualties,17% Casualties,20% Casualties,23% Casualties,25% Casualties,27% Casualties,29% Casualties,10% Casualties,12% Casualties,15% Casualties,17% Casualties,20% Casualties,23% Casualties,25% Casualties,27% Casualties,29% Casualties,9% Casualties,12% Casualties,15% Casualties,17% Casualties,20% Casualties,22% Casualties,25% Casualties,27% Casualties,30% Casualties,10% Casualties,13% Casualties,15% Casualties,18% Casualties,21% Casualties,24% Casualties,27% Casualties,29% Casualties,31% Casualties,10% Casualties,13% Casualties,16% Casualties,18% Casualties,21% Casualties,24% Casualties,26% Casualties,29% Casualties,31% Casualties,10% Casualties,13% Casualties,16% Casualties,18% Casualties,21% Casualties,24% Casualties,26% Casualties,28% Casualties,31% Casualties,10% Casualties,13% Casualties,15% Casualties,18% Casualties,21% Casualties,24% Casualties,26% Casualties,29% Casualties,31% Casualties,10% Casualties,13% Casualties,16% Casualties,18% Casualties,21% Casualties,24% Casualties,26% Casualties,29% Casualties,31% Casualties,11% Casualties,14% Casualties,17% Casualties,20% Casualties,22% Casualties,25% Casualties,28% Casualties,30% Casualties,33% Casualties,11% Casualties,14% Casualties,17% Casualties,20% Casualties,22% Casualties,25% Casualties,28% Casualties,30% Casualties,32% Casualties,11% Casualties,14% Casualties,17% Casualties,20% Casualties,23% Casualties,25% Casualties,28% Casualties,30% Casualties,32% Casualties
70 CV // 80 RT,2% Casualties,2% Casualties,2% Casualties,3% Casualties,3% Casualties,3% Casualties,4% Casualties,4% Casualties,4% Casualties,2% Casualties,2% Casualties,3% Casualties,3% Casualties,3% Casualties,4% Casualties,4% Casualties,4% Casualties,4% Casualties,3% Casualties,3% Casualties,4% Casualties,4% Casualties,5% Casualties,5% Casualties,5% Casualties,6% Casualties,6% Casualties,4% Casualties,4% Casualties,5% Casualties,5% Casualties,6% Casualties,6% Casualties,6% Casualties,7% Casualties,7% Casualties,4% Casualties,5% Casualties,5% Casualties,6% Casualties,6% Casualties,6% Casualties,7% Casualties,7% Casualties,7% Casualties,4% Casualties,5% Casualties,6% Casualties,6% Casualties,6% Casualties,7% Casualties,7% Casualties,8% Casualties,8% Casualties,5% Casualties,5% Casualties,6% Casualties,7% Casualties,7% Casualties,7% Casualties,8% Casualties,8% Casualties,8% Casualties,5% Casualties,5% Casualties,6% Casualties,6% Casualties,7% Casualties,7% Casualties,8% Casualties,8% Casualties,8% Casualties,5% Casualties,6% Casualties,6% Casualties,7% Casualties,8% Casualties,8% Casualties,8% Casualties,9% Casualties,9% Casualties,5% Casualties,6% Casualties,6% Casualties,7% Casualties,8% Casualties,8% Casualties,8% Casualties,9% Casualties,9% Casualties,5% Casualties,6% Casualties,6% Casualties,7% Casualties,8% Casualties,8% Casualties,8% Casualties,9% Casualties,9% Casualties,5% Casualties,6% Casualties,6% Casualties,7% Casualties,8% Casualties,8% Casualties,8% Casualties,9% Casualties,9% Casualties,5% Casualties,6% Casualties,6% Casualties,7% Casualties,8% Casualties,8% Casualties,8% Casualties,9% Casualties,9% Casualties,5% Casualties,6% Casualties,7% Casualties,7% Casualties,8% Casualties,8% Casualties,9% Casualties,9% Casualties,9% Casualties,5% Casualties,6% Casualties,7% Casualties,7% Casualties,8% Casualties,8% Casualties,9% Casualties,9% Casualties,9% Casualties,5% Casualties,6% Casualties,7% Casualties,8% Casualties,8% Casualties,8% Casualties,9% Casualties,9% Casualties,9% Casualties,5% Casualties,6% Casualties,7% Casualties,8% Casualties,8% Casualties,8% Casualties,9% Casualties,9% Casualties,9% Casualties,5% Casualties,6% Casualties,7% Casualties,7% Casualties,8% Casualties,8% Casualties,9% Casualties,9% Casualties,9% Casualties,5% Casualties,6% Casualties,7% Casualties,8% Casualties,8% Casualties,8% Casualties,9% Casualties,9% Casualties,9% Casualties,4% Casualties,5% Casualties,5% Casualties,6% Casualties,6% Casualties,7% Casualties,7% Casualties,7% Casualties,7% Casualties,4% Casualties,5% Casualties,5% Casualties,6% Casualties,6% Casualties,7% Casualties,7% Casualties,7% Casualties,7% Casualties,4% Casualties,5% Casualties,5% Casualties,6% Casualties,6% Casualties,7% Casualties,7% Casualties,7% Casualties,7% Casualties,4% Casualties,5% Casualties,5% Casualties,6% Casualties,6% Casualties,7% Casualties,7% Casualties,7% Casualties,7% Casualties,4% Casualties,5% Casualties,5% Casualties,6% Casualties,6% Casualties,7% Casualties,7% Casualties,7% Casualties,7% Casualties,4% Casualties,5% Casualties,6% Casualties,6% Casualties,6% Casualties,7% Casualties,7% Casualties,7% Casualties,7% Casualties
70 CV // 70 RT,1% Casualties,2% Casualties,2% Casualties,3% Casualties,3% Casualties,3% Casualties,4% Casualties,4% Casualties,4% Casualties,2% Casualties,2% Casualties,3% Casualties,3% Casualties,3% Casualties,4% Casualties,4% Casualties,4% Casualties,5% Casualties,3% Casualties,4% Casualties,4% Casualties,5% Casualties,5% Casualties,5% Casualties,6% Casualties,6% Casualties,6% Casualties,4% Casualties,4% Casualties,5% Casualties,5% Casualties,6% Casualties,6% Casualties,7% Casualties,7% Casualties,7% Casualties,4% Casualties,5% Casualties,5% Casualties,6% Casualties,6% Casualties,7% Casualties,7% Casualties,8% Casualties,8% Casualties,4% Casualties,5% Casualties,6% Casualties,6% Casualties,7% Casualties,8% Casualties,8% Casualties,8% Casualties,9% Casualties,5% Casualties,5% Casualties,6% Casualties,7% Casualties,8% Casualties,8% Casualties,8% Casualties,9% Casualties,9% Casualties,5% Casualties,6% Casualties,6% Casualties,7% Casualties,7% Casualties,8% Casualties,8% Casualties,9% Casualties,9% Casualties,5% Casualties,6% Casualties,7% Casualties,8% Casualties,8% Casualties,9% Casualties,9% Casualties,10% Casualties,10% Casualties,5% Casualties,6% Casualties,7% Casualties,7% Casualties,8% Casualties,9% Casualties,9% Casualties,10% Casualties,10% Casualties,5% Casualties,6% Casualties,7% Casualties,8% Casualties,8% Casualties,9% Casualties,9% Casualties,9% Casualties,10% Casualties,5% Casualties,6% Casualties,7% Casualties,8% Casualties,8% Casualties,9% Casualties,9% Casualties,9% Casualties,10% Casualties,5% Casualties,6% Casualties,7% Casualties,8% Casualties,8% Casualties,9% Casualties,9% Casualties,10% Casualties,10% Casualties,6% Casualties,6% Casualties,7% Casualties,8% Casualties,9% Casualties,9% Casualties,10% Casualties,10% Casualties,10% Casualties,6% Casualties,7% Casualties,7% Casualties,8% Casualties,9% Casualties,9% Casualties,10% Casualties,10% Casualties,10% Casualties,6% Casualties,6% Casualties,7% Casualties,8% Casualties,9% Casualties,9% Casualties,10% Casualties,10% Casualties,10% Casualties,6% Casualties,6% Casualties,7% Casualties,8% Casualties,9% Casualties,9% Casualties,10% Casualties,10% Casualties,10% Casualties,6% Casualties,6% Casualties,7% Casualties,8% Casualties,9% Casualties,9% Casualties,10% Casualties,10% Casualties,10% Casualties,6% Casualties,6% Casualties,7% Casualties,8% Casualties,9% Casualties,9% Casualties,10% Casualties,10% Casualties,10% Casualties,5% Casualties,5% Casualties,6% Casualties,7% Casualties,7% Casualties,8% Casualties,8% Casualties,8% Casualties,8% Casualties,5% Casualties,5% Casualties,6% Casualties,7% Casualties,7% Casualties,8% Casualties,8% Casualties,8% Casualties,8% Casualties,5% Casualties,5% Casualties,6% Casualties,7% Casualties,7% Casualties,8% Casualties,8% Casualties,8% Casualties,9% Casualties,5% Casualties,5% Casualties,6% Casualties,7% Casualties,7% Casualties,8% Casualties,8% Casualties,8% Casualties,8% Casualties,5% Casualties,6% Casualties,6% Casualties,7% Casualties,7% Casualties,8% Casualties,8% Casualties,8% Casualties,8% Casualties,5% Casualties,5% Casualties,6% Casualties,7% Casualties,7% Casualties,8% Casualties,8% Casualties,8% Casualties,8% Casualties
70 CV // 60 RT,1% Casualties,2% Casualties,2% Casualties,3% Casualties,3% Casualties,3% Casualties,4% Casualties,4% Casualties,4% Casualties,2% Casualties,2% Casualties,3% Casualties,3% Casualties,4% Casualties,4% Casualties,4% Casualties,5% Casualties,5% Casualties,3% Casualties,4% Casualties,4% Casualties,5% Casualties,5% Casualties,6% Casualties,6% Casualties,6% Casualties,7% Casualties,4% Casualties,4% Casualties,5% Casualties,6% Casualties,6% Casualties,7% Casualties,7% Casualties,8% Casualties,8% Casualties,4% Casualties,5% Casualties,6% Casualties,6% Casualties,7% Casualties,7% Casualties,8% Casualties,8% Casualties,9% Casualties,5% Casualties,5% Casualties,6% Casualties,7% Casualties,7% Casualties,8% Casualties,9% Casualties,9% Casualties,10% Casualties,5% Casualties,6% Casualties,7% Casualties,7% Casualties,8% Casualties,9% Casualties,9% Casualties,10% Casualties,10% Casualties,5% Casualties,6% Casualties,7% Casualties,7% Casualties,8% Casualties,9% Casualties,9% Casualties,10% Casualties,10% Casualties,5% Casualties,6% Casualties,7% Casualties,8% Casualties,9% Casualties,9% Casualties,10% Casualties,11% Casualties,11% Casualties,5% Casualties,6% Casualties,7% Casualties,8% Casualties,9% Casualties,10% Casualties,10% Casualties,11% Casualties,11% Casualties,5% Casualties,6% Casualties,7% Casualties,8% Casualties,9% Casualties,9% Casualties,10% Casualties,11% Casualties,11% Casualties,5% Casualties,6% Casualties,7% Casualties,8% Casualties,9% Casualties,10% Casualties,10% Casualties,10% Casualties,11% Casualties,6% Casualties,6% Casualties,7% Casualties,8% Casualties,9% Casualties,9% Casualties,10% Casualties,11% Casualties,11% Casualties,6% Casualties,7% Casualties,8% Casualties,9% Casualties,9% Casualties,10% Casualties,11% Casualties,11% Casualties,12% Casualties,6% Casualties,7% Casualties,8% Casualties,9% Casualties,9% Casualties,10% Casualties,11% Casualties,11% Casualties,11% Casualties,6% Casualties,7% Casualties,8% Casualties,9% Casualties,9% Casualties,10% Casualties,11% Casualties,11% Casualties,12% Casualties,6% Casualties,7% Casualties,8% Casualties,9% Casualties,9% Casualties,10% Casualties,11% Casualties,11% Casualties,11% Casualties,6% Casualties,7% Casualties,8% Casualties,9% Casualties,9% Casualties,10% Casualties,11% Casualties,11% Casualties,11% Casualties,6% Casualties,7% Casualties,8% Casualties,9% Casualties,9% Casualties,10% Casualties,11% Casualties,11% Casualties,12% Casualties,5% Casualties,6% Casualties,7% Casualties,7% Casualties,8% Casualties,9% Casualties,9% Casualties,10% Casualties,10% Casualties,5% Casualties,6% Casualties,7% Casualties,8% Casualties,8% Casualties,9% Casualties,9% Casualties,10% Casualties,10% Casualties,5% Casualties,6% Casualties,7% Casualties,8% Casualties,8% Casualties,9% Casualties,9% Casualties,9% Casualties,10% Casualties,5% Casualties,6% Casualties,7% Casualties,8% Casualties,8% Casualties,9% Casualties,9% Casualties,10% Casualties,10% Casualties,5% Casualties,6% Casualties,7% Casualties,7% Casualties,8% Casualties,9% Casualties,9% Casualties,9% Casualties,10% Casualties,5% Casualties,6% Casualties,7% Casualties,8% Casualties,8% Casualties,9% Casualties,9% Casualties,10% Casualties,10% Casualties
70 CV // 50 RT,1% Casualties,2% Casualties,2% Casualties,3% Casualties,3% Casualties,3% Casualties,4% Casualties,4% Casualties,4% Casualties,2% Casualties,2% Casualties,3% Casualties,3% Casualties,4% Casualties,4% Casualties,5% Casualties,5% Casualties,5% Casualties,3% Casualties,4% Casualties,4% Casualties,5% Casualties,5% Casualties,6% Casualties,7% Casualties,7% Casualties,7% Casualties,4% Casualties,5% Casualties,5% Casualties,6% Casualties,7% Casualties,7% Casualties,8% Casualties,9% Casualties,9% Casualties,4% Casualties,5% Casualties,6% Casualties,7% Casualties,7% Casualties,8% Casualties,9% Casualties,9% Casualties,10% Casualties,5% Casualties,6% Casualties,6% Casualties,7% Casualties,8% Casualties,9% Casualties,9% Casualties,10% Casualties,11% Casualties,5% Casualties,6% Casualties,7% Casualties,8% Casualties,9% Casualties,9% Casualties,10% Casualties,11% Casualties,11% Casualties,5% Casualties,6% Casualties,7% Casualties,8% Casualties,9% Casualties,9% Casualties,10% Casualties,11% Casualties,11% Casualties,6% Casualties,7% Casualties,8% Casualties,9% Casualties,10% Casualties,10% Casualties,11% Casualties,12% Casualties,12% Casualties,6% Casualties,7% Casualties,8% Casualties,9% Casualties,10% Casualties,10% Casualties,11% Casualties,12% Casualties,12% Casualties,6% Casualties,7% Casualties,8% Casualties,9% Casualties,10% Casualties,10% Casualties,11% Casualties,12% Casualties,12% Casualties,6% Casualties,7% Casualties,8% Casualties,9% Casualties,10% Casualties,10% Casualties,11% Casualties,12% Casualties,12% Casualties,6% Casualties,7% Casualties,8% Casualties,9% Casualties,10% Casualties,10% Casualties,11% Casualties,12% Casualties,12% Casualties,6% Casualties,7% Casualties,8% Casualties,9% Casualties,10% Casualties,11% Casualties,12% Casualties,12% Casualties,13% Casualties,6% Casualties,7% Casualties,8% Casualties,9% Casualties,10% Casualties,11% Casualties,12% Casualties,12% Casualties,13% Casualties,6% Casualties,7% Casualties,8% Casualties,9% Casualties,10% Casualties,11% Casualties,12% Casualties,12% Casualties,13% Casualties,6% Casualties,7% Casualties,8% Casualties,9% Casualties,10% Casualties,11% Casualties,12% Casualties,12% Casualties,13% Casualties,6% Casualties,7% Casualties,8% Casualties,9% Casualties,10% Casualties,11% Casualties,12% Casualties,12% Casualties,13% Casualties,6% Casualties,8% Casualties,9% Casualties,10% Casualties,11% Casualties,11% Casualties,12% Casualties,13% Casualties,13% Casualties,6% Casualties,7% Casualties,8% Casualties,8% Casualties,9% Casualties,10% Casualties,11% Casualties,11% Casualties,12% Casualties,6% Casualties,7% Casualties,8% Casualties,8% Casualties,9% Casualties,10% Casualties,11% Casualties,11% Casualties,12% Casualties,6% Casualties,7% Casualties,8% Casualties,9% Casualties,9% Casualties,10% Casualties,11% Casualties,11% Casualties,11% Casualties,6% Casualties,7% Casualties,8% Casualties,9% Casualties,9% Casualties,10% Casualties,11% Casualties,11% Casualties,12% Casualties,6% Casualties,7% Casualties,8% Casualties,8% Casualties,9% Casualties,10% Casualties,10% Casualties,11% Casualties,11% Casualties,6% Casualties,7% Casualties,8% Casualties,9% Casualties,9% Casualties,10% Casualties,11% Casualties,11% Casualties,12% Casualties
70 CV // 40 RT,1% Casualties,2% Casualties,2% Casualties,3% Casualties,3% Casualties,4% Casualties,4% Casualties,4% Casualties,5% Casualties,2% Casualties,2% Casualties,3% Casualties,3% Casualties,4% Casualties,4% Casualties,5% Casualties,5% Casualties,6% Casualties,3% Casualties,4% Casualties,4% Casualties,5% Casualties,6% Casualties,6% Casualties,7% Casualties,7% Casualties,8% Casualties,4% Casualties,5% Casualties,6% Casualties,6% Casualties,7% Casualties,8% Casualties,9% Casualties,9% Casualties,10% Casualties,4% Casualties,5% Casualties,6% Casualties,7% Casualties,8% Casualties,9% Casualties,9% Casualties,10% Casualties,11% Casualties,5% Casualties,6% Casualties,7% Casualties,8% Casualties,9% Casualties,9% Casualties,10% Casualties,11% Casualties,12% Casualties,5% Casualties,6% Casualties,8% Casualties,9% Casualties,10% Casualties,11% Casualties,11% Casualties,12% Casualties,13% Casualties,5% Casualties,6% Casualties,7% Casualties,9% Casualties,9% Casualties,11% Casualties,11% Casualties,12% Casualties,13% Casualties,6% Casualties,7% Casualties,8% Casualties,10% Casualties,11% Casualties,12% Casualties,12% Casualties,13% Casualties,14% Casualties,6% Casualties,7% Casualties,8% Casualties,10% Casualties,11% Casualties,11% Casualties,12% Casualties,13% Casualties,14% Casualties,6% Casualties,7% Casualties,8% Casualties,10% Casualties,11% Casualties,11% Casualties,13% Casualties,13% Casualties,14% Casualties,6% Casualties,7% Casualties,9% Casualties,10% Casualties,11% Casualties,12% Casualties,12% Casualties,13% Casualties,14% Casualties,6% Casualties,7% Casualties,8% Casualties,10% Casualties,11% Casualties,11% Casualties,12% Casualties,13% Casualties,14% Casualties,6% Casualties,8% Casualties,9% Casualties,10% Casualties,11% Casualties,12% Casualties,13% Casualties,14% Casualties,15% Casualties,6% Casualties,8% Casualties,9% Casualties,10% Casualties,11% Casualties,12% Casualties,13% Casualties,14% Casualties,15% Casualties,7% Casualties,8% Casualties,9% Casualties,10% Casualties,11% Casualties,12% Casualties,13% Casualties,14% Casualties,15% Casualties,6% Casualties,8% Casualties,9% Casualties,10% Casualties,11% Casualties,12% Casualties,13% Casualties,14% Casualties,15% Casualties,6% Casualties,8% Casualties,9% Casualties,10% Casualties,11% Casualties,12% Casualties,13% Casualties,14% Casualties,15% Casualties,7% Casualties,8% Casualties,9% Casualties,11% Casualties,12% Casualties,13% Casualties,14% Casualties,14% Casualties,15% Casualties,6% Casualties,7% Casualties,9% Casualties,10% Casualties,11% Casualties,12% Casualties,12% Casualties,13% Casualties,14% Casualties,6% Casualties,8% Casualties,9% Casualties,10% Casualties,11% Casualties,12% Casualties,12% Casualties,13% Casualties,14% Casualties,6% Casualties,7% Casualties,9% Casualties,10% Casualties,11% Casualties,11% Casualties,12% Casualties,13% Casualties,13% Casualties,6% Casualties,7% Casualties,9% Casualties,10% Casualties,11% Casualties,12% Casualties,12% Casualties,13% Casualties,14% Casualties,6% Casualties,7% Casualties,9% Casualties,10% Casualties,11% Casualties,11% Casualties,12% Casualties,13% Casualties,14% Casualties,7% Casualties,8% Casualties,9% Casualties,10% Casualties,11% Casualties,12% Casualties,13% Casualties,13% Casualties,14% Casualties
70 CV // 30 RT,1% Casualties,2% Casualties,2% Casualties,3% Casualties,3% Casualties,4% Casualties,4% Casualties,4% Casualties,5% Casualties,2% Casualties,2% Casualties,3% Casualties,4% Casualties,4% Casualties,5% Casualties,5% Casualties,6% Casualties,6% Casualties,3% Casualties,4% Casualties,5% Casualties,5% Casualties,6% Casualties,7% Casualties,7% Casualties,8% Casualties,9% Casualties,4% Casualties,5% Casualties,6% Casualties,7% Casualties,8% Casualties,9% Casualties,9% Casualties,10% Casualties,11% Casualties,5% Casualties,6% Casualties,7% Casualties,8% Casualties,9% Casualties,10% Casualties,10% Casualties,11% Casualties,12% Casualties,5% Casualties,6% Casualties,7% Casualties,8% Casualties,10% Casualties,11% Casualties,12% Casualties,12% Casualties,13% Casualties,6% Casualties,7% Casualties,8% Casualties,9% Casualties,11% Casualties,12% Casualties,13% Casualties,14% Casualties,15% Casualties,6% Casualties,7% Casualties,8% Casualties,10% Casualties,11% Casualties,12% Casualties,13% Casualties,14% Casualties,15% Casualties,6% Casualties,8% Casualties,9% Casualties,11% Casualties,12% Casualties,13% Casualties,14% Casualties,15% Casualties,16% Casualties,6% Casualties,8% Casualties,9% Casualties,11% Casualties,12% Casualties,13% Casualties,14% Casualties,15% Casualties,16% Casualties,6% Casualties,8% Casualties,9% Casualties,10% Casualties,12% Casualties,13% Casualties,14% Casualties,15% Casualties,16% Casualties,6% Casualties,8% Casualties,9% Casualties,10% Casualties,12% Casualties,13% Casualties,14% Casualties,15% Casualties,16% Casualties,6% Casualties,8% Casualties,9% Casualties,10% Casualties,12% Casualties,13% Casualties,14% Casualties,15% Casualties,16% Casualties,7% Casualties,9% Casualties,10% Casualties,12% Casualties,13% Casualties,14% Casualties,15% Casualties,16% Casualties,17% Casualties,7% Casualties,8% Casualties,10% Casualties,11% Casualties,13% Casualties,14% Casualties,15% Casualties,16% Casualties,17% Casualties,7% Casualties,8% Casualties,10% Casualties,11% Casualties,13% Casualties,14% Casualties,15% Casualties,16% Casualties,17% Casualties,7% Casualties,9% Casualties,10% Casualties,12% Casualties,13% Casualties,14% Casualties,15% Casualties,16% Casualties,17% Casualties,7% Casualties,9% Casualties,10% Casualties,11% Casualties,13% Casualties,14% Casualties,15% Casualties,16% Casualties,17% Casualties,7% Casualties,9% Casualties,11% Casualties,12% Casualties,13% Casualties,15% Casualties,16% Casualties,17% Casualties,17% Casualties,7% Casualties,8% Casualties,10% Casualties,11% Casualties,12% Casualties,14% Casualties,15% Casualties,16% Casualties,16% Casualties,7% Casualties,8% Casualties,10% Casualties,11% Casualties,12% Casualties,14% Casualties,15% Casualties,15% Casualties,16% Casualties,7% Casualties,8% Casualties,10% Casualties,11% Casualties,13% Casualties,14% Casualties,15% Casualties,16% Casualties,16% Casualties,7% Casualties,8% Casualties,10% Casualties,11% Casualties,12% Casualties,14% Casualties,15% Casualties,16% Casualties,16% Casualties,7% Casualties,8% Casualties,10% Casualties,11% Casualties,12% Casualties,14% Casualties,15% Casualties,15% Casualties,17% Casualties,7% Casualties,9% Casualties,10% Casualties,12% Casualties,13% Casualties,14% Casualties,15% Casualties,16% Casualties,17% Casualties
70 CV // 20 RT,2% Casualties,2% Casualties,2% Casualties,3% Casualties,3% Casualties,4% Casualties,4% Casualties,5% Casualties,5% Casualties,2% Casualties,3% Casualties,3% Casualties,4% Casualties,4% Casualties,5% Casualties,6% Casualties,6% Casualties,7% Casualties,3% Casualties,4% Casualties,5% Casualties,6% Casualties,7% Casualties,7% Casualties,8% Casualties,9% Casualties,10% Casualties,4% Casualties,5% Casualties,6% Casualties,8% Casualties,9% Casualties,10% Casualties,11% Casualties,12% Casualties,13% Casualties,5% Casualties,6% Casualties,7% Casualties,8% Casualties,10% Casualties,11% Casualties,12% Casualties,13% Casualties,14% Casualties,6% Casualties,7% Casualties,8% Casualties,9% Casualties,11% Casualties,12% Casualties,13% Casualties,14% Casualties,15% Casualties,6% Casualties,8% Casualties,9% Casualties,11% Casualties,12% Casualties,13% Casualties,15% Casualties,16% Casualties,17% Casualties,6% Casualties,8% Casualties,9% Casualties,11% Casualties,12% Casualties,13% Casualties,15% Casualties,16% Casualties,17% Casualties,7% Casualties,9% Casualties,10% Casualties,12% Casualties,13% Casualties,15% Casualties,16% Casualties,18% Casualties,19% Casualties,7% Casualties,9% Casualties,10% Casualties,12% Casualties,14% Casualties,15% Casualties,16% Casualties,18% Casualties,19% Casualties,7% Casualties,9% Casualties,10% Casualties,12% Casualties,13% Casualties,15% Casualties,16% Casualties,17% Casualties,19% Casualties,7% Casualties,9% Casualties,10% Casualties,12% Casualties,13% Casualties,15% Casualties,16% Casualties,18% Casualties,19% Casualties,7% Casualties,9% Casualties,10% Casualties,12% Casualties,13% Casualties,15% Casualties,16% Casualties,17% Casualties,18% Casualties,8% Casualties,9% Casualties,11% Casualties,13% Casualties,15% Casualties,16% Casualties,18% Casualties,19% Casualties,21% Casualties,8% Casualties,10% Casualties,11% Casualties,13% Casualties,15% Casualties,16% Casualties,18% Casualties,19% Casualties,20% Casualties,8% Casualties,10% Casualties,11% Casualties,13% Casualties,15% Casualties,16% Casualties,18% Casualties,19% Casualties,20% Casualties,8% Casualties,9% Casualties,11% Casualties,13% Casualties,15% Casualties,16% Casualties,18% Casualties,19% Casualties,20% Casualties,8% Casualties,9% Casualties,11% Casualties,13% Casualties,15% Casualties,16% Casualties,18% Casualties,19% Casualties,20% Casualties,8% Casualties,10% Casualties,12% Casualties,14% Casualties,15% Casualties,17% Casualties,18% Casualties,20% Casualties,21% Casualties,8% Casualties,10% Casualties,11% Casualties,13% Casualties,15% Casualties,16% Casualties,18% Casualties,19% Casualties,20% Casualties,8% Casualties,10% Casualties,11% Casualties,13% Casualties,15% Casualties,16% Casualties,18% Casualties,19% Casualties,20% Casualties,8% Casualties,10% Casualties,12% Casualties,13% Casualties,15% Casualties,16% Casualties,18% Casualties,19% Casualties,20% Casualties,8% Casualties,9% Casualties,11% Casualties,13% Casualties,15% Casualties,16% Casualties,18% Casualties,19% Casualties,20% Casualties,8% Casualties,9% Casualties,11% Casualties,13% Casualties,15% Casualties,16% Casualties,18% Casualties,19% Casualties,20% Casualties,8% Casualties,10% Casualties,12% Casualties,14% Casualties,16% Casualties,17% Casualties,19% Casualties,20% Casualties,21% Casualties
70 CV // 10 RT,1% Casualties,2% Casualties,2% Casualties,3% Casualties,3% Casualties,4% Casualties,4% Casualties,5% Casualties,5% Casualties,2% Casualties,3% Casualties,3% Casualties,4% Casualties,5% Casualties,5% Casualties,6% Casualties,6% Casualties,7% Casualties,4% Casualties,4% Casualties,5% Casualties,6% Casualties,7% Casualties,8% Casualties,9% Casualties,10% Casualties,11% Casualties,5% Casualties,6% Casualties,7% Casualties,8% Casualties,10% Casualties,11% Casualties,12% Casualties,13% Casualties,14% Casualties,5% Casualties,7% Casualties,8% Casualties,9% Casualties,11% Casualties,12% Casualties,13% Casualties,15% Casualties,16% Casualties,6% Casualties,7% Casualties,9% Casualties,11% Casualties,12% Casualties,14% Casualties,15% Casualties,17% Casualties,18% Casualties,7% Casualties,8% Casualties,10% Casualties,12% Casualties,14% Casualties,16% Casualties,17% Casualties,19% Casualties,20% Casualties,7% Casualties,8% Casualties,10% Casualties,12% Casualties,13% Casualties,15% Casualties,17% Casualties,19% Casualties,20% Casualties,8% Casualties,10% Casualties,12% Casualties,13% Casualties,15% Casualties,17% Casualties,19% Casualties,21% Casualties,22% Casualties,8% Casualties,10% Casualties,11% Casualties,14% Casualties,15% Casualties,17% Casualties,19% Casualties,21% Casualties,22% Casualties,8% Casualties,9% Casualties,12% Casualties,13% Casualties,15% Casualties,17% Casualties,19% Casualties,21% Casualties,22% Casualties,8% Casualties,9% Casualties,12% Casualties,14% Casualties,15% Casualties,17% Casualties,19% Casualties,21% Casualties,22% Casualties,8% Casualties,10% Casualties,11% Casualties,14% Casualties,15% Casualties,17% Casualties,19% Casualties,21% Casualties,22% Casualties,9% Casualties,10% Casualties,13% Casualties,15% Casualties,17% Casualties,19% Casualties,21% Casualties,23% Casualties,24% Casualties,8% Casualties,11% Casualties,13% Casualties,15% Casualties,17% Casualties,19% Casualties,21% Casualties,22% Casualties,24% Casualties,8% Casualties,11% Casualties,13% Casualties,15% Casualties,17% Casualties,19% Casualties,21% Casualties,23% Casualties,25% Casualties,8% Casualties,11% Casualties,13% Casualties,15% Casualties,17% Casualties,19% Casualties,21% Casualties,23% Casualties,24% Casualties,8% Casualties,10% Casualties,13% Casualties,15% Casualties,17% Casualties,19% Casualties,21% Casualties,23% Casualties,25% Casualties,9% Casualties,11% Casualties,13% Casualties,16% Casualties,18% Casualties,20% Casualties,22% Casualties,24% Casualties,25% Casualties,9% Casualties,11% Casualties,14% Casualties,16% Casualties,18% Casualties,19% Casualties,22% Casualties,23% Casualties,25% Casualties,9% Casualties,11% Casualties,13% Casualties,16% Casualties,18% Casualties,20% Casualties,22% Casualties,24% Casualties,25% Casualties,9% Casualties,11% Casualties,13% Casualties,16% Casualties,18% Casualties,20% Casualties,22% Casualties,23% Casualties,25% Casualties,9% Casualties,11% Casualties,13% Casualties,16% Casualties,18% Casualties,20% Casualties,22% Casualties,23% Casualties,25% Casualties,9% Casualties,11% Casualties,13% Casualties,16% Casualties,18% Casualties,20% Casualties,22% Casualties,24% Casualties,25% Casualties,9% Casualties,12% Casualties,14% Casualties,16% Casualties,19% Casualties,21% Casualties,22% Casualties,24% Casualties,26% Casualties
70 CV // 0 RT,2% Casualties,2% Casualties,3% Casualties,3% Casualties,3% Casualties,4% Casualties,5% Casualties,5% Casualties,6% Casualties,2% Casualties,3% Casualties,3% Casualties,4% Casualties,5% Casualties,5% Casualties,6% Casualties,7% Casualties,8% Casualties,4% Casualties,5% Casualties,6% Casualties,7% Casualties,8% Casualties,9% Casualties,10% Casualties,11% Casualties,12% Casualties,5% Casualties,6% Casualties,8% Casualties,9% Casualties,10% Casualties,12% Casualties,13% Casualties,15% Casualties,16% Casualties,6% Casualties,7% Casualties,9% Casualties,11% Casualties,12% Casualties,14% Casualties,15% Casualties,17% Casualties,19% Casualties,7% Casualties,8% Casualties,10% Casualties,12% Casualties,14% Casualties,16% Casualties,18% Casualties,20% Casualties,21% Casualties,7% Casualties,9% Casualties,11% Casualties,14% Casualties,16% Casualties,18% Casualties,20% Casualties,22% Casualties,24% Casualties,7% Casualties,9% Casualties,11% Casualties,13% Casualties,16% Casualties,18% Casualties,20% Casualties,22% Casualties,24% Casualties,9% Casualties,11% Casualties,13% Casualties,15% Casualties,18% Casualties,20% Casualties,22% Casualties,25% Casualties,27% Casualties,8% Casualties,11% Casualties,13% Casualties,16% Casualties,18% Casualties,20% Casualties,22% Casualties,25% Casualties,27% Casualties,8% Casualties,11% Casualties,13% Casualties,15% Casualties,18% Casualties,20% Casualties,22% Casualties,24% Casualties,27% Casualties,8% Casualties,11% Casualties,13% Casualties,16% Casualties,18% Casualties,20% Casualties,22% Casualties,24% Casualties,27% Casualties,8% Casualties,11% Casualties,13% Casualties,16% Casualties,18% Casualties,20% Casualties,22% Casualties,25% Casualties,26% Casualties,10% Casualties,12% Casualties,15% Casualties,17% Casualties,20% Casualties,23% Casualties,25% Casualties,27% Casualties,29% Casualties,9% Casualties,12% Casualties,15% Casualties,18% Casualties,20% Casualties,22% Casualties,25% Casualties,27% Casualties,29% Casualties,9% Casualties,12% Casualties,14% Casualties,17% Casualties,20% Casualties,23% Casualties,25% Casualties,27% Casualties,29% Casualties,10% Casualties,12% Casualties,15% Casualties,17% Casualties,20% Casualties,22% Casualties,25% Casualties,27% Casualties,29% Casualties,9% Casualties,12% Casualties,15% Casualties,17% Casualties,20% Casualties,22% Casualties,25% Casualties,27% Casualties,29% Casualties,10% Casualties,13% Casualties,15% Casualties,18% Casualties,21% Casualties,24% Casualties,26% Casualties,29% Casualties,31% Casualties,10% Casualties,13% Casualties,16% Casualties,18% Casualties,21% Casualties,24% Casualties,26% Casualties,29% Casualties,31% Casualties,10% Casualties,13% Casualties,16% Casualties,18% Casualties,21% Casualties,24% Casualties,26% Casualties,29% Casualties,31% Casualties,10% Casualties,13% Casualties,16% Casualties,18% Casualties,21% Casualties,24% Casualties,27% Casualties,29% Casualties,31% Casualties,10% Casualties,13% Casualties,16% Casualties,18% Casualties,21% Casualties,24% Casualties,26% Casualties,28% Casualties,31% Casualties,10% Casualties,13% Casualties,15% Casualties,18% Casualties,21% Casualties,24% Casualties,26% Casualties,28% Casualties,31% Casualties,11% Casualties,14% Casualties,17% Casualties,20% Casualties,23% Casualties,25% Casualties,28% Casualties,30% Casualties,33% Casualties
75 CV // 80 RT,1% Casualties,2% Casualties,2% Casualties,2% Casualties,3% Casualties,3% Casualties,3% Casualties,4% Casualties,4% Casualties,2% Casualties,2% Casualties,3% Casualties,3% Casualties,3% Casualties,4% Casualties,4% Casualties,4% Casualties,4% Casualties,3% Casualties,3% Casualties,4% Casualties,4% Casualties,5% Casualties,5% Casualties,5% Casualties,6% Casualties,6% Casualties,4% Casualties,4% Casualties,5% Casualties,5% Casualties,5% Casualties,6% Casualties,6% Casualties,7% Casualties,7% Casualties,4% Casualties,5% Casualties,5% Casualties,6% Casualties,6% Casualties,6% Casualties,7% Casualties,7% Casualties,7% Casualties,4% Casualties,5% Casualties,5% Casualties,6% Casualties,7% Casualties,7% Casualties,7% Casualties,8% Casualties,8% Casualties,4% Casualties,5% Casualties,6% Casualties,6% Casualties,7% Casualties,7% Casualties,7% Casualties,8% Casualties,8% Casualties,5% Casualties,5% Casualties,6% Casualties,6% Casualties,7% Casualties,7% Casualties,8% Casualties,8% Casualties,8% Casualties,5% Casualties,5% Casualties,6% Casualties,6% Casualties,7% Casualties,7% Casualties,8% Casualties,8% Casualties,8% Casualties,5% Casualties,6% Casualties,6% Casualties,7% Casualties,8% Casualties,8% Casualties,8% Casualties,9% Casualties,9% Casualties,5% Casualties,6% Casualties,6% Casualties,7% Casualties,8% Casualties,8% Casualties,8% Casualties,9% Casualties,9% Casualties,5% Casualties,6% Casualties,6% Casualties,7% Casualties,8% Casualties,8% Casualties,8% Casualties,9% Casualties,9% Casualties,5% Casualties,6% Casualties,7% Casualties,7% Casualties,7% Casualties,8% Casualties,8% Casualties,9% Casualties,9% Casualties,5% Casualties,6% Casualties,6% Casualties,7% Casualties,8% Casualties,8% Casualties,8% Casualties,9% Casualties,9% Casualties,5% Casualties,6% Casualties,7% Casualties,7% Casualties,8% Casualties,8% Casualties,9% Casualties,9% Casualties,9% Casualties,5% Casualties,6% Casualties,7% Casualties,7% Casualties,8% Casualties,8% Casualties,9% Casualties,9% Casualties,9% Casualties,5% Casualties,6% Casualties,7% Casualties,7% Casualties,8% Casualties,8% Casualties,9% Casualties,9% Casualties,9% Casualties,5% Casualties,6% Casualties,7% Casualties,7% Casualties,8% Casualties,8% Casualties,9% Casualties,9% Casualties,9% Casualties,5% Casualties,6% Casualties,7% Casualties,7% Casualties,8% Casualties,8% Casualties,9% Casualties,9% Casualties,9% Casualties,4% Casualties,5% Casualties,5% Casualties,6% Casualties,6% Casualties,7% Casualties,7% Casualties,7% Casualties,7% Casualties,4% Casualties,5% Casualties,5% Casualties,6% Casualties,6% Casualties,7% Casualties,7% Casualties,7% Casualties,7% Casualties,4% Casualties,5% Casualties,5% Casualties,6% Casualties,6% Casualties,7% Casualties,7% Casualties,7% Casualties,7% Casualties,4% Casualties,5% Casualties,5% Casualties,6% Casualties,6% Casualties,7% Casualties,7% Casualties,7% Casualties,7% Casualties,4% Casualties,5% Casualties,5% Casualties,6% Casualties,6% Casualties,7% Casualties,7% Casualties,7% Casualties,7% Casualties,4% Casualties,5% Casualties,5% Casualties,6% Casualties,6% Casualties,7% Casualties,7% Casualties,7% Casualties,7% Casualties
75 CV // 70 RT,1% Casualties,2% Casualties,2% Casualties,2% Casualties,3% Casualties,3% Casualties,3% Casualties,4% Casualties,4% Casualties,2% Casualties,2% Casualties,3% Casualties,3% Casualties,4% Casualties,4% Casualties,4% Casualties,4% Casualties,5% Casualties,3% Casualties,3% Casualties,4% Casualties,4% Casualties,5% Casualties,5% Casualties,6% Casualties,6% Casualties,6% Casualties,4% Casualties,4% Casualties,5% Casualties,5% Casualties,6% Casualties,6% Casualties,7% Casualties,7% Casualties,7% Casualties,4% Casualties,5% Casualties,5% Casualties,6% Casualties,6% Casualties,7% Casualties,7% Casualties,8% Casualties,8% Casualties,4% Casualties,5% Casualties,6% Casualties,7% Casualties,7% Casualties,8% Casualties,8% Casualties,8% Casualties,9% Casualties,4% Casualties,5% Casualties,6% Casualties,6% Casualties,7% Casualties,7% Casualties,8% Casualties,8% Casualties,9% Casualties,5% Casualties,5% Casualties,6% Casualties,7% Casualties,7% Casualties,8% Casualties,8% Casualties,9% Casualties,9% Casualties,5% Casualties,6% Casualties,6% Casualties,7% Casualties,7% Casualties,8% Casualties,8% Casualties,9% Casualties,9% Casualties,5% Casualties,6% Casualties,7% Casualties,8% Casualties,8% Casualties,9% Casualties,9% Casualties,10% Casualties,10% Casualties,5% Casualties,6% Casualties,7% Casualties,8% Casualties,8% Casualties,9% Casualties,9% Casualties,9% Casualties,10% Casualties,5% Casualties,6% Casualties,7% Casualties,8% Casualties,8% Casualties,9% Casualties,9% Casualties,10% Casualties,10% Casualties,5% Casualties,6% Casualties,7% Casualties,8% Casualties,8% Casualties,9% Casualties,9% Casualties,10% Casualties,10% Casualties,5% Casualties,6% Casualties,7% Casualties,8% Casualties,8% Casualties,9% Casualties,9% Casualties,9% Casualties,10% Casualties,6% Casualties,6% Casualties,7% Casualties,8% Casualties,9% Casualties,9% Casualties,10% Casualties,10% Casualties,10% Casualties,6% Casualties,6% Casualties,7% Casualties,8% Casualties,9% Casualties,9% Casualties,10% Casualties,10% Casualties,10% Casualties,6% Casualties,6% Casualties,7% Casualties,8% Casualties,9% Casualties,9% Casualties,10% Casualties,10% Casualties,10% Casualties,6% Casualties,7% Casualties,7% Casualties,8% Casualties,9% Casualties,9% Casualties,10% Casualties,10% Casualties,10% Casualties,6% Casualties,6% Casualties,7% Casualties,8% Casualties,9% Casualties,9% Casualties,10% Casualties,10% Casualties,10% Casualties,5% Casualties,5% Casualties,6% Casualties,7% Casualties,7% Casualties,8% Casualties,8% Casualties,8% Casualties,8% Casualties,5% Casualties,5% Casualties,6% Casualties,7% Casualties,7% Casualties,8% Casualties,8% Casualties,8% Casualties,8% Casualties,5% Casualties,5% Casualties,6% Casualties,7% Casualties,7% Casualties,8% Casualties,8% Casualties,8% Casualties,8% Casualties,5% Casualties,5% Casualties,6% Casualties,7% Casualties,7% Casualties,8% Casualties,8% Casualties,8% Casualties,8% Casualties,5% Casualties,5% Casualties,6% Casualties,7% Casualties,7% Casualties,8% Casualties,8% Casualties,8% Casualties,8% Casualties,5% Casualties,5% Casualties,6% Casualties,7% Casualties,7% Casualties,8% Casualties,8% Casualties,8% Casualties,8% Casualties
75 CV // 60 RT,1% Casualties,2% Casualties,2% Casualties,2% Casualties,3% Casualties,3% Casualties,3% Casualties,4% Casualties,4% Casualties,2% Casualties,2% Casualties,3% Casualties,3% Casualties,4% Casualties,4% Casualties,4% Casualties,5% Casualties,5% Casualties,3% Casualties,4% Casualties,4% Casualties,5% Casualties,5% Casualties,6% Casualties,6% Casualties,6% Casualties,7% Casualties,4% Casualties,4% Casualties,5% Casualties,6% Casualties,6% Casualties,7% Casualties,7% Casualties,8% Casualties,8% Casualties,4% Casualties,5% Casualties,6% Casualties,6% Casualties,7% Casualties,7% Casualties,8% Casualties,8% Casualties,9% Casualties,5% Casualties,5% Casualties,6% Casualties,7% Casualties,8% Casualties,8% Casualties,9% Casualties,9% Casualties,10% Casualties,5% Casualties,5% Casualties,6% Casualties,7% Casualties,7% Casualties,8% Casualties,9% Casualties,9% Casualties,10% Casualties,5% Casualties,6% Casualties,7% Casualties,7% Casualties,8% Casualties,9% Casualties,9% Casualties,10% Casualties,10% Casualties,5% Casualties,6% Casualties,7% Casualties,7% Casualties,8% Casualties,9% Casualties,9% Casualties,10% Casualties,10% Casualties,5% Casualties,6% Casualties,7% Casualties,8% Casualties,9% Casualties,10% Casualties,10% Casualties,10% Casualties,11% Casualties,5% Casualties,6% Casualties,7% Casualties,8% Casualties,9% Casualties,9% Casualties,10% Casualties,11% Casualties,11% Casualties,5% Casualties,6% Casualties,7% Casualties,8% Casualties,9% Casualties,10% Casualties,10% Casualties,11% Casualties,11% Casualties,6% Casualties,6% Casualties,7% Casualties,8% Casualties,9% Casualties,9% Casualties,10% Casualties,11% Casualties,11% Casualties,5% Casualties,6% Casualties,7% Casualties,8% Casualties,9% Casualties,9% Casualties,10% Casualties,11% Casualties,11% Casualties,6% Casualties,7% Casualties,8% Casualties,9% Casualties,9% Casualties,10% Casualties,11% Casualties,11% Casualties,12% Casualties,6% Casualties,7% Casualties,8% Casualties,9% Casualties,9% Casualties,10% Casualties,11% Casualties,11% Casualties,11% Casualties,6% Casualties,7% Casualties,8% Casualties,9% Casualties,9% Casualties,10% Casualties,11% Casualties,11% Casualties,11% Casualties,6% Casualties,7% Casualties,8% Casualties,9% Casualties,9% Casualties,10% Casualties,11% Casualties,11% Casualties,12% Casualties,6% Casualties,7% Casualties,8% Casualties,9% Casualties,9% Casualties,10% Casualties,11% Casualties,11% Casualties,12% Casualties,5% Casualties,6% Casualties,7% Casualties,7% Casualties,8% Casualties,9% Casualties,9% Casualties,9% Casualties,10% Casualties,5% Casualties,6% Casualties,7% Casualties,8% Casualties,8% Casualties,9% Casualties,9% Casualties,9% Casualties,10% Casualties,5% Casualties,6% Casualties,7% Casualties,8% Casualties,8% Casualties,9% Casualties,9% Casualties,9% Casualties,10% Casualties,5% Casualties,6% Casualties,7% Casualties,7% Casualties,8% Casualties,9% Casualties,9% Casualties,9% Casualties,10% Casualties,5% Casualties,6% Casualties,7% Casualties,7% Casualties,8% Casualties,9% Casualties,9% Casualties,9% Casualties,10% Casualties,5% Casualties,6% Casualties,7% Casualties,8% Casualties,8% Casualties,9% Casualties,9% Casualties,9% Casualties,10% Casualties
75 CV // 50 RT,1% Casualties,2% Casualties,2% Casualties,2% Casualties,3% Casualties,3% Casualties,4% Casualties,4% Casualties,4% Casualties,2% Casualties,2% Casualties,3% Casualties,3% Casualties,4% Casualties,4% Casualties,5% Casualties,5% Casualties,5% Casualties,3% Casualties,4% Casualties,4% Casualties,5% Casualties,5% Casualties,6% Casualties,6% Casualties,7% Casualties,7% Casualties,4% Casualties,5% Casualties,5% Casualties,6% Casualties,7% Casualties,7% Casualties,8% Casualties,8% Casualties,9% Casualties,4% Casualties,5% Casualties,6% Casualties,7% Casualties,7% Casualties,8% Casualties,9% Casualties,9% Casualties,10% Casualties,5% Casualties,6% Casualties,6% Casualties,7% Casualties,8% Casualties,9% Casualties,9% Casualties,10% Casualties,10% Casualties,5% Casualties,6% Casualties,6% Casualties,7% Casualties,8% Casualties,9% Casualties,9% Casualties,10% Casualties,10% Casualties,5% Casualties,6% Casualties,7% Casualties,8% Casualties,9% Casualties,9% Casualties,10% Casualties,11% Casualties,11% Casualties,5% Casualties,6% Casualties,7% Casualties,8% Casualties,9% Casualties,9% Casualties,10% Casualties,11% Casualties,11% Casualties,6% Casualties,7% Casualties,8% Casualties,9% Casualties,10% Casualties,10% Casualties,11% Casualties,12% Casualties,12% Casualties,6% Casualties,7% Casualties,8% Casualties,9% Casualties,10% Casualties,10% Casualties,11% Casualties,12% Casualties,12% Casualties,6% Casualties,7% Casualties,8% Casualties,9% Casualties,10% Casualties,10% Casualties,11% Casualties,12% Casualties,12% Casualties,6% Casualties,7% Casualties,8% Casualties,9% Casualties,10% Casualties,11% Casualties,11% Casualties,12% Casualties,12% Casualties,6% Casualties,7% Casualties,8% Casualties,9% Casualties,10% Casualties,10% Casualties,11% Casualties,12% Casualties,12% Casualties,6% Casualties,7% Casualties,8% Casualties,9% Casualties,10% Casualties,11% Casualties,12% Casualties,12% Casualties,13% Casualties,6% Casualties,7% Casualties,8% Casualties,9% Casualties,10% Casualties,11% Casualties,12% Casualties,12% Casualties,13% Casualties,6% Casualties,7% Casualties,8% Casualties,9% Casualties,10% Casualties,11% Casualties,12% Casualties,12% Casualties,13% Casualties,6% Casualties,7% Casualties,8% Casualties,9% Casualties,10% Casualties,11% Casualties,12% Casualties,12% Casualties,13% Casualties,6% Casualties,7% Casualties,8% Casualties,9% Casualties,10% Casualties,11% Casualties,12% Casualties,12% Casualties,13% Casualties,5% Casualties,6% Casualties,8% Casualties,8% Casualties,9% Casualties,10% Casualties,10% Casualties,11% Casualties,11% Casualties,6% Casualties,6% Casualties,8% Casualties,8% Casualties,9% Casualties,10% Casualties,11% Casualties,11% Casualties,11% Casualties,6% Casualties,7% Casualties,8% Casualties,8% Casualties,9% Casualties,10% Casualties,11% Casualties,11% Casualties,11% Casualties,6% Casualties,7% Casualties,8% Casualties,9% Casualties,9% Casualties,10% Casualties,10% Casualties,11% Casualties,11% Casualties,6% Casualties,7% Casualties,8% Casualties,8% Casualties,9% Casualties,10% Casualties,11% Casualties,11% Casualties,11% Casualties,6% Casualties,7% Casualties,8% Casualties,8% Casualties,9% Casualties,10% Casualties,11% Casualties,11% Casualties,11% Casualties
75 CV // 40 RT,1% Casualties,2% Casualties,2% Casualties,2% Casualties,3% Casualties,3% Casualties,4% Casualties,4% Casualties,4% Casualties,2% Casualties,2% Casualties,3% Casualties,3% Casualties,4% Casualties,4% Casualties,5% Casualties,5% Casualties,6% Casualties,3% Casualties,4% Casualties,4% Casualties,5% Casualties,6% Casualties,6% Casualties,7% Casualties,7% Casualties,8% Casualties,4% Casualties,5% Casualties,6% Casualties,6% Casualties,7% Casualties,8% Casualties,9% Casualties,9% Casualties,10% Casualties,4% Casualties,5% Casualties,6% Casualties,7% Casualties,8% Casualties,9% Casualties,10% Casualties,10% Casualties,11% Casualties,5% Casualties,6% Casualties,7% Casualties,8% Casualties,9% Casualties,10% Casualties,10% Casualties,11% Casualties,12% Casualties,5% Casualties,6% Casualties,7% Casualties,8% Casualties,9% Casualties,10% Casualties,10% Casualties,11% Casualties,12% Casualties,5% Casualties,6% Casualties,7% Casualties,9% Casualties,10% Casualties,10% Casualties,11% Casualties,12% Casualties,13% Casualties,5% Casualties,6% Casualties,7% Casualties,9% Casualties,10% Casualties,10% Casualties,11% Casualties,12% Casualties,13% Casualties,6% Casualties,7% Casualties,8% Casualties,10% Casualties,11% Casualties,12% Casualties,12% Casualties,13% Casualties,14% Casualties,6% Casualties,7% Casualties,8% Casualties,10% Casualties,11% Casualties,12% Casualties,12% Casualties,13% Casualties,14% Casualties,6% Casualties,7% Casualties,8% Casualties,10% Casualties,11% Casualties,11% Casualties,12% Casualties,13% Casualties,14% Casualties,6% Casualties,7% Casualties,8% Casualties,10% Casualties,11% Casualties,11% Casualties,12% Casualties,13% Casualties,14% Casualties,6% Casualties,7% Casualties,8% Casualties,10% Casualties,11% Casualties,11% Casualties,12% Casualties,13% Casualties,14% Casualties,6% Casualties,8% Casualties,9% Casualties,10% Casualties,11% Casualties,12% Casualties,13% Casualties,14% Casualties,15% Casualties,6% Casualties,8% Casualties,9% Casualties,10% Casualties,11% Casualties,12% Casualties,13% Casualties,14% Casualties,15% Casualties,6% Casualties,8% Casualties,9% Casualties,10% Casualties,11% Casualties,12% Casualties,13% Casualties,14% Casualties,15% Casualties,6% Casualties,8% Casualties,9% Casualties,10% Casualties,11% Casualties,12% Casualties,13% Casualties,14% Casualties,15% Casualties,6% Casualties,8% Casualties,9% Casualties,10% Casualties,11% Casualties,12% Casualties,13% Casualties,14% Casualties,15% Casualties,6% Casualties,7% Casualties,8% Casualties,9% Casualties,10% Casualties,11% Casualties,12% Casualties,13% Casualties,13% Casualties,6% Casualties,7% Casualties,9% Casualties,10% Casualties,11% Casualties,11% Casualties,12% Casualties,13% Casualties,14% Casualties,6% Casualties,7% Casualties,9% Casualties,10% Casualties,11% Casualties,12% Casualties,12% Casualties,13% Casualties,14% Casualties,6% Casualties,7% Casualties,9% Casualties,10% Casualties,11% Casualties,12% Casualties,12% Casualties,13% Casualties,13% Casualties,6% Casualties,8% Casualties,9% Casualties,10% Casualties,11% Casualties,12% Casualties,12% Casualties,13% Casualties,14% Casualties,6% Casualties,7% Casualties,9% Casualties,10% Casualties,11% Casualties,11% Casualties,12% Casualties,13% Casualties,14% Casualties
75 CV // 30 RT,1% Casualties,2% Casualties,2% Casualties,3% Casualties,3% Casualties,3% Casualties,4% Casualties,4% Casualties,4% Casualties,2% Casualties,2% Casualties,3% Casualties,4% Casualties,4% Casualties,5% Casualties,5% Casualties,6% Casualties,6% Casualties,3% Casualties,4% Casualties,5% Casualties,5% Casualties,6% Casualties,7% Casualties,8% Casualties,8% Casualties,9% Casualties,4% Casualties,5% Casualties,6% Casualties,7% Casualties,8% Casualties,9% Casualties,10% Casualties,10% Casualties,11% Casualties,5% Casualties,6% Casualties,7% Casualties,8% Casualties,9% Casualties,9% Casualties,10% Casualties,11% Casualties,12% Casualties,5% Casualties,6% Casualties,7% Casualties,9% Casualties,10% Casualties,11% Casualties,12% Casualties,12% Casualties,13% Casualties,5% Casualties,6% Casualties,7% Casualties,9% Casualties,10% Casualties,11% Casualties,12% Casualties,13% Casualties,13% Casualties,6% Casualties,7% Casualties,8% Casualties,9% Casualties,10% Casualties,12% Casualties,13% Casualties,14% Casualties,15% Casualties,6% Casualties,7% Casualties,8% Casualties,9% Casualties,11% Casualties,12% Casualties,13% Casualties,14% Casualties,14% Casualties,6% Casualties,8% Casualties,9% Casualties,10% Casualties,12% Casualties,13% Casualties,14% Casualties,15% Casualties,16% Casualties,7% Casualties,8% Casualties,9% Casualties,11% Casualties,12% Casualties,13% Casualties,14% Casualties,15% Casualties,16% Casualties,6% Casualties,8% Casualties,9% Casualties,11% Casualties,12% Casualties,13% Casualties,14% Casualties,15% Casualties,16% Casualties,6% Casualties,8% Casualties,9% Casualties,11% Casualties,12% Casualties,13% Casualties,14% Casualties,15% Casualties,16% Casualties,6% Casualties,8% Casualties,9% Casualties,11% Casualties,12% Casualties,13% Casualties,14% Casualties,15% Casualties,16% Casualties,7% Casualties,8% Casualties,10% Casualties,11% Casualties,13% Casualties,14% Casualties,15% Casualties,16% Casualties,17% Casualties,7% Casualties,8% Casualties,10% Casualties,12% Casualties,13% Casualties,14% Casualties,15% Casualties,16% Casualties,17% Casualties,7% Casualties,8% Casualties,10% Casualties,12% Casualties,13% Casualties,14% Casualties,15% Casualties,16% Casualties,17% Casualties,7% Casualties,9% Casualties,10% Casualties,12% Casualties,13% Casualties,14% Casualties,15% Casualties,16% Casualties,17% Casualties,7% Casualties,8% Casualties,10% Casualties,11% Casualties,13% Casualties,14% Casualties,15% Casualties,16% Casualties,17% Casualties,7% Casualties,8% Casualties,9% Casualties,11% Casualties,12% Casualties,13% Casualties,14% Casualties,15% Casualties,16% Casualties,7% Casualties,8% Casualties,10% Casualties,11% Casualties,12% Casualties,14% Casualties,15% Casualties,15% Casualties,16% Casualties,7% Casualties,8% Casualties,10% Casualties,11% Casualties,13% Casualties,14% Casualties,15% Casualties,16% Casualties,16% Casualties,7% Casualties,8% Casualties,10% Casualties,11% Casualties,12% Casualties,14% Casualties,14% Casualties,15% Casualties,17% Casualties,7% Casualties,8% Casualties,10% Casualties,11% Casualties,12% Casualties,14% Casualties,15% Casualties,15% Casualties,16% Casualties,7% Casualties,9% Casualties,10% Casualties,11% Casualties,13% Casualties,14% Casualties,14% Casualties,16% Casualties,16% Casualties
75 CV // 20 RT,1% Casualties,2% Casualties,2% Casualties,3% Casualties,3% Casualties,3% Casualties,4% Casualties,4% Casualties,5% Casualties,2% Casualties,3% Casualties,3% Casualties,4% Casualties,4% Casualties,5% Casualties,5% Casualties,6% Casualties,6% Casualties,3% Casualties,4% Casualties,5% Casualties,6% Casualties,7% Casualties,7% Casualties,8% Casualties,9% Casualties,10% Casualties,4% Casualties,5% Casualties,6% Casualties,8% Casualties,9% Casualties,10% Casualties,11% Casualties,12% Casualties,13% Casualties,5% Casualties,6% Casualties,7% Casualties,8% Casualties,10% Casualties,11% Casualties,12% Casualties,13% Casualties,14% Casualties,5% Casualties,7% Casualties,8% Casualties,9% Casualties,11% Casualties,12% Casualties,13% Casualties,15% Casualties,15% Casualties,6% Casualties,7% Casualties,8% Casualties,9% Casualties,11% Casualties,12% Casualties,13% Casualties,14% Casualties,16% Casualties,6% Casualties,8% Casualties,9% Casualties,10% Casualties,12% Casualties,13% Casualties,15% Casualties,16% Casualties,17% Casualties,6% Casualties,8% Casualties,9% Casualties,11% Casualties,12% Casualties,13% Casualties,15% Casualties,16% Casualties,17% Casualties,7% Casualties,8% Casualties,10% Casualties,12% Casualties,13% Casualties,15% Casualties,16% Casualties,18% Casualties,19% Casualties,7% Casualties,8% Casualties,10% Casualties,12% Casualties,13% Casualties,15% Casualties,16% Casualties,17% Casualties,19% Casualties,7% Casualties,9% Casualties,10% Casualties,12% Casualties,14% Casualties,15% Casualties,16% Casualties,17% Casualties,19% Casualties,7% Casualties,8% Casualties,10% Casualties,12% Casualties,14% Casualties,15% Casualties,16% Casualties,17% Casualties,19% Casualties,7% Casualties,9% Casualties,10% Casualties,12% Casualties,13% Casualties,15% Casualties,16% Casualties,17% Casualties,19% Casualties,8% Casualties,10% Casualties,11% Casualties,13% Casualties,15% Casualties,16% Casualties,18% Casualties,19% Casualties,20% Casualties,8% Casualties,9% Casualties,11% Casualties,13% Casualties,15% Casualties,16% Casualties,18% Casualties,19% Casualties,21% Casualties,8% Casualties,10% Casualties,11% Casualties,13% Casualties,15% Casualties,16% Casualties,18% Casualties,19% Casualties,20% Casualties,7% Casualties,9% Casualties,12% Casualties,13% Casualties,15% Casualties,16% Casualties,18% Casualties,19% Casualties,20% Casualties,8% Casualties,9% Casualties,11% Casualties,13% Casualties,14% Casualties,16% Casualties,18% Casualties,19% Casualties,20% Casualties,7% Casualties,9% Casualties,11% Casualties,13% Casualties,14% Casualties,15% Casualties,17% Casualties,18% Casualties,20% Casualties,8% Casualties,10% Casualties,11% Casualties,13% Casualties,15% Casualties,16% Casualties,18% Casualties,19% Casualties,20% Casualties,8% Casualties,10% Casualties,11% Casualties,13% Casualties,15% Casualties,16% Casualties,18% Casualties,19% Casualties,20% Casualties,8% Casualties,9% Casualties,11% Casualties,13% Casualties,15% Casualties,16% Casualties,18% Casualties,19% Casualties,20% Casualties,8% Casualties,10% Casualties,11% Casualties,13% Casualties,15% Casualties,16% Casualties,18% Casualties,19% Casualties,20% Casualties,8% Casualties,10% Casualties,11% Casualties,13% Casualties,15% Casualties,16% Casualties,17% Casualties,19% Casualties,20% Casualties
75 CV // 10 RT,1% Casualties,2% Casualties,2% Casualties,3% Casualties,3% Casualties,3% Casualties,4% Casualties,4% Casualties,5% Casualties,2% Casualties,3% Casualties,3% Casualties,4% Casualties,5% Casualties,5% Casualties,6% Casualties,7% Casualties,7% Casualties,4% Casualties,5% Casualties,5% Casualties,6% Casualties,7% Casualties,8% Casualties,9% Casualties,10% Casualties,11% Casualties,5% Casualties,6% Casualties,7% Casualties,8% Casualties,9% Casualties,11% Casualties,12% Casualties,13% Casualties,14% Casualties,5% Casualties,7% Casualties,8% Casualties,9% Casualties,11% Casualties,12% Casualties,13% Casualties,15% Casualties,16% Casualties,6% Casualties,7% Casualties,9% Casualties,11% Casualties,12% Casualties,14% Casualties,15% Casualties,17% Casualties,18% Casualties,6% Casualties,8% Casualties,9% Casualties,10% Casualties,12% Casualties,13% Casualties,15% Casualties,17% Casualties,18% Casualties,7% Casualties,8% Casualties,10% Casualties,12% Casualties,14% Casualties,15% Casualties,17% Casualties,18% Casualties,20% Casualties,7% Casualties,8% Casualties,10% Casualties,12% Casualties,14% Casualties,15% Casualties,17% Casualties,18% Casualties,20% Casualties,8% Casualties,10% Casualties,12% Casualties,14% Casualties,15% Casualties,17% Casualties,19% Casualties,21% Casualties,22% Casualties,8% Casualties,10% Casualties,11% Casualties,14% Casualties,15% Casualties,17% Casualties,19% Casualties,21% Casualties,22% Casualties,8% Casualties,9% Casualties,12% Casualties,14% Casualties,15% Casualties,17% Casualties,19% Casualties,21% Casualties,22% Casualties,8% Casualties,9% Casualties,11% Casualties,13% Casualties,15% Casualties,17% Casualties,19% Casualties,21% Casualties,22% Casualties,8% Casualties,9% Casualties,12% Casualties,13% Casualties,15% Casualties,17% Casualties,19% Casualties,21% Casualties,22% Casualties,9% Casualties,11% Casualties,13% Casualties,15% Casualties,17% Casualties,19% Casualties,21% Casualties,23% Casualties,24% Casualties,9% Casualties,11% Casualties,13% Casualties,15% Casualties,17% Casualties,19% Casualties,21% Casualties,23% Casualties,25% Casualties,8% Casualties,11% Casualties,13% Casualties,15% Casualties,17% Casualties,19% Casualties,21% Casualties,23% Casualties,25% Casualties,8% Casualties,10% Casualties,13% Casualties,15% Casualties,17% Casualties,19% Casualties,21% Casualties,23% Casualties,25% Casualties,8% Casualties,11% Casualties,13% Casualties,15% Casualties,17% Casualties,19% Casualties,21% Casualties,23% Casualties,24% Casualties,8% Casualties,11% Casualties,12% Casualties,15% Casualties,17% Casualties,19% Casualties,20% Casualties,23% Casualties,24% Casualties,9% Casualties,11% Casualties,13% Casualties,16% Casualties,18% Casualties,20% Casualties,22% Casualties,23% Casualties,25% Casualties,9% Casualties,11% Casualties,13% Casualties,16% Casualties,18% Casualties,20% Casualties,22% Casualties,23% Casualties,25% Casualties,9% Casualties,11% Casualties,14% Casualties,16% Casualties,18% Casualties,20% Casualties,22% Casualties,24% Casualties,25% Casualties,9% Casualties,11% Casualties,13% Casualties,16% Casualties,18% Casualties,20% Casualties,22% Casualties,23% Casualties,25% Casualties,9% Casualties,11% Casualties,14% Casualties,16% Casualties,18% Casualties,20% Casualties,22% Casualties,23% Casualties,25% Casualties
75 CV // 0 RT,1% Casualties,2% Casualties,2% Casualties,3% Casualties,3% Casualties,4% Casualties,4% Casualties,4% Casualties,5% Casualties,2% Casualties,3% Casualties,4% Casualties,4% Casualties,5% Casualties,6% Casualties,6% Casualties,7% Casualties,8% Casualties,4% Casualties,5% Casualties,6% Casualties,7% Casualties,8% Casualties,9% Casualties,10% Casualties,11% Casualties,13% Casualties,5% Casualties,6% Casualties,8% Casualties,9% Casualties,11% Casualties,12% Casualties,13% Casualties,15% Casualties,16% Casualties,6% Casualties,7% Casualties,9% Casualties,10% Casualties,12% Casualties,14% Casualties,16% Casualties,17% Casualties,19% Casualties,6% Casualties,8% Casualties,10% Casualties,12% Casualties,14% Casualties,16% Casualties,18% Casualties,19% Casualties,21% Casualties,6% Casualties,8% Casualties,10% Casualties,12% Casualties,14% Casualties,15% Casualties,17% Casualties,19% Casualties,21% Casualties,7% Casualties,9% Casualties,11% Casualties,14% Casualties,16% Casualties,18% Casualties,20% Casualties,22% Casualties,24% Casualties,7% Casualties,9% Casualties,11% Casualties,14% Casualties,16% Casualties,18% Casualties,20% Casualties,22% Casualties,24% Casualties,8% Casualties,11% Casualties,13% Casualties,15% Casualties,18% Casualties,20% Casualties,22% Casualties,25% Casualties,26% Casualties,8% Casualties,11% Casualties,13% Casualties,16% Casualties,17% Casualties,20% Casualties,23% Casualties,24% Casualties,26% Casualties,8% Casualties,11% Casualties,13% Casualties,15% Casualties,18% Casualties,20% Casualties,22% Casualties,24% Casualties,26% Casualties,9% Casualties,10% Casualties,13% Casualties,15% Casualties,18% Casualties,20% Casualties,22% Casualties,24% Casualties,27% Casualties,8% Casualties,11% Casualties,13% Casualties,15% Casualties,18% Casualties,20% Casualties,23% Casualties,25% Casualties,27% Casualties,9% Casualties,12% Casualties,15% Casualties,17% Casualties,20% Casualties,22% Casualties,25% Casualties,28% Casualties,29% Casualties,9% Casualties,12% Casualties,14% Casualties,17% Casualties,20% Casualties,22% Casualties,25% Casualties,27% Casualties,29% Casualties,9% Casualties,12% Casualties,15% Casualties,17% Casualties,20% Casualties,23% Casualties,25% Casualties,27% Casualties,29% Casualties,10% Casualties,12% Casualties,15% Casualties,17% Casualties,20% Casualties,23% Casualties,25% Casualties,27% Casualties,29% Casualties,9% Casualties,12% Casualties,15% Casualties,17% Casualties,20% Casualties,22% Casualties,25% Casualties,27% Casualties,30% Casualties,9% Casualties,12% Casualties,15% Casualties,17% Casualties,20% Casualties,23% Casualties,25% Casualties,27% Casualties,30% Casualties,10% Casualties,13% Casualties,16% Casualties,18% Casualties,21% Casualties,24% Casualties,26% Casualties,29% Casualties,31% Casualties,10% Casualties,13% Casualties,16% Casualties,19% Casualties,21% Casualties,24% Casualties,26% Casualties,28% Casualties,31% Casualties,10% Casualties,13% Casualties,15% Casualties,18% Casualties,21% Casualties,24% Casualties,27% Casualties,28% Casualties,31% Casualties,10% Casualties,13% Casualties,16% Casualties,18% Casualties,21% Casualties,24% Casualties,26% Casualties,28% Casualties,31% Casualties,10% Casualties,13% Casualties,15% Casualties,19% Casualties,21% Casualties,24% Casualties,26% Casualties,29% Casualties,31% Casualties
80 CV // 80 RT,1% Casualties,2% Casualties,2% Casualties,2% Casualties,3% Casualties,3% Casualties,3% Casualties,3% Casualties,4% Casualties,2% Casualties,2% Casualties,3% Casualties,3% Casualties,3% Casualties,4% Casualties,4% Casualties,4% Casualties,4% Casualties,3% Casualties,3% Casualties,3% Casualties,4% Casualties,4% Casualties,4% Casualties,5% Casualties,5% Casualties,5% Casualties,3% Casualties,4% Casualties,4% Casualties,5% Casualties,5% Casualties,5% Casualties,6% Casualties,6% Casualties,6% Casualties,4% Casualties,4% Casualties,5% Casualties,5% Casualties,6% Casualties,6% Casualties,6% Casualties,6% Casualties,7% Casualties,4% Casualties,5% Casualties,5% Casualties,6% Casualties,6% Casualties,6% Casualties,7% Casualties,7% Casualties,7% Casualties,4% Casualties,5% Casualties,5% Casualties,6% Casualties,6% Casualties,7% Casualties,7% Casualties,8% Casualties,8% Casualties,5% Casualties,5% Casualties,6% Casualties,7% Casualties,7% Casualties,7% Casualties,8% Casualties,8% Casualties,8% Casualties,5% Casualties,5% Casualties,6% Casualties,7% Casualties,7% Casualties,7% Casualties,8% Casualties,8% Casualties,8% Casualties,5% Casualties,5% Casualties,6% Casualties,7% Casualties,7% Casualties,7% Casualties,8% Casualties,8% Casualties,8% Casualties,5% Casualties,6% Casualties,6% Casualties,7% Casualties,8% Casualties,8% Casualties,8% Casualties,9% Casualties,9% Casualties,5% Casualties,6% Casualties,6% Casualties,7% Casualties,8% Casualties,8% Casualties,8% Casualties,9% Casualties,9% Casualties,5% Casualties,6% Casualties,6% Casualties,7% Casualties,8% Casualties,8% Casualties,8% Casualties,9% Casualties,9% Casualties,5% Casualties,6% Casualties,7% Casualties,7% Casualties,8% Casualties,8% Casualties,8% Casualties,9% Casualties,9% Casualties,5% Casualties,6% Casualties,6% Casualties,7% Casualties,8% Casualties,8% Casualties,8% Casualties,9% Casualties,9% Casualties,5% Casualties,6% Casualties,7% Casualties,7% Casualties,8% Casualties,8% Casualties,9% Casualties,9% Casualties,9% Casualties,5% Casualties,6% Casualties,7% Casualties,7% Casualties,8% Casualties,8% Casualties,9% Casualties,9% Casualties,9% Casualties,5% Casualties,6% Casualties,7% Casualties,7% Casualties,8% Casualties,8% Casualties,9% Casualties,9% Casualties,9% Casualties,5% Casualties,6% Casualties,7% Casualties,7% Casualties,8% Casualties,8% Casualties,9% Casualties,9% Casualties,9% Casualties,4% Casualties,5% Casualties,5% Casualties,6% Casualties,6% Casualties,7% Casualties,7% Casualties,7% Casualties,7% Casualties,4% Casualties,5% Casualties,5% Casualties,6% Casualties,6% Casualties,7% Casualties,7% Casualties,7% Casualties,7% Casualties,4% Casualties,5% Casualties,6% Casualties,6% Casualties,6% Casualties,7% Casualties,7% Casualties,7% Casualties,7% Casualties,4% Casualties,5% Casualties,5% Casualties,6% Casualties,6% Casualties,7% Casualties,7% Casualties,7% Casualties,7% Casualties,4% Casualties,5% Casualties,5% Casualties,6% Casualties,6% Casualties,7% Casualties,7% Casualties,7% Casualties,7% Casualties,4% Casualties,5% Casualties,5% Casualties,6% Casualties,6% Casualties,7% Casualties,7% Casualties,7% Casualties,7% Casualties
80 CV // 70 RT,1% Casualties,2% Casualties,2% Casualties,2% Casualties,3% Casualties,3% Casualties,3% Casualties,4% Casualties,4% Casualties,2% Casualties,2% Casualties,3% Casualties,3% Casualties,3% Casualties,4% Casualties,4% Casualties,4% Casualties,5% Casualties,3% Casualties,3% Casualties,4% Casualties,4% Casualties,4% Casualties,5% Casualties,5% Casualties,5% Casualties,6% Casualties,3% Casualties,4% Casualties,4% Casualties,5% Casualties,5% Casualties,6% Casualties,6% Casualties,7% Casualties,7% Casualties,4% Casualties,4% Casualties,5% Casualties,5% Casualties,6% Casualties,6% Casualties,7% Casualties,7% Casualties,7% Casualties,4% Casualties,5% Casualties,5% Casualties,6% Casualties,6% Casualties,7% Casualties,7% Casualties,8% Casualties,8% Casualties,4% Casualties,5% Casualties,6% Casualties,6% Casualties,7% Casualties,7% Casualties,8% Casualties,8% Casualties,9% Casualties,5% Casualties,6% Casualties,6% Casualties,7% Casualties,7% Casualties,8% Casualties,8% Casualties,9% Casualties,9% Casualties,5% Casualties,5% Casualties,6% Casualties,7% Casualties,8% Casualties,8% Casualties,8% Casualties,9% Casualties,9% Casualties,5% Casualties,6% Casualties,6% Casualties,7% Casualties,8% Casualties,8% Casualties,9% Casualties,9% Casualties,9% Casualties,5% Casualties,6% Casualties,7% Casualties,8% Casualties,8% Casualties,9% Casualties,9% Casualties,10% Casualties,10% Casualties,5% Casualties,6% Casualties,7% Casualties,8% Casualties,8% Casualties,9% Casualties,9% Casualties,10% Casualties,10% Casualties,5% Casualties,6% Casualties,7% Casualties,8% Casualties,8% Casualties,9% Casualties,9% Casualties,10% Casualties,10% Casualties,5% Casualties,6% Casualties,7% Casualties,8% Casualties,8% Casualties,9% Casualties,9% Casualties,10% Casualties,10% Casualties,5% Casualties,6% Casualties,7% Casualties,8% Casualties,8% Casualties,9% Casualties,9% Casualties,10% Casualties,10% Casualties,6% Casualties,6% Casualties,7% Casualties,8% Casualties,9% Casualties,9% Casualties,10% Casualties,10% Casualties,10% Casualties,5% Casualties,6% Casualties,7% Casualties,8% Casualties,9% Casualties,9% Casualties,10% Casualties,10% Casualties,10% Casualties,5% Casualties,6% Casualties,7% Casualties,8% Casualties,9% Casualties,9% Casualties,10% Casualties,10% Casualties,10% Casualties,6% Casualties,6% Casualties,7% Casualties,8% Casualties,9% Casualties,9% Casualties,10% Casualties,10% Casualties,10% Casualties,5% Casualties,5% Casualties,6% Casualties,7% Casualties,7% Casualties,8% Casualties,8% Casualties,8% Casualties,8% Casualties,5% Casualties,5% Casualties,6% Casualties,7% Casualties,7% Casualties,8% Casualties,8% Casualties,8% Casualties,9% Casualties,5% Casualties,5% Casualties,6% Casualties,7% Casualties,7% Casualties,8% Casualties,8% Casualties,8% Casualties,8% Casualties,5% Casualties,5% Casualties,6% Casualties,7% Casualties,7% Casualties,8% Casualties,8% Casualties,8% Casualties,9% Casualties,5% Casualties,5% Casualties,6% Casualties,7% Casualties,7% Casualties,8% Casualties,8% Casualties,8% Casualties,9% Casualties,5% Casualties,5% Casualties,6% Casualties,7% Casualties,7% Casualties,8% Casualties,8% Casualties,8% Casualties,8% Casualties
80 CV // 60 RT,1% Casualties,2% Casualties,2% Casualties,2% Casualties,3% Casualties,3% Casualties,3% Casualties,4% Casualties,4% Casualties,2% Casualties,2% Casualties,3% Casualties,3% Casualties,3% Casualties,4% Casualties,4% Casualties,5% Casualties,5% Casualties,3% Casualties,3% Casualties,4% Casualties,4% Casualties,5% Casualties,5% Casualties,6% Casualties,6% Casualties,6% Casualties,3% Casualties,4% Casualties,5% Casualties,5% Casualties,6% Casualties,6% Casualties,7% Casualties,7% Casualties,7% Casualties,4% Casualties,4% Casualties,5% Casualties,6% Casualties,6% Casualties,7% Casualties,7% Casualties,8% Casualties,8% Casualties,4% Casualties,5% Casualties,6% Casualties,6% Casualties,7% Casualties,7% Casualties,8% Casualties,8% Casualties,9% Casualties,5% Casualties,5% Casualties,6% Casualties,7% Casualties,7% Casualties,8% Casualties,8% Casualties,9% Casualties,9% Casualties,5% Casualties,6% Casualties,7% Casualties,7% Casualties,8% Casualties,9% Casualties,9% Casualties,10% Casualties,10% Casualties,5% Casualties,6% Casualties,7% Casualties,7% Casualties,8% Casualties,9% Casualties,9% Casualties,10% Casualties,10% Casualties,5% Casualties,6% Casualties,7% Casualties,7% Casualties,8% Casualties,9% Casualties,9% Casualties,10% Casualties,10% Casualties,5% Casualties,7% Casualties,7% Casualties,8% Casualties,9% Casualties,9% Casualties,10% Casualties,11% Casualties,11% Casualties,5% Casualties,7% Casualties,7% Casualties,8% Casualties,9% Casualties,10% Casualties,10% Casualties,11% Casualties,11% Casualties,5% Casualties,6% Casualties,7% Casualties,8% Casualties,9% Casualties,10% Casualties,10% Casualties,11% Casualties,11% Casualties,5% Casualties,6% Casualties,7% Casualties,8% Casualties,9% Casualties,10% Casualties,10% Casualties,11% Casualties,11% Casualties,6% Casualties,6% Casualties,7% Casualties,8% Casualties,9% Casualties,10% Casualties,10% Casualties,11% Casualties,11% Casualties,6% Casualties,7% Casualties,8% Casualties,9% Casualties,9% Casualties,10% Casualties,11% Casualties,11% Casualties,11% Casualties,6% Casualties,7% Casualties,8% Casualties,9% Casualties,9% Casualties,10% Casualties,11% Casualties,11% Casualties,11% Casualties,6% Casualties,7% Casualties,8% Casualties,9% Casualties,9% Casualties,10% Casualties,11% Casualties,11% Casualties,12% Casualties,6% Casualties,7% Casualties,8% Casualties,9% Casualties,9% Casualties,10% Casualties,11% Casualties,11% Casualties,11% Casualties,5% Casualties,6% Casualties,7% Casualties,7% Casualties,8% Casualties,8% Casualties,9% Casualties,10% Casualties,10% Casualties,5% Casualties,6% Casualties,7% Casualties,7% Casualties,8% Casualties,9% Casualties,9% Casualties,9% Casualties,10% Casualties,5% Casualties,6% Casualties,7% Casualties,7% Casualties,8% Casualties,9% Casualties,9% Casualties,9% Casualties,10% Casualties,5% Casualties,6% Casualties,7% Casualties,7% Casualties,8% Casualties,9% Casualties,9% Casualties,9% Casualties,10% Casualties,5% Casualties,6% Casualties,7% Casualties,8% Casualties,8% Casualties,9% Casualties,9% Casualties,10% Casualties,10% Casualties,5% Casualties,6% Casualties,7% Casualties,7% Casualties,8% Casualties,9% Casualties,9% Casualties,9% Casualties,10% Casualties
80 CV // 50 RT,1% Casualties,2% Casualties,2% Casualties,2% Casualties,3% Casualties,3% Casualties,3% Casualties,4% Casualties,4% Casualties,2% Casualties,2% Casualties,3% Casualties,3% Casualties,4% Casualties,4% Casualties,4% Casualties,5% Casualties,5% Casualties,3% Casualties,3% Casualties,4% Casualties,4% Casualties,5% Casualties,5% Casualties,6% Casualties,6% Casualties,7% Casualties,4% Casualties,4% Casualties,5% Casualties,5% Casualties,6% Casualties,7% Casualties,7% Casualties,8% Casualties,8% Casualties,4% Casualties,5% Casualties,5% Casualties,6% Casualties,7% Casualties,7% Casualties,8% Casualties,8% Casualties,9% Casualties,4% Casualties,5% Casualties,6% Casualties,7% Casualties,7% Casualties,8% Casualties,9% Casualties,9% Casualties,10% Casualties,5% Casualties,6% Casualties,6% Casualties,7% Casualties,8% Casualties,9% Casualties,10% Casualties,10% Casualties,10% Casualties,5% Casualties,6% Casualties,7% Casualties,8% Casualties,9% Casualties,10% Casualties,10% Casualties,11% Casualties,11% Casualties,5% Casualties,6% Casualties,7% Casualties,8% Casualties,9% Casualties,10% Casualties,10% Casualties,11% Casualties,11% Casualties,5% Casualties,6% Casualties,7% Casualties,8% Casualties,9% Casualties,10% Casualties,10% Casualties,11% Casualties,11% Casualties,6% Casualties,7% Casualties,8% Casualties,9% Casualties,10% Casualties,10% Casualties,11% Casualties,12% Casualties,12% Casualties,6% Casualties,7% Casualties,8% Casualties,9% Casualties,10% Casualties,10% Casualties,11% Casualties,12% Casualties,12% Casualties,6% Casualties,7% Casualties,8% Casualties,9% Casualties,10% Casualties,10% Casualties,11% Casualties,12% Casualties,12% Casualties,6% Casualties,7% Casualties,8% Casualties,9% Casualties,9% Casualties,11% Casualties,11% Casualties,12% Casualties,12% Casualties,6% Casualties,7% Casualties,8% Casualties,9% Casualties,10% Casualties,10% Casualties,11% Casualties,12% Casualties,12% Casualties,6% Casualties,7% Casualties,8% Casualties,9% Casualties,10% Casualties,11% Casualties,12% Casualties,12% Casualties,13% Casualties,6% Casualties,7% Casualties,8% Casualties,9% Casualties,10% Casualties,11% Casualties,12% Casualties,12% Casualties,13% Casualties,6% Casualties,7% Casualties,8% Casualties,9% Casualties,10% Casualties,11% Casualties,12% Casualties,12% Casualties,13% Casualties,6% Casualties,7% Casualties,8% Casualties,9% Casualties,10% Casualties,11% Casualties,12% Casualties,12% Casualties,13% Casualties,6% Casualties,7% Casualties,7% Casualties,8% Casualties,9% Casualties,10% Casualties,10% Casualties,11% Casualties,11% Casualties,5% Casualties,6% Casualties,7% Casualties,8% Casualties,9% Casualties,10% Casualties,10% Casualties,11% Casualties,11% Casualties,6% Casualties,7% Casualties,8% Casualties,9% Casualties,9% Casualties,10% Casualties,11% Casualties,11% Casualties,12% Casualties,6% Casualties,7% Casualties,8% Casualties,8% Casualties,9% Casualties,10% Casualties,10% Casualties,11% Casualties,11% Casualties,6% Casualties,7% Casualties,8% Casualties,9% Casualties,9% Casualties,10% Casualties,10% Casualties,11% Casualties,12% Casualties,6% Casualties,7% Casualties,8% Casualties,9% Casualties,9% Casualties,10% Casualties,10% Casualties,11% Casualties,11% Casualties
80 CV // 40 RT,1% Casualties,2% Casualties,2% Casualties,2% Casualties,3% Casualties,3% Casualties,3% Casualties,4% Casualties,4% Casualties,2% Casualties,2% Casualties,3% Casualties,3% Casualties,4% Casualties,4% Casualties,5% Casualties,5% Casualties,5% Casualties,3% Casualties,3% Casualties,4% Casualties,5% Casualties,5% Casualties,6% Casualties,6% Casualties,7% Casualties,7% Casualties,4% Casualties,4% Casualties,5% Casualties,6% Casualties,6% Casualties,7% Casualties,8% Casualties,8% Casualties,9% Casualties,4% Casualties,5% Casualties,6% Casualties,6% Casualties,7% Casualties,8% Casualties,9% Casualties,9% Casualties,10% Casualties,4% Casualties,5% Casualties,6% Casualties,7% Casualties,8% Casualties,9% Casualties,9% Casualties,10% Casualties,11% Casualties,5% Casualties,6% Casualties,7% Casualties,8% Casualties,9% Casualties,10% Casualties,10% Casualties,11% Casualties,12% Casualties,5% Casualties,6% Casualties,7% Casualties,9% Casualties,10% Casualties,10% Casualties,11% Casualties,12% Casualties,13% Casualties,5% Casualties,6% Casualties,8% Casualties,9% Casualties,10% Casualties,11% Casualties,11% Casualties,12% Casualties,13% Casualties,5% Casualties,6% Casualties,7% Casualties,9% Casualties,10% Casualties,10% Casualties,11% Casualties,12% Casualties,13% Casualties,6% Casualties,7% Casualties,8% Casualties,9% Casualties,10% Casualties,11% Casualties,12% Casualties,13% Casualties,14% Casualties,6% Casualties,7% Casualties,8% Casualties,9% Casualties,11% Casualties,12% Casualties,12% Casualties,13% Casualties,14% Casualties,6% Casualties,7% Casualties,8% Casualties,10% Casualties,11% Casualties,12% Casualties,12% Casualties,13% Casualties,14% Casualties,6% Casualties,7% Casualties,8% Casualties,9% Casualties,11% Casualties,12% Casualties,12% Casualties,13% Casualties,14% Casualties,6% Casualties,7% Casualties,8% Casualties,9% Casualties,11% Casualties,11% Casualties,12% Casualties,13% Casualties,14% Casualties,6% Casualties,8% Casualties,9% Casualties,10% Casualties,11% Casualties,12% Casualties,13% Casualties,14% Casualties,15% Casualties,6% Casualties,8% Casualties,9% Casualties,10% Casualties,11% Casualties,13% Casualties,13% Casualties,14% Casualties,15% Casualties,7% Casualties,8% Casualties,9% Casualties,10% Casualties,11% Casualties,12% Casualties,13% Casualties,14% Casualties,15% Casualties,6% Casualties,8% Casualties,9% Casualties,10% Casualties,11% Casualties,12% Casualties,13% Casualties,14% Casualties,15% Casualties,6% Casualties,7% Casualties,8% Casualties,9% Casualties,10% Casualties,11% Casualties,12% Casualties,13% Casualties,13% Casualties,6% Casualties,7% Casualties,8% Casualties,9% Casualties,10% Casualties,11% Casualties,12% Casualties,13% Casualties,14% Casualties,6% Casualties,8% Casualties,9% Casualties,10% Casualties,11% Casualties,11% Casualties,12% Casualties,13% Casualties,13% Casualties,6% Casualties,7% Casualties,9% Casualties,10% Casualties,11% Casualties,12% Casualties,12% Casualties,13% Casualties,14% Casualties,6% Casualties,7% Casualties,9% Casualties,10% Casualties,11% Casualties,12% Casualties,12% Casualties,13% Casualties,13% Casualties,6% Casualties,7% Casualties,9% Casualties,10% Casualties,11% Casualties,11% Casualties,12% Casualties,13% Casualties,14% Casualties
80 CV // 30 RT,1% Casualties,2% Casualties,2% Casualties,2% Casualties,3% Casualties,3% Casualties,4% Casualties,4% Casualties,4% Casualties,2% Casualties,2% Casualties,3% Casualties,3% Casualties,4% Casualties,4% Casualties,5% Casualties,5% Casualties,6% Casualties,3% Casualties,4% Casualties,4% Casualties,5% Casualties,5% Casualties,6% Casualties,7% Casualties,7% Casualties,8% Casualties,4% Casualties,5% Casualties,5% Casualties,6% Casualties,7% Casualties,8% Casualties,9% Casualties,9% Casualties,10% Casualties,4% Casualties,5% Casualties,6% Casualties,7% Casualties,8% Casualties,8% Casualties,10% Casualties,10% Casualties,11% Casualties,5% Casualties,6% Casualties,7% Casualties,8% Casualties,9% Casualties,10% Casualties,10% Casualties,11% Casualties,12% Casualties,5% Casualties,6% Casualties,7% Casualties,9% Casualties,10% Casualties,11% Casualties,12% Casualties,12% Casualties,13% Casualties,6% Casualties,7% Casualties,8% Casualties,9% Casualties,11% Casualties,12% Casualties,13% Casualties,14% Casualties,15% Casualties,6% Casualties,7% Casualties,8% Casualties,10% Casualties,11% Casualties,12% Casualties,13% Casualties,14% Casualties,14% Casualties,6% Casualties,7% Casualties,8% Casualties,9% Casualties,10% Casualties,12% Casualties,13% Casualties,14% Casualties,15% Casualties,7% Casualties,8% Casualties,9% Casualties,10% Casualties,12% Casualties,13% Casualties,14% Casualties,15% Casualties,16% Casualties,7% Casualties,8% Casualties,9% Casualties,11% Casualties,12% Casualties,13% Casualties,14% Casualties,15% Casualties,16% Casualties,6% Casualties,8% Casualties,9% Casualties,11% Casualties,12% Casualties,13% Casualties,14% Casualties,15% Casualties,16% Casualties,6% Casualties,8% Casualties,9% Casualties,11% Casualties,12% Casualties,13% Casualties,14% Casualties,15% Casualties,16% Casualties,6% Casualties,8% Casualties,9% Casualties,10% Casualties,12% Casualties,13% Casualties,14% Casualties,15% Casualties,16% Casualties,7% Casualties,9% Casualties,10% Casualties,12% Casualties,13% Casualties,14% Casualties,15% Casualties,16% Casualties,17% Casualties,7% Casualties,8% Casualties,10% Casualties,11% Casualties,13% Casualties,14% Casualties,15% Casualties,16% Casualties,17% Casualties,7% Casualties,8% Casualties,10% Casualties,12% Casualties,13% Casualties,14% Casualties,15% Casualties,16% Casualties,17% Casualties,7% Casualties,8% Casualties,10% Casualties,11% Casualties,13% Casualties,14% Casualties,15% Casualties,16% Casualties,17% Casualties,7% Casualties,8% Casualties,9% Casualties,11% Casualties,12% Casualties,13% Casualties,14% Casualties,15% Casualties,16% Casualties,7% Casualties,8% Casualties,10% Casualties,11% Casualties,12% Casualties,13% Casualties,14% Casualties,15% Casualties,16% Casualties,7% Casualties,9% Casualties,10% Casualties,11% Casualties,12% Casualties,14% Casualties,15% Casualties,16% Casualties,16% Casualties,7% Casualties,8% Casualties,10% Casualties,11% Casualties,12% Casualties,14% Casualties,15% Casualties,16% Casualties,16% Casualties,7% Casualties,8% Casualties,10% Casualties,11% Casualties,12% Casualties,14% Casualties,14% Casualties,15% Casualties,16% Casualties,7% Casualties,8% Casualties,10% Casualties,11% Casualties,13% Casualties,13% Casualties,15% Casualties,16% Casualties,17% Casualties
80 CV // 20 RT,1% Casualties,2% Casualties,2% Casualties,2% Casualties,3% Casualties,3% Casualties,4% Casualties,4% Casualties,4% Casualties,2% Casualties,2% Casualties,3% Casualties,4% Casualties,4% Casualties,5% Casualties,5% Casualties,6% Casualties,6% Casualties,3% Casualties,4% Casualties,4% Casualties,5% Casualties,6% Casualties,7% Casualties,7% Casualties,8% Casualties,9% Casualties,4% Casualties,5% Casualties,6% Casualties,7% Casualties,7% Casualties,9% Casualties,9% Casualties,10% Casualties,11% Casualties,4% Casualties,5% Casualties,6% Casualties,8% Casualties,9% Casualties,9% Casualties,10% Casualties,12% Casualties,13% Casualties,5% Casualties,6% Casualties,7% Casualties,8% Casualties,10% Casualties,11% Casualties,12% Casualties,13% Casualties,14% Casualties,5% Casualties,7% Casualties,8% Casualties,9% Casualties,11% Casualties,12% Casualties,13% Casualties,14% Casualties,15% Casualties,6% Casualties,8% Casualties,9% Casualties,11% Casualties,12% Casualties,13% Casualties,14% Casualties,16% Casualties,17% Casualties,6% Casualties,8% Casualties,9% Casualties,10% Casualties,12% Casualties,13% Casualties,15% Casualties,16% Casualties,17% Casualties,6% Casualties,8% Casualties,9% Casualties,11% Casualties,12% Casualties,13% Casualties,15% Casualties,16% Casualties,17% Casualties,7% Casualties,8% Casualties,10% Casualties,12% Casualties,14% Casualties,15% Casualties,16% Casualties,17% Casualties,19% Casualties,7% Casualties,9% Casualties,10% Casualties,12% Casualties,14% Casualties,15% Casualties,16% Casualties,17% Casualties,19% Casualties,7% Casualties,8% Casualties,10% Casualties,12% Casualties,13% Casualties,15% Casualties,16% Casualties,17% Casualties,19% Casualties,7% Casualties,9% Casualties,10% Casualties,12% Casualties,13% Casualties,15% Casualties,16% Casualties,17% Casualties,19% Casualties,7% Casualties,9% Casualties,10% Casualties,12% Casualties,13% Casualties,15% Casualties,16% Casualties,17% Casualties,19% Casualties,8% Casualties,9% Casualties,11% Casualties,13% Casualties,15% Casualties,16% Casualties,18% Casualties,19% Casualties,20% Casualties,8% Casualties,9% Casualties,11% Casualties,13% Casualties,15% Casualties,16% Casualties,18% Casualties,19% Casualties,20% Casualties,8% Casualties,10% Casualties,11% Casualties,13% Casualties,15% Casualties,16% Casualties,18% Casualties,19% Casualties,20% Casualties,8% Casualties,10% Casualties,11% Casualties,13% Casualties,15% Casualties,16% Casualties,18% Casualties,19% Casualties,20% Casualties,7% Casualties,9% Casualties,11% Casualties,12% Casualties,14% Casualties,15% Casualties,17% Casualties,18% Casualties,20% Casualties,8% Casualties,9% Casualties,11% Casualties,13% Casualties,14% Casualties,15% Casualties,17% Casualties,18% Casualties,19% Casualties,8% Casualties,10% Casualties,11% Casualties,13% Casualties,15% Casualties,16% Casualties,18% Casualties,19% Casualties,21% Casualties,8% Casualties,10% Casualties,12% Casualties,13% Casualties,15% Casualties,16% Casualties,18% Casualties,19% Casualties,20% Casualties,8% Casualties,10% Casualties,12% Casualties,13% Casualties,15% Casualties,16% Casualties,18% Casualties,19% Casualties,20% Casualties,8% Casualties,10% Casualties,11% Casualties,13% Casualties,15% Casualties,16% Casualties,18% Casualties,19% Casualties,20% Casualties
80 CV // 10 RT,1% Casualties,2% Casualties,2% Casualties,2% Casualties,3% Casualties,3% Casualties,4% Casualties,4% Casualties,4% Casualties,2% Casualties,2% Casualties,3% Casualties,4% Casualties,4% Casualties,5% Casualties,6% Casualties,6% Casualties,7% Casualties,3% Casualties,4% Casualties,5% Casualties,5% Casualties,6% Casualties,7% Casualties,8% Casualties,9% Casualties,10% Casualties,4% Casualties,5% Casualties,6% Casualties,7% Casualties,8% Casualties,9% Casualties,10% Casualties,12% Casualties,13% Casualties,5% Casualties,6% Casualties,7% Casualties,8% Casualties,9% Casualties,11% Casualties,12% Casualties,13% Casualties,14% Casualties,5% Casualties,6% Casualties,8% Casualties,9% Casualties,11% Casualties,12% Casualties,13% Casualties,15% Casualties,16% Casualties,6% Casualties,8% Casualties,9% Casualties,11% Casualties,12% Casualties,14% Casualties,15% Casualties,17% Casualties,18% Casualties,7% Casualties,8% Casualties,10% Casualties,12% Casualties,14% Casualties,15% Casualties,17% Casualties,19% Casualties,20% Casualties,7% Casualties,8% Casualties,10% Casualties,12% Casualties,14% Casualties,15% Casualties,17% Casualties,18% Casualties,20% Casualties,7% Casualties,8% Casualties,10% Casualties,12% Casualties,14% Casualties,16% Casualties,17% Casualties,19% Casualties,20% Casualties,8% Casualties,9% Casualties,11% Casualties,14% Casualties,15% Casualties,17% Casualties,19% Casualties,21% Casualties,22% Casualties,8% Casualties,10% Casualties,11% Casualties,14% Casualties,15% Casualties,17% Casualties,19% Casualties,21% Casualties,22% Casualties,8% Casualties,10% Casualties,11% Casualties,13% Casualties,16% Casualties,17% Casualties,19% Casualties,21% Casualties,22% Casualties,8% Casualties,10% Casualties,12% Casualties,13% Casualties,15% Casualties,17% Casualties,19% Casualties,21% Casualties,22% Casualties,8% Casualties,9% Casualties,11% Casualties,13% Casualties,16% Casualties,17% Casualties,19% Casualties,21% Casualties,22% Casualties,8% Casualties,11% Casualties,13% Casualties,15% Casualties,17% Casualties,19% Casualties,21% Casualties,23% Casualties,24% Casualties,8% Casualties,11% Casualties,13% Casualties,15% Casualties,17% Casualties,19% Casualties,21% Casualties,23% Casualties,25% Casualties,9% Casualties,11% Casualties,13% Casualties,15% Casualties,17% Casualties,19% Casualties,21% Casualties,23% Casualties,25% Casualties,8% Casualties,11% Casualties,13% Casualties,15% Casualties,17% Casualties,19% Casualties,21% Casualties,23% Casualties,24% Casualties,8% Casualties,10% Casualties,13% Casualties,15% Casualties,17% Casualties,19% Casualties,20% Casualties,23% Casualties,24% Casualties,8% Casualties,11% Casualties,12% Casualties,15% Casualties,17% Casualties,19% Casualties,21% Casualties,22% Casualties,24% Casualties,9% Casualties,11% Casualties,13% Casualties,16% Casualties,18% Casualties,20% Casualties,21% Casualties,24% Casualties,25% Casualties,9% Casualties,11% Casualties,14% Casualties,16% Casualties,18% Casualties,20% Casualties,21% Casualties,23% Casualties,25% Casualties,9% Casualties,11% Casualties,13% Casualties,16% Casualties,17% Casualties,19% Casualties,22% Casualties,24% Casualties,25% Casualties,9% Casualties,11% Casualties,13% Casualties,16% Casualties,17% Casualties,19% Casualties,22% Casualties,23% Casualties,25% Casualties
80 CV // 0 RT,1% Casualties,2% Casualties,2% Casualties,3% Casualties,3% Casualties,3% Casualties,4% Casualties,4% Casualties,5% Casualties,2% Casualties,3% Casualties,3% Casualties,4% Casualties,5% Casualties,5% Casualties,6% Casualties,7% Casualties,7% Casualties,3% Casualties,4% Casualties,5% Casualties,6% Casualties,7% Casualties,8% Casualties,9% Casualties,10% Casualties,11% Casualties,4% Casualties,5% Casualties,7% Casualties,8% Casualties,9% Casualties,10% Casualties,12% Casualties,13% Casualties,14% Casualties,5% Casualties,6% Casualties,8% Casualties,9% Casualties,11% Casualties,12% Casualties,14% Casualties,15% Casualties,17% Casualties,6% Casualties,7% Casualties,9% Casualties,11% Casualties,12% Casualties,14% Casualties,16% Casualties,17% Casualties,19% Casualties,6% Casualties,8% Casualties,10% Casualties,12% Casualties,14% Casualties,15% Casualties,18% Casualties,19% Casualties,21% Casualties,7% Casualties,9% Casualties,11% Casualties,14% Casualties,16% Casualties,18% Casualties,20% Casualties,22% Casualties,24% Casualties,7% Casualties,9% Casualties,12% Casualties,13% Casualties,16% Casualties,18% Casualties,20% Casualties,22% Casualties,24% Casualties,7% Casualties,9% Casualties,11% Casualties,14% Casualties,16% Casualties,18% Casualties,20% Casualties,22% Casualties,24% Casualties,8% Casualties,11% Casualties,13% Casualties,16% Casualties,17% Casualties,20% Casualties,22% Casualties,25% Casualties,27% Casualties,8% Casualties,11% Casualties,13% Casualties,15% Casualties,18% Casualties,20% Casualties,23% Casualties,25% Casualties,27% Casualties,9% Casualties,11% Casualties,13% Casualties,15% Casualties,18% Casualties,20% Casualties,22% Casualties,25% Casualties,27% Casualties,8% Casualties,10% Casualties,13% Casualties,15% Casualties,18% Casualties,20% Casualties,22% Casualties,25% Casualties,26% Casualties,8% Casualties,11% Casualties,13% Casualties,16% Casualties,18% Casualties,20% Casualties,22% Casualties,24% Casualties,26% Casualties,10% Casualties,12% Casualties,14% Casualties,17% Casualties,20% Casualties,22% Casualties,25% Casualties,27% Casualties,29% Casualties,9% Casualties,12% Casualties,15% Casualties,17% Casualties,20% Casualties,22% Casualties,25% Casualties,27% Casualties,29% Casualties,10% Casualties,12% Casualties,14% Casualties,17% Casualties,20% Casualties,22% Casualties,25% Casualties,27% Casualties,29% Casualties,9% Casualties,12% Casualties,15% Casualties,17% Casualties,20% Casualties,23% Casualties,25% Casualties,28% Casualties,29% Casualties,9% Casualties,12% Casualties,14% Casualties,17% Casualties,20% Casualties,22% Casualties,25% Casualties,27% Casualties,29% Casualties,9% Casualties,12% Casualties,15% Casualties,17% Casualties,20% Casualties,23% Casualties,25% Casualties,27% Casualties,30% Casualties,10% Casualties,13% Casualties,16% Casualties,19% Casualties,21% Casualties,24% Casualties,26% Casualties,29% Casualties,31% Casualties,10% Casualties,13% Casualties,16% Casualties,18% Casualties,21% Casualties,24% Casualties,26% Casualties,29% Casualties,31% Casualties,10% Casualties,13% Casualties,16% Casualties,19% Casualties,21% Casualties,24% Casualties,26% Casualties,29% Casualties,31% Casualties,10% Casualties,13% Casualties,16% Casualties,18% Casualties,21% Casualties,24% Casualties,27% Casualties,29% Casualties,31% Casualties
85 CV // 80 RT,1% Casualties,2% Casualties,2% Casualties,2% Casualties,3% Casualties,3% Casualties,3% Casualties,3% Casualties,4% Casualties,2% Casualties,2% Casualties,3% Casualties,3% Casualties,3% Casualties,4% Casualties,4% Casualties,4% Casualties,4% Casualties,2% Casualties,3% Casualties,3% Casualties,3% Casualties,4% Casualties,4% Casualties,4% Casualties,5% Casualties,5% Casualties,3% Casualties,4% Casualties,4% Casualties,5% Casualties,5% Casualties,5% Casualties,6% Casualties,6% Casualties,6% Casualties,4% Casualties,4% Casualties,5% Casualties,5% Casualties,6% Casualties,6% Casualties,6% Casualties,7% Casualties,7% Casualties,4% Casualties,4% Casualties,5% Casualties,6% Casualties,6% Casualties,6% Casualties,7% Casualties,7% Casualties,7% Casualties,4% Casualties,5% Casualties,6% Casualties,6% Casualties,6% Casualties,7% Casualties,7% Casualties,7% Casualties,8% Casualties,4% Casualties,5% Casualties,6% Casualties,6% Casualties,6% Casualties,7% Casualties,7% Casualties,7% Casualties,8% Casualties,5% Casualties,5% Casualties,6% Casualties,6% Casualties,7% Casualties,7% Casualties,8% Casualties,8% Casualties,8% Casualties,5% Casualties,5% Casualties,6% Casualties,7% Casualties,7% Casualties,7% Casualties,8% Casualties,8% Casualties,8% Casualties,5% Casualties,5% Casualties,6% Casualties,7% Casualties,7% Casualties,7% Casualties,8% Casualties,8% Casualties,8% Casualties,5% Casualties,6% Casualties,7% Casualties,7% Casualties,8% Casualties,8% Casualties,8% Casualties,9% Casualties,9% Casualties,5% Casualties,6% Casualties,6% Casualties,7% Casualties,8% Casualties,8% Casualties,8% Casualties,9% Casualties,9% Casualties,5% Casualties,6% Casualties,6% Casualties,7% Casualties,8% Casualties,8% Casualties,8% Casualties,9% Casualties,9% Casualties,5% Casualties,6% Casualties,6% Casualties,7% Casualties,8% Casualties,8% Casualties,8% Casualties,9% Casualties,9% Casualties,5% Casualties,6% Casualties,6% Casualties,7% Casualties,8% Casualties,8% Casualties,8% Casualties,9% Casualties,9% Casualties,5% Casualties,6% Casualties,7% Casualties,7% Casualties,8% Casualties,8% Casualties,9% Casualties,9% Casualties,9% Casualties,5% Casualties,6% Casualties,7% Casualties,7% Casualties,8% Casualties,8% Casualties,9% Casualties,9% Casualties,9% Casualties,5% Casualties,6% Casualties,7% Casualties,7% Casualties,8% Casualties,8% Casualties,9% Casualties,9% Casualties,9% Casualties,4% Casualties,5% Casualties,5% Casualties,6% Casualties,6% Casualties,7% Casualties,7% Casualties,7% Casualties,7% Casualties,4% Casualties,5% Casualties,5% Casualties,6% Casualties,6% Casualties,7% Casualties,7% Casualties,7% Casualties,7% Casualties,4% Casualties,5% Casualties,5% Casualties,6% Casualties,6% Casualties,7% Casualties,7% Casualties,7% Casualties,7% Casualties,4% Casualties,5% Casualties,5% Casualties,6% Casualties,6% Casualties,7% Casualties,7% Casualties,7% Casualties,7% Casualties,4% Casualties,5% Casualties,6% Casualties,6% Casualties,6% Casualties,7% Casualties,7% Casualties,7% Casualties,7% Casualties,4% Casualties,5% Casualties,5% Casualties,6% Casualties,6% Casualties,7% Casualties,7% Casualties,7% Casualties,7% Casualties
85 CV // 70 RT,1% Casualties,2% Casualties,2% Casualties,2% Casualties,3% Casualties,3% Casualties,3% Casualties,3% Casualties,4% Casualties,2% Casualties,2% Casualties,3% Casualties,3% Casualties,3% Casualties,4% Casualties,4% Casualties,4% Casualties,4% Casualties,3% Casualties,3% Casualties,3% Casualties,4% Casualties,4% Casualties,4% Casualties,5% Casualties,5% Casualties,5% Casualties,3% Casualties,4% Casualties,4% Casualties,5% Casualties,5% Casualties,6% Casualties,6% Casualties,7% Casualties,7% Casualties,4% Casualties,4% Casualties,5% Casualties,5% Casualties,6% Casualties,6% Casualties,7% Casualties,7% Casualties,8% Casualties,4% Casualties,5% Casualties,5% Casualties,6% Casualties,6% Casualties,7% Casualties,7% Casualties,8% Casualties,8% Casualties,4% Casualties,5% Casualties,6% Casualties,6% Casualties,7% Casualties,8% Casualties,8% Casualties,8% Casualties,9% Casualties,4% Casualties,5% Casualties,6% Casualties,7% Casualties,7% Casualties,8% Casualties,8% Casualties,8% Casualties,9% Casualties,5% Casualties,5% Casualties,6% Casualties,7% Casualties,7% Casualties,8% Casualties,8% Casualties,9% Casualties,9% Casualties,5% Casualties,5% Casualties,6% Casualties,7% Casualties,8% Casualties,8% Casualties,8% Casualties,9% Casualties,9% Casualties,5% Casualties,6% Casualties,6% Casualties,7% Casualties,8% Casualties,8% Casualties,8% Casualties,9% Casualties,9% Casualties,5% Casualties,6% Casualties,7% Casualties,8% Casualties,8% Casualties,9% Casualties,9% Casualties,9% Casualties,10% Casualties,5% Casualties,6% Casualties,7% Casualties,7% Casualties,8% Casualties,9% Casualties,9% Casualties,10% Casualties,10% Casualties,5% Casualties,6% Casualties,7% Casualties,8% Casualties,8% Casualties,9% Casualties,9% Casualties,10% Casualties,10% Casualties,5% Casualties,6% Casualties,7% Casualties,8% Casualties,8% Casualties,9% Casualties,9% Casualties,10% Casualties,10% Casualties,5% Casualties,6% Casualties,7% Casualties,8% Casualties,8% Casualties,9% Casualties,9% Casualties,9% Casualties,10% Casualties,6% Casualties,6% Casualties,7% Casualties,8% Casualties,9% Casualties,9% Casualties,10% Casualties,10% Casualties,10% Casualties,6% Casualties,6% Casualties,7% Casualties,8% Casualties,9% Casualties,9% Casualties,10% Casualties,10% Casualties,10% Casualties,5% Casualties,6% Casualties,7% Casualties,8% Casualties,9% Casualties,9% Casualties,10% Casualties,10% Casualties,10% Casualties,5% Casualties,5% Casualties,6% Casualties,7% Casualties,7% Casualties,8% Casualties,8% Casualties,8% Casualties,9% Casualties,5% Casualties,5% Casualties,6% Casualties,7% Casualties,7% Casualties,8% Casualties,8% Casualties,8% Casualties,8% Casualties,5% Casualties,5% Casualties,6% Casualties,6% Casualties,7% Casualties,8% Casualties,8% Casualties,8% Casualties,9% Casualties,5% Casualties,5% Casualties,6% Casualties,7% Casualties,7% Casualties,8% Casualties,8% Casualties,8% Casualties,8% Casualties,5% Casualties,5% Casualties,6% Casualties,7% Casualties,7% Casualties,8% Casualties,8% Casualties,8% Casualties,8% Casualties,5% Casualties,5% Casualties,6% Casualties,7% Casualties,7% Casualties,8% Casualties,8% Casualties,8% Casualties,9% Casualties
85 CV // 60 RT,1% Casualties,2% Casualties,2% Casualties,2% Casualties,3% Casualties,3% Casualties,3% Casualties,4% Casualties,4% Casualties,2% Casualties,2% Casualties,3% Casualties,3% Casualties,3% Casualties,4% Casualties,4% Casualties,4% Casualties,5% Casualties,3% Casualties,3% Casualties,3% Casualties,4% Casualties,4% Casualties,5% Casualties,5% Casualties,5% Casualties,6% Casualties,3% Casualties,4% Casualties,5% Casualties,5% Casualties,6% Casualties,6% Casualties,7% Casualties,7% Casualties,7% Casualties,4% Casualties,4% Casualties,5% Casualties,6% Casualties,6% Casualties,7% Casualties,7% Casualties,8% Casualties,8% Casualties,4% Casualties,5% Casualties,6% Casualties,6% Casualties,7% Casualties,8% Casualties,8% Casualties,8% Casualties,9% Casualties,4% Casualties,5% Casualties,6% Casualties,7% Casualties,7% Casualties,8% Casualties,9% Casualties,9% Casualties,9% Casualties,5% Casualties,5% Casualties,6% Casualties,7% Casualties,8% Casualties,8% Casualties,9% Casualties,9% Casualties,9% Casualties,5% Casualties,6% Casualties,7% Casualties,7% Casualties,8% Casualties,9% Casualties,9% Casualties,10% Casualties,10% Casualties,5% Casualties,6% Casualties,7% Casualties,7% Casualties,8% Casualties,9% Casualties,9% Casualties,10% Casualties,10% Casualties,5% Casualties,6% Casualties,7% Casualties,7% Casualties,8% Casualties,9% Casualties,9% Casualties,10% Casualties,10% Casualties,5% Casualties,6% Casualties,7% Casualties,8% Casualties,9% Casualties,10% Casualties,10% Casualties,11% Casualties,11% Casualties,5% Casualties,6% Casualties,7% Casualties,8% Casualties,9% Casualties,9% Casualties,10% Casualties,11% Casualties,11% Casualties,6% Casualties,6% Casualties,7% Casualties,8% Casualties,9% Casualties,10% Casualties,10% Casualties,11% Casualties,11% Casualties,6% Casualties,6% Casualties,7% Casualties,8% Casualties,9% Casualties,9% Casualties,10% Casualties,11% Casualties,11% Casualties,6% Casualties,6% Casualties,7% Casualties,8% Casualties,9% Casualties,10% Casualties,10% Casualties,11% Casualties,11% Casualties,6% Casualties,7% Casualties,8% Casualties,9% Casualties,9% Casualties,10% Casualties,11% Casualties,11% Casualties,11% Casualties,6% Casualties,7% Casualties,8% Casualties,9% Casualties,9% Casualties,10% Casualties,11% Casualties,11% Casualties,11% Casualties,6% Casualties,7% Casualties,8% Casualties,9% Casualties,9% Casualties,10% Casualties,11% Casualties,11% Casualties,12% Casualties,5% Casualties,6% Casualties,7% Casualties,7% Casualties,8% Casualties,9% Casualties,9% Casualties,9% Casualties,10% Casualties,5% Casualties,6% Casualties,7% Casualties,7% Casualties,8% Casualties,9% Casualties,9% Casualties,9% Casualties,10% Casualties,5% Casualties,6% Casualties,7% Casualties,7% Casualties,8% Casualties,8% Casualties,9% Casualties,9% Casualties,10% Casualties,5% Casualties,6% Casualties,7% Casualties,7% Casualties,8% Casualties,9% Casualties,9% Casualties,9% Casualties,10% Casualties,5% Casualties,6% Casualties,7% Casualties,8% Casualties,8% Casualties,9% Casualties,9% Casualties,10% Casualties,10% Casualties,5% Casualties,6% Casualties,7% Casualties,7% Casualties,8% Casualties,9% Casualties,9% Casualties,10% Casualties,10% Casualties
85 CV // 50 RT,1% Casualties,2% Casualties,2% Casualties,2% Casualties,3% Casualties,3% Casualties,3% Casualties,4% Casualties,4% Casualties,2% Casualties,2% Casualties,3% Casualties,3% Casualties,3% Casualties,4% Casualties,4% Casualties,5% Casualties,5% Casualties,3% Casualties,3% Casualties,3% Casualties,4% Casualties,4% Casualties,5% Casualties,5% Casualties,6% Casualties,6% Casualties,3% Casualties,4% Casualties,5% Casualties,5% Casualties,6% Casualties,7% Casualties,7% Casualties,8% Casualties,8% Casualties,4% Casualties,5% Casualties,5% Casualties,6% Casualties,7% Casualties,7% Casualties,8% Casualties,8% Casualties,9% Casualties,4% Casualties,5% Casualties,6% Casualties,7% Casualties,7% Casualties,8% Casualties,9% Casualties,9% Casualties,10% Casualties,5% Casualties,6% Casualties,7% Casualties,7% Casualties,8% Casualties,9% Casualties,9% Casualties,10% Casualties,11% Casualties,5% Casualties,6% Casualties,6% Casualties,7% Casualties,8% Casualties,9% Casualties,9% Casualties,10% Casualties,11% Casualties,5% Casualties,6% Casualties,7% Casualties,8% Casualties,9% Casualties,9% Casualties,10% Casualties,11% Casualties,11% Casualties,5% Casualties,6% Casualties,7% Casualties,8% Casualties,9% Casualties,10% Casualties,10% Casualties,11% Casualties,11% Casualties,5% Casualties,6% Casualties,7% Casualties,8% Casualties,9% Casualties,10% Casualties,10% Casualties,11% Casualties,11% Casualties,6% Casualties,7% Casualties,8% Casualties,9% Casualties,10% Casualties,10% Casualties,11% Casualties,12% Casualties,12% Casualties,6% Casualties,7% Casualties,8% Casualties,9% Casualties,10% Casualties,10% Casualties,11% Casualties,12% Casualties,12% Casualties,6% Casualties,7% Casualties,8% Casualties,9% Casualties,10% Casualties,10% Casualties,11% Casualties,12% Casualties,12% Casualties,6% Casualties,7% Casualties,8% Casualties,9% Casualties,10% Casualties,10% Casualties,11% Casualties,12% Casualties,12% Casualties,6% Casualties,7% Casualties,8% Casualties,9% Casualties,10% Casualties,10% Casualties,11% Casualties,12% Casualties,12% Casualties,6% Casualties,7% Casualties,8% Casualties,9% Casualties,10% Casualties,11% Casualties,12% Casualties,12% Casualties,13% Casualties,6% Casualties,7% Casualties,8% Casualties,9% Casualties,10% Casualties,11% Casualties,12% Casualties,12% Casualties,13% Casualties,6% Casualties,7% Casualties,8% Casualties,9% Casualties,10% Casualties,11% Casualties,12% Casualties,12% Casualties,13% Casualties,5% Casualties,6% Casualties,7% Casualties,8% Casualties,9% Casualties,10% Casualties,10% Casualties,11% Casualties,11% Casualties,5% Casualties,6% Casualties,7% Casualties,8% Casualties,9% Casualties,10% Casualties,10% Casualties,11% Casualties,11% Casualties,5% Casualties,7% Casualties,7% Casualties,8% Casualties,9% Casualties,10% Casualties,10% Casualties,11% Casualties,11% Casualties,6% Casualties,7% Casualties,8% Casualties,8% Casualties,9% Casualties,10% Casualties,11% Casualties,11% Casualties,11% Casualties,6% Casualties,7% Casualties,8% Casualties,8% Casualties,9% Casualties,10% Casualties,11% Casualties,11% Casualties,11% Casualties,6% Casualties,7% Casualties,7% Casualties,9% Casualties,9% Casualties,10% Casualties,11% Casualties,11% Casualties,11% Casualties
85 CV // 40 RT,1% Casualties,2% Casualties,2% Casualties,2% Casualties,3% Casualties,3% Casualties,3% Casualties,4% Casualties,4% Casualties,2% Casualties,2% Casualties,3% Casualties,3% Casualties,4% Casualties,4% Casualties,4% Casualties,5% Casualties,5% Casualties,3% Casualties,3% Casualties,4% Casualties,4% Casualties,5% Casualties,5% Casualties,5% Casualties,6% Casualties,6% Casualties,4% Casualties,4% Casualties,5% Casualties,6% Casualties,6% Casualties,7% Casualties,8% Casualties,8% Casualties,9% Casualties,4% Casualties,5% Casualties,6% Casualties,6% Casualties,7% Casualties,8% Casualties,9% Casualties,9% Casualties,10% Casualties,4% Casualties,5% Casualties,6% Casualties,7% Casualties,8% Casualties,9% Casualties,9% Casualties,10% Casualties,11% Casualties,5% Casualties,6% Casualties,7% Casualties,8% Casualties,9% Casualties,10% Casualties,10% Casualties,11% Casualties,12% Casualties,5% Casualties,6% Casualties,7% Casualties,8% Casualties,9% Casualties,10% Casualties,10% Casualties,11% Casualties,12% Casualties,5% Casualties,6% Casualties,7% Casualties,9% Casualties,10% Casualties,10% Casualties,11% Casualties,12% Casualties,13% Casualties,5% Casualties,6% Casualties,7% Casualties,8% Casualties,10% Casualties,10% Casualties,11% Casualties,12% Casualties,13% Casualties,5% Casualties,7% Casualties,7% Casualties,9% Casualties,10% Casualties,10% Casualties,11% Casualties,12% Casualties,13% Casualties,6% Casualties,7% Casualties,8% Casualties,10% Casualties,11% Casualties,11% Casualties,13% Casualties,13% Casualties,14% Casualties,6% Casualties,7% Casualties,8% Casualties,9% Casualties,11% Casualties,12% Casualties,12% Casualties,13% Casualties,14% Casualties,6% Casualties,7% Casualties,9% Casualties,9% Casualties,11% Casualties,11% Casualties,12% Casualties,13% Casualties,14% Casualties,6% Casualties,7% Casualties,8% Casualties,10% Casualties,10% Casualties,12% Casualties,12% Casualties,13% Casualties,14% Casualties,6% Casualties,7% Casualties,8% Casualties,10% Casualties,11% Casualties,12% Casualties,13% Casualties,13% Casualties,14% Casualties,6% Casualties,8% Casualties,9% Casualties,10% Casualties,11% Casualties,12% Casualties,13% Casualties,14% Casualties,15% Casualties,6% Casualties,8% Casualties,9% Casualties,10% Casualties,11% Casualties,12% Casualties,13% Casualties,14% Casualties,15% Casualties,7% Casualties,8% Casualties,9% Casualties,10% Casualties,12% Casualties,12% Casualties,13% Casualties,14% Casualties,15% Casualties,6% Casualties,7% Casualties,8% Casualties,9% Casualties,10% Casualties,11% Casualties,12% Casualties,13% Casualties,13% Casualties,6% Casualties,7% Casualties,8% Casualties,9% Casualties,10% Casualties,11% Casualties,12% Casualties,13% Casualties,13% Casualties,6% Casualties,7% Casualties,8% Casualties,9% Casualties,10% Casualties,11% Casualties,12% Casualties,13% Casualties,13% Casualties,6% Casualties,7% Casualties,9% Casualties,10% Casualties,11% Casualties,12% Casualties,12% Casualties,13% Casualties,13% Casualties,6% Casualties,7% Casualties,9% Casualties,10% Casualties,11% Casualties,12% Casualties,12% Casualties,13% Casualties,14% Casualties,6% Casualties,7% Casualties,9% Casualties,10% Casualties,11% Casualties,11% Casualties,12% Casualties,13% Casualties,14% Casualties
85 CV // 30 RT,1% Casualties,2% Casualties,2% Casualties,2% Casualties,3% Casualties,3% Casualties,3% Casualties,4% Casualties,4% Casualties,2% Casualties,2% Casualties,3% Casualties,3% Casualties,4% Casualties,4% Casualties,5% Casualties,5% Casualties,6% Casualties,3% Casualties,3% Casualties,4% Casualties,4% Casualties,5% Casualties,5% Casualties,6% Casualties,6% Casualties,7% Casualties,4% Casualties,5% Casualties,5% Casualties,6% Casualties,7% Casualties,8% Casualties,9% Casualties,9% Casualties,10% Casualties,4% Casualties,5% Casualties,6% Casualties,7% Casualties,8% Casualties,9% Casualties,9% Casualties,10% Casualties,11% Casualties,5% Casualties,6% Casualties,7% Casualties,8% Casualties,9% Casualties,10% Casualties,11% Casualties,11% Casualties,12% Casualties,5% Casualties,6% Casualties,7% Casualties,9% Casualties,10% Casualties,11% Casualties,12% Casualties,12% Casualties,13% Casualties,5% Casualties,6% Casualties,7% Casualties,9% Casualties,10% Casualties,11% Casualties,12% Casualties,12% Casualties,13% Casualties,6% Casualties,7% Casualties,8% Casualties,10% Casualties,11% Casualties,12% Casualties,13% Casualties,14% Casualties,15% Casualties,6% Casualties,7% Casualties,8% Casualties,9% Casualties,11% Casualties,12% Casualties,13% Casualties,14% Casualties,14% Casualties,6% Casualties,7% Casualties,8% Casualties,9% Casualties,11% Casualties,12% Casualties,13% Casualties,14% Casualties,14% Casualties,6% Casualties,8% Casualties,9% Casualties,11% Casualties,12% Casualties,13% Casualties,14% Casualties,15% Casualties,16% Casualties,6% Casualties,8% Casualties,9% Casualties,11% Casualties,12% Casualties,13% Casualties,14% Casualties,15% Casualties,16% Casualties,6% Casualties,8% Casualties,9% Casualties,11% Casualties,12% Casualties,13% Casualties,14% Casualties,15% Casualties,16% Casualties,6% Casualties,8% Casualties,9% Casualties,11% Casualties,12% Casualties,13% Casualties,14% Casualties,15% Casualties,16% Casualties,7% Casualties,8% Casualties,9% Casualties,11% Casualties,12% Casualties,13% Casualties,14% Casualties,15% Casualties,16% Casualties,7% Casualties,9% Casualties,10% Casualties,12% Casualties,13% Casualties,14% Casualties,15% Casualties,16% Casualties,17% Casualties,7% Casualties,9% Casualties,10% Casualties,12% Casualties,13% Casualties,14% Casualties,15% Casualties,16% Casualties,17% Casualties,7% Casualties,9% Casualties,10% Casualties,12% Casualties,13% Casualties,14% Casualties,15% Casualties,16% Casualties,17% Casualties,7% Casualties,8% Casualties,9% Casualties,11% Casualties,12% Casualties,13% Casualties,14% Casualties,15% Casualties,16% Casualties,6% Casualties,8% Casualties,9% Casualties,11% Casualties,12% Casualties,13% Casualties,14% Casualties,15% Casualties,16% Casualties,7% Casualties,8% Casualties,9% Casualties,11% Casualties,12% Casualties,13% Casualties,14% Casualties,15% Casualties,16% Casualties,7% Casualties,8% Casualties,10% Casualties,11% Casualties,12% Casualties,13% Casualties,14% Casualties,16% Casualties,16% Casualties,7% Casualties,9% Casualties,10% Casualties,11% Casualties,12% Casualties,13% Casualties,14% Casualties,16% Casualties,16% Casualties,7% Casualties,9% Casualties,10% Casualties,11% Casualties,12% Casualties,14% Casualties,15% Casualties,16% Casualties,16% Casualties
85 CV // 20 RT,1% Casualties,2% Casualties,2% Casualties,2% Casualties,3% Casualties,3% Casualties,3% Casualties,4% Casualties,4% Casualties,2% Casualties,2% Casualties,3% Casualties,3% Casualties,4% Casualties,4% Casualties,5% Casualties,5% Casualties,6% Casualties,3% Casualties,3% Casualties,4% Casualties,4% Casualties,5% Casualties,6% Casualties,6% Casualties,7% Casualties,8% Casualties,4% Casualties,5% Casualties,6% Casualties,7% Casualties,8% Casualties,8% Casualties,9% Casualties,10% Casualties,11% Casualties,4% Casualties,5% Casualties,6% Casualties,8% Casualties,9% Casualties,10% Casualties,11% Casualties,12% Casualties,12% Casualties,5% Casualties,6% Casualties,7% Casualties,9% Casualties,9% Casualties,11% Casualties,12% Casualties,13% Casualties,14% Casualties,6% Casualties,7% Casualties,8% Casualties,10% Casualties,11% Casualties,12% Casualties,13% Casualties,14% Casualties,15% Casualties,5% Casualties,7% Casualties,8% Casualties,9% Casualties,11% Casualties,12% Casualties,13% Casualties,14% Casualties,15% Casualties,6% Casualties,7% Casualties,9% Casualties,10% Casualties,12% Casualties,13% Casualties,15% Casualties,16% Casualties,17% Casualties,6% Casualties,8% Casualties,9% Casualties,11% Casualties,12% Casualties,13% Casualties,15% Casualties,16% Casualties,17% Casualties,6% Casualties,8% Casualties,9% Casualties,11% Casualties,12% Casualties,13% Casualties,15% Casualties,16% Casualties,17% Casualties,7% Casualties,9% Casualties,10% Casualties,12% Casualties,13% Casualties,15% Casualties,16% Casualties,18% Casualties,19% Casualties,7% Casualties,9% Casualties,10% Casualties,12% Casualties,14% Casualties,15% Casualties,16% Casualties,17% Casualties,19% Casualties,7% Casualties,9% Casualties,10% Casualties,12% Casualties,13% Casualties,15% Casualties,16% Casualties,18% Casualties,19% Casualties,7% Casualties,9% Casualties,10% Casualties,12% Casualties,13% Casualties,15% Casualties,16% Casualties,17% Casualties,18% Casualties,7% Casualties,9% Casualties,10% Casualties,12% Casualties,13% Casualties,15% Casualties,16% Casualties,17% Casualties,19% Casualties,8% Casualties,10% Casualties,11% Casualties,13% Casualties,15% Casualties,16% Casualties,18% Casualties,19% Casualties,20% Casualties,8% Casualties,10% Casualties,11% Casualties,13% Casualties,14% Casualties,16% Casualties,18% Casualties,19% Casualties,20% Casualties,8% Casualties,9% Casualties,11% Casualties,13% Casualties,15% Casualties,16% Casualties,18% Casualties,19% Casualties,20% Casualties,7% Casualties,9% Casualties,11% Casualties,12% Casualties,14% Casualties,16% Casualties,17% Casualties,18% Casualties,20% Casualties,8% Casualties,9% Casualties,11% Casualties,12% Casualties,14% Casualties,16% Casualties,17% Casualties,18% Casualties,20% Casualties,8% Casualties,9% Casualties,11% Casualties,12% Casualties,14% Casualties,16% Casualties,17% Casualties,18% Casualties,19% Casualties,8% Casualties,10% Casualties,12% Casualties,13% Casualties,15% Casualties,16% Casualties,18% Casualties,19% Casualties,20% Casualties,8% Casualties,10% Casualties,12% Casualties,13% Casualties,15% Casualties,16% Casualties,18% Casualties,19% Casualties,20% Casualties,8% Casualties,10% Casualties,12% Casualties,13% Casualties,15% Casualties,16% Casualties,17% Casualties,19% Casualties,20% Casualties
85 CV // 10 RT,1% Casualties,2% Casualties,2% Casualties,2% Casualties,3% Casualties,3% Casualties,4% Casualties,4% Casualties,4% Casualties,2% Casualties,2% Casualties,3% Casualties,3% Casualties,4% Casualties,5% Casualties,5% Casualties,6% Casualties,6% Casualties,3% Casualties,3% Casualties,4% Casualties,5% Casualties,5% Casualties,6% Casualties,7% Casualties,7% Casualties,8% Casualties,4% Casualties,5% Casualties,6% Casualties,7% Casualties,8% Casualties,9% Casualties,10% Casualties,12% Casualties,13% Casualties,5% Casualties,6% Casualties,7% Casualties,8% Casualties,9% Casualties,11% Casualties,12% Casualties,13% Casualties,14% Casualties,5% Casualties,7% Casualties,8% Casualties,9% Casualties,11% Casualties,12% Casualties,14% Casualties,15% Casualties,16% Casualties,6% Casualties,8% Casualties,9% Casualties,11% Casualties,12% Casualties,14% Casualties,15% Casualties,17% Casualties,18% Casualties,6% Casualties,7% Casualties,9% Casualties,11% Casualties,12% Casualties,14% Casualties,15% Casualties,17% Casualties,18% Casualties,7% Casualties,8% Casualties,10% Casualties,12% Casualties,14% Casualties,15% Casualties,17% Casualties,18% Casualties,20% Casualties,7% Casualties,8% Casualties,10% Casualties,12% Casualties,14% Casualties,16% Casualties,17% Casualties,19% Casualties,20% Casualties,7% Casualties,9% Casualties,10% Casualties,12% Casualties,14% Casualties,16% Casualties,17% Casualties,19% Casualties,20% Casualties,8% Casualties,10% Casualties,11% Casualties,13% Casualties,15% Casualties,17% Casualties,19% Casualties,20% Casualties,22% Casualties,8% Casualties,9% Casualties,11% Casualties,13% Casualties,15% Casualties,17% Casualties,19% Casualties,20% Casualties,22% Casualties,8% Casualties,9% Casualties,11% Casualties,13% Casualties,15% Casualties,17% Casualties,19% Casualties,21% Casualties,22% Casualties,8% Casualties,10% Casualties,12% Casualties,13% Casualties,15% Casualties,17% Casualties,19% Casualties,20% Casualties,22% Casualties,8% Casualties,10% Casualties,11% Casualties,14% Casualties,15% Casualties,17% Casualties,19% Casualties,21% Casualties,22% Casualties,9% Casualties,10% Casualties,13% Casualties,15% Casualties,17% Casualties,19% Casualties,21% Casualties,23% Casualties,24% Casualties,8% Casualties,11% Casualties,13% Casualties,15% Casualties,17% Casualties,19% Casualties,21% Casualties,23% Casualties,25% Casualties,8% Casualties,10% Casualties,13% Casualties,15% Casualties,17% Casualties,19% Casualties,21% Casualties,22% Casualties,24% Casualties,8% Casualties,11% Casualties,13% Casualties,15% Casualties,16% Casualties,19% Casualties,21% Casualties,23% Casualties,24% Casualties,8% Casualties,10% Casualties,12% Casualties,15% Casualties,17% Casualties,19% Casualties,20% Casualties,23% Casualties,24% Casualties,9% Casualties,10% Casualties,12% Casualties,15% Casualties,17% Casualties,19% Casualties,21% Casualties,22% Casualties,24% Casualties,9% Casualties,11% Casualties,13% Casualties,15% Casualties,18% Casualties,20% Casualties,22% Casualties,24% Casualties,25% Casualties,9% Casualties,11% Casualties,13% Casualties,16% Casualties,18% Casualties,20% Casualties,21% Casualties,24% Casualties,25% Casualties,9% Casualties,11% Casualties,13% Casualties,16% Casualties,18% Casualties,20% Casualties,22% Casualties,23% Casualties,25% Casualties
85 CV // 0 RT,1% Casualties,2% Casualties,2% Casualties,2% Casualties,3% Casualties,3% Casualties,4% Casualties,4% Casualties,4% Casualties,2% Casualties,2% Casualties,3% Casualties,4% Casualties,4% Casualties,5% Casualties,6% Casualties,6% Casualties,7% Casualties,3% Casualties,4% Casualties,4% Casualties,5% Casualties,6% Casualties,7% Casualties,8% Casualties,8% Casualties,9% Casualties,4% Casualties,5% Casualties,7% Casualties,8% Casualties,9% Casualties,10% Casualties,12% Casualties,13% Casualties,15% Casualties,5% Casualties,6% Casualties,8% Casualties,9% Casualties,11% Casualties,12% Casualties,14% Casualties,15% Casualties,17% Casualties,6% Casualties,7% Casualties,9% Casualties,10% Casualties,12% Casualties,14% Casualties,15% Casualties,17% Casualties,19% Casualties,6% Casualties,8% Casualties,10% Casualties,12% Casualties,14% Casualties,16% Casualties,18% Casualties,19% Casualties,21% Casualties,6% Casualties,8% Casualties,10% Casualties,12% Casualties,14% Casualties,15% Casualties,17% Casualties,20% Casualties,21% Casualties,7% Casualties,9% Casualties,11% Casualties,14% Casualties,16% Casualties,18% Casualties,20% Casualties,22% Casualties,24% Casualties,7% Casualties,9% Casualties,11% Casualties,14% Casualties,16% Casualties,18% Casualties,20% Casualties,22% Casualties,24% Casualties,7% Casualties,9% Casualties,11% Casualties,14% Casualties,16% Casualties,18% Casualties,20% Casualties,22% Casualties,24% Casualties,9% Casualties,11% Casualties,13% Casualties,15% Casualties,18% Casualties,20% Casualties,22% Casualties,25% Casualties,27% Casualties,8% Casualties,10% Casualties,13% Casualties,16% Casualties,18% Casualties,20% Casualties,22% Casualties,25% Casualties,26% Casualties,9% Casualties,11% Casualties,13% Casualties,15% Casualties,18% Casualties,20% Casualties,22% Casualties,25% Casualties,26% Casualties,8% Casualties,11% Casualties,13% Casualties,16% Casualties,18% Casualties,20% Casualties,23% Casualties,25% Casualties,27% Casualties,9% Casualties,11% Casualties,13% Casualties,16% Casualties,18% Casualties,20% Casualties,22% Casualties,24% Casualties,26% Casualties,9% Casualties,12% Casualties,14% Casualties,17% Casualties,20% Casualties,22% Casualties,25% Casualties,27% Casualties,29% Casualties,9% Casualties,12% Casualties,15% Casualties,17% Casualties,20% Casualties,22% Casualties,25% Casualties,27% Casualties,29% Casualties,9% Casualties,12% Casualties,14% Casualties,17% Casualties,20% Casualties,23% Casualties,25% Casualties,27% Casualties,29% Casualties,9% Casualties,12% Casualties,15% Casualties,17% Casualties,20% Casualties,22% Casualties,25% Casualties,27% Casualties,29% Casualties,9% Casualties,12% Casualties,15% Casualties,17% Casualties,20% Casualties,23% Casualties,25% Casualties,27% Casualties,29% Casualties,9% Casualties,12% Casualties,15% Casualties,17% Casualties,20% Casualties,22% Casualties,25% Casualties,27% Casualties,29% Casualties,10% Casualties,13% Casualties,15% Casualties,18% Casualties,21% Casualties,24% Casualties,26% Casualties,29% Casualties,31% Casualties,10% Casualties,13% Casualties,16% Casualties,18% Casualties,21% Casualties,24% Casualties,27% Casualties,28% Casualties,31% Casualties,10% Casualties,13% Casualties,16% Casualties,19% Casualties,21% Casualties,24% Casualties,26% Casualties,29% Casualties,31% Casualties
90 CV // 80 RT,1% Casualties,2% Casualties,2% Casualties,2% Casualties,3% Casualties,3% Casualties,3% Casualties,3% Casualties,4% Casualties,2% Casualties,2% Casualties,2% Casualties,3% Casualties,3% Casualties,3% Casualties,4% Casualties,4% Casualties,4% Casualties,2% Casualties,3% Casualties,3% Casualties,3% Casualties,4% Casualties,4% Casualties,4% Casualties,5% Casualties,5% Casualties,3% Casualties,3% Casualties,4% Casualties,4% Casualties,5% Casualties,5% Casualties,5% Casualties,6% Casualties,6% Casualties,4% Casualties,4% Casualties,5% Casualties,5% Casualties,6% Casualties,6% Casualties,6% Casualties,7% Casualties,7% Casualties,4% Casualties,5% Casualties,5% Casualties,6% Casualties,6% Casualties,6% Casualties,7% Casualties,7% Casualties,7% Casualties,4% Casualties,4% Casualties,5% Casualties,6% Casualties,6% Casualties,6% Casualties,7% Casualties,7% Casualties,7% Casualties,4% Casualties,5% Casualties,6% Casualties,6% Casualties,7% Casualties,7% Casualties,7% Casualties,8% Casualties,8% Casualties,5% Casualties,5% Casualties,6% Casualties,7% Casualties,7% Casualties,7% Casualties,8% Casualties,8% Casualties,8% Casualties,5% Casualties,5% Casualties,6% Casualties,6% Casualties,7% Casualties,7% Casualties,8% Casualties,8% Casualties,8% Casualties,5% Casualties,5% Casualties,6% Casualties,6% Casualties,7% Casualties,7% Casualties,8% Casualties,8% Casualties,8% Casualties,5% Casualties,6% Casualties,6% Casualties,7% Casualties,8% Casualties,8% Casualties,8% Casualties,9% Casualties,9% Casualties,5% Casualties,6% Casualties,6% Casualties,7% Casualties,8% Casualties,8% Casualties,8% Casualties,9% Casualties,9% Casualties,5% Casualties,6% Casualties,6% Casualties,7% Casualties,8% Casualties,8% Casualties,8% Casualties,9% Casualties,9% Casualties,5% Casualties,6% Casualties,6% Casualties,7% Casualties,8% Casualties,8% Casualties,8% Casualties,9% Casualties,9% Casualties,5% Casualties,6% Casualties,7% Casualties,7% Casualties,8% Casualties,8% Casualties,8% Casualties,9% Casualties,9% Casualties,5% Casualties,6% Casualties,7% Casualties,7% Casualties,8% Casualties,8% Casualties,8% Casualties,9% Casualties,9% Casualties,5% Casualties,6% Casualties,7% Casualties,7% Casualties,8% Casualties,8% Casualties,9% Casualties,9% Casualties,9% Casualties,5% Casualties,6% Casualties,7% Casualties,7% Casualties,8% Casualties,8% Casualties,9% Casualties,9% Casualties,9% Casualties,4% Casualties,5% Casualties,5% Casualties,6% Casualties,6% Casualties,7% Casualties,7% Casualties,7% Casualties,7% Casualties,4% Casualties,5% Casualties,5% Casualties,6% Casualties,6% Casualties,7% Casualties,7% Casualties,7% Casualties,7% Casualties,4% Casualties,5% Casualties,5% Casualties,6% Casualties,6% Casualties,7% Casualties,7% Casualties,7% Casualties,7% Casualties,4% Casualties,5% Casualties,5% Casualties,6% Casualties,6% Casualties,7% Casualties,7% Casualties,7% Casualties,7% Casualties,4% Casualties,5% Casualties,5% Casualties,6% Casualties,6% Casualties,7% Casualties,7% Casualties,7% Casualties,7% Casualties,4% Casualties,5% Casualties,5% Casualties,6% Casualties,6% Casualties,7% Casualties,7% Casualties,7% Casualties,7% Casualties
90 CV // 70 RT,1% Casualties,1% Casualties,2% Casualties,2% Casualties,3% Casualties,3% Casualties,3% Casualties,3% Casualties,4% Casualties,2% Casualties,2% Casualties,2% Casualties,3% Casualties,3% Casualties,4% Casualties,4% Casualties,4% Casualties,4% Casualties,2% Casualties,3% Casualties,3% Casualties,4% Casualties,4% Casualties,4% Casualties,5% Casualties,5% Casualties,5% Casualties,3% Casualties,3% Casualties,4% Casualties,4% Casualties,5% Casualties,5% Casualties,6% Casualties,6% Casualties,6% Casualties,4% Casualties,4% Casualties,5% Casualties,5% Casualties,6% Casualties,6% Casualties,7% Casualties,7% Casualties,7% Casualties,4% Casualties,5% Casualties,5% Casualties,6% Casualties,6% Casualties,7% Casualties,7% Casualties,8% Casualties,8% Casualties,4% Casualties,5% Casualties,5% Casualties,6% Casualties,6% Casualties,7% Casualties,7% Casualties,8% Casualties,8% Casualties,4% Casualties,5% Casualties,6% Casualties,6% Casualties,7% Casualties,7% Casualties,8% Casualties,8% Casualties,9% Casualties,5% Casualties,5% Casualties,6% Casualties,7% Casualties,8% Casualties,8% Casualties,8% Casualties,9% Casualties,9% Casualties,5% Casualties,6% Casualties,6% Casualties,7% Casualties,7% Casualties,8% Casualties,8% Casualties,9% Casualties,9% Casualties,5% Casualties,5% Casualties,6% Casualties,7% Casualties,8% Casualties,8% Casualties,9% Casualties,9% Casualties,9% Casualties,5% Casualties,6% Casualties,7% Casualties,8% Casualties,8% Casualties,9% Casualties,9% Casualties,10% Casualties,10% Casualties,5% Casualties,6% Casualties,7% Casualties,8% Casualties,8% Casualties,9% Casualties,9% Casualties,10% Casualties,10% Casualties,5% Casualties,6% Casualties,7% Casualties,7% Casualties,8% Casualties,9% Casualties,9% Casualties,9% Casualties,10% Casualties,5% Casualties,6% Casualties,7% Casualties,8% Casualties,8% Casualties,9% Casualties,9% Casualties,10% Casualties,10% Casualties,5% Casualties,6% Casualties,7% Casualties,8% Casualties,8% Casualties,9% Casualties,9% Casualties,10% Casualties,10% Casualties,5% Casualties,6% Casualties,7% Casualties,8% Casualties,8% Casualties,9% Casualties,9% Casualties,10% Casualties,10% Casualties,6% Casualties,6% Casualties,7% Casualties,8% Casualties,9% Casualties,9% Casualties,10% Casualties,10% Casualties,10% Casualties,5% Casualties,6% Casualties,7% Casualties,8% Casualties,9% Casualties,9% Casualties,10% Casualties,10% Casualties,10% Casualties,5% Casualties,5% Casualties,6% Casualties,7% Casualties,7% Casualties,8% Casualties,8% Casualties,8% Casualties,8% Casualties,5% Casualties,5% Casualties,6% Casualties,7% Casualties,7% Casualties,7% Casualties,8% Casualties,8% Casualties,9% Casualties,5% Casualties,5% Casualties,6% Casualties,7% Casualties,7% Casualties,8% Casualties,8% Casualties,8% Casualties,9% Casualties,5% Casualties,5% Casualties,6% Casualties,7% Casualties,7% Casualties,8% Casualties,8% Casualties,8% Casualties,8% Casualties,5% Casualties,5% Casualties,6% Casualties,7% Casualties,7% Casualties,8% Casualties,8% Casualties,8% Casualties,8% Casualties,5% Casualties,6% Casualties,6% Casualties,7% Casualties,7% Casualties,8% Casualties,8% Casualties,8% Casualties,8% Casualties
90 CV // 60 RT,1% Casualties,1% Casualties,2% Casualties,2% Casualties,3% Casualties,3% Casualties,3% Casualties,3% Casualties,4% Casualties,2% Casualties,2% Casualties,2% Casualties,3% Casualties,3% Casualties,4% Casualties,4% Casualties,4% Casualties,5% Casualties,2% Casualties,3% Casualties,3% Casualties,4% Casualties,4% Casualties,5% Casualties,5% Casualties,5% Casualties,6% Casualties,3% Casualties,4% Casualties,4% Casualties,5% Casualties,5% Casualties,6% Casualties,6% Casualties,6% Casualties,7% Casualties,4% Casualties,4% Casualties,5% Casualties,6% Casualties,6% Casualties,7% Casualties,7% Casualties,8% Casualties,8% Casualties,4% Casualties,5% Casualties,6% Casualties,6% Casualties,7% Casualties,8% Casualties,8% Casualties,8% Casualties,9% Casualties,4% Casualties,5% Casualties,6% Casualties,6% Casualties,7% Casualties,7% Casualties,8% Casualties,8% Casualties,9% Casualties,5% Casualties,5% Casualties,6% Casualties,7% Casualties,8% Casualties,8% Casualties,9% Casualties,9% Casualties,9% Casualties,5% Casualties,6% Casualties,7% Casualties,7% Casualties,8% Casualties,9% Casualties,9% Casualties,10% Casualties,10% Casualties,5% Casualties,6% Casualties,7% Casualties,7% Casualties,8% Casualties,9% Casualties,9% Casualties,10% Casualties,10% Casualties,5% Casualties,6% Casualties,7% Casualties,7% Casualties,8% Casualties,9% Casualties,9% Casualties,10% Casualties,10% Casualties,5% Casualties,6% Casualties,7% Casualties,8% Casualties,9% Casualties,10% Casualties,10% Casualties,10% Casualties,11% Casualties,5% Casualties,6% Casualties,7% Casualties,8% Casualties,9% Casualties,10% Casualties,10% Casualties,11% Casualties,11% Casualties,5% Casualties,6% Casualties,7% Casualties,8% Casualties,9% Casualties,10% Casualties,10% Casualties,11% Casualties,11% Casualties,6% Casualties,6% Casualties,7% Casualties,8% Casualties,9% Casualties,10% Casualties,10% Casualties,11% Casualties,11% Casualties,5% Casualties,6% Casualties,7% Casualties,8% Casualties,9% Casualties,9% Casualties,10% Casualties,11% Casualties,11% Casualties,5% Casualties,6% Casualties,7% Casualties,8% Casualties,9% Casualties,9% Casualties,10% Casualties,11% Casualties,11% Casualties,6% Casualties,7% Casualties,8% Casualties,8% Casualties,9% Casualties,10% Casualties,11% Casualties,11% Casualties,12% Casualties,6% Casualties,7% Casualties,8% Casualties,9% Casualties,9% Casualties,10% Casualties,11% Casualties,11% Casualties,12% Casualties,5% Casualties,6% Casualties,7% Casualties,7% Casualties,8% Casualties,9% Casualties,9% Casualties,9% Casualties,10% Casualties,5% Casualties,6% Casualties,7% Casualties,7% Casualties,8% Casualties,9% Casualties,9% Casualties,9% Casualties,10% Casualties,5% Casualties,6% Casualties,7% Casualties,7% Casualties,8% Casualties,9% Casualties,9% Casualties,9% Casualties,10% Casualties,5% Casualties,6% Casualties,7% Casualties,7% Casualties,8% Casualties,9% Casualties,9% Casualties,9% Casualties,10% Casualties,5% Casualties,6% Casualties,7% Casualties,7% Casualties,8% Casualties,9% Casualties,9% Casualties,9% Casualties,10% Casualties,5% Casualties,6% Casualties,7% Casualties,8% Casualties,8% Casualties,9% Casualties,9% Casualties,10% Casualties,10% Casualties
90 CV // 50 RT,1% Casualties,1% Casualties,2% Casualties,2% Casualties,3% Casualties,3% Casualties,3% Casualties,3% Casualties,4% Casualties,2% Casualties,2% Casualties,2% Casualties,3% Casualties,3% Casualties,4% Casualties,4% Casualties,4% Casualties,5% Casualties,3% Casualties,3% Casualties,3% Casualties,4% Casualties,4% Casualties,5% Casualties,5% Casualties,6% Casualties,6% Casualties,3% Casualties,4% Casualties,4% Casualties,5% Casualties,5% Casualties,6% Casualties,6% Casualties,7% Casualties,7% Casualties,4% Casualties,5% Casualties,5% Casualties,6% Casualties,7% Casualties,7% Casualties,8% Casualties,8% Casualties,9% Casualties,4% Casualties,5% Casualties,6% Casualties,7% Casualties,7% Casualties,8% Casualties,9% Casualties,9% Casualties,10% Casualties,4% Casualties,5% Casualties,6% Casualties,7% Casualties,7% Casualties,8% Casualties,9% Casualties,9% Casualties,10% Casualties,5% Casualties,6% Casualties,6% Casualties,7% Casualties,8% Casualties,9% Casualties,9% Casualties,10% Casualties,11% Casualties,5% Casualties,6% Casualties,7% Casualties,8% Casualties,9% Casualties,10% Casualties,10% Casualties,11% Casualties,11% Casualties,5% Casualties,6% Casualties,7% Casualties,8% Casualties,9% Casualties,9% Casualties,10% Casualties,11% Casualties,11% Casualties,5% Casualties,6% Casualties,7% Casualties,8% Casualties,9% Casualties,10% Casualties,10% Casualties,11% Casualties,11% Casualties,6% Casualties,7% Casualties,8% Casualties,9% Casualties,10% Casualties,10% Casualties,11% Casualties,12% Casualties,12% Casualties,6% Casualties,7% Casualties,8% Casualties,9% Casualties,10% Casualties,10% Casualties,11% Casualties,12% Casualties,12% Casualties,6% Casualties,7% Casualties,8% Casualties,9% Casualties,10% Casualties,10% Casualties,11% Casualties,12% Casualties,12% Casualties,6% Casualties,7% Casualties,8% Casualties,9% Casualties,10% Casualties,10% Casualties,11% Casualties,12% Casualties,12% Casualties,6% Casualties,7% Casualties,8% Casualties,9% Casualties,10% Casualties,10% Casualties,11% Casualties,12% Casualties,12% Casualties,6% Casualties,7% Casualties,8% Casualties,9% Casualties,10% Casualties,10% Casualties,11% Casualties,12% Casualties,12% Casualties,6% Casualties,7% Casualties,8% Casualties,9% Casualties,10% Casualties,11% Casualties,12% Casualties,12% Casualties,13% Casualties,6% Casualties,7% Casualties,8% Casualties,9% Casualties,10% Casualties,11% Casualties,12% Casualties,12% Casualties,13% Casualties,5% Casualties,6% Casualties,7% Casualties,8% Casualties,9% Casualties,10% Casualties,10% Casualties,11% Casualties,11% Casualties,5% Casualties,7% Casualties,7% Casualties,8% Casualties,9% Casualties,10% Casualties,10% Casualties,11% Casualties,11% Casualties,6% Casualties,6% Casualties,7% Casualties,8% Casualties,9% Casualties,10% Casualties,10% Casualties,11% Casualties,11% Casualties,6% Casualties,6% Casualties,7% Casualties,8% Casualties,9% Casualties,10% Casualties,10% Casualties,11% Casualties,11% Casualties,6% Casualties,6% Casualties,7% Casualties,8% Casualties,9% Casualties,10% Casualties,10% Casualties,11% Casualties,11% Casualties,6% Casualties,7% Casualties,8% Casualties,8% Casualties,9% Casualties,10% Casualties,11% Casualties,11% Casualties,11% Casualties
90 CV // 40 RT,1% Casualties,1% Casualties,2% Casualties,2% Casualties,3% Casualties,3% Casualties,3% Casualties,4% Casualties,4% Casualties,2% Casualties,2% Casualties,3% Casualties,3% Casualties,3% Casualties,4% Casualties,4% Casualties,5% Casualties,5% Casualties,3% Casualties,3% Casualties,3% Casualties,4% Casualties,5% Casualties,5% Casualties,6% Casualties,6% Casualties,6% Casualties,3% Casualties,4% Casualties,4% Casualties,5% Casualties,6% Casualties,6% Casualties,7% Casualties,8% Casualties,8% Casualties,4% Casualties,5% Casualties,6% Casualties,6% Casualties,7% Casualties,8% Casualties,9% Casualties,9% Casualties,10% Casualties,4% Casualties,5% Casualties,6% Casualties,7% Casualties,8% Casualties,9% Casualties,9% Casualties,10% Casualties,11% Casualties,5% Casualties,5% Casualties,6% Casualties,7% Casualties,8% Casualties,9% Casualties,9% Casualties,10% Casualties,11% Casualties,5% Casualties,6% Casualties,7% Casualties,8% Casualties,9% Casualties,10% Casualties,10% Casualties,11% Casualties,12% Casualties,5% Casualties,6% Casualties,7% Casualties,8% Casualties,10% Casualties,10% Casualties,11% Casualties,12% Casualties,13% Casualties,5% Casualties,6% Casualties,8% Casualties,9% Casualties,10% Casualties,10% Casualties,11% Casualties,12% Casualties,13% Casualties,5% Casualties,6% Casualties,8% Casualties,9% Casualties,10% Casualties,10% Casualties,11% Casualties,12% Casualties,13% Casualties,6% Casualties,7% Casualties,8% Casualties,9% Casualties,11% Casualties,11% Casualties,12% Casualties,13% Casualties,14% Casualties,6% Casualties,7% Casualties,8% Casualties,10% Casualties,11% Casualties,12% Casualties,12% Casualties,13% Casualties,14% Casualties,6% Casualties,7% Casualties,8% Casualties,10% Casualties,10% Casualties,12% Casualties,12% Casualties,13% Casualties,14% Casualties,6% Casualties,7% Casualties,8% Casualties,9% Casualties,11% Casualties,12% Casualties,12% Casualties,13% Casualties,14% Casualties,6% Casualties,7% Casualties,8% Casualties,9% Casualties,11% Casualties,11% Casualties,12% Casualties,13% Casualties,14% Casualties,6% Casualties,7% Casualties,8% Casualties,10% Casualties,11% Casualties,11% Casualties,12% Casualties,13% Casualties,14% Casualties,6% Casualties,8% Casualties,9% Casualties,10% Casualties,11% Casualties,12% Casualties,13% Casualties,14% Casualties,15% Casualties,6% Casualties,8% Casualties,9% Casualties,10% Casualties,11% Casualties,12% Casualties,13% Casualties,14% Casualties,15% Casualties,6% Casualties,7% Casualties,8% Casualties,9% Casualties,10% Casualties,11% Casualties,12% Casualties,13% Casualties,13% Casualties,6% Casualties,7% Casualties,8% Casualties,9% Casualties,10% Casualties,11% Casualties,12% Casualties,13% Casualties,13% Casualties,6% Casualties,7% Casualties,8% Casualties,9% Casualties,10% Casualties,11% Casualties,12% Casualties,13% Casualties,13% Casualties,6% Casualties,7% Casualties,8% Casualties,9% Casualties,10% Casualties,11% Casualties,12% Casualties,13% Casualties,13% Casualties,6% Casualties,7% Casualties,8% Casualties,9% Casualties,10% Casualties,11% Casualties,12% Casualties,13% Casualties,13% Casualties,6% Casualties,7% Casualties,9% Casualties,10% Casualties,11% Casualties,11% Casualties,12% Casualties,13% Casualties,14% Casualties
90 CV // 30 RT,1% Casualties,1% Casualties,2% Casualties,2% Casualties,3% Casualties,3% Casualties,3% Casualties,4% Casualties,4% Casualties,2% Casualties,2% Casualties,3% Casualties,3% Casualties,4% Casualties,4% Casualties,4% Casualties,5% Casualties,5% Casualties,3% Casualties,3% Casualties,4% Casualties,4% Casualties,5% Casualties,5% Casualties,6% Casualties,6% Casualties,7% Casualties,3% Casualties,4% Casualties,5% Casualties,5% Casualties,6% Casualties,7% Casualties,8% Casualties,8% Casualties,9% Casualties,4% Casualties,5% Casualties,6% Casualties,7% Casualties,8% Casualties,9% Casualties,9% Casualties,10% Casualties,11% Casualties,5% Casualties,6% Casualties,7% Casualties,8% Casualties,9% Casualties,10% Casualties,11% Casualties,11% Casualties,12% Casualties,5% Casualties,6% Casualties,7% Casualties,8% Casualties,9% Casualties,10% Casualties,10% Casualties,11% Casualties,12% Casualties,5% Casualties,6% Casualties,7% Casualties,9% Casualties,10% Casualties,11% Casualties,11% Casualties,12% Casualties,13% Casualties,6% Casualties,7% Casualties,8% Casualties,9% Casualties,10% Casualties,12% Casualties,13% Casualties,14% Casualties,15% Casualties,6% Casualties,7% Casualties,8% Casualties,9% Casualties,11% Casualties,12% Casualties,13% Casualties,14% Casualties,15% Casualties,6% Casualties,7% Casualties,8% Casualties,9% Casualties,11% Casualties,12% Casualties,13% Casualties,13% Casualties,15% Casualties,6% Casualties,8% Casualties,9% Casualties,11% Casualties,12% Casualties,13% Casualties,14% Casualties,15% Casualties,16% Casualties,6% Casualties,8% Casualties,9% Casualties,10% Casualties,12% Casualties,13% Casualties,14% Casualties,15% Casualties,16% Casualties,6% Casualties,8% Casualties,9% Casualties,11% Casualties,12% Casualties,13% Casualties,14% Casualties,15% Casualties,16% Casualties,6% Casualties,8% Casualties,9% Casualties,11% Casualties,12% Casualties,13% Casualties,14% Casualties,15% Casualties,16% Casualties,6% Casualties,8% Casualties,9% Casualties,11% Casualties,12% Casualties,13% Casualties,14% Casualties,15% Casualties,16% Casualties,7% Casualties,8% Casualties,9% Casualties,11% Casualties,12% Casualties,13% Casualties,14% Casualties,15% Casualties,16% Casualties,7% Casualties,9% Casualties,10% Casualties,11% Casualties,13% Casualties,14% Casualties,15% Casualties,16% Casualties,17% Casualties,7% Casualties,9% Casualties,10% Casualties,11% Casualties,13% Casualties,14% Casualties,15% Casualties,16% Casualties,17% Casualties,7% Casualties,8% Casualties,9% Casualties,11% Casualties,12% Casualties,13% Casualties,14% Casualties,15% Casualties,16% Casualties,7% Casualties,8% Casualties,9% Casualties,11% Casualties,12% Casualties,13% Casualties,14% Casualties,15% Casualties,16% Casualties,7% Casualties,8% Casualties,9% Casualties,11% Casualties,12% Casualties,13% Casualties,14% Casualties,15% Casualties,16% Casualties,7% Casualties,8% Casualties,9% Casualties,11% Casualties,12% Casualties,13% Casualties,14% Casualties,15% Casualties,16% Casualties,7% Casualties,8% Casualties,9% Casualties,11% Casualties,12% Casualties,13% Casualties,14% Casualties,15% Casualties,16% Casualties,7% Casualties,8% Casualties,10% Casualties,11% Casualties,12% Casualties,13% Casualties,15% Casualties,15% Casualties,16% Casualties
90 CV // 20 RT,1% Casualties,1% Casualties,2% Casualties,2% Casualties,3% Casualties,3% Casualties,3% Casualties,4% Casualties,4% Casualties,2% Casualties,2% Casualties,3% Casualties,3% Casualties,4% Casualties,4% Casualties,5% Casualties,5% Casualties,6% Casualties,3% Casualties,3% Casualties,4% Casualties,4% Casualties,5% Casualties,6% Casualties,6% Casualties,7% Casualties,7% Casualties,3% Casualties,4% Casualties,5% Casualties,6% Casualties,7% Casualties,7% Casualties,8% Casualties,9% Casualties,10% Casualties,4% Casualties,5% Casualties,6% Casualties,7% Casualties,9% Casualties,10% Casualties,10% Casualties,11% Casualties,12% Casualties,5% Casualties,6% Casualties,7% Casualties,8% Casualties,10% Casualties,11% Casualties,12% Casualties,13% Casualties,14% Casualties,5% Casualties,6% Casualties,7% Casualties,8% Casualties,10% Casualties,11% Casualties,12% Casualties,13% Casualties,14% Casualties,5% Casualties,7% Casualties,8% Casualties,10% Casualties,11% Casualties,12% Casualties,13% Casualties,14% Casualties,15% Casualties,6% Casualties,8% Casualties,9% Casualties,11% Casualties,12% Casualties,13% Casualties,15% Casualties,16% Casualties,17% Casualties,6% Casualties,8% Casualties,9% Casualties,10% Casualties,12% Casualties,13% Casualties,14% Casualties,16% Casualties,17% Casualties,6% Casualties,8% Casualties,9% Casualties,11% Casualties,12% Casualties,13% Casualties,14% Casualties,16% Casualties,17% Casualties,7% Casualties,9% Casualties,10% Casualties,12% Casualties,13% Casualties,15% Casualties,16% Casualties,18% Casualties,19% Casualties,7% Casualties,9% Casualties,10% Casualties,12% Casualties,14% Casualties,15% Casualties,16% Casualties,18% Casualties,19% Casualties,7% Casualties,9% Casualties,10% Casualties,12% Casualties,14% Casualties,15% Casualties,16% Casualties,17% Casualties,19% Casualties,7% Casualties,9% Casualties,10% Casualties,12% Casualties,13% Casualties,15% Casualties,16% Casualties,18% Casualties,19% Casualties,7% Casualties,9% Casualties,10% Casualties,12% Casualties,13% Casualties,15% Casualties,16% Casualties,17% Casualties,19% Casualties,7% Casualties,8% Casualties,10% Casualties,12% Casualties,14% Casualties,15% Casualties,16% Casualties,18% Casualties,19% Casualties,8% Casualties,10% Casualties,11% Casualties,13% Casualties,15% Casualties,16% Casualties,18% Casualties,19% Casualties,21% Casualties,8% Casualties,9% Casualties,11% Casualties,13% Casualties,15% Casualties,16% Casualties,18% Casualties,19% Casualties,21% Casualties,7% Casualties,9% Casualties,11% Casualties,13% Casualties,14% Casualties,16% Casualties,17% Casualties,18% Casualties,20% Casualties,7% Casualties,9% Casualties,11% Casualties,12% Casualties,14% Casualties,16% Casualties,17% Casualties,18% Casualties,20% Casualties,7% Casualties,9% Casualties,11% Casualties,13% Casualties,14% Casualties,16% Casualties,17% Casualties,18% Casualties,19% Casualties,7% Casualties,9% Casualties,11% Casualties,12% Casualties,14% Casualties,16% Casualties,17% Casualties,19% Casualties,19% Casualties,7% Casualties,9% Casualties,11% Casualties,13% Casualties,14% Casualties,15% Casualties,17% Casualties,19% Casualties,19% Casualties,8% Casualties,10% Casualties,11% Casualties,13% Casualties,15% Casualties,16% Casualties,18% Casualties,19% Casualties,20% Casualties
90 CV // 10 RT,1% Casualties,1% Casualties,2% Casualties,2% Casualties,3% Casualties,3% Casualties,3% Casualties,4% Casualties,4% Casualties,2% Casualties,2% Casualties,3% Casualties,3% Casualties,4% Casualties,4% Casualties,5% Casualties,5% Casualties,6% Casualties,3% Casualties,3% Casualties,4% Casualties,5% Casualties,5% Casualties,6% Casualties,7% Casualties,8% Casualties,8% Casualties,4% Casualties,4% Casualties,5% Casualties,6% Casualties,7% Casualties,8% Casualties,9% Casualties,10% Casualties,11% Casualties,5% Casualties,6% Casualties,7% Casualties,8% Casualties,10% Casualties,11% Casualties,12% Casualties,13% Casualties,14% Casualties,5% Casualties,7% Casualties,8% Casualties,9% Casualties,11% Casualties,12% Casualties,14% Casualties,15% Casualties,16% Casualties,5% Casualties,7% Casualties,8% Casualties,9% Casualties,11% Casualties,12% Casualties,14% Casualties,15% Casualties,16% Casualties,6% Casualties,7% Casualties,9% Casualties,11% Casualties,12% Casualties,14% Casualties,15% Casualties,17% Casualties,18% Casualties,7% Casualties,8% Casualties,10% Casualties,12% Casualties,14% Casualties,15% Casualties,17% Casualties,19% Casualties,20% Casualties,7% Casualties,8% Casualties,10% Casualties,12% Casualties,14% Casualties,15% Casualties,17% Casualties,19% Casualties,20% Casualties,7% Casualties,8% Casualties,10% Casualties,12% Casualties,14% Casualties,15% Casualties,17% Casualties,19% Casualties,20% Casualties,8% Casualties,9% Casualties,11% Casualties,13% Casualties,16% Casualties,17% Casualties,19% Casualties,21% Casualties,22% Casualties,7% Casualties,10% Casualties,12% Casualties,14% Casualties,16% Casualties,17% Casualties,19% Casualties,21% Casualties,22% Casualties,8% Casualties,10% Casualties,11% Casualties,14% Casualties,15% Casualties,17% Casualties,19% Casualties,21% Casualties,22% Casualties,7% Casualties,9% Casualties,12% Casualties,14% Casualties,15% Casualties,17% Casualties,19% Casualties,21% Casualties,22% Casualties,8% Casualties,9% Casualties,12% Casualties,14% Casualties,16% Casualties,17% Casualties,19% Casualties,21% Casualties,22% Casualties,8% Casualties,9% Casualties,12% Casualties,13% Casualties,15% Casualties,17% Casualties,19% Casualties,21% Casualties,22% Casualties,9% Casualties,10% Casualties,13% Casualties,15% Casualties,17% Casualties,19% Casualties,21% Casualties,23% Casualties,24% Casualties,8% Casualties,11% Casualties,13% Casualties,15% Casualties,17% Casualties,19% Casualties,21% Casualties,23% Casualties,24% Casualties,8% Casualties,10% Casualties,13% Casualties,15% Casualties,17% Casualties,19% Casualties,20% Casualties,23% Casualties,24% Casualties,8% Casualties,11% Casualties,13% Casualties,15% Casualties,17% Casualties,19% Casualties,21% Casualties,22% Casualties,24% Casualties,8% Casualties,10% Casualties,12% Casualties,15% Casualties,17% Casualties,19% Casualties,20% Casualties,23% Casualties,24% Casualties,8% Casualties,10% Casualties,13% Casualties,15% Casualties,17% Casualties,19% Casualties,20% Casualties,22% Casualties,24% Casualties,8% Casualties,10% Casualties,12% Casualties,15% Casualties,17% Casualties,19% Casualties,20% Casualties,22% Casualties,24% Casualties,9% Casualties,11% Casualties,14% Casualties,16% Casualties,18% Casualties,20% Casualties,22% Casualties,23% Casualties,25% Casualties
90 CV // 0 RT,1% Casualties,1% Casualties,2% Casualties,2% Casualties,3% Casualties,3% Casualties,3% Casualties,4% Casualties,4% Casualties,2% Casualties,2% Casualties,3% Casualties,3% Casualties,4% Casualties,5% Casualties,5% Casualties,6% Casualties,6% Casualties,3% Casualties,4% Casualties,4% Casualties,5% Casualties,6% Casualties,7% Casualties,8% Casualties,8% Casualties,9% Casualties,4% Casualties,5% Casualties,6% Casualties,7% Casualties,8% Casualties,9% Casualties,10% Casualties,11% Casualties,13% Casualties,5% Casualties,6% Casualties,8% Casualties,9% Casualties,11% Casualties,12% Casualties,14% Casualties,15% Casualties,17% Casualties,6% Casualties,7% Casualties,9% Casualties,10% Casualties,12% Casualties,14% Casualties,16% Casualties,17% Casualties,19% Casualties,6% Casualties,7% Casualties,9% Casualties,10% Casualties,12% Casualties,14% Casualties,15% Casualties,17% Casualties,19% Casualties,6% Casualties,8% Casualties,10% Casualties,12% Casualties,14% Casualties,16% Casualties,18% Casualties,19% Casualties,21% Casualties,7% Casualties,9% Casualties,12% Casualties,14% Casualties,16% Casualties,18% Casualties,20% Casualties,22% Casualties,24% Casualties,7% Casualties,9% Casualties,11% Casualties,13% Casualties,16% Casualties,18% Casualties,20% Casualties,22% Casualties,24% Casualties,7% Casualties,9% Casualties,11% Casualties,14% Casualties,16% Casualties,18% Casualties,20% Casualties,22% Casualties,24% Casualties,8% Casualties,11% Casualties,13% Casualties,15% Casualties,18% Casualties,20% Casualties,22% Casualties,25% Casualties,26% Casualties,8% Casualties,11% Casualties,13% Casualties,15% Casualties,18% Casualties,20% Casualties,22% Casualties,25% Casualties,27% Casualties,8% Casualties,11% Casualties,13% Casualties,15% Casualties,18% Casualties,20% Casualties,22% Casualties,25% Casualties,27% Casualties,8% Casualties,11% Casualties,13% Casualties,16% Casualties,18% Casualties,20% Casualties,22% Casualties,24% Casualties,27% Casualties,8% Casualties,11% Casualties,13% Casualties,15% Casualties,18% Casualties,20% Casualties,22% Casualties,24% Casualties,26% Casualties,9% Casualties,11% Casualties,13% Casualties,15% Casualties,18% Casualties,20% Casualties,22% Casualties,25% Casualties,27% Casualties,9% Casualties,12% Casualties,15% Casualties,17% Casualties,20% Casualties,23% Casualties,25% Casualties,27% Casualties,29% Casualties,9% Casualties,12% Casualties,15% Casualties,17% Casualties,20% Casualties,22% Casualties,24% Casualties,28% Casualties,29% Casualties,9% Casualties,12% Casualties,15% Casualties,17% Casualties,20% Casualties,22% Casualties,25% Casualties,27% Casualties,30% Casualties,9% Casualties,12% Casualties,15% Casualties,17% Casualties,20% Casualties,23% Casualties,25% Casualties,27% Casualties,29% Casualties,9% Casualties,12% Casualties,14% Casualties,17% Casualties,20% Casualties,23% Casualties,25% Casualties,27% Casualties,30% Casualties,9% Casualties,12% Casualties,14% Casualties,17% Casualties,20% Casualties,23% Casualties,25% Casualties,27% Casualties,29% Casualties,9% Casualties,12% Casualties,15% Casualties,17% Casualties,20% Casualties,22% Casualties,25% Casualties,27% Casualties,29% Casualties,10% Casualties,13% Casualties,16% Casualties,18% Casualties,21% Casualties,24% Casualties,26% Casualties,28% Casualties,31% Casualties
95 CV // 80 RT,1% Casualties,1% Casualties,2% Casualties,2% Casualties,2% Casualties,3% Casualties,3% Casualties,3% Casualties,3% Casualties,2% Casualties,2% Casualties,2% Casualties,3% Casualties,3% Casualties,3% Casualties,4% Casualties,4% Casualties,4% Casualties,2% Casualties,2% Casualties,3% Casualties,3% Casualties,3% Casualties,4% Casualties,4% Casualties,4% Casualties,4% Casualties,3% Casualties,3% Casualties,4% Casualties,4% Casualties,5% Casualties,5% Casualties,5% Casualties,6% Casualties,6% Casualties,3% Casualties,4% Casualties,4% Casualties,5% Casualties,5% Casualties,5% Casualties,6% Casualties,6% Casualties,6% Casualties,4% Casualties,4% Casualties,5% Casualties,5% Casualties,6% Casualties,6% Casualties,6% Casualties,7% Casualties,7% Casualties,4% Casualties,5% Casualties,5% Casualties,6% Casualties,6% Casualties,6% Casualties,7% Casualties,7% Casualties,7% Casualties,4% Casualties,5% Casualties,6% Casualties,6% Casualties,7% Casualties,7% Casualties,7% Casualties,8% Casualties,8% Casualties,4% Casualties,5% Casualties,6% Casualties,6% Casualties,7% Casualties,7% Casualties,7% Casualties,8% Casualties,8% Casualties,5% Casualties,5% Casualties,6% Casualties,7% Casualties,7% Casualties,7% Casualties,8% Casualties,8% Casualties,8% Casualties,5% Casualties,5% Casualties,6% Casualties,7% Casualties,7% Casualties,7% Casualties,8% Casualties,8% Casualties,8% Casualties,5% Casualties,5% Casualties,6% Casualties,6% Casualties,7% Casualties,7% Casualties,8% Casualties,8% Casualties,8% Casualties,5% Casualties,6% Casualties,6% Casualties,7% Casualties,8% Casualties,8% Casualties,8% Casualties,9% Casualties,9% Casualties,5% Casualties,6% Casualties,6% Casualties,7% Casualties,8% Casualties,8% Casualties,8% Casualties,9% Casualties,9% Casualties,5% Casualties,6% Casualties,7% Casualties,7% Casualties,8% Casualties,8% Casualties,8% Casualties,9% Casualties,9% Casualties,5% Casualties,6% Casualties,6% Casualties,7% Casualties,8% Casualties,8% Casualties,8% Casualties,9% Casualties,9% Casualties,5% Casualties,6% Casualties,6% Casualties,7% Casualties,8% Casualties,8% Casualties,8% Casualties,9% Casualties,9% Casualties,5% Casualties,6% Casualties,6% Casualties,7% Casualties,8% Casualties,8% Casualties,8% Casualties,8% Casualties,9% Casualties,5% Casualties,6% Casualties,7% Casualties,7% Casualties,8% Casualties,8% Casualties,9% Casualties,9% Casualties,9% Casualties,4% Casualties,5% Casualties,5% Casualties,6% Casualties,6% Casualties,7% Casualties,7% Casualties,7% Casualties,7% Casualties,4% Casualties,5% Casualties,5% Casualties,6% Casualties,6% Casualties,7% Casualties,7% Casualties,7% Casualties,7% Casualties,4% Casualties,5% Casualties,5% Casualties,6% Casualties,6% Casualties,7% Casualties,7% Casualties,7% Casualties,7% Casualties,4% Casualties,5% Casualties,5% Casualties,6% Casualties,6% Casualties,7% Casualties,7% Casualties,7% Casualties,7% Casualties,4% Casualties,5% Casualties,5% Casualties,6% Casualties,6% Casualties,7% Casualties,7% Casualties,7% Casualties,7% Casualties,4% Casualties,5% Casualties,5% Casualties,6% Casualties,6% Casualties,7% Casualties,7% Casualties,7% Casualties,7% Casualties
95 CV // 70 RT,1% Casualties,1% Casualties,2% Casualties,2% Casualties,2% Casualties,3% Casualties,3% Casualties,3% Casualties,3% Casualties,2% Casualties,2% Casualties,2% Casualties,3% Casualties,3% Casualties,3% Casualties,4% Casualties,4% Casualties,4% Casualties,2% Casualties,2% Casualties,3% Casualties,3% Casualties,4% Casualties,4% Casualties,4% Casualties,4% Casualties,5% Casualties,3% Casualties,3% Casualties,4% Casualties,4% Casualties,5% Casualties,5% Casualties,6% Casualties,6% Casualties,6% Casualties,3% Casualties,4% Casualties,4% Casualties,5% Casualties,5% Casualties,6% Casualties,6% Casualties,7% Casualties,7% Casualties,4% Casualties,4% Casualties,5% Casualties,5% Casualties,6% Casualties,6% Casualties,7% Casualties,7% Casualties,7% Casualties,4% Casualties,5% Casualties,5% Casualties,6% Casualties,6% Casualties,7% Casualties,7% Casualties,8% Casualties,8% Casualties,4% Casualties,5% Casualties,6% Casualties,6% Casualties,7% Casualties,8% Casualties,8% Casualties,8% Casualties,9% Casualties,4% Casualties,5% Casualties,6% Casualties,6% Casualties,7% Casualties,8% Casualties,8% Casualties,8% Casualties,9% Casualties,5% Casualties,6% Casualties,6% Casualties,7% Casualties,7% Casualties,8% Casualties,8% Casualties,9% Casualties,9% Casualties,5% Casualties,6% Casualties,6% Casualties,7% Casualties,8% Casualties,8% Casualties,8% Casualties,9% Casualties,9% Casualties,5% Casualties,6% Casualties,6% Casualties,7% Casualties,8% Casualties,8% Casualties,8% Casualties,9% Casualties,9% Casualties,5% Casualties,6% Casualties,7% Casualties,8% Casualties,8% Casualties,9% Casualties,9% Casualties,10% Casualties,10% Casualties,5% Casualties,6% Casualties,7% Casualties,8% Casualties,8% Casualties,9% Casualties,9% Casualties,10% Casualties,10% Casualties,5% Casualties,6% Casualties,7% Casualties,8% Casualties,8% Casualties,9% Casualties,9% Casualties,10% Casualties,10% Casualties,5% Casualties,6% Casualties,7% Casualties,8% Casualties,8% Casualties,9% Casualties,9% Casualties,9% Casualties,10% Casualties,5% Casualties,6% Casualties,7% Casualties,8% Casualties,8% Casualties,9% Casualties,9% Casualties,10% Casualties,10% Casualties,5% Casualties,6% Casualties,7% Casualties,8% Casualties,8% Casualties,9% Casualties,9% Casualties,10% Casualties,10% Casualties,6% Casualties,6% Casualties,7% Casualties,8% Casualties,8% Casualties,9% Casualties,10% Casualties,10% Casualties,10% Casualties,5% Casualties,5% Casualties,6% Casualties,7% Casualties,7% Casualties,8% Casualties,8% Casualties,8% Casualties,8% Casualties,5% Casualties,5% Casualties,6% Casualties,7% Casualties,7% Casualties,8% Casualties,8% Casualties,8% Casualties,8% Casualties,5% Casualties,5% Casualties,6% Casualties,7% Casualties,7% Casualties,8% Casualties,8% Casualties,8% Casualties,8% Casualties,5% Casualties,5% Casualties,6% Casualties,7% Casualties,7% Casualties,8% Casualties,8% Casualties,8% Casualties,8% Casualties,5% Casualties,5% Casualties,6% Casualties,7% Casualties,7% Casualties,8% Casualties,8% Casualties,8% Casualties,9% Casualties,5% Casualties,5% Casualties,6% Casualties,6% Casualties,7% Casualties,8% Casualties,8% Casualties,8% Casualties,8% Casualties
95 CV // 60 RT,1% Casualties,1% Casualties,2% Casualties,2% Casualties,2% Casualties,3% Casualties,3% Casualties,3% Casualties,3% Casualties,2% Casualties,2% Casualties,2% Casualties,3% Casualties,3% Casualties,4% Casualties,4% Casualties,4% Casualties,4% Casualties,2% Casualties,2% Casualties,3% Casualties,3% Casualties,4% Casualties,4% Casualties,4% Casualties,5% Casualties,5% Casualties,3% Casualties,4% Casualties,4% Casualties,5% Casualties,5% Casualties,6% Casualties,6% Casualties,6% Casualties,7% Casualties,3% Casualties,4% Casualties,5% Casualties,5% Casualties,6% Casualties,6% Casualties,7% Casualties,7% Casualties,8% Casualties,4% Casualties,5% Casualties,5% Casualties,6% Casualties,6% Casualties,7% Casualties,7% Casualties,8% Casualties,8% Casualties,4% Casualties,5% Casualties,6% Casualties,6% Casualties,7% Casualties,7% Casualties,8% Casualties,8% Casualties,9% Casualties,5% Casualties,5% Casualties,6% Casualties,7% Casualties,8% Casualties,8% Casualties,9% Casualties,9% Casualties,9% Casualties,4% Casualties,5% Casualties,6% Casualties,7% Casualties,8% Casualties,8% Casualties,9% Casualties,9% Casualties,9% Casualties,5% Casualties,6% Casualties,6% Casualties,8% Casualties,8% Casualties,9% Casualties,9% Casualties,10% Casualties,10% Casualties,5% Casualties,6% Casualties,7% Casualties,7% Casualties,8% Casualties,9% Casualties,9% Casualties,10% Casualties,10% Casualties,5% Casualties,6% Casualties,7% Casualties,8% Casualties,8% Casualties,9% Casualties,9% Casualties,10% Casualties,10% Casualties,5% Casualties,6% Casualties,7% Casualties,8% Casualties,9% Casualties,10% Casualties,10% Casualties,11% Casualties,11% Casualties,5% Casualties,6% Casualties,7% Casualties,8% Casualties,9% Casualties,10% Casualties,10% Casualties,11% Casualties,11% Casualties,5% Casualties,6% Casualties,7% Casualties,8% Casualties,9% Casualties,10% Casualties,10% Casualties,11% Casualties,11% Casualties,5% Casualties,6% Casualties,7% Casualties,8% Casualties,9% Casualties,9% Casualties,10% Casualties,10% Casualties,11% Casualties,6% Casualties,6% Casualties,7% Casualties,8% Casualties,9% Casualties,9% Casualties,10% Casualties,11% Casualties,11% Casualties,6% Casualties,6% Casualties,7% Casualties,8% Casualties,9% Casualties,9% Casualties,10% Casualties,11% Casualties,11% Casualties,6% Casualties,7% Casualties,8% Casualties,8% Casualties,9% Casualties,10% Casualties,11% Casualties,11% Casualties,12% Casualties,5% Casualties,6% Casualties,7% Casualties,7% Casualties,8% Casualties,9% Casualties,9% Casualties,9% Casualties,10% Casualties,5% Casualties,6% Casualties,7% Casualties,7% Casualties,8% Casualties,9% Casualties,9% Casualties,9% Casualties,10% Casualties,5% Casualties,6% Casualties,7% Casualties,7% Casualties,8% Casualties,9% Casualties,9% Casualties,9% Casualties,10% Casualties,5% Casualties,6% Casualties,7% Casualties,7% Casualties,8% Casualties,9% Casualties,9% Casualties,9% Casualties,10% Casualties,5% Casualties,6% Casualties,7% Casualties,7% Casualties,8% Casualties,9% Casualties,9% Casualties,9% Casualties,10% Casualties,5% Casualties,6% Casualties,7% Casualties,7% Casualties,8% Casualties,9% Casualties,9% Casualties,9% Casualties,10% Casualties
95 CV // 50 RT,1% Casualties,1% Casualties,2% Casualties,2% Casualties,2% Casualties,3% Casualties,3% Casualties,3% Casualties,3% Casualties,2% Casualties,2% Casualties,2% Casualties,3% Casualties,3% Casualties,4% Casualties,4% Casualties,4% Casualties,5% Casualties,2% Casualties,2% Casualties,3% Casualties,3% Casualties,4% Casualties,4% Casualties,5% Casualties,5% Casualties,5% Casualties,3% Casualties,4% Casualties,4% Casualties,5% Casualties,5% Casualties,6% Casualties,7% Casualties,7% Casualties,7% Casualties,4% Casualties,4% Casualties,5% Casualties,5% Casualties,6% Casualties,7% Casualties,7% Casualties,8% Casualties,8% Casualties,4% Casualties,5% Casualties,5% Casualties,6% Casualties,7% Casualties,7% Casualties,8% Casualties,8% Casualties,9% Casualties,4% Casualties,5% Casualties,6% Casualties,7% Casualties,7% Casualties,8% Casualties,9% Casualties,9% Casualties,10% Casualties,5% Casualties,5% Casualties,7% Casualties,7% Casualties,8% Casualties,9% Casualties,9% Casualties,10% Casualties,11% Casualties,5% Casualties,6% Casualties,6% Casualties,7% Casualties,8% Casualties,9% Casualties,9% Casualties,10% Casualties,10% Casualties,5% Casualties,6% Casualties,7% Casualties,8% Casualties,9% Casualties,9% Casualties,10% Casualties,11% Casualties,11% Casualties,5% Casualties,6% Casualties,7% Casualties,8% Casualties,9% Casualties,10% Casualties,10% Casualties,11% Casualties,11% Casualties,5% Casualties,6% Casualties,7% Casualties,8% Casualties,9% Casualties,9% Casualties,10% Casualties,11% Casualties,11% Casualties,6% Casualties,7% Casualties,8% Casualties,9% Casualties,10% Casualties,10% Casualties,11% Casualties,12% Casualties,12% Casualties,6% Casualties,7% Casualties,8% Casualties,9% Casualties,10% Casualties,10% Casualties,11% Casualties,12% Casualties,12% Casualties,6% Casualties,7% Casualties,8% Casualties,9% Casualties,10% Casualties,10% Casualties,11% Casualties,12% Casualties,12% Casualties,6% Casualties,7% Casualties,8% Casualties,9% Casualties,10% Casualties,10% Casualties,11% Casualties,12% Casualties,12% Casualties,6% Casualties,7% Casualties,8% Casualties,9% Casualties,10% Casualties,10% Casualties,11% Casualties,12% Casualties,12% Casualties,6% Casualties,7% Casualties,8% Casualties,9% Casualties,10% Casualties,11% Casualties,11% Casualties,12% Casualties,12% Casualties,6% Casualties,7% Casualties,8% Casualties,9% Casualties,10% Casualties,11% Casualties,12% Casualties,12% Casualties,13% Casualties,5% Casualties,6% Casualties,7% Casualties,8% Casualties,9% Casualties,10% Casualties,10% Casualties,11% Casualties,11% Casualties,5% Casualties,6% Casualties,7% Casualties,8% Casualties,9% Casualties,10% Casualties,10% Casualties,11% Casualties,11% Casualties,5% Casualties,6% Casualties,7% Casualties,8% Casualties,9% Casualties,10% Casualties,10% Casualties,11% Casualties,11% Casualties,5% Casualties,6% Casualties,7% Casualties,8% Casualties,9% Casualties,10% Casualties,10% Casualties,11% Casualties,11% Casualties,5% Casualties,6% Casualties,7% Casualties,8% Casualties,9% Casualties,10% Casualties,10% Casualties,11% Casualties,11% Casualties,5% Casualties,6% Casualties,7% Casualties,8% Casualties,9% Casualties,10% Casualties,10% Casualties,11% Casualties,11% Casualties
95 CV // 40 RT,1% Casualties,1% Casualties,2% Casualties,2% Casualties,2% Casualties,3% Casualties,3% Casualties,3% Casualties,4% Casualties,2% Casualties,2% Casualties,2% Casualties,3% Casualties,3% Casualties,4% Casualties,4% Casualties,4% Casualties,5% Casualties,2% Casualties,2% Casualties,3% Casualties,3% Casualties,4% Casualties,4% Casualties,5% Casualties,5% Casualties,6% Casualties,3% Casualties,4% Casualties,4% Casualties,5% Casualties,6% Casualties,6% Casualties,7% Casualties,7% Casualties,8% Casualties,4% Casualties,4% Casualties,5% Casualties,6% Casualties,6% Casualties,7% Casualties,8% Casualties,8% Casualties,9% Casualties,4% Casualties,5% Casualties,5% Casualties,6% Casualties,7% Casualties,8% Casualties,9% Casualties,9% Casualties,10% Casualties,4% Casualties,5% Casualties,6% Casualties,7% Casualties,8% Casualties,9% Casualties,9% Casualties,10% Casualties,11% Casualties,5% Casualties,6% Casualties,7% Casualties,8% Casualties,9% Casualties,10% Casualties,10% Casualties,11% Casualties,12% Casualties,5% Casualties,6% Casualties,7% Casualties,8% Casualties,9% Casualties,10% Casualties,10% Casualties,11% Casualties,12% Casualties,5% Casualties,6% Casualties,7% Casualties,9% Casualties,9% Casualties,10% Casualties,11% Casualties,12% Casualties,13% Casualties,5% Casualties,6% Casualties,8% Casualties,9% Casualties,10% Casualties,10% Casualties,11% Casualties,12% Casualties,13% Casualties,5% Casualties,6% Casualties,8% Casualties,9% Casualties,10% Casualties,11% Casualties,11% Casualties,12% Casualties,13% Casualties,6% Casualties,7% Casualties,8% Casualties,10% Casualties,11% Casualties,12% Casualties,12% Casualties,13% Casualties,14% Casualties,6% Casualties,7% Casualties,8% Casualties,10% Casualties,11% Casualties,12% Casualties,12% Casualties,13% Casualties,14% Casualties,6% Casualties,7% Casualties,8% Casualties,9% Casualties,11% Casualties,12% Casualties,12% Casualties,13% Casualties,14% Casualties,6% Casualties,7% Casualties,8% Casualties,10% Casualties,11% Casualties,12% Casualties,12% Casualties,13% Casualties,14% Casualties,6% Casualties,7% Casualties,8% Casualties,10% Casualties,11% Casualties,11% Casualties,12% Casualties,13% Casualties,14% Casualties,6% Casualties,7% Casualties,8% Casualties,10% Casualties,11% Casualties,12% Casualties,12% Casualties,13% Casualties,14% Casualties,6% Casualties,8% Casualties,9% Casualties,10% Casualties,11% Casualties,12% Casualties,13% Casualties,14% Casualties,15% Casualties,6% Casualties,7% Casualties,8% Casualties,10% Casualties,10% Casualties,11% Casualties,12% Casualties,13% Casualties,13% Casualties,6% Casualties,7% Casualties,8% Casualties,9% Casualties,10% Casualties,11% Casualties,12% Casualties,13% Casualties,13% Casualties,6% Casualties,7% Casualties,8% Casualties,9% Casualties,10% Casualties,11% Casualties,12% Casualties,13% Casualties,13% Casualties,6% Casualties,7% Casualties,8% Casualties,9% Casualties,10% Casualties,11% Casualties,12% Casualties,13% Casualties,13% Casualties,6% Casualties,7% Casualties,8% Casualties,9% Casualties,10% Casualties,11% Casualties,12% Casualties,13% Casualties,13% Casualties,6% Casualties,7% Casualties,8% Casualties,9% Casualties,10% Casualties,11% Casualties,12% Casualties,13% Casualties,13% Casualties
95 CV // 30 RT,1% Casualties,1% Casualties,2% Casualties,2% Casualties,2% Casualties,3% Casualties,3% Casualties,3% Casualties,4% Casualties,2% Casualties,2% Casualties,2% Casualties,3% Casualties,3% Casualties,4% Casualties,4% Casualties,5% Casualties,5% Casualties,2% Casualties,2% Casualties,3% Casualties,4% Casualties,4% Casualties,5% Casualties,5% Casualties,6% Casualties,6% Casualties,3% Casualties,4% Casualties,5% Casualties,5% Casualties,6% Casualties,7% Casualties,8% Casualties,8% Casualties,9% Casualties,4% Casualties,5% Casualties,5% Casualties,6% Casualties,7% Casualties,8% Casualties,8% Casualties,9% Casualties,10% Casualties,4% Casualties,5% Casualties,6% Casualties,7% Casualties,8% Casualties,9% Casualties,10% Casualties,10% Casualties,11% Casualties,5% Casualties,6% Casualties,7% Casualties,8% Casualties,9% Casualties,10% Casualties,10% Casualties,11% Casualties,12% Casualties,5% Casualties,6% Casualties,7% Casualties,9% Casualties,10% Casualties,11% Casualties,11% Casualties,12% Casualties,13% Casualties,5% Casualties,6% Casualties,7% Casualties,9% Casualties,10% Casualties,11% Casualties,12% Casualties,12% Casualties,13% Casualties,6% Casualties,7% Casualties,8% Casualties,10% Casualties,11% Casualties,12% Casualties,13% Casualties,14% Casualties,15% Casualties,6% Casualties,7% Casualties,8% Casualties,10% Casualties,11% Casualties,12% Casualties,13% Casualties,14% Casualties,15% Casualties,6% Casualties,7% Casualties,8% Casualties,9% Casualties,11% Casualties,12% Casualties,13% Casualties,14% Casualties,15% Casualties,7% Casualties,8% Casualties,9% Casualties,11% Casualties,12% Casualties,13% Casualties,14% Casualties,15% Casualties,16% Casualties,6% Casualties,8% Casualties,9% Casualties,11% Casualties,12% Casualties,13% Casualties,14% Casualties,15% Casualties,16% Casualties,7% Casualties,8% Casualties,9% Casualties,11% Casualties,12% Casualties,13% Casualties,14% Casualties,15% Casualties,16% Casualties,6% Casualties,8% Casualties,9% Casualties,11% Casualties,12% Casualties,13% Casualties,14% Casualties,15% Casualties,16% Casualties,6% Casualties,8% Casualties,9% Casualties,11% Casualties,12% Casualties,13% Casualties,14% Casualties,15% Casualties,16% Casualties,6% Casualties,8% Casualties,9% Casualties,11% Casualties,12% Casualties,13% Casualties,14% Casualties,15% Casualties,16% Casualties,7% Casualties,8% Casualties,10% Casualties,12% Casualties,13% Casualties,14% Casualties,15% Casualties,16% Casualties,17% Casualties,6% Casualties,8% Casualties,9% Casualties,11% Casualties,12% Casualties,13% Casualties,14% Casualties,15% Casualties,16% Casualties,7% Casualties,8% Casualties,9% Casualties,11% Casualties,12% Casualties,13% Casualties,14% Casualties,15% Casualties,16% Casualties,7% Casualties,8% Casualties,9% Casualties,11% Casualties,12% Casualties,13% Casualties,14% Casualties,15% Casualties,16% Casualties,7% Casualties,8% Casualties,10% Casualties,11% Casualties,12% Casualties,13% Casualties,14% Casualties,15% Casualties,16% Casualties,7% Casualties,8% Casualties,10% Casualties,11% Casualties,12% Casualties,13% Casualties,14% Casualties,15% Casualties,16% Casualties,7% Casualties,8% Casualties,9% Casualties,11% Casualties,12% Casualties,13% Casualties,14% Casualties,15% Casualties,16% Casualties
95 CV // 20 RT,1% Casualties,1% Casualties,2% Casualties,2% Casualties,2% Casualties,3% Casualties,3% Casualties,3% Casualties,4% Casualties,2% Casualties,2% Casualties,3% Casualties,3% Casualties,4% Casualties,4% Casualties,4% Casualties,5% Casualties,5% Casualties,2% Casualties,3% Casualties,3% Casualties,4% Casualties,4% Casualties,5% Casualties,5% Casualties,6% Casualties,6% Casualties,3% Casualties,4% Casualties,5% Casualties,6% Casualties,7% Casualties,8% Casualties,8% Casualties,9% Casualties,10% Casualties,4% Casualties,5% Casualties,6% Casualties,7% Casualties,8% Casualties,8% Casualties,9% Casualties,10% Casualties,11% Casualties,5% Casualties,5% Casualties,6% Casualties,8% Casualties,8% Casualties,10% Casualties,11% Casualties,12% Casualties,12% Casualties,5% Casualties,6% Casualties,7% Casualties,8% Casualties,10% Casualties,11% Casualties,12% Casualties,13% Casualties,14% Casualties,6% Casualties,7% Casualties,8% Casualties,9% Casualties,11% Casualties,12% Casualties,13% Casualties,14% Casualties,15% Casualties,5% Casualties,7% Casualties,8% Casualties,10% Casualties,11% Casualties,12% Casualties,13% Casualties,14% Casualties,15% Casualties,6% Casualties,8% Casualties,9% Casualties,11% Casualties,12% Casualties,13% Casualties,15% Casualties,16% Casualties,17% Casualties,6% Casualties,8% Casualties,9% Casualties,11% Casualties,12% Casualties,13% Casualties,15% Casualties,16% Casualties,17% Casualties,6% Casualties,7% Casualties,9% Casualties,11% Casualties,12% Casualties,13% Casualties,15% Casualties,16% Casualties,17% Casualties,7% Casualties,9% Casualties,10% Casualties,12% Casualties,14% Casualties,15% Casualties,16% Casualties,18% Casualties,19% Casualties,7% Casualties,9% Casualties,10% Casualties,12% Casualties,13% Casualties,15% Casualties,16% Casualties,17% Casualties,19% Casualties,7% Casualties,8% Casualties,10% Casualties,12% Casualties,13% Casualties,15% Casualties,16% Casualties,18% Casualties,19% Casualties,7% Casualties,9% Casualties,10% Casualties,12% Casualties,13% Casualties,15% Casualties,16% Casualties,17% Casualties,19% Casualties,7% Casualties,9% Casualties,10% Casualties,12% Casualties,13% Casualties,15% Casualties,16% Casualties,18% Casualties,19% Casualties,7% Casualties,8% Casualties,10% Casualties,12% Casualties,13% Casualties,15% Casualties,16% Casualties,18% Casualties,19% Casualties,8% Casualties,9% Casualties,11% Casualties,13% Casualties,15% Casualties,16% Casualties,18% Casualties,19% Casualties,20% Casualties,7% Casualties,9% Casualties,11% Casualties,13% Casualties,14% Casualties,15% Casualties,17% Casualties,18% Casualties,20% Casualties,7% Casualties,9% Casualties,11% Casualties,13% Casualties,14% Casualties,16% Casualties,17% Casualties,18% Casualties,20% Casualties,7% Casualties,9% Casualties,11% Casualties,13% Casualties,14% Casualties,15% Casualties,17% Casualties,18% Casualties,20% Casualties,7% Casualties,9% Casualties,11% Casualties,13% Casualties,14% Casualties,16% Casualties,17% Casualties,18% Casualties,19% Casualties,7% Casualties,9% Casualties,11% Casualties,13% Casualties,14% Casualties,16% Casualties,17% Casualties,18% Casualties,19% Casualties,7% Casualties,9% Casualties,11% Casualties,13% Casualties,14% Casualties,16% Casualties,17% Casualties,18% Casualties,20% Casualties
95 CV // 10 RT,1% Casualties,1% Casualties,2% Casualties,2% Casualties,2% Casualties,3% Casualties,3% Casualties,3% Casualties,4% Casualties,2% Casualties,2% Casualties,3% Casualties,3% Casualties,4% Casualties,4% Casualties,5% Casualties,5% Casualties,6% Casualties,2% Casualties,3% Casualties,3% Casualties,4% Casualties,5% Casualties,5% Casualties,6% Casualties,6% Casualties,7% Casualties,4% Casualties,4% Casualties,6% Casualties,6% Casualties,7% Casualties,8% Casualties,9% Casualties,10% Casualties,11% Casualties,4% Casualties,5% Casualties,6% Casualties,7% Casualties,8% Casualties,9% Casualties,11% Casualties,12% Casualties,13% Casualties,5% Casualties,6% Casualties,7% Casualties,8% Casualties,10% Casualties,11% Casualties,12% Casualties,13% Casualties,14% Casualties,5% Casualties,6% Casualties,8% Casualties,10% Casualties,11% Casualties,12% Casualties,14% Casualties,15% Casualties,16% Casualties,6% Casualties,8% Casualties,9% Casualties,11% Casualties,12% Casualties,14% Casualties,15% Casualties,17% Casualties,18% Casualties,6% Casualties,8% Casualties,9% Casualties,11% Casualties,12% Casualties,14% Casualties,15% Casualties,17% Casualties,18% Casualties,7% Casualties,8% Casualties,10% Casualties,12% Casualties,14% Casualties,16% Casualties,17% Casualties,18% Casualties,20% Casualties,7% Casualties,8% Casualties,10% Casualties,12% Casualties,14% Casualties,15% Casualties,17% Casualties,18% Casualties,20% Casualties,7% Casualties,8% Casualties,10% Casualties,12% Casualties,14% Casualties,15% Casualties,17% Casualties,19% Casualties,20% Casualties,8% Casualties,9% Casualties,12% Casualties,13% Casualties,16% Casualties,17% Casualties,19% Casualties,21% Casualties,22% Casualties,8% Casualties,10% Casualties,12% Casualties,14% Casualties,16% Casualties,17% Casualties,19% Casualties,21% Casualties,22% Casualties,8% Casualties,10% Casualties,11% Casualties,13% Casualties,15% Casualties,17% Casualties,19% Casualties,20% Casualties,22% Casualties,8% Casualties,10% Casualties,12% Casualties,14% Casualties,16% Casualties,17% Casualties,19% Casualties,21% Casualties,22% Casualties,8% Casualties,10% Casualties,12% Casualties,13% Casualties,16% Casualties,17% Casualties,19% Casualties,21% Casualties,22% Casualties,8% Casualties,9% Casualties,12% Casualties,13% Casualties,16% Casualties,17% Casualties,19% Casualties,21% Casualties,22% Casualties,8% Casualties,11% Casualties,13% Casualties,15% Casualties,17% Casualties,19% Casualties,21% Casualties,23% Casualties,24% Casualties,8% Casualties,11% Casualties,13% Casualties,15% Casualties,17% Casualties,19% Casualties,21% Casualties,22% Casualties,24% Casualties,8% Casualties,11% Casualties,12% Casualties,15% Casualties,17% Casualties,19% Casualties,21% Casualties,23% Casualties,24% Casualties,8% Casualties,11% Casualties,13% Casualties,15% Casualties,17% Casualties,19% Casualties,21% Casualties,22% Casualties,24% Casualties,8% Casualties,10% Casualties,13% Casualties,15% Casualties,17% Casualties,19% Casualties,21% Casualties,23% Casualties,24% Casualties,8% Casualties,10% Casualties,13% Casualties,15% Casualties,17% Casualties,19% Casualties,21% Casualties,22% Casualties,24% Casualties,8% Casualties,10% Casualties,13% Casualties,15% Casualties,17% Casualties,19% Casualties,20% Casualties,23% Casualties,24% Casualties
95 CV // 0 RT,1% Casualties,1% Casualties,2% Casualties,2% Casualties,2% Casualties,3% Casualties,3% Casualties,3% Casualties,4% Casualties,2% Casualties,2% Casualties,3% Casualties,3% Casualties,4% Casualties,4% Casualties,5% Casualties,5% Casualties,6% Casualties,2% Casualties,3% Casualties,3% Casualties,4% Casualties,5% Casualties,6% Casualties,6% Casualties,7% Casualties,8% Casualties,4% Casualties,5% Casualties,6% Casualties,7% Casualties,8% Casualties,9% Casualties,10% Casualties,11% Casualties,12% Casualties,4% Casualties,6% Casualties,7% Casualties,8% Casualties,9% Casualties,10% Casualties,12% Casualties,13% Casualties,14% Casualties,5% Casualties,6% Casualties,8% Casualties,9% Casualties,11% Casualties,12% Casualties,14% Casualties,15% Casualties,17% Casualties,6% Casualties,7% Casualties,9% Casualties,10% Casualties,12% Casualties,14% Casualties,15% Casualties,17% Casualties,19% Casualties,7% Casualties,8% Casualties,10% Casualties,12% Casualties,14% Casualties,16% Casualties,18% Casualties,19% Casualties,21% Casualties,6% Casualties,8% Casualties,10% Casualties,12% Casualties,14% Casualties,16% Casualties,18% Casualties,20% Casualties,21% Casualties,7% Casualties,9% Casualties,11% Casualties,14% Casualties,16% Casualties,18% Casualties,20% Casualties,22% Casualties,24% Casualties,7% Casualties,9% Casualties,11% Casualties,13% Casualties,16% Casualties,18% Casualties,20% Casualties,22% Casualties,24% Casualties,7% Casualties,9% Casualties,11% Casualties,13% Casualties,16% Casualties,18% Casualties,20% Casualties,22% Casualties,24% Casualties,9% Casualties,10% Casualties,13% Casualties,15% Casualties,18% Casualties,20% Casualties,22% Casualties,24% Casualties,27% Casualties,9% Casualties,11% Casualties,13% Casualties,15% Casualties,18% Casualties,20% Casualties,22% Casualties,24% Casualties,26% Casualties,8% Casualties,11% Casualties,13% Casualties,16% Casualties,18% Casualties,20% Casualties,22% Casualties,25% Casualties,27% Casualties,8% Casualties,11% Casualties,13% Casualties,15% Casualties,18% Casualties,20% Casualties,22% Casualties,24% Casualties,27% Casualties,9% Casualties,11% Casualties,13% Casualties,16% Casualties,18% Casualties,20% Casualties,22% Casualties,24% Casualties,26% Casualties,8% Casualties,11% Casualties,13% Casualties,15% Casualties,18% Casualties,20% Casualties,22% Casualties,25% Casualties,26% Casualties,10% Casualties,12% Casualties,14% Casualties,17% Casualties,20% Casualties,22% Casualties,25% Casualties,27% Casualties,30% Casualties,9% Casualties,12% Casualties,14% Casualties,17% Casualties,20% Casualties,23% Casualties,25% Casualties,27% Casualties,30% Casualties,10% Casualties,12% Casualties,15% Casualties,17% Casualties,20% Casualties,23% Casualties,25% Casualties,27% Casualties,29% Casualties,9% Casualties,12% Casualties,15% Casualties,17% Casualties,20% Casualties,22% Casualties,25% Casualties,27% Casualties,30% Casualties,9% Casualties,12% Casualties,14% Casualties,17% Casualties,20% Casualties,23% Casualties,25% Casualties,28% Casualties,29% Casualties,9% Casualties,12% Casualties,14% Casualties,17% Casualties,20% Casualties,23% Casualties,25% Casualties,27% Casualties,29% Casualties,9% Casualties,12% Casualties,15% Casualties,17% Casualties,20% Casualties,22% Casualties,25% Casualties,27% Casualties,29% Casualties
100 CV // 80 RT,1% Casualties,1% Casualties,2% Casualties,2% Casualties,2% Casualties,3% Casualties,3% Casualties,3% Casualties,3% Casualties,2% Casualties,2% Casualties,2% Casualties,3% Casualties,3% Casualties,3% Casualties,4% Casualties,4% Casualties,4% Casualties,2% Casualties,2% Casualties,3% Casualties,3% Casualties,3% Casualties,4% Casualties,4% Casualties,4% Casualties,4% Casualties,3% Casualties,3% Casualties,3% Casualties,4% Casualties,4% Casualties,4% Casualties,5% Casualties,5% Casualties,5% Casualties,3% Casualties,4% Casualties,4% Casualties,5% Casualties,5% Casualties,5% Casualties,6% Casualties,6% Casualties,6% Casualties,4% Casualties,4% Casualties,5% Casualties,5% Casualties,6% Casualties,6% Casualties,6% Casualties,7% Casualties,7% Casualties,4% Casualties,4% Casualties,5% Casualties,6% Casualties,6% Casualties,6% Casualties,7% Casualties,7% Casualties,7% Casualties,4% Casualties,4% Casualties,5% Casualties,6% Casualties,6% Casualties,6% Casualties,7% Casualties,7% Casualties,7% Casualties,4% Casualties,5% Casualties,6% Casualties,6% Casualties,7% Casualties,7% Casualties,7% Casualties,7% Casualties,8% Casualties,4% Casualties,5% Casualties,5% Casualties,6% Casualties,7% Casualties,7% Casualties,7% Casualties,8% Casualties,8% Casualties,5% Casualties,5% Casualties,6% Casualties,7% Casualties,7% Casualties,7% Casualties,8% Casualties,8% Casualties,8% Casualties,5% Casualties,5% Casualties,6% Casualties,6% Casualties,7% Casualties,7% Casualties,8% Casualties,8% Casualties,8% Casualties,5% Casualties,5% Casualties,6% Casualties,7% Casualties,7% Casualties,7% Casualties,8% Casualties,8% Casualties,8% Casualties,5% Casualties,6% Casualties,6% Casualties,7% Casualties,8% Casualties,8% Casualties,8% Casualties,9% Casualties,9% Casualties,5% Casualties,6% Casualties,6% Casualties,7% Casualties,8% Casualties,8% Casualties,8% Casualties,9% Casualties,9% Casualties,5% Casualties,6% Casualties,6% Casualties,7% Casualties,8% Casualties,8% Casualties,8% Casualties,9% Casualties,9% Casualties,5% Casualties,6% Casualties,6% Casualties,7% Casualties,8% Casualties,8% Casualties,8% Casualties,9% Casualties,9% Casualties,5% Casualties,6% Casualties,6% Casualties,7% Casualties,8% Casualties,8% Casualties,8% Casualties,9% Casualties,9% Casualties,5% Casualties,6% Casualties,7% Casualties,7% Casualties,8% Casualties,8% Casualties,8% Casualties,9% Casualties,9% Casualties,4% Casualties,5% Casualties,5% Casualties,6% Casualties,6% Casualties,7% Casualties,7% Casualties,7% Casualties,7% Casualties,4% Casualties,5% Casualties,5% Casualties,6% Casualties,6% Casualties,7% Casualties,7% Casualties,7% Casualties,7% Casualties,4% Casualties,5% Casualties,5% Casualties,6% Casualties,6% Casualties,7% Casualties,7% Casualties,7% Casualties,7% Casualties,4% Casualties,5% Casualties,5% Casualties,6% Casualties,6% Casualties,7% Casualties,7% Casualties,7% Casualties,7% Casualties,4% Casualties,5% Casualties,5% Casualties,6% Casualties,6% Casualties,7% Casualties,7% Casualties,7% Casualties,7% Casualties,4% Casualties,5% Casualties,5% Casualties,6% Casualties,6% Casualties,7% Casualties,7% Casualties,7% Casualties,7% Casualties
100 CV // 70 RT,1% Casualties,1% Casualties,2% Casualties,2% Casualties,2% Casualties,3% Casualties,3% Casualties,3% Casualties,3% Casualties,1% Casualties,2% Casualties,2% Casualties,3% Casualties,3% Casualties,3% Casualties,4% Casualties,4% Casualties,4% Casualties,2% Casualties,2% Casualties,3% Casualties,3% Casualties,4% Casualties,4% Casualties,4% Casualties,4% Casualties,5% Casualties,3% Casualties,3% Casualties,4% Casualties,4% Casualties,4% Casualties,5% Casualties,5% Casualties,5% Casualties,6% Casualties,3% Casualties,4% Casualties,4% Casualties,5% Casualties,5% Casualties,6% Casualties,6% Casualties,7% Casualties,7% Casualties,4% Casualties,4% Casualties,5% Casualties,5% Casualties,6% Casualties,6% Casualties,7% Casualties,7% Casualties,7% Casualties,4% Casualties,5% Casualties,5% Casualties,6% Casualties,7% Casualties,7% Casualties,7% Casualties,8% Casualties,8% Casualties,4% Casualties,5% Casualties,5% Casualties,6% Casualties,6% Casualties,7% Casualties,7% Casualties,8% Casualties,8% Casualties,4% Casualties,5% Casualties,6% Casualties,6% Casualties,7% Casualties,7% Casualties,8% Casualties,8% Casualties,9% Casualties,4% Casualties,5% Casualties,6% Casualties,6% Casualties,7% Casualties,7% Casualties,8% Casualties,8% Casualties,9% Casualties,5% Casualties,6% Casualties,6% Casualties,7% Casualties,8% Casualties,8% Casualties,8% Casualties,9% Casualties,9% Casualties,5% Casualties,5% Casualties,6% Casualties,7% Casualties,8% Casualties,8% Casualties,8% Casualties,9% Casualties,9% Casualties,5% Casualties,5% Casualties,6% Casualties,7% Casualties,7% Casualties,8% Casualties,8% Casualties,9% Casualties,9% Casualties,5% Casualties,6% Casualties,7% Casualties,8% Casualties,8% Casualties,9% Casualties,9% Casualties,10% Casualties,10% Casualties,5% Casualties,6% Casualties,7% Casualties,8% Casualties,8% Casualties,9% Casualties,9% Casualties,10% Casualties,10% Casualties,5% Casualties,6% Casualties,7% Casualties,8% Casualties,8% Casualties,9% Casualties,9% Casualties,9% Casualties,10% Casualties,5% Casualties,6% Casualties,7% Casualties,8% Casualties,8% Casualties,9% Casualties,9% Casualties,10% Casualties,10% Casualties,5% Casualties,6% Casualties,7% Casualties,8% Casualties,8% Casualties,9% Casualties,9% Casualties,10% Casualties,10% Casualties,5% Casualties,6% Casualties,7% Casualties,8% Casualties,8% Casualties,9% Casualties,9% Casualties,10% Casualties,10% Casualties,5% Casualties,5% Casualties,6% Casualties,7% Casualties,7% Casualties,7% Casualties,8% Casualties,8% Casualties,8% Casualties,5% Casualties,5% Casualties,6% Casualties,7% Casualties,7% Casualties,8% Casualties,8% Casualties,8% Casualties,8% Casualties,5% Casualties,5% Casualties,6% Casualties,7% Casualties,7% Casualties,8% Casualties,8% Casualties,8% Casualties,8% Casualties,5% Casualties,5% Casualties,6% Casualties,7% Casualties,7% Casualties,8% Casualties,8% Casualties,8% Casualties,8% Casualties,5% Casualties,5% Casualties,6% Casualties,7% Casualties,7% Casualties,8% Casualties,8% Casualties,8% Casualties,8% Casualties,5% Casualties,5% Casualties,6% Casualties,7% Casualties,7% Casualties,7% Casualties,8% Casualties,8% Casualties,9% Casualties
100 CV // 60 RT,1% Casualties,1% Casualties,2% Casualties,2% Casualties,2% Casualties,3% Casualties,3% Casualties,3% Casualties,3% Casualties,1% Casualties,2% Casualties,2% Casualties,3% Casualties,3% Casualties,3% Casualties,4% Casualties,4% Casualties,4% Casualties,2% Casualties,2% Casualties,3% Casualties,3% Casualties,4% Casualties,4% Casualties,4% Casualties,5% Casualties,5% Casualties,3% Casualties,3% Casualties,4% Casualties,4% Casualties,5% Casualties,5% Casualties,5% Casualties,6% Casualties,6% Casualties,3% Casualties,4% Casualties,5% Casualties,5% Casualties,6% Casualties,6% Casualties,7% Casualties,7% Casualties,8% Casualties,4% Casualties,4% Casualties,5% Casualties,6% Casualties,6% Casualties,7% Casualties,7% Casualties,8% Casualties,8% Casualties,4% Casualties,5% Casualties,6% Casualties,6% Casualties,7% Casualties,8% Casualties,8% Casualties,8% Casualties,9% Casualties,4% Casualties,5% Casualties,6% Casualties,6% Casualties,7% Casualties,7% Casualties,8% Casualties,8% Casualties,9% Casualties,4% Casualties,5% Casualties,6% Casualties,7% Casualties,8% Casualties,8% Casualties,9% Casualties,9% Casualties,9% Casualties,5% Casualties,5% Casualties,6% Casualties,7% Casualties,8% Casualties,8% Casualties,9% Casualties,9% Casualties,9% Casualties,5% Casualties,6% Casualties,7% Casualties,7% Casualties,8% Casualties,9% Casualties,9% Casualties,10% Casualties,10% Casualties,5% Casualties,6% Casualties,7% Casualties,7% Casualties,8% Casualties,9% Casualties,9% Casualties,10% Casualties,10% Casualties,5% Casualties,6% Casualties,7% Casualties,8% Casualties,8% Casualties,9% Casualties,9% Casualties,10% Casualties,10% Casualties,5% Casualties,6% Casualties,7% Casualties,8% Casualties,9% Casualties,9% Casualties,10% Casualties,11% Casualties,11% Casualties,5% Casualties,6% Casualties,7% Casualties,8% Casualties,9% Casualties,9% Casualties,10% Casualties,11% Casualties,11% Casualties,6% Casualties,6% Casualties,7% Casualties,8% Casualties,9% Casualties,9% Casualties,10% Casualties,11% Casualties,11% Casualties,5% Casualties,6% Casualties,7% Casualties,8% Casualties,9% Casualties,9% Casualties,10% Casualties,11% Casualties,11% Casualties,6% Casualties,6% Casualties,7% Casualties,8% Casualties,9% Casualties,9% Casualties,10% Casualties,11% Casualties,11% Casualties,5% Casualties,6% Casualties,7% Casualties,8% Casualties,9% Casualties,10% Casualties,10% Casualties,10% Casualties,11% Casualties,5% Casualties,6% Casualties,7% Casualties,7% Casualties,8% Casualties,9% Casualties,9% Casualties,10% Casualties,10% Casualties,5% Casualties,6% Casualties,7% Casualties,7% Casualties,8% Casualties,8% Casualties,9% Casualties,9% Casualties,10% Casualties,5% Casualties,6% Casualties,7% Casualties,7% Casualties,8% Casualties,8% Casualties,9% Casualties,9% Casualties,10% Casualties,5% Casualties,6% Casualties,7% Casualties,7% Casualties,8% Casualties,9% Casualties,9% Casualties,9% Casualties,10% Casualties,5% Casualties,6% Casualties,7% Casualties,7% Casualties,8% Casualties,9% Casualties,9% Casualties,9% Casualties,10% Casualties,5% Casualties,6% Casualties,7% Casualties,7% Casualties,8% Casualties,9% Casualties,9% Casualties,9% Casualties,10% Casualties
100 CV // 50 RT,1% Casualties,1% Casualties,2% Casualties,2% Casualties,2% Casualties,3% Casualties,3% Casualties,3% Casualties,3% Casualties,1% Casualties,2% Casualties,2% Casualties,3% Casualties,3% Casualties,3% Casualties,4% Casualties,4% Casualties,4% Casualties,2% Casualties,2% Casualties,3% Casualties,3% Casualties,4% Casualties,4% Casualties,5% Casualties,5% Casualties,5% Casualties,3% Casualties,3% Casualties,4% Casualties,4% Casualties,5% Casualties,5% Casualties,6% Casualties,6% Casualties,7% Casualties,4% Casualties,4% Casualties,5% Casualties,5% Casualties,6% Casualties,7% Casualties,7% Casualties,8% Casualties,8% Casualties,4% Casualties,5% Casualties,5% Casualties,6% Casualties,7% Casualties,7% Casualties,8% Casualties,8% Casualties,9% Casualties,4% Casualties,5% Casualties,6% Casualties,7% Casualties,7% Casualties,8% Casualties,9% Casualties,9% Casualties,10% Casualties,4% Casualties,5% Casualties,6% Casualties,7% Casualties,7% Casualties,8% Casualties,9% Casualties,9% Casualties,10% Casualties,5% Casualties,6% Casualties,6% Casualties,7% Casualties,8% Casualties,9% Casualties,9% Casualties,10% Casualties,10% Casualties,5% Casualties,6% Casualties,7% Casualties,7% Casualties,8% Casualties,9% Casualties,9% Casualties,10% Casualties,10% Casualties,5% Casualties,6% Casualties,7% Casualties,8% Casualties,9% Casualties,10% Casualties,10% Casualties,11% Casualties,11% Casualties,5% Casualties,6% Casualties,7% Casualties,8% Casualties,9% Casualties,9% Casualties,10% Casualties,11% Casualties,11% Casualties,5% Casualties,6% Casualties,7% Casualties,8% Casualties,9% Casualties,10% Casualties,10% Casualties,11% Casualties,11% Casualties,6% Casualties,7% Casualties,8% Casualties,9% Casualties,10% Casualties,10% Casualties,11% Casualties,12% Casualties,12% Casualties,6% Casualties,7% Casualties,8% Casualties,9% Casualties,10% Casualties,10% Casualties,11% Casualties,12% Casualties,12% Casualties,6% Casualties,7% Casualties,8% Casualties,9% Casualties,10% Casualties,11% Casualties,11% Casualties,12% Casualties,12% Casualties,6% Casualties,7% Casualties,8% Casualties,9% Casualties,10% Casualties,10% Casualties,11% Casualties,12% Casualties,12% Casualties,6% Casualties,7% Casualties,8% Casualties,9% Casualties,9% Casualties,10% Casualties,11% Casualties,12% Casualties,12% Casualties,6% Casualties,7% Casualties,8% Casualties,9% Casualties,10% Casualties,10% Casualties,11% Casualties,12% Casualties,12% Casualties,5% Casualties,6% Casualties,8% Casualties,8% Casualties,9% Casualties,10% Casualties,10% Casualties,11% Casualties,11% Casualties,6% Casualties,6% Casualties,7% Casualties,8% Casualties,9% Casualties,10% Casualties,10% Casualties,11% Casualties,11% Casualties,5% Casualties,6% Casualties,7% Casualties,8% Casualties,9% Casualties,10% Casualties,10% Casualties,11% Casualties,11% Casualties,6% Casualties,6% Casualties,7% Casualties,8% Casualties,9% Casualties,10% Casualties,10% Casualties,11% Casualties,11% Casualties,5% Casualties,6% Casualties,7% Casualties,8% Casualties,9% Casualties,10% Casualties,10% Casualties,11% Casualties,11% Casualties,5% Casualties,6% Casualties,7% Casualties,8% Casualties,9% Casualties,10% Casualties,10% Casualties,11% Casualties,11% Casualties
100 CV // 40 RT,1% Casualties,1% Casualties,2% Casualties,2% Casualties,2% Casualties,3% Casualties,3% Casualties,3% Casualties,3% Casualties,1% Casualties,2% Casualties,2% Casualties,3% Casualties,3% Casualties,4% Casualties,4% Casualties,4% Casualties,5% Casualties,2% Casualties,2% Casualties,3% Casualties,3% Casualties,4% Casualties,4% Casualties,5% Casualties,5% Casualties,6% Casualties,3% Casualties,3% Casualties,4% Casualties,4% Casualties,5% Casualties,6% Casualties,6% Casualties,7% Casualties,7% Casualties,4% Casualties,4% Casualties,5% Casualties,6% Casualties,7% Casualties,7% Casualties,8% Casualties,8% Casualties,9% Casualties,4% Casualties,5% Casualties,6% Casualties,6% Casualties,7% Casualties,8% Casualties,9% Casualties,9% Casualties,10% Casualties,4% Casualties,5% Casualties,6% Casualties,7% Casualties,8% Casualties,9% Casualties,10% Casualties,10% Casualties,11% Casualties,4% Casualties,5% Casualties,6% Casualties,7% Casualties,8% Casualties,9% Casualties,10% Casualties,10% Casualties,11% Casualties,5% Casualties,6% Casualties,7% Casualties,8% Casualties,9% Casualties,10% Casualties,10% Casualties,11% Casualties,12% Casualties,5% Casualties,6% Casualties,7% Casualties,8% Casualties,9% Casualties,10% Casualties,10% Casualties,11% Casualties,12% Casualties,5% Casualties,6% Casualties,7% Casualties,9% Casualties,10% Casualties,10% Casualties,11% Casualties,12% Casualties,13% Casualties,5% Casualties,6% Casualties,8% Casualties,9% Casualties,10% Casualties,11% Casualties,11% Casualties,12% Casualties,13% Casualties,5% Casualties,6% Casualties,8% Casualties,9% Casualties,9% Casualties,10% Casualties,11% Casualties,12% Casualties,13% Casualties,6% Casualties,7% Casualties,8% Casualties,10% Casualties,11% Casualties,11% Casualties,12% Casualties,13% Casualties,14% Casualties,6% Casualties,7% Casualties,8% Casualties,9% Casualties,11% Casualties,12% Casualties,12% Casualties,13% Casualties,14% Casualties,6% Casualties,7% Casualties,8% Casualties,10% Casualties,11% Casualties,12% Casualties,12% Casualties,13% Casualties,14% Casualties,6% Casualties,7% Casualties,9% Casualties,10% Casualties,11% Casualties,11% Casualties,12% Casualties,13% Casualties,14% Casualties,6% Casualties,7% Casualties,8% Casualties,10% Casualties,11% Casualties,11% Casualties,12% Casualties,13% Casualties,14% Casualties,6% Casualties,7% Casualties,8% Casualties,10% Casualties,10% Casualties,11% Casualties,13% Casualties,13% Casualties,14% Casualties,6% Casualties,7% Casualties,8% Casualties,9% Casualties,10% Casualties,11% Casualties,12% Casualties,13% Casualties,13% Casualties,6% Casualties,7% Casualties,8% Casualties,9% Casualties,10% Casualties,11% Casualties,12% Casualties,13% Casualties,14% Casualties,6% Casualties,7% Casualties,8% Casualties,9% Casualties,10% Casualties,11% Casualties,12% Casualties,13% Casualties,13% Casualties,6% Casualties,7% Casualties,8% Casualties,9% Casualties,10% Casualties,11% Casualties,12% Casualties,13% Casualties,13% Casualties,6% Casualties,7% Casualties,8% Casualties,9% Casualties,10% Casualties,11% Casualties,12% Casualties,13% Casualties,14% Casualties,6% Casualties,7% Casualties,8% Casualties,9% Casualties,10% Casualties,11% Casualties,12% Casualties,13% Casualties,13% Casualties
100 CV // 30 RT,1% Casualties,1% Casualties,2% Casualties,2% Casualties,2% Casualties,3% Casualties,3% Casualties,3% Casualties,3% Casualties,1% Casualties,2% Casualties,2% Casualties,3% Casualties,3% Casualties,4% Casualties,4% Casualties,4% Casualties,5% Casualties,2% Casualties,2% Casualties,3% Casualties,4% Casualties,4% Casualties,5% Casualties,5% Casualties,5% Casualties,6% Casualties,3% Casualties,3% Casualties,4% Casualties,5% Casualties,5% Casualties,6% Casualties,7% Casualties,7% Casualties,8% Casualties,4% Casualties,4% Casualties,5% Casualties,6% Casualties,7% Casualties,8% Casualties,9% Casualties,9% Casualties,10% Casualties,4% Casualties,5% Casualties,6% Casualties,7% Casualties,8% Casualties,9% Casualties,9% Casualties,10% Casualties,11% Casualties,5% Casualties,6% Casualties,7% Casualties,8% Casualties,9% Casualties,10% Casualties,11% Casualties,11% Casualties,12% Casualties,5% Casualties,6% Casualties,7% Casualties,8% Casualties,9% Casualties,10% Casualties,11% Casualties,11% Casualties,12% Casualties,5% Casualties,6% Casualties,8% Casualties,9% Casualties,10% Casualties,11% Casualties,12% Casualties,12% Casualties,13% Casualties,5% Casualties,6% Casualties,7% Casualties,9% Casualties,10% Casualties,11% Casualties,12% Casualties,12% Casualties,13% Casualties,6% Casualties,7% Casualties,8% Casualties,9% Casualties,11% Casualties,12% Casualties,13% Casualties,14% Casualties,15% Casualties,6% Casualties,7% Casualties,8% Casualties,9% Casualties,11% Casualties,12% Casualties,13% Casualties,14% Casualties,15% Casualties,6% Casualties,7% Casualties,8% Casualties,9% Casualties,11% Casualties,12% Casualties,13% Casualties,14% Casualties,15% Casualties,6% Casualties,8% Casualties,9% Casualties,10% Casualties,12% Casualties,13% Casualties,14% Casualties,15% Casualties,16% Casualties,7% Casualties,8% Casualties,9% Casualties,11% Casualties,12% Casualties,13% Casualties,14% Casualties,15% Casualties,16% Casualties,6% Casualties,8% Casualties,9% Casualties,10% Casualties,12% Casualties,13% Casualties,14% Casualties,15% Casualties,16% Casualties,6% Casualties,8% Casualties,9% Casualties,10% Casualties,12% Casualties,13% Casualties,14% Casualties,15% Casualties,16% Casualties,7% Casualties,8% Casualties,9% Casualties,10% Casualties,12% Casualties,13% Casualties,14% Casualties,15% Casualties,16% Casualties,6% Casualties,8% Casualties,9% Casualties,11% Casualties,12% Casualties,13% Casualties,14% Casualties,15% Casualties,16% Casualties,7% Casualties,8% Casualties,9% Casualties,11% Casualties,12% Casualties,13% Casualties,14% Casualties,15% Casualties,16% Casualties,7% Casualties,8% Casualties,9% Casualties,11% Casualties,12% Casualties,13% Casualties,14% Casualties,15% Casualties,16% Casualties,7% Casualties,8% Casualties,9% Casualties,11% Casualties,12% Casualties,13% Casualties,14% Casualties,15% Casualties,16% Casualties,7% Casualties,8% Casualties,9% Casualties,11% Casualties,12% Casualties,13% Casualties,14% Casualties,15% Casualties,16% Casualties,7% Casualties,8% Casualties,9% Casualties,11% Casualties,12% Casualties,13% Casualties,14% Casualties,15% Casualties,16% Casualties,6% Casualties,8% Casualties,9% Casualties,11% Casualties,12% Casualties,13% Casualties,14% Casualties,15% Casualties,16% Casualties
100 CV // 20 RT,1% Casualties,1% Casualties,2% Casualties,2% Casualties,2% Casualties,3% Casualties,3% Casualties,3% Casualties,3% Casualties,2% Casualties,2% Casualties,2% Casualties,3% Casualties,3% Casualties,4% Casualties,4% Casualties,5% Casualties,5% Casualties,2% Casualties,3% Casualties,3% Casualties,4% Casualties,4% Casualties,5% Casualties,5% Casualties,6% Casualties,7% Casualties,3% Casualties,4% Casualties,4% Casualties,5% Casualties,6% Casualties,6% Casualties,7% Casualties,8% Casualties,9% Casualties,4% Casualties,5% Casualties,6% Casualties,7% Casualties,8% Casualties,8% Casualties,9% Casualties,10% Casualties,11% Casualties,4% Casualties,5% Casualties,7% Casualties,8% Casualties,9% Casualties,10% Casualties,11% Casualties,12% Casualties,12% Casualties,5% Casualties,6% Casualties,7% Casualties,8% Casualties,10% Casualties,11% Casualties,12% Casualties,13% Casualties,14% Casualties,5% Casualties,6% Casualties,7% Casualties,9% Casualties,10% Casualties,11% Casualties,12% Casualties,13% Casualties,14% Casualties,6% Casualties,7% Casualties,8% Casualties,9% Casualties,11% Casualties,12% Casualties,13% Casualties,14% Casualties,15% Casualties,6% Casualties,7% Casualties,8% Casualties,9% Casualties,11% Casualties,12% Casualties,13% Casualties,14% Casualties,15% Casualties,6% Casualties,8% Casualties,9% Casualties,11% Casualties,12% Casualties,13% Casualties,15% Casualties,16% Casualties,17% Casualties,6% Casualties,8% Casualties,9% Casualties,11% Casualties,12% Casualties,13% Casualties,15% Casualties,16% Casualties,17% Casualties,6% Casualties,8% Casualties,9% Casualties,11% Casualties,12% Casualties,13% Casualties,15% Casualties,16% Casualties,17% Casualties,7% Casualties,8% Casualties,10% Casualties,12% Casualties,13% Casualties,15% Casualties,16% Casualties,17% Casualties,19% Casualties,7% Casualties,8% Casualties,10% Casualties,12% Casualties,13% Casualties,15% Casualties,16% Casualties,17% Casualties,19% Casualties,7% Casualties,9% Casualties,10% Casualties,12% Casualties,13% Casualties,15% Casualties,16% Casualties,18% Casualties,19% Casualties,7% Casualties,9% Casualties,10% Casualties,12% Casualties,14% Casualties,15% Casualties,16% Casualties,17% Casualties,19% Casualties,7% Casualties,8% Casualties,10% Casualties,12% Casualties,14% Casualties,15% Casualties,16% Casualties,18% Casualties,19% Casualties,7% Casualties,9% Casualties,10% Casualties,12% Casualties,13% Casualties,15% Casualties,16% Casualties,18% Casualties,19% Casualties,7% Casualties,9% Casualties,11% Casualties,13% Casualties,14% Casualties,16% Casualties,17% Casualties,18% Casualties,19% Casualties,7% Casualties,9% Casualties,11% Casualties,12% Casualties,14% Casualties,16% Casualties,17% Casualties,18% Casualties,20% Casualties,7% Casualties,9% Casualties,11% Casualties,12% Casualties,14% Casualties,16% Casualties,17% Casualties,18% Casualties,19% Casualties,7% Casualties,9% Casualties,11% Casualties,12% Casualties,14% Casualties,16% Casualties,17% Casualties,18% Casualties,20% Casualties,8% Casualties,9% Casualties,11% Casualties,13% Casualties,14% Casualties,16% Casualties,17% Casualties,18% Casualties,19% Casualties,7% Casualties,9% Casualties,11% Casualties,13% Casualties,14% Casualties,16% Casualties,17% Casualties,18% Casualties,20% Casualties
100 CV // 10 RT,1% Casualties,1% Casualties,2% Casualties,2% Casualties,2% Casualties,3% Casualties,3% Casualties,3% Casualties,3% Casualties,2% Casualties,2% Casualties,2% Casualties,3% Casualties,3% Casualties,4% Casualties,4% Casualties,5% Casualties,5% Casualties,2% Casualties,3% Casualties,3% Casualties,4% Casualties,5% Casualties,5% Casualties,6% Casualties,6% Casualties,7% Casualties,3% Casualties,4% Casualties,5% Casualties,5% Casualties,6% Casualties,7% Casualties,8% Casualties,9% Casualties,9% Casualties,4% Casualties,5% Casualties,6% Casualties,7% Casualties,8% Casualties,9% Casualties,10% Casualties,12% Casualties,12% Casualties,5% Casualties,6% Casualties,7% Casualties,8% Casualties,9% Casualties,10% Casualties,12% Casualties,13% Casualties,14% Casualties,5% Casualties,7% Casualties,8% Casualties,10% Casualties,11% Casualties,12% Casualties,14% Casualties,15% Casualties,16% Casualties,5% Casualties,7% Casualties,8% Casualties,9% Casualties,11% Casualties,12% Casualties,14% Casualties,15% Casualties,16% Casualties,6% Casualties,7% Casualties,9% Casualties,11% Casualties,12% Casualties,14% Casualties,15% Casualties,17% Casualties,18% Casualties,6% Casualties,7% Casualties,9% Casualties,11% Casualties,12% Casualties,13% Casualties,15% Casualties,17% Casualties,18% Casualties,7% Casualties,9% Casualties,10% Casualties,12% Casualties,14% Casualties,15% Casualties,17% Casualties,19% Casualties,20% Casualties,7% Casualties,8% Casualties,10% Casualties,12% Casualties,14% Casualties,15% Casualties,17% Casualties,18% Casualties,20% Casualties,7% Casualties,8% Casualties,10% Casualties,12% Casualties,14% Casualties,15% Casualties,17% Casualties,18% Casualties,20% Casualties,8% Casualties,10% Casualties,12% Casualties,14% Casualties,15% Casualties,17% Casualties,19% Casualties,21% Casualties,22% Casualties,8% Casualties,10% Casualties,11% Casualties,13% Casualties,15% Casualties,17% Casualties,19% Casualties,21% Casualties,23% Casualties,8% Casualties,10% Casualties,12% Casualties,13% Casualties,15% Casualties,17% Casualties,19% Casualties,21% Casualties,22% Casualties,8% Casualties,9% Casualties,11% Casualties,14% Casualties,15% Casualties,17% Casualties,19% Casualties,21% Casualties,22% Casualties,8% Casualties,9% Casualties,11% Casualties,13% Casualties,15% Casualties,17% Casualties,19% Casualties,21% Casualties,22% Casualties,8% Casualties,9% Casualties,12% Casualties,14% Casualties,15% Casualties,18% Casualties,19% Casualties,21% Casualties,22% Casualties,8% Casualties,10% Casualties,13% Casualties,15% Casualties,17% Casualties,19% Casualties,21% Casualties,22% Casualties,24% Casualties,8% Casualties,10% Casualties,13% Casualties,15% Casualties,17% Casualties,18% Casualties,21% Casualties,22% Casualties,24% Casualties,8% Casualties,11% Casualties,12% Casualties,15% Casualties,17% Casualties,19% Casualties,20% Casualties,22% Casualties,24% Casualties,8% Casualties,10% Casualties,13% Casualties,15% Casualties,17% Casualties,19% Casualties,21% Casualties,22% Casualties,24% Casualties,8% Casualties,11% Casualties,13% Casualties,15% Casualties,17% Casualties,19% Casualties,21% Casualties,22% Casualties,24% Casualties,8% Casualties,11% Casualties,12% Casualties,15% Casualties,17% Casualties,19% Casualties,21% Casualties,22% Casualties,24% Casualties
100 CV // 0 RT,1% Casualties,1% Casualties,2% Casualties,2% Casualties,2% Casualties,3% Casualties,3% Casualties,3% Casualties,4% Casualties,2% Casualties,2% Casualties,2% Casualties,3% Casualties,4% Casualties,4% Casualties,4% Casualties,5% Casualties,6% Casualties,2% Casualties,3% Casualties,4% Casualties,4% Casualties,5% Casualties,6% Casualties,6% Casualties,7% Casualties,8% Casualties,3% Casualties,4% Casualties,5% Casualties,6% Casualties,7% Casualties,8% Casualties,9% Casualties,10% Casualties,11% Casualties,4% Casualties,5% Casualties,7% Casualties,8% Casualties,9% Casualties,10% Casualties,12% Casualties,13% Casualties,14% Casualties,5% Casualties,6% Casualties,8% Casualties,9% Casualties,10% Casualties,12% Casualties,14% Casualties,15% Casualties,17% Casualties,6% Casualties,7% Casualties,9% Casualties,11% Casualties,12% Casualties,14% Casualties,16% Casualties,17% Casualties,19% Casualties,6% Casualties,7% Casualties,9% Casualties,11% Casualties,12% Casualties,14% Casualties,16% Casualties,17% Casualties,19% Casualties,6% Casualties,8% Casualties,10% Casualties,12% Casualties,14% Casualties,16% Casualties,18% Casualties,19% Casualties,21% Casualties,6% Casualties,8% Casualties,10% Casualties,12% Casualties,14% Casualties,16% Casualties,18% Casualties,19% Casualties,21% Casualties,7% Casualties,9% Casualties,11% Casualties,13% Casualties,16% Casualties,18% Casualties,20% Casualties,22% Casualties,24% Casualties,7% Casualties,9% Casualties,11% Casualties,13% Casualties,16% Casualties,18% Casualties,19% Casualties,22% Casualties,24% Casualties,7% Casualties,9% Casualties,11% Casualties,14% Casualties,16% Casualties,18% Casualties,20% Casualties,22% Casualties,23% Casualties,8% Casualties,11% Casualties,13% Casualties,16% Casualties,18% Casualties,20% Casualties,22% Casualties,25% Casualties,27% Casualties,8% Casualties,11% Casualties,13% Casualties,15% Casualties,18% Casualties,20% Casualties,22% Casualties,25% Casualties,27% Casualties,8% Casualties,11% Casualties,13% Casualties,16% Casualties,18% Casualties,20% Casualties,22% Casualties,25% Casualties,26% Casualties,8% Casualties,11% Casualties,13% Casualties,15% Casualties,18% Casualties,20% Casualties,22% Casualties,24% Casualties,26% Casualties,9% Casualties,11% Casualties,13% Casualties,15% Casualties,18% Casualties,21% Casualties,22% Casualties,25% Casualties,27% Casualties,8% Casualties,11% Casualties,13% Casualties,15% Casualties,18% Casualties,20% Casualties,22% Casualties,25% Casualties,26% Casualties,9% Casualties,12% Casualties,15% Casualties,17% Casualties,20% Casualties,22% Casualties,25% Casualties,27% Casualties,30% Casualties,9% Casualties,12% Casualties,15% Casualties,17% Casualties,20% Casualties,23% Casualties,25% Casualties,27% Casualties,29% Casualties,9% Casualties,12% Casualties,15% Casualties,18% Casualties,20% Casualties,23% Casualties,25% Casualties,27% Casualties,29% Casualties,9% Casualties,12% Casualties,14% Casualties,17% Casualties,20% Casualties,22% Casualties,25% Casualties,27% Casualties,29% Casualties,9% Casualties,12% Casualties,15% Casualties,17% Casualties,20% Casualties,23% Casualties,25% Casualties,27% Casualties,30% Casualties,9% Casualties,12% Casualties,15% Casualties,17% Casualties,20% Casualties,22% Casualties,25% Casualties,27% Casualties,29% Casualties
105 CV // 80 RT,1% Casualties,1% Casualties,2% Casualties,2% Casualties,2% Casualties,3% Casualties,3% Casualties,3% Casualties,3% Casualties,2% Casualties,2% Casualties,3% Casualties,3% Casualties,3% Casualties,4% Casualties,4% Casualties,4% Casualties,5% Casualties,2% Casualties,3% Casualties,3% Casualties,3% Casualties,4% Casualties,4% Casualties,4% Casualties,5% Casualties,5% Casualties,3% Casualties,4% Casualties,4% Casualties,4% Casualties,5% Casualties,5% Casualties,6% Casualties,6% Casualties,6% Casualties,4% Casualties,4% Casualties,5% Casualties,5% Casualties,5% Casualties,6% Casualties,6% Casualties,7% Casualties,7% Casualties,4% Casualties,5% Casualties,6% Casualties,6% Casualties,7% Casualties,7% Casualties,7% Casualties,8% Casualties,8% Casualties,4% Casualties,5% Casualties,6% Casualties,6% Casualties,7% Casualties,7% Casualties,7% Casualties,8% Casualties,8% Casualties,5% Casualties,5% Casualties,6% Casualties,7% Casualties,7% Casualties,8% Casualties,8% Casualties,8% Casualties,9% Casualties,5% Casualties,6% Casualties,7% Casualties,7% Casualties,8% Casualties,8% Casualties,9% Casualties,9% Casualties,9% Casualties,5% Casualties,6% Casualties,7% Casualties,7% Casualties,8% Casualties,8% Casualties,9% Casualties,9% Casualties,9% Casualties,6% Casualties,6% Casualties,7% Casualties,8% Casualties,9% Casualties,9% Casualties,9% Casualties,10% Casualties,10% Casualties,6% Casualties,6% Casualties,7% Casualties,8% Casualties,8% Casualties,9% Casualties,9% Casualties,10% Casualties,10% Casualties,6% Casualties,6% Casualties,7% Casualties,8% Casualties,8% Casualties,9% Casualties,9% Casualties,10% Casualties,10% Casualties,6% Casualties,7% Casualties,8% Casualties,8% Casualties,9% Casualties,10% Casualties,10% Casualties,10% Casualties,11% Casualties,6% Casualties,7% Casualties,8% Casualties,8% Casualties,9% Casualties,10% Casualties,10% Casualties,10% Casualties,11% Casualties,6% Casualties,7% Casualties,8% Casualties,8% Casualties,9% Casualties,9% Casualties,10% Casualties,10% Casualties,11% Casualties,6% Casualties,7% Casualties,8% Casualties,8% Casualties,9% Casualties,10% Casualties,10% Casualties,10% Casualties,11% Casualties,6% Casualties,7% Casualties,8% Casualties,8% Casualties,9% Casualties,10% Casualties,10% Casualties,10% Casualties,11% Casualties,6% Casualties,7% Casualties,8% Casualties,9% Casualties,9% Casualties,10% Casualties,10% Casualties,10% Casualties,11% Casualties,5% Casualties,6% Casualties,6% Casualties,7% Casualties,8% Casualties,8% Casualties,8% Casualties,9% Casualties,9% Casualties,5% Casualties,6% Casualties,6% Casualties,7% Casualties,7% Casualties,8% Casualties,8% Casualties,9% Casualties,9% Casualties,5% Casualties,6% Casualties,7% Casualties,7% Casualties,8% Casualties,8% Casualties,9% Casualties,9% Casualties,9% Casualties,5% Casualties,6% Casualties,7% Casualties,7% Casualties,8% Casualties,8% Casualties,9% Casualties,9% Casualties,9% Casualties,5% Casualties,6% Casualties,7% Casualties,7% Casualties,8% Casualties,8% Casualties,9% Casualties,9% Casualties,9% Casualties,5% Casualties,6% Casualties,7% Casualties,7% Casualties,8% Casualties,8% Casualties,9% Casualties,9% Casualties,9% Casualties
105 CV // 70 RT,1% Casualties,1% Casualties,2% Casualties,2% Casualties,2% Casualties,3% Casualties,3% Casualties,3% Casualties,3% Casualties,2% Casualties,2% Casualties,3% Casualties,3% Casualties,3% Casualties,4% Casualties,4% Casualties,4% Casualties,5% Casualties,2% Casualties,2% Casualties,3% Casualties,3% Casualties,4% Casualties,4% Casualties,5% Casualties,5% Casualties,5% Casualties,3% Casualties,4% Casualties,4% Casualties,5% Casualties,5% Casualties,5% Casualties,6% Casualties,6% Casualties,7% Casualties,3% Casualties,4% Casualties,4% Casualties,5% Casualties,6% Casualties,6% Casualties,7% Casualties,7% Casualties,7% Casualties,4% Casualties,5% Casualties,6% Casualties,6% Casualties,7% Casualties,7% Casualties,8% Casualties,8% Casualties,9% Casualties,4% Casualties,5% Casualties,6% Casualties,6% Casualties,7% Casualties,7% Casualties,8% Casualties,8% Casualties,9% Casualties,5% Casualties,5% Casualties,6% Casualties,7% Casualties,8% Casualties,8% Casualties,9% Casualties,9% Casualties,9% Casualties,5% Casualties,6% Casualties,7% Casualties,7% Casualties,8% Casualties,9% Casualties,9% Casualties,10% Casualties,10% Casualties,5% Casualties,6% Casualties,7% Casualties,8% Casualties,8% Casualties,9% Casualties,9% Casualties,10% Casualties,10% Casualties,6% Casualties,6% Casualties,7% Casualties,8% Casualties,9% Casualties,9% Casualties,10% Casualties,10% Casualties,11% Casualties,6% Casualties,6% Casualties,7% Casualties,8% Casualties,9% Casualties,9% Casualties,10% Casualties,10% Casualties,11% Casualties,6% Casualties,6% Casualties,7% Casualties,8% Casualties,9% Casualties,9% Casualties,10% Casualties,10% Casualties,11% Casualties,6% Casualties,7% Casualties,8% Casualties,9% Casualties,9% Casualties,10% Casualties,11% Casualties,11% Casualties,12% Casualties,6% Casualties,7% Casualties,8% Casualties,9% Casualties,10% Casualties,10% Casualties,11% Casualties,11% Casualties,12% Casualties,6% Casualties,7% Casualties,8% Casualties,9% Casualties,9% Casualties,10% Casualties,11% Casualties,11% Casualties,12% Casualties,6% Casualties,7% Casualties,8% Casualties,9% Casualties,10% Casualties,10% Casualties,11% Casualties,11% Casualties,12% Casualties,6% Casualties,7% Casualties,8% Casualties,9% Casualties,10% Casualties,10% Casualties,11% Casualties,11% Casualties,12% Casualties,6% Casualties,7% Casualties,8% Casualties,9% Casualties,10% Casualties,10% Casualties,11% Casualties,11% Casualties,11% Casualties,5% Casualties,6% Casualties,7% Casualties,8% Casualties,8% Casualties,9% Casualties,9% Casualties,10% Casualties,10% Casualties,5% Casualties,6% Casualties,7% Casualties,8% Casualties,8% Casualties,9% Casualties,9% Casualties,9% Casualties,10% Casualties,6% Casualties,6% Casualties,7% Casualties,8% Casualties,9% Casualties,9% Casualties,10% Casualties,10% Casualties,10% Casualties,6% Casualties,6% Casualties,7% Casualties,8% Casualties,8% Casualties,9% Casualties,10% Casualties,10% Casualties,10% Casualties,5% Casualties,6% Casualties,7% Casualties,8% Casualties,9% Casualties,9% Casualties,10% Casualties,10% Casualties,10% Casualties,5% Casualties,6% Casualties,7% Casualties,8% Casualties,9% Casualties,9% Casualties,10% Casualties,10% Casualties,10% Casualties
105 CV // 60 RT,1% Casualties,1% Casualties,2% Casualties,2% Casualties,2% Casualties,3% Casualties,3% Casualties,3% Casualties,3% Casualties,2% Casualties,2% Casualties,2% Casualties,3% Casualties,3% Casualties,4% Casualties,4% Casualties,4% Casualties,5% Casualties,2% Casualties,2% Casualties,3% Casualties,3% Casualties,4% Casualties,4% Casualties,5% Casualties,5% Casualties,5% Casualties,3% Casualties,4% Casualties,4% Casualties,5% Casualties,5% Casualties,6% Casualties,6% Casualties,7% Casualties,7% Casualties,3% Casualties,4% Casualties,5% Casualties,5% Casualties,6% Casualties,6% Casualties,7% Casualties,7% Casualties,8% Casualties,4% Casualties,5% Casualties,6% Casualties,6% Casualties,7% Casualties,8% Casualties,8% Casualties,9% Casualties,9% Casualties,4% Casualties,5% Casualties,6% Casualties,6% Casualties,7% Casualties,8% Casualties,8% Casualties,9% Casualties,9% Casualties,5% Casualties,5% Casualties,6% Casualties,7% Casualties,8% Casualties,9% Casualties,9% Casualties,10% Casualties,10% Casualties,5% Casualties,6% Casualties,7% Casualties,8% Casualties,9% Casualties,9% Casualties,10% Casualties,10% Casualties,11% Casualties,5% Casualties,6% Casualties,7% Casualties,8% Casualties,8% Casualties,9% Casualties,10% Casualties,10% Casualties,11% Casualties,6% Casualties,7% Casualties,7% Casualties,8% Casualties,9% Casualties,10% Casualties,11% Casualties,11% Casualties,12% Casualties,6% Casualties,7% Casualties,7% Casualties,8% Casualties,9% Casualties,10% Casualties,11% Casualties,11% Casualties,12% Casualties,5% Casualties,7% Casualties,7% Casualties,8% Casualties,9% Casualties,10% Casualties,11% Casualties,11% Casualties,12% Casualties,6% Casualties,7% Casualties,8% Casualties,9% Casualties,10% Casualties,11% Casualties,12% Casualties,12% Casualties,13% Casualties,6% Casualties,7% Casualties,8% Casualties,9% Casualties,10% Casualties,11% Casualties,11% Casualties,12% Casualties,13% Casualties,6% Casualties,7% Casualties,8% Casualties,9% Casualties,10% Casualties,11% Casualties,12% Casualties,12% Casualties,12% Casualties,6% Casualties,7% Casualties,8% Casualties,9% Casualties,10% Casualties,11% Casualties,11% Casualties,12% Casualties,13% Casualties,6% Casualties,7% Casualties,8% Casualties,9% Casualties,10% Casualties,11% Casualties,11% Casualties,12% Casualties,13% Casualties,6% Casualties,7% Casualties,8% Casualties,9% Casualties,10% Casualties,11% Casualties,11% Casualties,12% Casualties,13% Casualties,5% Casualties,6% Casualties,7% Casualties,8% Casualties,9% Casualties,10% Casualties,10% Casualties,11% Casualties,11% Casualties,5% Casualties,6% Casualties,7% Casualties,8% Casualties,9% Casualties,10% Casualties,10% Casualties,10% Casualties,11% Casualties,6% Casualties,7% Casualties,8% Casualties,9% Casualties,9% Casualties,10% Casualties,11% Casualties,11% Casualties,12% Casualties,6% Casualties,7% Casualties,8% Casualties,9% Casualties,9% Casualties,10% Casualties,11% Casualties,11% Casualties,12% Casualties,6% Casualties,7% Casualties,8% Casualties,9% Casualties,9% Casualties,10% Casualties,11% Casualties,11% Casualties,12% Casualties,6% Casualties,7% Casualties,8% Casualties,9% Casualties,9% Casualties,10% Casualties,11% Casualties,11% Casualties,12% Casualties
105 CV // 50 RT,1% Casualties,1% Casualties,2% Casualties,2% Casualties,2% Casualties,3% Casualties,3% Casualties,3% Casualties,3% Casualties,2% Casualties,2% Casualties,2% Casualties,3% Casualties,3% Casualties,4% Casualties,4% Casualties,4% Casualties,5% Casualties,2% Casualties,2% Casualties,3% Casualties,3% Casualties,4% Casualties,4% Casualties,5% Casualties,5% Casualties,5% Casualties,3% Casualties,3% Casualties,4% Casualties,5% Casualties,5% Casualties,6% Casualties,6% Casualties,7% Casualties,7% Casualties,3% Casualties,4% Casualties,5% Casualties,5% Casualties,6% Casualties,6% Casualties,7% Casualties,8% Casualties,8% Casualties,4% Casualties,5% Casualties,6% Casualties,7% Casualties,7% Casualties,8% Casualties,9% Casualties,9% Casualties,10% Casualties,4% Casualties,5% Casualties,6% Casualties,7% Casualties,7% Casualties,8% Casualties,9% Casualties,9% Casualties,10% Casualties,5% Casualties,6% Casualties,6% Casualties,7% Casualties,8% Casualties,9% Casualties,9% Casualties,10% Casualties,11% Casualties,5% Casualties,6% Casualties,7% Casualties,8% Casualties,9% Casualties,10% Casualties,10% Casualties,11% Casualties,12% Casualties,5% Casualties,6% Casualties,7% Casualties,8% Casualties,9% Casualties,10% Casualties,10% Casualties,11% Casualties,12% Casualties,6% Casualties,7% Casualties,8% Casualties,9% Casualties,10% Casualties,11% Casualties,11% Casualties,12% Casualties,13% Casualties,6% Casualties,7% Casualties,8% Casualties,9% Casualties,10% Casualties,11% Casualties,11% Casualties,12% Casualties,12% Casualties,6% Casualties,7% Casualties,8% Casualties,9% Casualties,10% Casualties,11% Casualties,11% Casualties,12% Casualties,13% Casualties,6% Casualties,7% Casualties,9% Casualties,10% Casualties,11% Casualties,12% Casualties,12% Casualties,13% Casualties,14% Casualties,6% Casualties,7% Casualties,9% Casualties,10% Casualties,11% Casualties,12% Casualties,12% Casualties,13% Casualties,14% Casualties,6% Casualties,8% Casualties,9% Casualties,10% Casualties,11% Casualties,12% Casualties,12% Casualties,13% Casualties,14% Casualties,6% Casualties,7% Casualties,9% Casualties,10% Casualties,11% Casualties,12% Casualties,12% Casualties,13% Casualties,14% Casualties,6% Casualties,7% Casualties,9% Casualties,10% Casualties,11% Casualties,12% Casualties,12% Casualties,13% Casualties,14% Casualties,6% Casualties,7% Casualties,9% Casualties,10% Casualties,11% Casualties,12% Casualties,12% Casualties,13% Casualties,14% Casualties,6% Casualties,7% Casualties,8% Casualties,9% Casualties,10% Casualties,10% Casualties,11% Casualties,12% Casualties,12% Casualties,6% Casualties,7% Casualties,8% Casualties,9% Casualties,10% Casualties,10% Casualties,11% Casualties,12% Casualties,12% Casualties,6% Casualties,7% Casualties,8% Casualties,9% Casualties,10% Casualties,11% Casualties,12% Casualties,12% Casualties,13% Casualties,6% Casualties,7% Casualties,8% Casualties,9% Casualties,10% Casualties,11% Casualties,12% Casualties,12% Casualties,13% Casualties,6% Casualties,7% Casualties,9% Casualties,9% Casualties,10% Casualties,11% Casualties,12% Casualties,12% Casualties,13% Casualties,6% Casualties,7% Casualties,8% Casualties,9% Casualties,10% Casualties,11% Casualties,12% Casualties,13% Casualties,13% Casualties
105 CV // 40 RT,1% Casualties,1% Casualties,2% Casualties,2% Casualties,2% Casualties,2% Casualties,3% Casualties,3% Casualties,3% Casualties,2% Casualties,2% Casualties,2% Casualties,3% Casualties,3% Casualties,4% Casualties,4% Casualties,5% Casualties,5% Casualties,2% Casualties,2% Casualties,3% Casualties,3% Casualties,4% Casualties,4% Casualties,5% Casualties,5% Casualties,6% Casualties,3% Casualties,4% Casualties,4% Casualties,5% Casualties,5% Casualties,6% Casualties,7% Casualties,7% Casualties,8% Casualties,3% Casualties,4% Casualties,5% Casualties,5% Casualties,6% Casualties,7% Casualties,7% Casualties,8% Casualties,9% Casualties,4% Casualties,5% Casualties,6% Casualties,7% Casualties,8% Casualties,9% Casualties,9% Casualties,10% Casualties,11% Casualties,4% Casualties,5% Casualties,6% Casualties,7% Casualties,8% Casualties,9% Casualties,9% Casualties,10% Casualties,11% Casualties,5% Casualties,6% Casualties,7% Casualties,8% Casualties,9% Casualties,9% Casualties,10% Casualties,11% Casualties,12% Casualties,5% Casualties,6% Casualties,7% Casualties,8% Casualties,9% Casualties,10% Casualties,11% Casualties,12% Casualties,13% Casualties,5% Casualties,6% Casualties,7% Casualties,8% Casualties,10% Casualties,10% Casualties,11% Casualties,12% Casualties,13% Casualties,6% Casualties,7% Casualties,8% Casualties,9% Casualties,10% Casualties,11% Casualties,12% Casualties,13% Casualties,14% Casualties,6% Casualties,7% Casualties,8% Casualties,9% Casualties,10% Casualties,11% Casualties,12% Casualties,13% Casualties,14% Casualties,6% Casualties,7% Casualties,8% Casualties,9% Casualties,10% Casualties,11% Casualties,12% Casualties,13% Casualties,14% Casualties,7% Casualties,8% Casualties,9% Casualties,10% Casualties,11% Casualties,12% Casualties,13% Casualties,14% Casualties,15% Casualties,6% Casualties,8% Casualties,9% Casualties,10% Casualties,11% Casualties,12% Casualties,13% Casualties,14% Casualties,15% Casualties,6% Casualties,8% Casualties,9% Casualties,10% Casualties,11% Casualties,13% Casualties,13% Casualties,14% Casualties,15% Casualties,6% Casualties,8% Casualties,9% Casualties,10% Casualties,12% Casualties,13% Casualties,14% Casualties,14% Casualties,15% Casualties,6% Casualties,8% Casualties,9% Casualties,10% Casualties,11% Casualties,13% Casualties,13% Casualties,14% Casualties,15% Casualties,6% Casualties,8% Casualties,9% Casualties,10% Casualties,11% Casualties,13% Casualties,14% Casualties,14% Casualties,15% Casualties,6% Casualties,7% Casualties,8% Casualties,10% Casualties,10% Casualties,12% Casualties,12% Casualties,13% Casualties,14% Casualties,6% Casualties,7% Casualties,8% Casualties,10% Casualties,11% Casualties,12% Casualties,12% Casualties,13% Casualties,14% Casualties,7% Casualties,8% Casualties,9% Casualties,10% Casualties,11% Casualties,12% Casualties,13% Casualties,14% Casualties,15% Casualties,6% Casualties,8% Casualties,9% Casualties,10% Casualties,11% Casualties,13% Casualties,13% Casualties,14% Casualties,15% Casualties,7% Casualties,8% Casualties,9% Casualties,10% Casualties,11% Casualties,12% Casualties,13% Casualties,14% Casualties,15% Casualties,6% Casualties,8% Casualties,9% Casualties,10% Casualties,11% Casualties,12% Casualties,13% Casualties,14% Casualties,15% Casualties
105 CV // 30 RT,1% Casualties,1% Casualties,2% Casualties,2% Casualties,2% Casualties,2% Casualties,3% Casualties,3% Casualties,3% Casualties,1% Casualties,2% Casualties,2% Casualties,3% Casualties,3% Casualties,4% Casualties,4% Casualties,5% Casualties,5% Casualties,2% Casualties,2% Casualties,3% Casualties,4% Casualties,4% Casualties,5% Casualties,5% Casualties,6% Casualties,6% Casualties,3% Casualties,4% Casualties,4% Casualties,5% Casualties,6% Casualties,6% Casualties,7% Casualties,8% Casualties,8% Casualties,3% Casualties,4% Casualties,5% Casualties,6% Casualties,6% Casualties,7% Casualties,8% Casualties,9% Casualties,9% Casualties,4% Casualties,5% Casualties,6% Casualties,7% Casualties,8% Casualties,9% Casualties,10% Casualties,11% Casualties,12% Casualties,4% Casualties,5% Casualties,6% Casualties,7% Casualties,8% Casualties,9% Casualties,10% Casualties,11% Casualties,11% Casualties,5% Casualties,6% Casualties,7% Casualties,8% Casualties,9% Casualties,10% Casualties,11% Casualties,12% Casualties,13% Casualties,5% Casualties,7% Casualties,8% Casualties,9% Casualties,10% Casualties,11% Casualties,12% Casualties,13% Casualties,14% Casualties,5% Casualties,7% Casualties,8% Casualties,9% Casualties,10% Casualties,11% Casualties,12% Casualties,13% Casualties,14% Casualties,6% Casualties,7% Casualties,9% Casualties,10% Casualties,11% Casualties,12% Casualties,14% Casualties,15% Casualties,15% Casualties,6% Casualties,7% Casualties,9% Casualties,10% Casualties,11% Casualties,12% Casualties,13% Casualties,14% Casualties,15% Casualties,6% Casualties,7% Casualties,9% Casualties,10% Casualties,11% Casualties,12% Casualties,14% Casualties,14% Casualties,15% Casualties,7% Casualties,8% Casualties,10% Casualties,11% Casualties,13% Casualties,14% Casualties,15% Casualties,16% Casualties,17% Casualties,7% Casualties,8% Casualties,10% Casualties,11% Casualties,12% Casualties,14% Casualties,15% Casualties,16% Casualties,17% Casualties,7% Casualties,8% Casualties,10% Casualties,11% Casualties,13% Casualties,14% Casualties,15% Casualties,16% Casualties,17% Casualties,7% Casualties,8% Casualties,10% Casualties,11% Casualties,13% Casualties,14% Casualties,15% Casualties,16% Casualties,17% Casualties,7% Casualties,8% Casualties,10% Casualties,11% Casualties,13% Casualties,14% Casualties,15% Casualties,16% Casualties,17% Casualties,7% Casualties,8% Casualties,10% Casualties,11% Casualties,12% Casualties,14% Casualties,15% Casualties,16% Casualties,17% Casualties,6% Casualties,8% Casualties,9% Casualties,11% Casualties,12% Casualties,13% Casualties,14% Casualties,15% Casualties,16% Casualties,7% Casualties,8% Casualties,9% Casualties,11% Casualties,12% Casualties,13% Casualties,14% Casualties,15% Casualties,16% Casualties,7% Casualties,8% Casualties,10% Casualties,11% Casualties,13% Casualties,14% Casualties,15% Casualties,16% Casualties,17% Casualties,7% Casualties,9% Casualties,10% Casualties,11% Casualties,13% Casualties,14% Casualties,15% Casualties,16% Casualties,17% Casualties,7% Casualties,9% Casualties,10% Casualties,11% Casualties,13% Casualties,14% Casualties,15% Casualties,16% Casualties,17% Casualties,7% Casualties,9% Casualties,10% Casualties,11% Casualties,13% Casualties,14% Casualties,15% Casualties,16% Casualties,17% Casualties
105 CV // 20 RT,1% Casualties,1% Casualties,1% Casualties,2% Casualties,2% Casualties,2% Casualties,3% Casualties,3% Casualties,3% Casualties,1% Casualties,2% Casualties,2% Casualties,3% Casualties,3% Casualties,4% Casualties,4% Casualties,5% Casualties,5% Casualties,2% Casualties,2% Casualties,3% Casualties,4% Casualties,4% Casualties,5% Casualties,5% Casualties,6% Casualties,6% Casualties,3% Casualties,4% Casualties,4% Casualties,5% Casualties,6% Casualties,7% Casualties,7% Casualties,8% Casualties,9% Casualties,3% Casualties,4% Casualties,5% Casualties,6% Casualties,7% Casualties,8% Casualties,9% Casualties,9% Casualties,10% Casualties,5% Casualties,5% Casualties,7% Casualties,8% Casualties,9% Casualties,10% Casualties,11% Casualties,12% Casualties,13% Casualties,4% Casualties,6% Casualties,7% Casualties,8% Casualties,9% Casualties,10% Casualties,11% Casualties,12% Casualties,13% Casualties,5% Casualties,6% Casualties,7% Casualties,9% Casualties,10% Casualties,11% Casualties,12% Casualties,13% Casualties,14% Casualties,6% Casualties,7% Casualties,8% Casualties,10% Casualties,11% Casualties,12% Casualties,14% Casualties,15% Casualties,16% Casualties,6% Casualties,7% Casualties,8% Casualties,10% Casualties,11% Casualties,12% Casualties,14% Casualties,15% Casualties,16% Casualties,6% Casualties,8% Casualties,9% Casualties,11% Casualties,13% Casualties,14% Casualties,15% Casualties,17% Casualties,18% Casualties,6% Casualties,8% Casualties,9% Casualties,11% Casualties,12% Casualties,14% Casualties,15% Casualties,17% Casualties,18% Casualties,6% Casualties,8% Casualties,9% Casualties,11% Casualties,13% Casualties,14% Casualties,15% Casualties,17% Casualties,18% Casualties,7% Casualties,9% Casualties,10% Casualties,12% Casualties,14% Casualties,16% Casualties,17% Casualties,18% Casualties,19% Casualties,7% Casualties,9% Casualties,11% Casualties,12% Casualties,14% Casualties,15% Casualties,17% Casualties,18% Casualties,19% Casualties,7% Casualties,9% Casualties,11% Casualties,13% Casualties,14% Casualties,15% Casualties,17% Casualties,18% Casualties,19% Casualties,7% Casualties,9% Casualties,11% Casualties,12% Casualties,14% Casualties,15% Casualties,17% Casualties,18% Casualties,20% Casualties,7% Casualties,9% Casualties,11% Casualties,12% Casualties,14% Casualties,15% Casualties,17% Casualties,18% Casualties,19% Casualties,7% Casualties,9% Casualties,11% Casualties,12% Casualties,14% Casualties,15% Casualties,17% Casualties,18% Casualties,20% Casualties,7% Casualties,9% Casualties,10% Casualties,12% Casualties,13% Casualties,15% Casualties,16% Casualties,17% Casualties,19% Casualties,7% Casualties,9% Casualties,10% Casualties,12% Casualties,13% Casualties,15% Casualties,16% Casualties,17% Casualties,19% Casualties,8% Casualties,9% Casualties,11% Casualties,13% Casualties,15% Casualties,16% Casualties,18% Casualties,19% Casualties,21% Casualties,8% Casualties,9% Casualties,11% Casualties,13% Casualties,15% Casualties,16% Casualties,18% Casualties,19% Casualties,20% Casualties,8% Casualties,9% Casualties,11% Casualties,13% Casualties,15% Casualties,16% Casualties,18% Casualties,19% Casualties,20% Casualties,7% Casualties,10% Casualties,11% Casualties,13% Casualties,15% Casualties,16% Casualties,18% Casualties,19% Casualties,20% Casualties
105 CV // 10 RT,1% Casualties,1% Casualties,2% Casualties,2% Casualties,2% Casualties,2% Casualties,3% Casualties,3% Casualties,3% Casualties,2% Casualties,2% Casualties,2% Casualties,3% Casualties,3% Casualties,4% Casualties,4% Casualties,5% Casualties,5% Casualties,2% Casualties,3% Casualties,3% Casualties,4% Casualties,4% Casualties,5% Casualties,6% Casualties,6% Casualties,7% Casualties,3% Casualties,4% Casualties,5% Casualties,6% Casualties,6% Casualties,7% Casualties,8% Casualties,9% Casualties,10% Casualties,4% Casualties,5% Casualties,5% Casualties,6% Casualties,7% Casualties,8% Casualties,9% Casualties,10% Casualties,11% Casualties,5% Casualties,6% Casualties,7% Casualties,8% Casualties,10% Casualties,11% Casualties,12% Casualties,13% Casualties,14% Casualties,5% Casualties,6% Casualties,7% Casualties,8% Casualties,9% Casualties,11% Casualties,12% Casualties,13% Casualties,14% Casualties,5% Casualties,7% Casualties,8% Casualties,9% Casualties,11% Casualties,12% Casualties,14% Casualties,15% Casualties,16% Casualties,6% Casualties,8% Casualties,9% Casualties,11% Casualties,12% Casualties,14% Casualties,15% Casualties,17% Casualties,18% Casualties,6% Casualties,8% Casualties,9% Casualties,11% Casualties,13% Casualties,14% Casualties,15% Casualties,17% Casualties,19% Casualties,7% Casualties,8% Casualties,10% Casualties,12% Casualties,14% Casualties,16% Casualties,17% Casualties,19% Casualties,21% Casualties,7% Casualties,9% Casualties,10% Casualties,12% Casualties,14% Casualties,16% Casualties,17% Casualties,19% Casualties,20% Casualties,7% Casualties,8% Casualties,10% Casualties,12% Casualties,14% Casualties,15% Casualties,17% Casualties,19% Casualties,20% Casualties,8% Casualties,10% Casualties,12% Casualties,14% Casualties,16% Casualties,18% Casualties,19% Casualties,21% Casualties,22% Casualties,8% Casualties,10% Casualties,12% Casualties,14% Casualties,16% Casualties,18% Casualties,19% Casualties,21% Casualties,22% Casualties,8% Casualties,10% Casualties,12% Casualties,14% Casualties,16% Casualties,18% Casualties,19% Casualties,21% Casualties,23% Casualties,8% Casualties,10% Casualties,12% Casualties,13% Casualties,16% Casualties,18% Casualties,19% Casualties,21% Casualties,23% Casualties,8% Casualties,10% Casualties,12% Casualties,14% Casualties,15% Casualties,18% Casualties,19% Casualties,21% Casualties,22% Casualties,8% Casualties,10% Casualties,12% Casualties,14% Casualties,16% Casualties,17% Casualties,19% Casualties,21% Casualties,22% Casualties,8% Casualties,9% Casualties,11% Casualties,14% Casualties,15% Casualties,17% Casualties,19% Casualties,21% Casualties,22% Casualties,8% Casualties,10% Casualties,12% Casualties,14% Casualties,16% Casualties,17% Casualties,19% Casualties,21% Casualties,22% Casualties,8% Casualties,11% Casualties,13% Casualties,15% Casualties,17% Casualties,19% Casualties,21% Casualties,23% Casualties,24% Casualties,8% Casualties,11% Casualties,13% Casualties,15% Casualties,17% Casualties,19% Casualties,21% Casualties,23% Casualties,24% Casualties,9% Casualties,11% Casualties,13% Casualties,15% Casualties,17% Casualties,19% Casualties,21% Casualties,23% Casualties,24% Casualties,8% Casualties,11% Casualties,13% Casualties,15% Casualties,17% Casualties,19% Casualties,21% Casualties,23% Casualties,24% Casualties
105 CV // 0 RT,1% Casualties,1% Casualties,1% Casualties,2% Casualties,2% Casualties,2% Casualties,3% Casualties,3% Casualties,3% Casualties,2% Casualties,2% Casualties,3% Casualties,3% Casualties,4% Casualties,4% Casualties,5% Casualties,5% Casualties,5% Casualties,2% Casualties,3% Casualties,3% Casualties,4% Casualties,5% Casualties,5% Casualties,6% Casualties,7% Casualties,7% Casualties,3% Casualties,4% Casualties,5% Casualties,6% Casualties,7% Casualties,8% Casualties,9% Casualties,10% Casualties,11% Casualties,4% Casualties,5% Casualties,6% Casualties,7% Casualties,8% Casualties,9% Casualties,10% Casualties,11% Casualties,12% Casualties,5% Casualties,6% Casualties,8% Casualties,9% Casualties,11% Casualties,12% Casualties,14% Casualties,15% Casualties,17% Casualties,5% Casualties,6% Casualties,8% Casualties,9% Casualties,10% Casualties,12% Casualties,14% Casualties,15% Casualties,16% Casualties,6% Casualties,7% Casualties,9% Casualties,11% Casualties,12% Casualties,14% Casualties,16% Casualties,17% Casualties,19% Casualties,7% Casualties,8% Casualties,10% Casualties,12% Casualties,14% Casualties,16% Casualties,18% Casualties,20% Casualties,21% Casualties,7% Casualties,8% Casualties,10% Casualties,12% Casualties,14% Casualties,15% Casualties,18% Casualties,20% Casualties,21% Casualties,8% Casualties,9% Casualties,11% Casualties,14% Casualties,15% Casualties,18% Casualties,20% Casualties,22% Casualties,24% Casualties,7% Casualties,9% Casualties,12% Casualties,13% Casualties,16% Casualties,18% Casualties,20% Casualties,22% Casualties,24% Casualties,7% Casualties,9% Casualties,12% Casualties,14% Casualties,16% Casualties,18% Casualties,20% Casualties,22% Casualties,24% Casualties,8% Casualties,11% Casualties,13% Casualties,15% Casualties,18% Casualties,20% Casualties,22% Casualties,25% Casualties,27% Casualties,8% Casualties,11% Casualties,13% Casualties,15% Casualties,18% Casualties,20% Casualties,22% Casualties,24% Casualties,26% Casualties,8% Casualties,11% Casualties,13% Casualties,15% Casualties,18% Casualties,20% Casualties,22% Casualties,25% Casualties,26% Casualties,9% Casualties,11% Casualties,13% Casualties,15% Casualties,18% Casualties,20% Casualties,22% Casualties,25% Casualties,27% Casualties,9% Casualties,11% Casualties,13% Casualties,15% Casualties,18% Casualties,20% Casualties,22% Casualties,24% Casualties,27% Casualties,8% Casualties,10% Casualties,13% Casualties,15% Casualties,18% Casualties,20% Casualties,22% Casualties,24% Casualties,27% Casualties,8% Casualties,11% Casualties,13% Casualties,15% Casualties,18% Casualties,20% Casualties,23% Casualties,24% Casualties,27% Casualties,8% Casualties,10% Casualties,13% Casualties,15% Casualties,18% Casualties,20% Casualties,22% Casualties,24% Casualties,26% Casualties,9% Casualties,12% Casualties,15% Casualties,17% Casualties,20% Casualties,22% Casualties,25% Casualties,27% Casualties,29% Casualties,9% Casualties,12% Casualties,14% Casualties,17% Casualties,20% Casualties,22% Casualties,25% Casualties,27% Casualties,29% Casualties,9% Casualties,12% Casualties,15% Casualties,17% Casualties,20% Casualties,23% Casualties,25% Casualties,27% Casualties,30% Casualties,9% Casualties,12% Casualties,15% Casualties,17% Casualties,20% Casualties,23% Casualties,25% Casualties,28% Casualties,29% Casualties
110 CV // 80 RT,1% Casualties,1% Casualties,2% Casualties,2% Casualties,2% Casualties,3% Casualties,3% Casualties,3% Casualties,3% Casualties,2% Casualties,2% Casualties,2% Casualties,3% Casualties,3% Casualties,4% Casualties,4% Casualties,4% Casualties,4% Casualties,2% Casualties,2% Casualties,3% Casualties,3% Casualties,4% Casualties,4% Casualties,4% Casualties,5% Casualties,5% Casualties,3% Casualties,3% Casualties,4% Casualties,4% Casualties,4% Casualties,5% Casualties,5% Casualties,5% Casualties,6% Casualties,4% Casualties,4% Casualties,4% Casualties,5% Casualties,5% Casualties,6% Casualties,6% Casualties,7% Casualties,7% Casualties,4% Casualties,4% Casualties,5% Casualties,6% Casualties,6% Casualties,6% Casualties,7% Casualties,7% Casualties,7% Casualties,4% Casualties,5% Casualties,6% Casualties,6% Casualties,7% Casualties,7% Casualties,7% Casualties,8% Casualties,8% Casualties,5% Casualties,5% Casualties,6% Casualties,7% Casualties,7% Casualties,8% Casualties,8% Casualties,9% Casualties,9% Casualties,5% Casualties,5% Casualties,6% Casualties,7% Casualties,7% Casualties,8% Casualties,8% Casualties,8% Casualties,9% Casualties,5% Casualties,6% Casualties,7% Casualties,7% Casualties,8% Casualties,8% Casualties,9% Casualties,9% Casualties,9% Casualties,5% Casualties,6% Casualties,7% Casualties,7% Casualties,8% Casualties,8% Casualties,9% Casualties,9% Casualties,9% Casualties,6% Casualties,6% Casualties,7% Casualties,8% Casualties,8% Casualties,9% Casualties,9% Casualties,10% Casualties,10% Casualties,6% Casualties,6% Casualties,7% Casualties,8% Casualties,8% Casualties,9% Casualties,9% Casualties,10% Casualties,10% Casualties,6% Casualties,6% Casualties,7% Casualties,8% Casualties,8% Casualties,9% Casualties,9% Casualties,10% Casualties,10% Casualties,6% Casualties,7% Casualties,8% Casualties,8% Casualties,9% Casualties,10% Casualties,10% Casualties,10% Casualties,11% Casualties,6% Casualties,7% Casualties,8% Casualties,8% Casualties,9% Casualties,10% Casualties,10% Casualties,10% Casualties,11% Casualties,6% Casualties,7% Casualties,8% Casualties,8% Casualties,9% Casualties,10% Casualties,10% Casualties,10% Casualties,11% Casualties,6% Casualties,7% Casualties,8% Casualties,8% Casualties,9% Casualties,10% Casualties,10% Casualties,10% Casualties,11% Casualties,6% Casualties,7% Casualties,8% Casualties,8% Casualties,9% Casualties,10% Casualties,10% Casualties,10% Casualties,11% Casualties,5% Casualties,6% Casualties,6% Casualties,7% Casualties,8% Casualties,8% Casualties,8% Casualties,9% Casualties,9% Casualties,5% Casualties,6% Casualties,6% Casualties,7% Casualties,8% Casualties,8% Casualties,8% Casualties,9% Casualties,9% Casualties,5% Casualties,6% Casualties,6% Casualties,7% Casualties,8% Casualties,8% Casualties,8% Casualties,9% Casualties,9% Casualties,5% Casualties,6% Casualties,7% Casualties,7% Casualties,8% Casualties,8% Casualties,9% Casualties,9% Casualties,9% Casualties,5% Casualties,6% Casualties,7% Casualties,7% Casualties,8% Casualties,8% Casualties,9% Casualties,9% Casualties,9% Casualties,5% Casualties,6% Casualties,7% Casualties,7% Casualties,8% Casualties,8% Casualties,9% Casualties,9% Casualties,9% Casualties
110 CV // 70 RT,1% Casualties,1% Casualties,2% Casualties,2% Casualties,2% Casualties,3% Casualties,3% Casualties,3% Casualties,3% Casualties,2% Casualties,2% Casualties,2% Casualties,3% Casualties,3% Casualties,4% Casualties,4% Casualties,4% Casualties,4% Casualties,2% Casualties,2% Casualties,3% Casualties,3% Casualties,4% Casualties,4% Casualties,4% Casualties,5% Casualties,5% Casualties,3% Casualties,3% Casualties,4% Casualties,4% Casualties,4% Casualties,5% Casualties,5% Casualties,6% Casualties,6% Casualties,3% Casualties,4% Casualties,5% Casualties,5% Casualties,6% Casualties,6% Casualties,7% Casualties,7% Casualties,7% Casualties,4% Casualties,4% Casualties,5% Casualties,6% Casualties,6% Casualties,7% Casualties,7% Casualties,8% Casualties,8% Casualties,4% Casualties,5% Casualties,6% Casualties,6% Casualties,7% Casualties,7% Casualties,8% Casualties,8% Casualties,9% Casualties,5% Casualties,5% Casualties,6% Casualties,7% Casualties,7% Casualties,8% Casualties,9% Casualties,9% Casualties,9% Casualties,5% Casualties,5% Casualties,6% Casualties,7% Casualties,8% Casualties,8% Casualties,9% Casualties,9% Casualties,9% Casualties,5% Casualties,6% Casualties,7% Casualties,7% Casualties,8% Casualties,9% Casualties,9% Casualties,10% Casualties,10% Casualties,5% Casualties,6% Casualties,7% Casualties,7% Casualties,8% Casualties,9% Casualties,9% Casualties,10% Casualties,10% Casualties,6% Casualties,6% Casualties,7% Casualties,8% Casualties,9% Casualties,9% Casualties,10% Casualties,10% Casualties,11% Casualties,6% Casualties,6% Casualties,7% Casualties,8% Casualties,9% Casualties,9% Casualties,10% Casualties,10% Casualties,11% Casualties,6% Casualties,6% Casualties,7% Casualties,8% Casualties,9% Casualties,9% Casualties,10% Casualties,10% Casualties,11% Casualties,6% Casualties,7% Casualties,8% Casualties,9% Casualties,10% Casualties,10% Casualties,11% Casualties,11% Casualties,12% Casualties,6% Casualties,7% Casualties,8% Casualties,9% Casualties,10% Casualties,10% Casualties,11% Casualties,11% Casualties,12% Casualties,6% Casualties,7% Casualties,8% Casualties,9% Casualties,10% Casualties,10% Casualties,11% Casualties,11% Casualties,11% Casualties,6% Casualties,7% Casualties,8% Casualties,9% Casualties,10% Casualties,10% Casualties,11% Casualties,11% Casualties,12% Casualties,6% Casualties,7% Casualties,8% Casualties,9% Casualties,9% Casualties,10% Casualties,11% Casualties,11% Casualties,12% Casualties,5% Casualties,6% Casualties,7% Casualties,8% Casualties,8% Casualties,9% Casualties,9% Casualties,9% Casualties,10% Casualties,5% Casualties,6% Casualties,7% Casualties,8% Casualties,8% Casualties,9% Casualties,9% Casualties,10% Casualties,10% Casualties,5% Casualties,6% Casualties,7% Casualties,7% Casualties,8% Casualties,9% Casualties,9% Casualties,10% Casualties,10% Casualties,5% Casualties,6% Casualties,7% Casualties,8% Casualties,9% Casualties,9% Casualties,10% Casualties,10% Casualties,10% Casualties,6% Casualties,6% Casualties,7% Casualties,8% Casualties,9% Casualties,9% Casualties,9% Casualties,10% Casualties,10% Casualties,6% Casualties,6% Casualties,7% Casualties,8% Casualties,9% Casualties,9% Casualties,10% Casualties,10% Casualties,10% Casualties
110 CV // 60 RT,1% Casualties,1% Casualties,1% Casualties,2% Casualties,2% Casualties,2% Casualties,3% Casualties,3% Casualties,3% Casualties,1% Casualties,2% Casualties,2% Casualties,3% Casualties,3% Casualties,4% Casualties,4% Casualties,4% Casualties,5% Casualties,2% Casualties,2% Casualties,3% Casualties,3% Casualties,4% Casualties,4% Casualties,5% Casualties,5% Casualties,5% Casualties,3% Casualties,3% Casualties,4% Casualties,4% Casualties,5% Casualties,5% Casualties,5% Casualties,6% Casualties,6% Casualties,3% Casualties,4% Casualties,5% Casualties,5% Casualties,6% Casualties,6% Casualties,7% Casualties,7% Casualties,8% Casualties,4% Casualties,4% Casualties,5% Casualties,6% Casualties,6% Casualties,7% Casualties,8% Casualties,8% Casualties,8% Casualties,4% Casualties,5% Casualties,6% Casualties,6% Casualties,7% Casualties,8% Casualties,8% Casualties,9% Casualties,9% Casualties,5% Casualties,6% Casualties,6% Casualties,7% Casualties,8% Casualties,9% Casualties,9% Casualties,10% Casualties,10% Casualties,5% Casualties,5% Casualties,6% Casualties,7% Casualties,8% Casualties,9% Casualties,9% Casualties,9% Casualties,10% Casualties,5% Casualties,6% Casualties,7% Casualties,8% Casualties,8% Casualties,9% Casualties,10% Casualties,10% Casualties,11% Casualties,5% Casualties,6% Casualties,7% Casualties,8% Casualties,9% Casualties,9% Casualties,10% Casualties,10% Casualties,11% Casualties,6% Casualties,6% Casualties,7% Casualties,8% Casualties,9% Casualties,10% Casualties,11% Casualties,11% Casualties,12% Casualties,6% Casualties,7% Casualties,7% Casualties,8% Casualties,9% Casualties,10% Casualties,11% Casualties,11% Casualties,12% Casualties,6% Casualties,7% Casualties,7% Casualties,8% Casualties,9% Casualties,10% Casualties,11% Casualties,11% Casualties,12% Casualties,6% Casualties,7% Casualties,8% Casualties,9% Casualties,10% Casualties,11% Casualties,11% Casualties,12% Casualties,13% Casualties,6% Casualties,7% Casualties,8% Casualties,9% Casualties,10% Casualties,11% Casualties,11% Casualties,12% Casualties,13% Casualties,6% Casualties,7% Casualties,8% Casualties,9% Casualties,10% Casualties,11% Casualties,11% Casualties,12% Casualties,12% Casualties,6% Casualties,7% Casualties,8% Casualties,9% Casualties,10% Casualties,11% Casualties,12% Casualties,12% Casualties,12% Casualties,6% Casualties,7% Casualties,8% Casualties,9% Casualties,10% Casualties,11% Casualties,11% Casualties,12% Casualties,13% Casualties,6% Casualties,6% Casualties,7% Casualties,8% Casualties,9% Casualties,10% Casualties,10% Casualties,10% Casualties,11% Casualties,6% Casualties,6% Casualties,7% Casualties,8% Casualties,9% Casualties,10% Casualties,10% Casualties,10% Casualties,11% Casualties,5% Casualties,6% Casualties,7% Casualties,8% Casualties,9% Casualties,10% Casualties,10% Casualties,11% Casualties,11% Casualties,6% Casualties,7% Casualties,8% Casualties,9% Casualties,9% Casualties,10% Casualties,11% Casualties,11% Casualties,11% Casualties,6% Casualties,7% Casualties,8% Casualties,9% Casualties,9% Casualties,10% Casualties,11% Casualties,11% Casualties,11% Casualties,6% Casualties,7% Casualties,8% Casualties,9% Casualties,9% Casualties,10% Casualties,10% Casualties,11% Casualties,12% Casualties
110 CV // 50 RT,1% Casualties,1% Casualties,1% Casualties,2% Casualties,2% Casualties,2% Casualties,3% Casualties,3% Casualties,3% Casualties,1% Casualties,2% Casualties,2% Casualties,3% Casualties,3% Casualties,3% Casualties,4% Casualties,4% Casualties,5% Casualties,2% Casualties,2% Casualties,3% Casualties,3% Casualties,4% Casualties,4% Casualties,5% Casualties,5% Casualties,5% Casualties,3% Casualties,3% Casualties,4% Casualties,4% Casualties,5% Casualties,5% Casualties,6% Casualties,6% Casualties,6% Casualties,3% Casualties,4% Casualties,5% Casualties,5% Casualties,6% Casualties,6% Casualties,7% Casualties,8% Casualties,8% Casualties,4% Casualties,4% Casualties,5% Casualties,6% Casualties,7% Casualties,7% Casualties,8% Casualties,8% Casualties,9% Casualties,4% Casualties,5% Casualties,6% Casualties,7% Casualties,7% Casualties,8% Casualties,9% Casualties,9% Casualties,10% Casualties,5% Casualties,5% Casualties,6% Casualties,7% Casualties,8% Casualties,9% Casualties,9% Casualties,10% Casualties,11% Casualties,5% Casualties,5% Casualties,7% Casualties,7% Casualties,8% Casualties,9% Casualties,10% Casualties,10% Casualties,11% Casualties,5% Casualties,6% Casualties,7% Casualties,8% Casualties,9% Casualties,10% Casualties,10% Casualties,11% Casualties,12% Casualties,5% Casualties,6% Casualties,7% Casualties,8% Casualties,9% Casualties,10% Casualties,10% Casualties,11% Casualties,12% Casualties,6% Casualties,7% Casualties,8% Casualties,9% Casualties,10% Casualties,11% Casualties,11% Casualties,12% Casualties,13% Casualties,6% Casualties,7% Casualties,8% Casualties,9% Casualties,10% Casualties,11% Casualties,11% Casualties,12% Casualties,13% Casualties,6% Casualties,7% Casualties,8% Casualties,9% Casualties,10% Casualties,11% Casualties,11% Casualties,12% Casualties,12% Casualties,6% Casualties,7% Casualties,9% Casualties,10% Casualties,11% Casualties,12% Casualties,12% Casualties,13% Casualties,14% Casualties,6% Casualties,7% Casualties,9% Casualties,10% Casualties,11% Casualties,12% Casualties,12% Casualties,13% Casualties,14% Casualties,6% Casualties,7% Casualties,9% Casualties,10% Casualties,11% Casualties,12% Casualties,12% Casualties,13% Casualties,14% Casualties,6% Casualties,7% Casualties,9% Casualties,10% Casualties,11% Casualties,12% Casualties,12% Casualties,13% Casualties,14% Casualties,6% Casualties,7% Casualties,9% Casualties,10% Casualties,11% Casualties,12% Casualties,12% Casualties,13% Casualties,14% Casualties,6% Casualties,7% Casualties,8% Casualties,9% Casualties,10% Casualties,10% Casualties,11% Casualties,12% Casualties,12% Casualties,6% Casualties,7% Casualties,8% Casualties,9% Casualties,10% Casualties,10% Casualties,11% Casualties,12% Casualties,12% Casualties,6% Casualties,7% Casualties,8% Casualties,9% Casualties,10% Casualties,10% Casualties,11% Casualties,12% Casualties,12% Casualties,6% Casualties,7% Casualties,8% Casualties,9% Casualties,10% Casualties,11% Casualties,12% Casualties,12% Casualties,13% Casualties,6% Casualties,7% Casualties,8% Casualties,9% Casualties,10% Casualties,11% Casualties,12% Casualties,12% Casualties,13% Casualties,6% Casualties,7% Casualties,8% Casualties,9% Casualties,10% Casualties,11% Casualties,12% Casualties,12% Casualties,13% Casualties
110 CV // 40 RT,1% Casualties,1% Casualties,1% Casualties,2% Casualties,2% Casualties,2% Casualties,3% Casualties,3% Casualties,3% Casualties,1% Casualties,2% Casualties,2% Casualties,3% Casualties,3% Casualties,4% Casualties,4% Casualties,4% Casualties,5% Casualties,2% Casualties,2% Casualties,3% Casualties,3% Casualties,4% Casualties,4% Casualties,5% Casualties,5% Casualties,6% Casualties,3% Casualties,3% Casualties,4% Casualties,4% Casualties,5% Casualties,5% Casualties,6% Casualties,6% Casualties,7% Casualties,3% Casualties,4% Casualties,5% Casualties,6% Casualties,6% Casualties,7% Casualties,7% Casualties,8% Casualties,9% Casualties,4% Casualties,4% Casualties,5% Casualties,6% Casualties,7% Casualties,8% Casualties,8% Casualties,9% Casualties,10% Casualties,4% Casualties,5% Casualties,6% Casualties,7% Casualties,8% Casualties,9% Casualties,9% Casualties,10% Casualties,10% Casualties,5% Casualties,6% Casualties,7% Casualties,8% Casualties,9% Casualties,9% Casualties,10% Casualties,11% Casualties,12% Casualties,5% Casualties,6% Casualties,7% Casualties,8% Casualties,9% Casualties,9% Casualties,10% Casualties,11% Casualties,12% Casualties,5% Casualties,6% Casualties,7% Casualties,8% Casualties,9% Casualties,10% Casualties,11% Casualties,12% Casualties,13% Casualties,5% Casualties,6% Casualties,7% Casualties,8% Casualties,9% Casualties,10% Casualties,11% Casualties,12% Casualties,13% Casualties,6% Casualties,7% Casualties,8% Casualties,9% Casualties,10% Casualties,11% Casualties,12% Casualties,13% Casualties,14% Casualties,6% Casualties,7% Casualties,8% Casualties,9% Casualties,10% Casualties,11% Casualties,12% Casualties,13% Casualties,14% Casualties,6% Casualties,7% Casualties,8% Casualties,9% Casualties,10% Casualties,11% Casualties,12% Casualties,13% Casualties,14% Casualties,6% Casualties,8% Casualties,9% Casualties,10% Casualties,11% Casualties,12% Casualties,13% Casualties,14% Casualties,15% Casualties,6% Casualties,8% Casualties,9% Casualties,10% Casualties,12% Casualties,12% Casualties,14% Casualties,14% Casualties,15% Casualties,6% Casualties,8% Casualties,9% Casualties,10% Casualties,11% Casualties,12% Casualties,14% Casualties,14% Casualties,15% Casualties,6% Casualties,8% Casualties,9% Casualties,10% Casualties,11% Casualties,13% Casualties,14% Casualties,14% Casualties,15% Casualties,6% Casualties,8% Casualties,9% Casualties,10% Casualties,11% Casualties,13% Casualties,13% Casualties,14% Casualties,15% Casualties,6% Casualties,7% Casualties,8% Casualties,10% Casualties,11% Casualties,11% Casualties,12% Casualties,13% Casualties,14% Casualties,6% Casualties,7% Casualties,8% Casualties,10% Casualties,10% Casualties,11% Casualties,12% Casualties,13% Casualties,14% Casualties,6% Casualties,7% Casualties,8% Casualties,10% Casualties,11% Casualties,12% Casualties,12% Casualties,13% Casualties,14% Casualties,7% Casualties,8% Casualties,9% Casualties,10% Casualties,11% Casualties,12% Casualties,13% Casualties,14% Casualties,15% Casualties,6% Casualties,8% Casualties,9% Casualties,10% Casualties,11% Casualties,13% Casualties,13% Casualties,14% Casualties,15% Casualties,6% Casualties,8% Casualties,9% Casualties,10% Casualties,11% Casualties,12% Casualties,13% Casualties,14% Casualties,15% Casualties
110 CV // 30 RT,1% Casualties,1% Casualties,1% Casualties,2% Casualties,2% Casualties,2% Casualties,3% Casualties,3% Casualties,3% Casualties,1% Casualties,2% Casualties,2% Casualties,3% Casualties,3% Casualties,4% Casualties,4% Casualties,4% Casualties,5% Casualties,2% Casualties,2% Casualties,3% Casualties,3% Casualties,4% Casualties,4% Casualties,5% Casualties,5% Casualties,6% Casualties,3% Casualties,3% Casualties,4% Casualties,4% Casualties,5% Casualties,6% Casualties,6% Casualties,7% Casualties,7% Casualties,4% Casualties,4% Casualties,5% Casualties,6% Casualties,6% Casualties,7% Casualties,8% Casualties,9% Casualties,9% Casualties,4% Casualties,5% Casualties,5% Casualties,6% Casualties,7% Casualties,8% Casualties,9% Casualties,10% Casualties,10% Casualties,4% Casualties,5% Casualties,6% Casualties,7% Casualties,8% Casualties,9% Casualties,10% Casualties,11% Casualties,12% Casualties,5% Casualties,6% Casualties,7% Casualties,8% Casualties,9% Casualties,10% Casualties,11% Casualties,12% Casualties,13% Casualties,5% Casualties,6% Casualties,7% Casualties,8% Casualties,9% Casualties,10% Casualties,11% Casualties,12% Casualties,13% Casualties,5% Casualties,7% Casualties,8% Casualties,9% Casualties,10% Casualties,11% Casualties,12% Casualties,13% Casualties,14% Casualties,5% Casualties,7% Casualties,8% Casualties,9% Casualties,10% Casualties,11% Casualties,12% Casualties,13% Casualties,14% Casualties,6% Casualties,7% Casualties,9% Casualties,10% Casualties,11% Casualties,13% Casualties,14% Casualties,15% Casualties,16% Casualties,6% Casualties,7% Casualties,9% Casualties,10% Casualties,11% Casualties,12% Casualties,14% Casualties,14% Casualties,15% Casualties,6% Casualties,7% Casualties,9% Casualties,10% Casualties,11% Casualties,13% Casualties,14% Casualties,14% Casualties,15% Casualties,7% Casualties,8% Casualties,10% Casualties,11% Casualties,13% Casualties,14% Casualties,15% Casualties,16% Casualties,17% Casualties,7% Casualties,8% Casualties,10% Casualties,11% Casualties,12% Casualties,14% Casualties,15% Casualties,16% Casualties,17% Casualties,7% Casualties,8% Casualties,10% Casualties,11% Casualties,13% Casualties,14% Casualties,15% Casualties,16% Casualties,17% Casualties,7% Casualties,8% Casualties,10% Casualties,11% Casualties,12% Casualties,14% Casualties,15% Casualties,16% Casualties,17% Casualties,7% Casualties,8% Casualties,10% Casualties,11% Casualties,12% Casualties,14% Casualties,15% Casualties,16% Casualties,17% Casualties,7% Casualties,8% Casualties,9% Casualties,11% Casualties,12% Casualties,13% Casualties,14% Casualties,15% Casualties,16% Casualties,7% Casualties,8% Casualties,9% Casualties,11% Casualties,12% Casualties,13% Casualties,14% Casualties,15% Casualties,16% Casualties,6% Casualties,8% Casualties,9% Casualties,11% Casualties,12% Casualties,13% Casualties,14% Casualties,15% Casualties,16% Casualties,7% Casualties,9% Casualties,10% Casualties,11% Casualties,13% Casualties,14% Casualties,15% Casualties,16% Casualties,17% Casualties,7% Casualties,9% Casualties,10% Casualties,12% Casualties,13% Casualties,14% Casualties,15% Casualties,16% Casualties,17% Casualties,7% Casualties,9% Casualties,10% Casualties,12% Casualties,13% Casualties,14% Casualties,15% Casualties,16% Casualties,17% Casualties
110 CV // 20 RT,1% Casualties,1% Casualties,1% Casualties,2% Casualties,2% Casualties,2% Casualties,3% Casualties,3% Casualties,3% Casualties,1% Casualties,2% Casualties,2% Casualties,3% Casualties,3% Casualties,4% Casualties,4% Casualties,4% Casualties,5% Casualties,2% Casualties,2% Casualties,3% Casualties,3% Casualties,4% Casualties,5% Casualties,5% Casualties,5% Casualties,6% Casualties,3% Casualties,3% Casualties,4% Casualties,5% Casualties,5% Casualties,6% Casualties,7% Casualties,7% Casualties,8% Casualties,3% Casualties,4% Casualties,5% Casualties,6% Casualties,7% Casualties,8% Casualties,8% Casualties,9% Casualties,10% Casualties,4% Casualties,5% Casualties,6% Casualties,7% Casualties,8% Casualties,9% Casualties,10% Casualties,11% Casualties,11% Casualties,5% Casualties,6% Casualties,7% Casualties,8% Casualties,9% Casualties,10% Casualties,11% Casualties,12% Casualties,13% Casualties,5% Casualties,6% Casualties,7% Casualties,9% Casualties,10% Casualties,11% Casualties,12% Casualties,13% Casualties,14% Casualties,5% Casualties,6% Casualties,8% Casualties,9% Casualties,10% Casualties,11% Casualties,12% Casualties,13% Casualties,14% Casualties,6% Casualties,7% Casualties,8% Casualties,10% Casualties,11% Casualties,12% Casualties,14% Casualties,15% Casualties,16% Casualties,5% Casualties,7% Casualties,8% Casualties,10% Casualties,11% Casualties,12% Casualties,14% Casualties,15% Casualties,16% Casualties,6% Casualties,8% Casualties,9% Casualties,11% Casualties,12% Casualties,14% Casualties,15% Casualties,17% Casualties,18% Casualties,6% Casualties,8% Casualties,9% Casualties,11% Casualties,13% Casualties,14% Casualties,15% Casualties,17% Casualties,18% Casualties,6% Casualties,8% Casualties,10% Casualties,11% Casualties,13% Casualties,14% Casualties,15% Casualties,16% Casualties,18% Casualties,7% Casualties,9% Casualties,11% Casualties,12% Casualties,14% Casualties,15% Casualties,17% Casualties,18% Casualties,19% Casualties,7% Casualties,9% Casualties,11% Casualties,12% Casualties,14% Casualties,15% Casualties,17% Casualties,18% Casualties,20% Casualties,7% Casualties,9% Casualties,11% Casualties,12% Casualties,14% Casualties,16% Casualties,17% Casualties,18% Casualties,19% Casualties,7% Casualties,9% Casualties,11% Casualties,12% Casualties,14% Casualties,15% Casualties,17% Casualties,18% Casualties,19% Casualties,7% Casualties,9% Casualties,11% Casualties,12% Casualties,14% Casualties,15% Casualties,17% Casualties,18% Casualties,19% Casualties,7% Casualties,9% Casualties,10% Casualties,12% Casualties,14% Casualties,15% Casualties,16% Casualties,18% Casualties,19% Casualties,7% Casualties,8% Casualties,10% Casualties,12% Casualties,13% Casualties,15% Casualties,16% Casualties,17% Casualties,19% Casualties,7% Casualties,9% Casualties,10% Casualties,12% Casualties,14% Casualties,15% Casualties,16% Casualties,18% Casualties,18% Casualties,8% Casualties,9% Casualties,11% Casualties,13% Casualties,15% Casualties,16% Casualties,18% Casualties,19% Casualties,20% Casualties,8% Casualties,9% Casualties,11% Casualties,13% Casualties,15% Casualties,17% Casualties,18% Casualties,19% Casualties,20% Casualties,8% Casualties,9% Casualties,11% Casualties,13% Casualties,15% Casualties,16% Casualties,18% Casualties,19% Casualties,21% Casualties
110 CV // 10 RT,1% Casualties,1% Casualties,1% Casualties,2% Casualties,2% Casualties,2% Casualties,3% Casualties,3% Casualties,3% Casualties,1% Casualties,2% Casualties,2% Casualties,3% Casualties,3% Casualties,4% Casualties,4% Casualties,5% Casualties,5% Casualties,2% Casualties,2% Casualties,3% Casualties,4% Casualties,4% Casualties,5% Casualties,5% Casualties,6% Casualties,6% Casualties,3% Casualties,3% Casualties,4% Casualties,5% Casualties,5% Casualties,6% Casualties,7% Casualties,8% Casualties,8% Casualties,4% Casualties,4% Casualties,5% Casualties,6% Casualties,7% Casualties,8% Casualties,9% Casualties,10% Casualties,11% Casualties,4% Casualties,5% Casualties,6% Casualties,7% Casualties,8% Casualties,9% Casualties,11% Casualties,11% Casualties,13% Casualties,5% Casualties,6% Casualties,7% Casualties,8% Casualties,10% Casualties,11% Casualties,12% Casualties,13% Casualties,14% Casualties,5% Casualties,7% Casualties,8% Casualties,9% Casualties,11% Casualties,12% Casualties,14% Casualties,15% Casualties,16% Casualties,5% Casualties,7% Casualties,8% Casualties,9% Casualties,11% Casualties,12% Casualties,13% Casualties,15% Casualties,16% Casualties,6% Casualties,7% Casualties,9% Casualties,11% Casualties,12% Casualties,14% Casualties,15% Casualties,17% Casualties,18% Casualties,6% Casualties,7% Casualties,9% Casualties,11% Casualties,12% Casualties,14% Casualties,15% Casualties,17% Casualties,18% Casualties,7% Casualties,9% Casualties,10% Casualties,12% Casualties,14% Casualties,16% Casualties,17% Casualties,19% Casualties,20% Casualties,7% Casualties,9% Casualties,10% Casualties,12% Casualties,14% Casualties,16% Casualties,17% Casualties,19% Casualties,20% Casualties,7% Casualties,9% Casualties,10% Casualties,12% Casualties,14% Casualties,16% Casualties,17% Casualties,19% Casualties,20% Casualties,8% Casualties,10% Casualties,12% Casualties,14% Casualties,16% Casualties,17% Casualties,19% Casualties,21% Casualties,23% Casualties,8% Casualties,9% Casualties,11% Casualties,14% Casualties,16% Casualties,18% Casualties,19% Casualties,21% Casualties,23% Casualties,8% Casualties,10% Casualties,12% Casualties,14% Casualties,16% Casualties,18% Casualties,19% Casualties,21% Casualties,23% Casualties,8% Casualties,10% Casualties,12% Casualties,14% Casualties,16% Casualties,17% Casualties,20% Casualties,21% Casualties,23% Casualties,8% Casualties,10% Casualties,12% Casualties,14% Casualties,16% Casualties,18% Casualties,19% Casualties,21% Casualties,23% Casualties,8% Casualties,10% Casualties,11% Casualties,14% Casualties,15% Casualties,17% Casualties,19% Casualties,20% Casualties,23% Casualties,8% Casualties,9% Casualties,11% Casualties,14% Casualties,15% Casualties,17% Casualties,19% Casualties,21% Casualties,22% Casualties,8% Casualties,10% Casualties,11% Casualties,13% Casualties,15% Casualties,17% Casualties,19% Casualties,21% Casualties,22% Casualties,9% Casualties,11% Casualties,13% Casualties,15% Casualties,17% Casualties,19% Casualties,21% Casualties,23% Casualties,24% Casualties,8% Casualties,10% Casualties,13% Casualties,15% Casualties,17% Casualties,19% Casualties,21% Casualties,23% Casualties,25% Casualties,9% Casualties,11% Casualties,13% Casualties,15% Casualties,17% Casualties,19% Casualties,21% Casualties,23% Casualties,24% Casualties
110 CV // 0 RT,1% Casualties,1% Casualties,1% Casualties,2% Casualties,2% Casualties,2% Casualties,3% Casualties,3% Casualties,3% Casualties,1% Casualties,2% Casualties,2% Casualties,3% Casualties,3% Casualties,4% Casualties,4% Casualties,5% Casualties,5% Casualties,2% Casualties,2% Casualties,3% Casualties,4% Casualties,4% Casualties,5% Casualties,6% Casualties,6% Casualties,7% Casualties,3% Casualties,4% Casualties,4% Casualties,5% Casualties,6% Casualties,7% Casualties,8% Casualties,8% Casualties,9% Casualties,4% Casualties,5% Casualties,6% Casualties,7% Casualties,8% Casualties,9% Casualties,10% Casualties,11% Casualties,13% Casualties,4% Casualties,6% Casualties,6% Casualties,8% Casualties,9% Casualties,10% Casualties,12% Casualties,13% Casualties,14% Casualties,5% Casualties,6% Casualties,8% Casualties,9% Casualties,10% Casualties,12% Casualties,14% Casualties,15% Casualties,16% Casualties,6% Casualties,7% Casualties,9% Casualties,10% Casualties,12% Casualties,14% Casualties,15% Casualties,17% Casualties,19% Casualties,6% Casualties,7% Casualties,9% Casualties,10% Casualties,12% Casualties,14% Casualties,16% Casualties,17% Casualties,19% Casualties,7% Casualties,8% Casualties,10% Casualties,12% Casualties,14% Casualties,16% Casualties,18% Casualties,20% Casualties,21% Casualties,6% Casualties,8% Casualties,10% Casualties,12% Casualties,14% Casualties,16% Casualties,17% Casualties,19% Casualties,21% Casualties,7% Casualties,9% Casualties,11% Casualties,14% Casualties,16% Casualties,17% Casualties,20% Casualties,22% Casualties,24% Casualties,7% Casualties,9% Casualties,11% Casualties,14% Casualties,16% Casualties,18% Casualties,20% Casualties,22% Casualties,24% Casualties,7% Casualties,9% Casualties,11% Casualties,14% Casualties,16% Casualties,18% Casualties,20% Casualties,22% Casualties,24% Casualties,8% Casualties,11% Casualties,13% Casualties,16% Casualties,18% Casualties,20% Casualties,23% Casualties,24% Casualties,27% Casualties,8% Casualties,10% Casualties,13% Casualties,15% Casualties,18% Casualties,20% Casualties,23% Casualties,24% Casualties,27% Casualties,8% Casualties,11% Casualties,13% Casualties,16% Casualties,18% Casualties,20% Casualties,23% Casualties,24% Casualties,27% Casualties,9% Casualties,11% Casualties,13% Casualties,16% Casualties,18% Casualties,20% Casualties,22% Casualties,24% Casualties,26% Casualties,8% Casualties,11% Casualties,13% Casualties,16% Casualties,18% Casualties,20% Casualties,22% Casualties,24% Casualties,26% Casualties,8% Casualties,11% Casualties,13% Casualties,15% Casualties,18% Casualties,20% Casualties,23% Casualties,25% Casualties,27% Casualties,8% Casualties,11% Casualties,13% Casualties,15% Casualties,18% Casualties,20% Casualties,22% Casualties,24% Casualties,27% Casualties,8% Casualties,11% Casualties,13% Casualties,15% Casualties,18% Casualties,20% Casualties,22% Casualties,24% Casualties,26% Casualties,9% Casualties,12% Casualties,15% Casualties,17% Casualties,20% Casualties,22% Casualties,25% Casualties,27% Casualties,29% Casualties,9% Casualties,12% Casualties,15% Casualties,17% Casualties,20% Casualties,23% Casualties,25% Casualties,27% Casualties,29% Casualties,9% Casualties,12% Casualties,15% Casualties,17% Casualties,20% Casualties,22% Casualties,25% Casualties,27% Casualties,29% Casualties
115 CV // 80 RT,1% Casualties,1% Casualties,2% Casualties,2% Casualties,2% Casualties,2% Casualties,3% Casualties,3% Casualties,3% Casualties,2% Casualties,2% Casualties,2% Casualties,3% Casualties,3% Casualties,3% Casualties,4% Casualties,4% Casualties,4% Casualties,2% Casualties,2% Casualties,3% Casualties,3% Casualties,4% Casualties,4% Casualties,4% Casualties,5% Casualties,5% Casualties,3% Casualties,3% Casualties,4% Casualties,4% Casualties,4% Casualties,5% Casualties,5% Casualties,5% Casualties,6% Casualties,3% Casualties,4% Casualties,4% Casualties,5% Casualties,5% Casualties,5% Casualties,6% Casualties,6% Casualties,6% Casualties,4% Casualties,4% Casualties,5% Casualties,6% Casualties,6% Casualties,6% Casualties,7% Casualties,7% Casualties,7% Casualties,4% Casualties,5% Casualties,6% Casualties,6% Casualties,7% Casualties,7% Casualties,7% Casualties,8% Casualties,8% Casualties,5% Casualties,5% Casualties,6% Casualties,7% Casualties,7% Casualties,8% Casualties,8% Casualties,8% Casualties,9% Casualties,5% Casualties,5% Casualties,6% Casualties,7% Casualties,7% Casualties,8% Casualties,8% Casualties,8% Casualties,9% Casualties,5% Casualties,6% Casualties,7% Casualties,7% Casualties,8% Casualties,8% Casualties,9% Casualties,9% Casualties,9% Casualties,5% Casualties,6% Casualties,7% Casualties,7% Casualties,8% Casualties,8% Casualties,9% Casualties,9% Casualties,9% Casualties,6% Casualties,6% Casualties,7% Casualties,8% Casualties,8% Casualties,9% Casualties,9% Casualties,10% Casualties,10% Casualties,6% Casualties,6% Casualties,7% Casualties,8% Casualties,8% Casualties,9% Casualties,9% Casualties,10% Casualties,10% Casualties,6% Casualties,6% Casualties,7% Casualties,8% Casualties,8% Casualties,9% Casualties,9% Casualties,10% Casualties,10% Casualties,6% Casualties,6% Casualties,7% Casualties,8% Casualties,8% Casualties,9% Casualties,9% Casualties,10% Casualties,10% Casualties,6% Casualties,7% Casualties,8% Casualties,8% Casualties,9% Casualties,10% Casualties,10% Casualties,10% Casualties,11% Casualties,6% Casualties,7% Casualties,8% Casualties,8% Casualties,9% Casualties,9% Casualties,10% Casualties,10% Casualties,11% Casualties,6% Casualties,7% Casualties,8% Casualties,8% Casualties,9% Casualties,9% Casualties,10% Casualties,10% Casualties,11% Casualties,6% Casualties,7% Casualties,8% Casualties,9% Casualties,9% Casualties,10% Casualties,10% Casualties,10% Casualties,11% Casualties,5% Casualties,6% Casualties,6% Casualties,7% Casualties,8% Casualties,8% Casualties,8% Casualties,9% Casualties,9% Casualties,5% Casualties,6% Casualties,7% Casualties,7% Casualties,8% Casualties,8% Casualties,8% Casualties,9% Casualties,9% Casualties,5% Casualties,6% Casualties,6% Casualties,7% Casualties,7% Casualties,8% Casualties,8% Casualties,9% Casualties,9% Casualties,5% Casualties,6% Casualties,7% Casualties,7% Casualties,8% Casualties,8% Casualties,8% Casualties,9% Casualties,9% Casualties,5% Casualties,6% Casualties,7% Casualties,7% Casualties,8% Casualties,8% Casualties,9% Casualties,9% Casualties,9% Casualties,5% Casualties,6% Casualties,7% Casualties,7% Casualties,8% Casualties,8% Casualties,9% Casualties,9% Casualties,9% Casualties
115 CV // 70 RT,1% Casualties,1% Casualties,1% Casualties,2% Casualties,2% Casualties,2% Casualties,3% Casualties,3% Casualties,3% Casualties,2% Casualties,2% Casualties,2% Casualties,3% Casualties,3% Casualties,3% Casualties,4% Casualties,4% Casualties,4% Casualties,2% Casualties,2% Casualties,3% Casualties,3% Casualties,4% Casualties,4% Casualties,4% Casualties,5% Casualties,5% Casualties,3% Casualties,3% Casualties,4% Casualties,4% Casualties,4% Casualties,5% Casualties,5% Casualties,6% Casualties,6% Casualties,3% Casualties,4% Casualties,4% Casualties,5% Casualties,5% Casualties,5% Casualties,6% Casualties,6% Casualties,7% Casualties,4% Casualties,4% Casualties,5% Casualties,6% Casualties,6% Casualties,7% Casualties,7% Casualties,8% Casualties,8% Casualties,4% Casualties,5% Casualties,6% Casualties,6% Casualties,7% Casualties,7% Casualties,8% Casualties,8% Casualties,9% Casualties,5% Casualties,5% Casualties,6% Casualties,7% Casualties,7% Casualties,8% Casualties,9% Casualties,9% Casualties,9% Casualties,5% Casualties,5% Casualties,6% Casualties,7% Casualties,8% Casualties,8% Casualties,9% Casualties,9% Casualties,9% Casualties,5% Casualties,6% Casualties,7% Casualties,8% Casualties,8% Casualties,9% Casualties,9% Casualties,10% Casualties,10% Casualties,5% Casualties,6% Casualties,7% Casualties,7% Casualties,8% Casualties,9% Casualties,9% Casualties,10% Casualties,10% Casualties,5% Casualties,6% Casualties,7% Casualties,8% Casualties,9% Casualties,9% Casualties,10% Casualties,10% Casualties,11% Casualties,6% Casualties,6% Casualties,7% Casualties,8% Casualties,9% Casualties,9% Casualties,10% Casualties,10% Casualties,11% Casualties,6% Casualties,6% Casualties,7% Casualties,8% Casualties,9% Casualties,9% Casualties,10% Casualties,10% Casualties,11% Casualties,5% Casualties,7% Casualties,7% Casualties,8% Casualties,9% Casualties,9% Casualties,10% Casualties,10% Casualties,11% Casualties,6% Casualties,7% Casualties,8% Casualties,9% Casualties,10% Casualties,10% Casualties,11% Casualties,11% Casualties,12% Casualties,6% Casualties,7% Casualties,8% Casualties,9% Casualties,9% Casualties,10% Casualties,11% Casualties,11% Casualties,12% Casualties,6% Casualties,7% Casualties,8% Casualties,9% Casualties,9% Casualties,10% Casualties,11% Casualties,11% Casualties,12% Casualties,6% Casualties,7% Casualties,8% Casualties,9% Casualties,10% Casualties,10% Casualties,11% Casualties,11% Casualties,12% Casualties,5% Casualties,6% Casualties,7% Casualties,8% Casualties,8% Casualties,9% Casualties,9% Casualties,10% Casualties,10% Casualties,5% Casualties,6% Casualties,7% Casualties,8% Casualties,8% Casualties,9% Casualties,9% Casualties,10% Casualties,10% Casualties,5% Casualties,6% Casualties,7% Casualties,8% Casualties,8% Casualties,9% Casualties,9% Casualties,10% Casualties,10% Casualties,5% Casualties,6% Casualties,7% Casualties,8% Casualties,8% Casualties,9% Casualties,9% Casualties,9% Casualties,10% Casualties,6% Casualties,6% Casualties,7% Casualties,8% Casualties,9% Casualties,9% Casualties,10% Casualties,10% Casualties,10% Casualties,5% Casualties,6% Casualties,7% Casualties,8% Casualties,9% Casualties,9% Casualties,10% Casualties,10% Casualties,10% Casualties
115 CV // 60 RT,1% Casualties,1% Casualties,1% Casualties,2% Casualties,2% Casualties,2% Casualties,3% Casualties,3% Casualties,3% Casualties,1% Casualties,2% Casualties,2% Casualties,3% Casualties,3% Casualties,3% Casualties,4% Casualties,4% Casualties,4% Casualties,2% Casualties,2% Casualties,3% Casualties,3% Casualties,4% Casualties,4% Casualties,5% Casualties,5% Casualties,5% Casualties,3% Casualties,3% Casualties,4% Casualties,4% Casualties,5% Casualties,5% Casualties,5% Casualties,6% Casualties,6% Casualties,3% Casualties,4% Casualties,4% Casualties,5% Casualties,5% Casualties,6% Casualties,6% Casualties,7% Casualties,7% Casualties,4% Casualties,4% Casualties,5% Casualties,6% Casualties,6% Casualties,7% Casualties,8% Casualties,8% Casualties,8% Casualties,4% Casualties,5% Casualties,6% Casualties,6% Casualties,7% Casualties,8% Casualties,8% Casualties,9% Casualties,9% Casualties,5% Casualties,6% Casualties,6% Casualties,7% Casualties,8% Casualties,8% Casualties,9% Casualties,10% Casualties,10% Casualties,5% Casualties,6% Casualties,6% Casualties,7% Casualties,8% Casualties,8% Casualties,9% Casualties,10% Casualties,10% Casualties,5% Casualties,6% Casualties,7% Casualties,8% Casualties,8% Casualties,9% Casualties,10% Casualties,10% Casualties,11% Casualties,5% Casualties,6% Casualties,7% Casualties,8% Casualties,8% Casualties,9% Casualties,10% Casualties,10% Casualties,11% Casualties,6% Casualties,6% Casualties,7% Casualties,9% Casualties,9% Casualties,10% Casualties,11% Casualties,11% Casualties,12% Casualties,5% Casualties,6% Casualties,7% Casualties,8% Casualties,9% Casualties,10% Casualties,11% Casualties,11% Casualties,12% Casualties,5% Casualties,6% Casualties,7% Casualties,8% Casualties,9% Casualties,10% Casualties,11% Casualties,11% Casualties,12% Casualties,6% Casualties,7% Casualties,7% Casualties,8% Casualties,9% Casualties,10% Casualties,11% Casualties,11% Casualties,12% Casualties,6% Casualties,7% Casualties,8% Casualties,9% Casualties,10% Casualties,11% Casualties,11% Casualties,12% Casualties,13% Casualties,6% Casualties,7% Casualties,8% Casualties,9% Casualties,10% Casualties,11% Casualties,12% Casualties,12% Casualties,13% Casualties,6% Casualties,7% Casualties,8% Casualties,9% Casualties,10% Casualties,11% Casualties,11% Casualties,12% Casualties,13% Casualties,6% Casualties,7% Casualties,8% Casualties,9% Casualties,10% Casualties,11% Casualties,11% Casualties,12% Casualties,13% Casualties,6% Casualties,6% Casualties,7% Casualties,8% Casualties,9% Casualties,10% Casualties,10% Casualties,11% Casualties,11% Casualties,5% Casualties,6% Casualties,7% Casualties,8% Casualties,9% Casualties,9% Casualties,10% Casualties,11% Casualties,11% Casualties,5% Casualties,6% Casualties,7% Casualties,8% Casualties,9% Casualties,10% Casualties,10% Casualties,10% Casualties,11% Casualties,5% Casualties,6% Casualties,7% Casualties,8% Casualties,9% Casualties,10% Casualties,10% Casualties,10% Casualties,11% Casualties,6% Casualties,7% Casualties,8% Casualties,9% Casualties,9% Casualties,10% Casualties,11% Casualties,11% Casualties,11% Casualties,6% Casualties,7% Casualties,8% Casualties,9% Casualties,9% Casualties,10% Casualties,11% Casualties,11% Casualties,11% Casualties
115 CV // 50 RT,1% Casualties,1% Casualties,1% Casualties,2% Casualties,2% Casualties,2% Casualties,2% Casualties,3% Casualties,3% Casualties,1% Casualties,2% Casualties,2% Casualties,3% Casualties,3% Casualties,3% Casualties,4% Casualties,4% Casualties,4% Casualties,2% Casualties,2% Casualties,3% Casualties,3% Casualties,4% Casualties,4% Casualties,5% Casualties,5% Casualties,5% Casualties,3% Casualties,3% Casualties,4% Casualties,4% Casualties,5% Casualties,5% Casualties,6% Casualties,6% Casualties,7% Casualties,3% Casualties,4% Casualties,4% Casualties,5% Casualties,5% Casualties,6% Casualties,6% Casualties,7% Casualties,7% Casualties,4% Casualties,5% Casualties,5% Casualties,6% Casualties,7% Casualties,7% Casualties,8% Casualties,8% Casualties,9% Casualties,4% Casualties,5% Casualties,6% Casualties,7% Casualties,7% Casualties,8% Casualties,9% Casualties,9% Casualties,10% Casualties,5% Casualties,5% Casualties,6% Casualties,7% Casualties,8% Casualties,9% Casualties,10% Casualties,10% Casualties,11% Casualties,5% Casualties,6% Casualties,6% Casualties,7% Casualties,8% Casualties,9% Casualties,10% Casualties,10% Casualties,11% Casualties,5% Casualties,6% Casualties,7% Casualties,8% Casualties,9% Casualties,10% Casualties,10% Casualties,11% Casualties,12% Casualties,5% Casualties,6% Casualties,7% Casualties,8% Casualties,9% Casualties,10% Casualties,10% Casualties,11% Casualties,12% Casualties,6% Casualties,7% Casualties,8% Casualties,9% Casualties,10% Casualties,11% Casualties,11% Casualties,12% Casualties,13% Casualties,6% Casualties,7% Casualties,8% Casualties,9% Casualties,10% Casualties,11% Casualties,11% Casualties,12% Casualties,13% Casualties,6% Casualties,7% Casualties,8% Casualties,9% Casualties,10% Casualties,11% Casualties,11% Casualties,12% Casualties,13% Casualties,6% Casualties,7% Casualties,8% Casualties,9% Casualties,10% Casualties,10% Casualties,11% Casualties,12% Casualties,12% Casualties,6% Casualties,7% Casualties,9% Casualties,10% Casualties,11% Casualties,12% Casualties,12% Casualties,13% Casualties,14% Casualties,6% Casualties,7% Casualties,9% Casualties,10% Casualties,11% Casualties,12% Casualties,12% Casualties,13% Casualties,14% Casualties,6% Casualties,7% Casualties,9% Casualties,10% Casualties,11% Casualties,11% Casualties,12% Casualties,13% Casualties,14% Casualties,6% Casualties,8% Casualties,9% Casualties,10% Casualties,11% Casualties,12% Casualties,12% Casualties,13% Casualties,14% Casualties,6% Casualties,7% Casualties,8% Casualties,9% Casualties,10% Casualties,10% Casualties,11% Casualties,12% Casualties,12% Casualties,6% Casualties,7% Casualties,8% Casualties,9% Casualties,10% Casualties,10% Casualties,11% Casualties,12% Casualties,12% Casualties,6% Casualties,7% Casualties,8% Casualties,9% Casualties,10% Casualties,10% Casualties,11% Casualties,12% Casualties,12% Casualties,6% Casualties,7% Casualties,8% Casualties,9% Casualties,10% Casualties,10% Casualties,11% Casualties,12% Casualties,12% Casualties,6% Casualties,7% Casualties,8% Casualties,9% Casualties,10% Casualties,11% Casualties,12% Casualties,12% Casualties,13% Casualties,6% Casualties,7% Casualties,8% Casualties,9% Casualties,10% Casualties,11% Casualties,12% Casualties,12% Casualties,13% Casualties
115 CV // 40 RT,1% Casualties,1% Casualties,1% Casualties,2% Casualties,2% Casualties,2% Casualties,2% Casualties,3% Casualties,3% Casualties,1% Casualties,2% Casualties,2% Casualties,3% Casualties,3% Casualties,3% Casualties,4% Casualties,4% Casualties,4% Casualties,2% Casualties,2% Casualties,3% Casualties,3% Casualties,4% Casualties,4% Casualties,5% Casualties,5% Casualties,5% Casualties,3% Casualties,3% Casualties,4% Casualties,4% Casualties,5% Casualties,5% Casualties,6% Casualties,6% Casualties,7% Casualties,3% Casualties,4% Casualties,4% Casualties,5% Casualties,5% Casualties,6% Casualties,7% Casualties,7% Casualties,8% Casualties,4% Casualties,5% Casualties,5% Casualties,6% Casualties,7% Casualties,8% Casualties,8% Casualties,9% Casualties,10% Casualties,4% Casualties,5% Casualties,6% Casualties,7% Casualties,8% Casualties,9% Casualties,9% Casualties,10% Casualties,11% Casualties,5% Casualties,6% Casualties,7% Casualties,8% Casualties,9% Casualties,9% Casualties,10% Casualties,11% Casualties,12% Casualties,5% Casualties,6% Casualties,7% Casualties,8% Casualties,9% Casualties,9% Casualties,10% Casualties,11% Casualties,12% Casualties,5% Casualties,6% Casualties,7% Casualties,8% Casualties,9% Casualties,10% Casualties,11% Casualties,12% Casualties,13% Casualties,5% Casualties,6% Casualties,7% Casualties,9% Casualties,10% Casualties,10% Casualties,11% Casualties,12% Casualties,13% Casualties,6% Casualties,7% Casualties,8% Casualties,9% Casualties,10% Casualties,11% Casualties,12% Casualties,13% Casualties,14% Casualties,6% Casualties,7% Casualties,8% Casualties,9% Casualties,10% Casualties,11% Casualties,12% Casualties,13% Casualties,14% Casualties,6% Casualties,7% Casualties,8% Casualties,9% Casualties,10% Casualties,11% Casualties,12% Casualties,13% Casualties,14% Casualties,6% Casualties,7% Casualties,8% Casualties,9% Casualties,10% Casualties,11% Casualties,12% Casualties,13% Casualties,14% Casualties,6% Casualties,8% Casualties,9% Casualties,10% Casualties,11% Casualties,13% Casualties,13% Casualties,14% Casualties,15% Casualties,6% Casualties,8% Casualties,9% Casualties,10% Casualties,11% Casualties,12% Casualties,13% Casualties,14% Casualties,15% Casualties,6% Casualties,8% Casualties,9% Casualties,10% Casualties,12% Casualties,13% Casualties,13% Casualties,14% Casualties,15% Casualties,7% Casualties,8% Casualties,9% Casualties,10% Casualties,12% Casualties,13% Casualties,13% Casualties,14% Casualties,15% Casualties,6% Casualties,7% Casualties,9% Casualties,9% Casualties,11% Casualties,12% Casualties,12% Casualties,13% Casualties,14% Casualties,6% Casualties,7% Casualties,8% Casualties,9% Casualties,11% Casualties,11% Casualties,12% Casualties,13% Casualties,14% Casualties,6% Casualties,7% Casualties,8% Casualties,10% Casualties,11% Casualties,12% Casualties,12% Casualties,13% Casualties,14% Casualties,6% Casualties,7% Casualties,8% Casualties,9% Casualties,10% Casualties,11% Casualties,12% Casualties,13% Casualties,14% Casualties,6% Casualties,8% Casualties,9% Casualties,10% Casualties,11% Casualties,12% Casualties,13% Casualties,14% Casualties,15% Casualties,6% Casualties,8% Casualties,9% Casualties,10% Casualties,11% Casualties,12% Casualties,13% Casualties,14% Casualties,15% Casualties
115 CV // 30 RT,1% Casualties,1% Casualties,1% Casualties,2% Casualties,2% Casualties,2% Casualties,2% Casualties,3% Casualties,3% Casualties,1% Casualties,2% Casualties,2% Casualties,3% Casualties,3% Casualties,3% Casualties,4% Casualties,4% Casualties,4% Casualties,2% Casualties,2% Casualties,3% Casualties,3% Casualties,4% Casualties,4% Casualties,5% Casualties,5% Casualties,6% Casualties,3% Casualties,3% Casualties,4% Casualties,4% Casualties,5% Casualties,6% Casualties,6% Casualties,7% Casualties,7% Casualties,3% Casualties,4% Casualties,4% Casualties,5% Casualties,6% Casualties,6% Casualties,7% Casualties,8% Casualties,8% Casualties,4% Casualties,5% Casualties,6% Casualties,6% Casualties,7% Casualties,8% Casualties,9% Casualties,10% Casualties,10% Casualties,4% Casualties,5% Casualties,6% Casualties,7% Casualties,8% Casualties,9% Casualties,10% Casualties,11% Casualties,11% Casualties,5% Casualties,6% Casualties,7% Casualties,8% Casualties,9% Casualties,10% Casualties,11% Casualties,12% Casualties,13% Casualties,5% Casualties,6% Casualties,7% Casualties,8% Casualties,9% Casualties,10% Casualties,11% Casualties,12% Casualties,13% Casualties,5% Casualties,7% Casualties,8% Casualties,9% Casualties,10% Casualties,11% Casualties,12% Casualties,13% Casualties,14% Casualties,5% Casualties,7% Casualties,8% Casualties,9% Casualties,10% Casualties,11% Casualties,12% Casualties,13% Casualties,14% Casualties,6% Casualties,7% Casualties,9% Casualties,10% Casualties,11% Casualties,12% Casualties,14% Casualties,15% Casualties,16% Casualties,6% Casualties,7% Casualties,9% Casualties,10% Casualties,11% Casualties,12% Casualties,14% Casualties,15% Casualties,15% Casualties,6% Casualties,7% Casualties,9% Casualties,10% Casualties,11% Casualties,12% Casualties,13% Casualties,15% Casualties,16% Casualties,6% Casualties,7% Casualties,9% Casualties,10% Casualties,11% Casualties,12% Casualties,13% Casualties,14% Casualties,15% Casualties,7% Casualties,8% Casualties,10% Casualties,11% Casualties,13% Casualties,14% Casualties,15% Casualties,16% Casualties,17% Casualties,7% Casualties,8% Casualties,10% Casualties,11% Casualties,12% Casualties,14% Casualties,15% Casualties,16% Casualties,17% Casualties,7% Casualties,8% Casualties,10% Casualties,11% Casualties,13% Casualties,14% Casualties,15% Casualties,16% Casualties,17% Casualties,7% Casualties,8% Casualties,10% Casualties,11% Casualties,12% Casualties,14% Casualties,15% Casualties,16% Casualties,17% Casualties,6% Casualties,8% Casualties,9% Casualties,10% Casualties,12% Casualties,13% Casualties,14% Casualties,15% Casualties,16% Casualties,7% Casualties,8% Casualties,9% Casualties,11% Casualties,12% Casualties,13% Casualties,14% Casualties,15% Casualties,16% Casualties,7% Casualties,8% Casualties,9% Casualties,11% Casualties,12% Casualties,13% Casualties,14% Casualties,15% Casualties,16% Casualties,7% Casualties,8% Casualties,9% Casualties,11% Casualties,12% Casualties,13% Casualties,14% Casualties,15% Casualties,16% Casualties,7% Casualties,8% Casualties,10% Casualties,12% Casualties,13% Casualties,14% Casualties,15% Casualties,16% Casualties,17% Casualties,7% Casualties,9% Casualties,10% Casualties,12% Casualties,13% Casualties,14% Casualties,15% Casualties,16% Casualties,17% Casualties
115 CV // 20 RT,1% Casualties,1% Casualties,1% Casualties,2% Casualties,2% Casualties,2% Casualties,2% Casualties,3% Casualties,3% Casualties,1% Casualties,2% Casualties,2% Casualties,3% Casualties,3% Casualties,3% Casualties,4% Casualties,4% Casualties,4% Casualties,2% Casualties,2% Casualties,3% Casualties,3% Casualties,4% Casualties,5% Casualties,5% Casualties,5% Casualties,6% Casualties,3% Casualties,3% Casualties,4% Casualties,5% Casualties,5% Casualties,6% Casualties,6% Casualties,7% Casualties,8% Casualties,3% Casualties,4% Casualties,5% Casualties,5% Casualties,6% Casualties,7% Casualties,7% Casualties,8% Casualties,9% Casualties,4% Casualties,5% Casualties,6% Casualties,7% Casualties,8% Casualties,9% Casualties,10% Casualties,11% Casualties,11% Casualties,4% Casualties,6% Casualties,7% Casualties,8% Casualties,9% Casualties,10% Casualties,11% Casualties,12% Casualties,13% Casualties,5% Casualties,6% Casualties,8% Casualties,9% Casualties,10% Casualties,11% Casualties,12% Casualties,13% Casualties,14% Casualties,5% Casualties,6% Casualties,8% Casualties,9% Casualties,10% Casualties,11% Casualties,12% Casualties,13% Casualties,14% Casualties,6% Casualties,7% Casualties,8% Casualties,10% Casualties,11% Casualties,13% Casualties,14% Casualties,15% Casualties,16% Casualties,6% Casualties,7% Casualties,8% Casualties,10% Casualties,11% Casualties,13% Casualties,14% Casualties,15% Casualties,16% Casualties,6% Casualties,8% Casualties,9% Casualties,11% Casualties,12% Casualties,14% Casualties,15% Casualties,17% Casualties,18% Casualties,6% Casualties,8% Casualties,10% Casualties,11% Casualties,12% Casualties,14% Casualties,15% Casualties,16% Casualties,18% Casualties,6% Casualties,8% Casualties,9% Casualties,11% Casualties,12% Casualties,14% Casualties,15% Casualties,17% Casualties,18% Casualties,6% Casualties,8% Casualties,10% Casualties,11% Casualties,12% Casualties,14% Casualties,15% Casualties,16% Casualties,18% Casualties,7% Casualties,9% Casualties,11% Casualties,12% Casualties,14% Casualties,16% Casualties,17% Casualties,18% Casualties,20% Casualties,7% Casualties,9% Casualties,11% Casualties,12% Casualties,14% Casualties,15% Casualties,17% Casualties,18% Casualties,19% Casualties,7% Casualties,9% Casualties,11% Casualties,12% Casualties,14% Casualties,15% Casualties,17% Casualties,18% Casualties,20% Casualties,7% Casualties,9% Casualties,10% Casualties,12% Casualties,14% Casualties,15% Casualties,17% Casualties,18% Casualties,20% Casualties,7% Casualties,8% Casualties,10% Casualties,12% Casualties,13% Casualties,15% Casualties,16% Casualties,17% Casualties,18% Casualties,7% Casualties,9% Casualties,10% Casualties,12% Casualties,13% Casualties,15% Casualties,16% Casualties,18% Casualties,18% Casualties,7% Casualties,9% Casualties,10% Casualties,12% Casualties,13% Casualties,15% Casualties,16% Casualties,17% Casualties,19% Casualties,7% Casualties,8% Casualties,10% Casualties,12% Casualties,13% Casualties,15% Casualties,16% Casualties,18% Casualties,19% Casualties,8% Casualties,9% Casualties,11% Casualties,13% Casualties,15% Casualties,16% Casualties,18% Casualties,19% Casualties,20% Casualties,8% Casualties,9% Casualties,11% Casualties,13% Casualties,15% Casualties,16% Casualties,18% Casualties,19% Casualties,20% Casualties
115 CV // 10 RT,1% Casualties,1% Casualties,1% Casualties,2% Casualties,2% Casualties,2% Casualties,2% Casualties,3% Casualties,3% Casualties,1% Casualties,2% Casualties,2% Casualties,3% Casualties,3% Casualties,4% Casualties,4% Casualties,4% Casualties,5% Casualties,2% Casualties,2% Casualties,3% Casualties,4% Casualties,4% Casualties,5% Casualties,5% Casualties,6% Casualties,6% Casualties,3% Casualties,3% Casualties,4% Casualties,5% Casualties,5% Casualties,6% Casualties,7% Casualties,8% Casualties,8% Casualties,3% Casualties,4% Casualties,5% Casualties,6% Casualties,6% Casualties,7% Casualties,8% Casualties,9% Casualties,10% Casualties,4% Casualties,5% Casualties,6% Casualties,7% Casualties,8% Casualties,9% Casualties,11% Casualties,12% Casualties,13% Casualties,5% Casualties,6% Casualties,7% Casualties,8% Casualties,10% Casualties,11% Casualties,12% Casualties,13% Casualties,14% Casualties,5% Casualties,7% Casualties,8% Casualties,10% Casualties,11% Casualties,13% Casualties,14% Casualties,15% Casualties,16% Casualties,5% Casualties,7% Casualties,8% Casualties,10% Casualties,11% Casualties,12% Casualties,14% Casualties,15% Casualties,16% Casualties,6% Casualties,7% Casualties,9% Casualties,11% Casualties,12% Casualties,14% Casualties,16% Casualties,17% Casualties,19% Casualties,6% Casualties,7% Casualties,9% Casualties,11% Casualties,12% Casualties,14% Casualties,16% Casualties,17% Casualties,18% Casualties,7% Casualties,9% Casualties,10% Casualties,12% Casualties,14% Casualties,16% Casualties,17% Casualties,19% Casualties,21% Casualties,7% Casualties,9% Casualties,10% Casualties,12% Casualties,14% Casualties,16% Casualties,17% Casualties,19% Casualties,21% Casualties,7% Casualties,9% Casualties,10% Casualties,12% Casualties,14% Casualties,16% Casualties,17% Casualties,19% Casualties,20% Casualties,7% Casualties,9% Casualties,10% Casualties,12% Casualties,14% Casualties,16% Casualties,17% Casualties,19% Casualties,20% Casualties,8% Casualties,10% Casualties,12% Casualties,14% Casualties,16% Casualties,18% Casualties,19% Casualties,21% Casualties,22% Casualties,8% Casualties,10% Casualties,12% Casualties,14% Casualties,16% Casualties,18% Casualties,19% Casualties,21% Casualties,23% Casualties,8% Casualties,10% Casualties,12% Casualties,14% Casualties,16% Casualties,18% Casualties,19% Casualties,21% Casualties,23% Casualties,8% Casualties,10% Casualties,12% Casualties,14% Casualties,16% Casualties,18% Casualties,19% Casualties,21% Casualties,22% Casualties,8% Casualties,10% Casualties,12% Casualties,14% Casualties,15% Casualties,17% Casualties,19% Casualties,20% Casualties,22% Casualties,8% Casualties,10% Casualties,11% Casualties,14% Casualties,15% Casualties,17% Casualties,19% Casualties,21% Casualties,22% Casualties,8% Casualties,10% Casualties,12% Casualties,14% Casualties,16% Casualties,17% Casualties,19% Casualties,21% Casualties,22% Casualties,8% Casualties,10% Casualties,12% Casualties,14% Casualties,15% Casualties,17% Casualties,19% Casualties,21% Casualties,22% Casualties,9% Casualties,11% Casualties,13% Casualties,15% Casualties,17% Casualties,19% Casualties,21% Casualties,22% Casualties,25% Casualties,8% Casualties,11% Casualties,13% Casualties,15% Casualties,17% Casualties,19% Casualties,21% Casualties,23% Casualties,24% Casualties
115 CV // 0 RT,1% Casualties,1% Casualties,1% Casualties,2% Casualties,2% Casualties,2% Casualties,2% Casualties,3% Casualties,3% Casualties,1% Casualties,2% Casualties,2% Casualties,3% Casualties,3% Casualties,4% Casualties,4% Casualties,4% Casualties,5% Casualties,2% Casualties,2% Casualties,3% Casualties,4% Casualties,4% Casualties,5% Casualties,6% Casualties,6% Casualties,7% Casualties,3% Casualties,4% Casualties,4% Casualties,5% Casualties,6% Casualties,7% Casualties,8% Casualties,8% Casualties,9% Casualties,3% Casualties,4% Casualties,5% Casualties,6% Casualties,7% Casualties,8% Casualties,9% Casualties,10% Casualties,11% Casualties,4% Casualties,5% Casualties,7% Casualties,8% Casualties,9% Casualties,10% Casualties,12% Casualties,13% Casualties,14% Casualties,5% Casualties,6% Casualties,7% Casualties,9% Casualties,11% Casualties,12% Casualties,14% Casualties,15% Casualties,16% Casualties,6% Casualties,7% Casualties,9% Casualties,10% Casualties,12% Casualties,14% Casualties,15% Casualties,17% Casualties,19% Casualties,6% Casualties,7% Casualties,9% Casualties,10% Casualties,12% Casualties,14% Casualties,15% Casualties,17% Casualties,19% Casualties,6% Casualties,8% Casualties,10% Casualties,12% Casualties,14% Casualties,15% Casualties,18% Casualties,20% Casualties,21% Casualties,6% Casualties,8% Casualties,10% Casualties,12% Casualties,14% Casualties,16% Casualties,18% Casualties,20% Casualties,21% Casualties,7% Casualties,9% Casualties,12% Casualties,14% Casualties,16% Casualties,18% Casualties,20% Casualties,22% Casualties,24% Casualties,7% Casualties,9% Casualties,11% Casualties,14% Casualties,16% Casualties,18% Casualties,20% Casualties,22% Casualties,24% Casualties,7% Casualties,9% Casualties,11% Casualties,14% Casualties,16% Casualties,18% Casualties,20% Casualties,22% Casualties,24% Casualties,7% Casualties,9% Casualties,11% Casualties,14% Casualties,16% Casualties,18% Casualties,20% Casualties,22% Casualties,24% Casualties,8% Casualties,11% Casualties,13% Casualties,15% Casualties,18% Casualties,20% Casualties,22% Casualties,25% Casualties,27% Casualties,8% Casualties,11% Casualties,13% Casualties,15% Casualties,18% Casualties,20% Casualties,22% Casualties,25% Casualties,27% Casualties,8% Casualties,11% Casualties,13% Casualties,15% Casualties,18% Casualties,20% Casualties,22% Casualties,24% Casualties,27% Casualties,8% Casualties,11% Casualties,13% Casualties,15% Casualties,18% Casualties,20% Casualties,23% Casualties,24% Casualties,26% Casualties,8% Casualties,11% Casualties,13% Casualties,15% Casualties,18% Casualties,20% Casualties,22% Casualties,24% Casualties,27% Casualties,9% Casualties,11% Casualties,13% Casualties,15% Casualties,18% Casualties,20% Casualties,23% Casualties,24% Casualties,26% Casualties,8% Casualties,10% Casualties,13% Casualties,15% Casualties,18% Casualties,20% Casualties,22% Casualties,25% Casualties,27% Casualties,8% Casualties,10% Casualties,13% Casualties,15% Casualties,17% Casualties,20% Casualties,22% Casualties,25% Casualties,27% Casualties,9% Casualties,12% Casualties,15% Casualties,17% Casualties,20% Casualties,23% Casualties,25% Casualties,27% Casualties,29% Casualties,9% Casualties,12% Casualties,15% Casualties,17% Casualties,20% Casualties,22% Casualties,25% Casualties,27% Casualties,30% Casualties
120 CV // 80 RT,1% Casualties,1% Casualties,1% Casualties,2% Casualties,2% Casualties,2% Casualties,3% Casualties,3% Casualties,3% Casualties,2% Casualties,2% Casualties,2% Casualties,3% Casualties,3% Casualties,3% Casualties,4% Casualties,4% Casualties,4% Casualties,2% Casualties,2% Casualties,3% Casualties,3% Casualties,4% Casualties,4% Casualties,4% Casualties,5% Casualties,5% Casualties,2% Casualties,3% Casualties,3% Casualties,4% Casualties,4% Casualties,4% Casualties,5% Casualties,5% Casualties,5% Casualties,3% Casualties,4% Casualties,4% Casualties,4% Casualties,5% Casualties,5% Casualties,6% Casualties,6% Casualties,6% Casualties,4% Casualties,4% Casualties,5% Casualties,5% Casualties,5% Casualties,6% Casualties,6% Casualties,7% Casualties,7% Casualties,4% Casualties,5% Casualties,6% Casualties,6% Casualties,7% Casualties,7% Casualties,7% Casualties,8% Casualties,8% Casualties,4% Casualties,5% Casualties,6% Casualties,6% Casualties,7% Casualties,7% Casualties,8% Casualties,8% Casualties,8% Casualties,5% Casualties,5% Casualties,6% Casualties,7% Casualties,7% Casualties,8% Casualties,8% Casualties,8% Casualties,9% Casualties,5% Casualties,6% Casualties,7% Casualties,7% Casualties,8% Casualties,8% Casualties,9% Casualties,9% Casualties,9% Casualties,5% Casualties,6% Casualties,7% Casualties,7% Casualties,8% Casualties,8% Casualties,9% Casualties,9% Casualties,9% Casualties,5% Casualties,6% Casualties,7% Casualties,7% Casualties,8% Casualties,8% Casualties,9% Casualties,9% Casualties,9% Casualties,6% Casualties,6% Casualties,7% Casualties,8% Casualties,8% Casualties,9% Casualties,9% Casualties,10% Casualties,10% Casualties,6% Casualties,6% Casualties,7% Casualties,8% Casualties,8% Casualties,9% Casualties,9% Casualties,10% Casualties,10% Casualties,6% Casualties,6% Casualties,7% Casualties,8% Casualties,8% Casualties,9% Casualties,9% Casualties,10% Casualties,10% Casualties,6% Casualties,7% Casualties,7% Casualties,8% Casualties,8% Casualties,9% Casualties,9% Casualties,10% Casualties,10% Casualties,6% Casualties,7% Casualties,8% Casualties,8% Casualties,9% Casualties,10% Casualties,10% Casualties,10% Casualties,11% Casualties,6% Casualties,7% Casualties,8% Casualties,8% Casualties,9% Casualties,10% Casualties,10% Casualties,10% Casualties,11% Casualties,6% Casualties,7% Casualties,8% Casualties,8% Casualties,9% Casualties,10% Casualties,10% Casualties,10% Casualties,11% Casualties,5% Casualties,6% Casualties,6% Casualties,7% Casualties,8% Casualties,8% Casualties,8% Casualties,9% Casualties,9% Casualties,5% Casualties,6% Casualties,6% Casualties,7% Casualties,8% Casualties,8% Casualties,8% Casualties,9% Casualties,9% Casualties,5% Casualties,6% Casualties,6% Casualties,7% Casualties,8% Casualties,8% Casualties,8% Casualties,9% Casualties,9% Casualties,5% Casualties,6% Casualties,6% Casualties,7% Casualties,8% Casualties,8% Casualties,8% Casualties,9% Casualties,9% Casualties,5% Casualties,6% Casualties,7% Casualties,7% Casualties,8% Casualties,8% Casualties,8% Casualties,9% Casualties,9% Casualties,5% Casualties,6% Casualties,7% Casualties,7% Casualties,8% Casualties,8% Casualties,9% Casualties,9% Casualties,9% Casualties
120 CV // 70 RT,1% Casualties,1% Casualties,1% Casualties,2% Casualties,2% Casualties,2% Casualties,2% Casualties,3% Casualties,3% Casualties,1% Casualties,2% Casualties,2% Casualties,3% Casualties,3% Casualties,3% Casualties,4% Casualties,4% Casualties,4% Casualties,2% Casualties,2% Casualties,3% Casualties,3% Casualties,4% Casualties,4% Casualties,4% Casualties,5% Casualties,5% Casualties,2% Casualties,3% Casualties,3% Casualties,4% Casualties,4% Casualties,4% Casualties,5% Casualties,5% Casualties,5% Casualties,3% Casualties,4% Casualties,4% Casualties,5% Casualties,5% Casualties,5% Casualties,6% Casualties,6% Casualties,7% Casualties,3% Casualties,4% Casualties,5% Casualties,5% Casualties,6% Casualties,6% Casualties,7% Casualties,7% Casualties,7% Casualties,4% Casualties,5% Casualties,6% Casualties,6% Casualties,7% Casualties,7% Casualties,8% Casualties,8% Casualties,9% Casualties,4% Casualties,5% Casualties,6% Casualties,6% Casualties,7% Casualties,7% Casualties,8% Casualties,8% Casualties,9% Casualties,5% Casualties,5% Casualties,6% Casualties,7% Casualties,7% Casualties,8% Casualties,9% Casualties,9% Casualties,9% Casualties,5% Casualties,6% Casualties,7% Casualties,7% Casualties,8% Casualties,9% Casualties,9% Casualties,10% Casualties,10% Casualties,5% Casualties,6% Casualties,7% Casualties,7% Casualties,8% Casualties,9% Casualties,9% Casualties,10% Casualties,10% Casualties,5% Casualties,6% Casualties,7% Casualties,8% Casualties,8% Casualties,9% Casualties,9% Casualties,10% Casualties,10% Casualties,6% Casualties,6% Casualties,7% Casualties,8% Casualties,9% Casualties,9% Casualties,10% Casualties,10% Casualties,11% Casualties,6% Casualties,6% Casualties,7% Casualties,8% Casualties,9% Casualties,9% Casualties,10% Casualties,10% Casualties,11% Casualties,6% Casualties,6% Casualties,7% Casualties,8% Casualties,9% Casualties,9% Casualties,10% Casualties,10% Casualties,11% Casualties,6% Casualties,6% Casualties,7% Casualties,8% Casualties,9% Casualties,9% Casualties,10% Casualties,10% Casualties,11% Casualties,6% Casualties,7% Casualties,8% Casualties,9% Casualties,10% Casualties,10% Casualties,11% Casualties,11% Casualties,12% Casualties,6% Casualties,7% Casualties,8% Casualties,9% Casualties,10% Casualties,10% Casualties,11% Casualties,11% Casualties,12% Casualties,6% Casualties,7% Casualties,8% Casualties,9% Casualties,10% Casualties,10% Casualties,11% Casualties,11% Casualties,11% Casualties,5% Casualties,6% Casualties,7% Casualties,8% Casualties,8% Casualties,9% Casualties,9% Casualties,10% Casualties,10% Casualties,5% Casualties,6% Casualties,7% Casualties,8% Casualties,8% Casualties,9% Casualties,9% Casualties,10% Casualties,10% Casualties,5% Casualties,6% Casualties,7% Casualties,8% Casualties,8% Casualties,9% Casualties,9% Casualties,9% Casualties,10% Casualties,5% Casualties,6% Casualties,7% Casualties,8% Casualties,8% Casualties,9% Casualties,9% Casualties,10% Casualties,10% Casualties,5% Casualties,6% Casualties,7% Casualties,8% Casualties,8% Casualties,9% Casualties,9% Casualties,10% Casualties,10% Casualties,6% Casualties,6% Casualties,7% Casualties,8% Casualties,9% Casualties,9% Casualties,9% Casualties,10% Casualties,10% Casualties
120 CV // 60 RT,1% Casualties,1% Casualties,1% Casualties,2% Casualties,2% Casualties,2% Casualties,2% Casualties,3% Casualties,3% Casualties,1% Casualties,2% Casualties,2% Casualties,3% Casualties,3% Casualties,3% Casualties,4% Casualties,4% Casualties,4% Casualties,2% Casualties,2% Casualties,3% Casualties,3% Casualties,4% Casualties,4% Casualties,4% Casualties,5% Casualties,5% Casualties,2% Casualties,3% Casualties,3% Casualties,4% Casualties,4% Casualties,4% Casualties,5% Casualties,5% Casualties,5% Casualties,3% Casualties,4% Casualties,4% Casualties,5% Casualties,5% Casualties,6% Casualties,6% Casualties,7% Casualties,7% Casualties,3% Casualties,4% Casualties,5% Casualties,5% Casualties,6% Casualties,6% Casualties,7% Casualties,7% Casualties,8% Casualties,4% Casualties,5% Casualties,6% Casualties,6% Casualties,7% Casualties,8% Casualties,8% Casualties,9% Casualties,9% Casualties,4% Casualties,5% Casualties,6% Casualties,6% Casualties,7% Casualties,8% Casualties,8% Casualties,9% Casualties,9% Casualties,5% Casualties,6% Casualties,6% Casualties,7% Casualties,8% Casualties,8% Casualties,9% Casualties,10% Casualties,10% Casualties,5% Casualties,6% Casualties,7% Casualties,8% Casualties,8% Casualties,9% Casualties,10% Casualties,10% Casualties,11% Casualties,5% Casualties,6% Casualties,7% Casualties,8% Casualties,9% Casualties,9% Casualties,10% Casualties,10% Casualties,11% Casualties,5% Casualties,6% Casualties,7% Casualties,8% Casualties,8% Casualties,9% Casualties,10% Casualties,10% Casualties,11% Casualties,5% Casualties,7% Casualties,7% Casualties,8% Casualties,9% Casualties,10% Casualties,11% Casualties,11% Casualties,12% Casualties,6% Casualties,6% Casualties,8% Casualties,8% Casualties,9% Casualties,10% Casualties,11% Casualties,11% Casualties,12% Casualties,6% Casualties,7% Casualties,8% Casualties,8% Casualties,9% Casualties,10% Casualties,11% Casualties,11% Casualties,12% Casualties,5% Casualties,7% Casualties,7% Casualties,8% Casualties,9% Casualties,10% Casualties,11% Casualties,11% Casualties,12% Casualties,6% Casualties,7% Casualties,8% Casualties,9% Casualties,10% Casualties,11% Casualties,12% Casualties,12% Casualties,13% Casualties,6% Casualties,7% Casualties,8% Casualties,9% Casualties,10% Casualties,11% Casualties,11% Casualties,12% Casualties,13% Casualties,6% Casualties,7% Casualties,8% Casualties,9% Casualties,10% Casualties,11% Casualties,11% Casualties,12% Casualties,13% Casualties,6% Casualties,6% Casualties,7% Casualties,8% Casualties,9% Casualties,10% Casualties,10% Casualties,11% Casualties,11% Casualties,6% Casualties,6% Casualties,7% Casualties,8% Casualties,9% Casualties,9% Casualties,10% Casualties,10% Casualties,11% Casualties,5% Casualties,6% Casualties,7% Casualties,8% Casualties,9% Casualties,10% Casualties,10% Casualties,11% Casualties,11% Casualties,5% Casualties,6% Casualties,7% Casualties,8% Casualties,9% Casualties,10% Casualties,10% Casualties,11% Casualties,11% Casualties,5% Casualties,6% Casualties,7% Casualties,8% Casualties,9% Casualties,10% Casualties,10% Casualties,11% Casualties,11% Casualties,6% Casualties,7% Casualties,8% Casualties,9% Casualties,9% Casualties,10% Casualties,11% Casualties,11% Casualties,12% Casualties
120 CV // 50 RT,1% Casualties,1% Casualties,1% Casualties,2% Casualties,2% Casualties,2% Casualties,2% Casualties,3% Casualties,3% Casualties,1% Casualties,2% Casualties,2% Casualties,2% Casualties,3% Casualties,3% Casualties,4% Casualties,4% Casualties,4% Casualties,2% Casualties,2% Casualties,3% Casualties,3% Casualties,4% Casualties,4% Casualties,4% Casualties,5% Casualties,5% Casualties,2% Casualties,3% Casualties,3% Casualties,4% Casualties,4% Casualties,5% Casualties,5% Casualties,5% Casualties,6% Casualties,3% Casualties,4% Casualties,4% Casualties,5% Casualties,5% Casualties,6% Casualties,6% Casualties,7% Casualties,7% Casualties,3% Casualties,4% Casualties,5% Casualties,5% Casualties,6% Casualties,7% Casualties,7% Casualties,8% Casualties,8% Casualties,4% Casualties,5% Casualties,6% Casualties,7% Casualties,7% Casualties,8% Casualties,9% Casualties,9% Casualties,10% Casualties,4% Casualties,5% Casualties,6% Casualties,7% Casualties,7% Casualties,8% Casualties,9% Casualties,9% Casualties,10% Casualties,5% Casualties,6% Casualties,6% Casualties,7% Casualties,8% Casualties,9% Casualties,10% Casualties,10% Casualties,11% Casualties,5% Casualties,6% Casualties,7% Casualties,8% Casualties,9% Casualties,10% Casualties,10% Casualties,11% Casualties,12% Casualties,5% Casualties,6% Casualties,7% Casualties,8% Casualties,9% Casualties,10% Casualties,10% Casualties,11% Casualties,12% Casualties,5% Casualties,6% Casualties,7% Casualties,8% Casualties,9% Casualties,10% Casualties,10% Casualties,11% Casualties,12% Casualties,6% Casualties,7% Casualties,8% Casualties,9% Casualties,10% Casualties,10% Casualties,11% Casualties,12% Casualties,13% Casualties,6% Casualties,7% Casualties,8% Casualties,9% Casualties,10% Casualties,11% Casualties,11% Casualties,12% Casualties,13% Casualties,6% Casualties,7% Casualties,8% Casualties,9% Casualties,10% Casualties,11% Casualties,11% Casualties,12% Casualties,13% Casualties,6% Casualties,7% Casualties,8% Casualties,9% Casualties,10% Casualties,11% Casualties,11% Casualties,12% Casualties,13% Casualties,6% Casualties,7% Casualties,9% Casualties,10% Casualties,11% Casualties,12% Casualties,12% Casualties,13% Casualties,14% Casualties,6% Casualties,7% Casualties,8% Casualties,10% Casualties,11% Casualties,12% Casualties,12% Casualties,13% Casualties,14% Casualties,6% Casualties,7% Casualties,9% Casualties,10% Casualties,11% Casualties,12% Casualties,12% Casualties,13% Casualties,14% Casualties,6% Casualties,7% Casualties,8% Casualties,9% Casualties,10% Casualties,10% Casualties,11% Casualties,12% Casualties,12% Casualties,6% Casualties,7% Casualties,8% Casualties,9% Casualties,10% Casualties,10% Casualties,11% Casualties,12% Casualties,12% Casualties,6% Casualties,7% Casualties,8% Casualties,9% Casualties,10% Casualties,10% Casualties,11% Casualties,12% Casualties,12% Casualties,6% Casualties,7% Casualties,8% Casualties,9% Casualties,10% Casualties,10% Casualties,11% Casualties,12% Casualties,12% Casualties,6% Casualties,7% Casualties,8% Casualties,9% Casualties,10% Casualties,10% Casualties,11% Casualties,12% Casualties,12% Casualties,6% Casualties,7% Casualties,8% Casualties,9% Casualties,10% Casualties,11% Casualties,12% Casualties,12% Casualties,13% Casualties
120 CV // 40 RT,1% Casualties,1% Casualties,1% Casualties,2% Casualties,2% Casualties,2% Casualties,2% Casualties,3% Casualties,3% Casualties,1% Casualties,2% Casualties,2% Casualties,2% Casualties,3% Casualties,3% Casualties,4% Casualties,4% Casualties,4% Casualties,2% Casualties,2% Casualties,3% Casualties,3% Casualties,4% Casualties,4% Casualties,5% Casualties,5% Casualties,5% Casualties,2% Casualties,3% Casualties,3% Casualties,4% Casualties,4% Casualties,5% Casualties,5% Casualties,6% Casualties,6% Casualties,3% Casualties,4% Casualties,4% Casualties,5% Casualties,5% Casualties,6% Casualties,7% Casualties,7% Casualties,8% Casualties,3% Casualties,4% Casualties,5% Casualties,5% Casualties,6% Casualties,7% Casualties,7% Casualties,8% Casualties,9% Casualties,4% Casualties,5% Casualties,6% Casualties,7% Casualties,8% Casualties,8% Casualties,9% Casualties,10% Casualties,11% Casualties,4% Casualties,5% Casualties,6% Casualties,7% Casualties,8% Casualties,9% Casualties,9% Casualties,10% Casualties,11% Casualties,5% Casualties,6% Casualties,7% Casualties,8% Casualties,9% Casualties,9% Casualties,10% Casualties,11% Casualties,12% Casualties,5% Casualties,6% Casualties,7% Casualties,8% Casualties,9% Casualties,10% Casualties,11% Casualties,12% Casualties,13% Casualties,5% Casualties,6% Casualties,7% Casualties,8% Casualties,9% Casualties,10% Casualties,11% Casualties,12% Casualties,13% Casualties,5% Casualties,6% Casualties,7% Casualties,8% Casualties,9% Casualties,10% Casualties,11% Casualties,12% Casualties,13% Casualties,6% Casualties,7% Casualties,8% Casualties,9% Casualties,10% Casualties,11% Casualties,12% Casualties,13% Casualties,14% Casualties,6% Casualties,7% Casualties,8% Casualties,9% Casualties,10% Casualties,11% Casualties,12% Casualties,13% Casualties,14% Casualties,6% Casualties,7% Casualties,8% Casualties,9% Casualties,10% Casualties,11% Casualties,12% Casualties,13% Casualties,14% Casualties,6% Casualties,7% Casualties,8% Casualties,9% Casualties,10% Casualties,11% Casualties,12% Casualties,13% Casualties,14% Casualties,6% Casualties,8% Casualties,9% Casualties,10% Casualties,11% Casualties,12% Casualties,13% Casualties,14% Casualties,15% Casualties,6% Casualties,8% Casualties,9% Casualties,10% Casualties,11% Casualties,13% Casualties,13% Casualties,14% Casualties,15% Casualties,7% Casualties,8% Casualties,9% Casualties,10% Casualties,11% Casualties,13% Casualties,13% Casualties,14% Casualties,15% Casualties,6% Casualties,7% Casualties,8% Casualties,10% Casualties,11% Casualties,12% Casualties,12% Casualties,13% Casualties,14% Casualties,6% Casualties,7% Casualties,8% Casualties,9% Casualties,11% Casualties,12% Casualties,12% Casualties,13% Casualties,14% Casualties,6% Casualties,7% Casualties,8% Casualties,9% Casualties,11% Casualties,11% Casualties,12% Casualties,13% Casualties,14% Casualties,6% Casualties,7% Casualties,8% Casualties,9% Casualties,11% Casualties,12% Casualties,12% Casualties,13% Casualties,14% Casualties,6% Casualties,7% Casualties,8% Casualties,10% Casualties,11% Casualties,12% Casualties,12% Casualties,13% Casualties,14% Casualties,6% Casualties,8% Casualties,9% Casualties,10% Casualties,11% Casualties,12% Casualties,13% Casualties,14% Casualties,15% Casualties
120 CV // 30 RT,1% Casualties,1% Casualties,1% Casualties,2% Casualties,2% Casualties,2% Casualties,2% Casualties,3% Casualties,3% Casualties,1% Casualties,2% Casualties,2% Casualties,2% Casualties,3% Casualties,3% Casualties,4% Casualties,4% Casualties,4% Casualties,2% Casualties,2% Casualties,3% Casualties,3% Casualties,4% Casualties,4% Casualties,5% Casualties,5% Casualties,5% Casualties,2% Casualties,3% Casualties,3% Casualties,4% Casualties,4% Casualties,5% Casualties,5% Casualties,6% Casualties,6% Casualties,3% Casualties,4% Casualties,4% Casualties,5% Casualties,6% Casualties,6% Casualties,7% Casualties,8% Casualties,8% Casualties,3% Casualties,4% Casualties,5% Casualties,6% Casualties,7% Casualties,7% Casualties,8% Casualties,8% Casualties,9% Casualties,4% Casualties,5% Casualties,6% Casualties,7% Casualties,8% Casualties,9% Casualties,10% Casualties,11% Casualties,12% Casualties,4% Casualties,5% Casualties,6% Casualties,7% Casualties,8% Casualties,9% Casualties,10% Casualties,11% Casualties,12% Casualties,5% Casualties,6% Casualties,7% Casualties,8% Casualties,9% Casualties,10% Casualties,11% Casualties,12% Casualties,13% Casualties,5% Casualties,7% Casualties,8% Casualties,9% Casualties,10% Casualties,11% Casualties,12% Casualties,13% Casualties,14% Casualties,5% Casualties,7% Casualties,8% Casualties,9% Casualties,10% Casualties,11% Casualties,12% Casualties,13% Casualties,14% Casualties,5% Casualties,7% Casualties,8% Casualties,9% Casualties,10% Casualties,11% Casualties,12% Casualties,13% Casualties,14% Casualties,6% Casualties,7% Casualties,9% Casualties,10% Casualties,11% Casualties,12% Casualties,14% Casualties,15% Casualties,16% Casualties,6% Casualties,7% Casualties,9% Casualties,10% Casualties,11% Casualties,12% Casualties,13% Casualties,14% Casualties,15% Casualties,6% Casualties,7% Casualties,9% Casualties,10% Casualties,11% Casualties,12% Casualties,13% Casualties,15% Casualties,15% Casualties,6% Casualties,7% Casualties,9% Casualties,10% Casualties,11% Casualties,12% Casualties,13% Casualties,14% Casualties,15% Casualties,7% Casualties,8% Casualties,10% Casualties,11% Casualties,12% Casualties,14% Casualties,15% Casualties,16% Casualties,17% Casualties,7% Casualties,8% Casualties,10% Casualties,11% Casualties,13% Casualties,14% Casualties,15% Casualties,16% Casualties,17% Casualties,7% Casualties,8% Casualties,10% Casualties,11% Casualties,13% Casualties,14% Casualties,15% Casualties,16% Casualties,17% Casualties,6% Casualties,8% Casualties,9% Casualties,11% Casualties,12% Casualties,13% Casualties,14% Casualties,15% Casualties,16% Casualties,7% Casualties,8% Casualties,9% Casualties,10% Casualties,12% Casualties,13% Casualties,14% Casualties,15% Casualties,16% Casualties,6% Casualties,8% Casualties,9% Casualties,11% Casualties,12% Casualties,13% Casualties,14% Casualties,15% Casualties,16% Casualties,6% Casualties,8% Casualties,9% Casualties,11% Casualties,12% Casualties,13% Casualties,14% Casualties,15% Casualties,16% Casualties,6% Casualties,8% Casualties,9% Casualties,10% Casualties,12% Casualties,13% Casualties,14% Casualties,15% Casualties,16% Casualties,7% Casualties,8% Casualties,10% Casualties,12% Casualties,13% Casualties,14% Casualties,15% Casualties,16% Casualties,17% Casualties
120 CV // 20 RT,1% Casualties,1% Casualties,1% Casualties,2% Casualties,2% Casualties,2% Casualties,2% Casualties,3% Casualties,3% Casualties,1% Casualties,2% Casualties,2% Casualties,2% Casualties,3% Casualties,3% Casualties,4% Casualties,4% Casualties,4% Casualties,2% Casualties,2% Casualties,3% Casualties,3% Casualties,4% Casualties,4% Casualties,5% Casualties,5% Casualties,6% Casualties,2% Casualties,3% Casualties,3% Casualties,4% Casualties,4% Casualties,5% Casualties,6% Casualties,6% Casualties,7% Casualties,3% Casualties,4% Casualties,4% Casualties,5% Casualties,6% Casualties,7% Casualties,8% Casualties,8% Casualties,9% Casualties,4% Casualties,4% Casualties,5% Casualties,6% Casualties,7% Casualties,8% Casualties,9% Casualties,9% Casualties,10% Casualties,5% Casualties,5% Casualties,7% Casualties,8% Casualties,9% Casualties,10% Casualties,11% Casualties,12% Casualties,13% Casualties,5% Casualties,6% Casualties,7% Casualties,8% Casualties,9% Casualties,10% Casualties,11% Casualties,12% Casualties,13% Casualties,5% Casualties,6% Casualties,7% Casualties,9% Casualties,10% Casualties,11% Casualties,12% Casualties,13% Casualties,14% Casualties,6% Casualties,7% Casualties,8% Casualties,10% Casualties,11% Casualties,13% Casualties,14% Casualties,15% Casualties,16% Casualties,6% Casualties,7% Casualties,8% Casualties,10% Casualties,11% Casualties,12% Casualties,14% Casualties,15% Casualties,16% Casualties,6% Casualties,7% Casualties,8% Casualties,10% Casualties,11% Casualties,13% Casualties,14% Casualties,15% Casualties,16% Casualties,6% Casualties,8% Casualties,9% Casualties,11% Casualties,12% Casualties,14% Casualties,15% Casualties,16% Casualties,17% Casualties,6% Casualties,8% Casualties,9% Casualties,11% Casualties,12% Casualties,14% Casualties,15% Casualties,16% Casualties,18% Casualties,6% Casualties,8% Casualties,9% Casualties,11% Casualties,13% Casualties,14% Casualties,15% Casualties,16% Casualties,18% Casualties,6% Casualties,8% Casualties,10% Casualties,11% Casualties,13% Casualties,14% Casualties,15% Casualties,16% Casualties,18% Casualties,7% Casualties,9% Casualties,11% Casualties,12% Casualties,14% Casualties,15% Casualties,17% Casualties,18% Casualties,19% Casualties,7% Casualties,9% Casualties,10% Casualties,12% Casualties,14% Casualties,15% Casualties,17% Casualties,18% Casualties,19% Casualties,7% Casualties,9% Casualties,11% Casualties,12% Casualties,14% Casualties,15% Casualties,17% Casualties,18% Casualties,19% Casualties,7% Casualties,9% Casualties,10% Casualties,12% Casualties,14% Casualties,15% Casualties,16% Casualties,18% Casualties,19% Casualties,7% Casualties,9% Casualties,10% Casualties,12% Casualties,13% Casualties,15% Casualties,16% Casualties,18% Casualties,19% Casualties,7% Casualties,9% Casualties,10% Casualties,12% Casualties,13% Casualties,15% Casualties,16% Casualties,18% Casualties,19% Casualties,7% Casualties,9% Casualties,10% Casualties,12% Casualties,13% Casualties,15% Casualties,16% Casualties,18% Casualties,19% Casualties,7% Casualties,9% Casualties,10% Casualties,12% Casualties,13% Casualties,15% Casualties,16% Casualties,17% Casualties,18% Casualties,8% Casualties,9% Casualties,11% Casualties,13% Casualties,15% Casualties,16% Casualties,18% Casualties,19% Casualties,20% Casualties
120 CV // 10 RT,1% Casualties,1% Casualties,1% Casualties,2% Casualties,2% Casualties,2% Casualties,2% Casualties,3% Casualties,3% Casualties,1% Casualties,2% Casualties,2% Casualties,3% Casualties,3% Casualties,3% Casualties,4% Casualties,4% Casualties,4% Casualties,2% Casualties,2% Casualties,3% Casualties,3% Casualties,4% Casualties,4% Casualties,5% Casualties,6% Casualties,6% Casualties,2% Casualties,3% Casualties,3% Casualties,4% Casualties,5% Casualties,5% Casualties,6% Casualties,6% Casualties,7% Casualties,3% Casualties,4% Casualties,5% Casualties,5% Casualties,6% Casualties,7% Casualties,8% Casualties,9% Casualties,10% Casualties,4% Casualties,4% Casualties,5% Casualties,6% Casualties,7% Casualties,8% Casualties,9% Casualties,10% Casualties,11% Casualties,5% Casualties,6% Casualties,7% Casualties,8% Casualties,10% Casualties,11% Casualties,12% Casualties,13% Casualties,14% Casualties,5% Casualties,6% Casualties,7% Casualties,8% Casualties,10% Casualties,11% Casualties,12% Casualties,13% Casualties,15% Casualties,5% Casualties,7% Casualties,8% Casualties,10% Casualties,11% Casualties,13% Casualties,14% Casualties,15% Casualties,16% Casualties,6% Casualties,8% Casualties,9% Casualties,11% Casualties,12% Casualties,14% Casualties,15% Casualties,17% Casualties,18% Casualties,6% Casualties,8% Casualties,9% Casualties,11% Casualties,12% Casualties,14% Casualties,15% Casualties,17% Casualties,18% Casualties,6% Casualties,8% Casualties,9% Casualties,11% Casualties,12% Casualties,14% Casualties,15% Casualties,17% Casualties,19% Casualties,7% Casualties,9% Casualties,10% Casualties,12% Casualties,14% Casualties,16% Casualties,17% Casualties,19% Casualties,20% Casualties,7% Casualties,8% Casualties,11% Casualties,12% Casualties,14% Casualties,16% Casualties,17% Casualties,19% Casualties,20% Casualties,7% Casualties,8% Casualties,10% Casualties,12% Casualties,14% Casualties,16% Casualties,17% Casualties,19% Casualties,20% Casualties,7% Casualties,8% Casualties,10% Casualties,12% Casualties,14% Casualties,15% Casualties,18% Casualties,19% Casualties,21% Casualties,8% Casualties,10% Casualties,12% Casualties,14% Casualties,16% Casualties,18% Casualties,19% Casualties,21% Casualties,23% Casualties,8% Casualties,10% Casualties,12% Casualties,14% Casualties,16% Casualties,18% Casualties,19% Casualties,21% Casualties,23% Casualties,8% Casualties,10% Casualties,12% Casualties,13% Casualties,16% Casualties,18% Casualties,19% Casualties,21% Casualties,23% Casualties,8% Casualties,9% Casualties,11% Casualties,14% Casualties,15% Casualties,17% Casualties,19% Casualties,21% Casualties,22% Casualties,8% Casualties,9% Casualties,11% Casualties,14% Casualties,15% Casualties,17% Casualties,19% Casualties,21% Casualties,22% Casualties,8% Casualties,9% Casualties,12% Casualties,13% Casualties,15% Casualties,17% Casualties,19% Casualties,21% Casualties,22% Casualties,8% Casualties,9% Casualties,12% Casualties,13% Casualties,15% Casualties,17% Casualties,19% Casualties,20% Casualties,22% Casualties,8% Casualties,9% Casualties,12% Casualties,14% Casualties,15% Casualties,17% Casualties,19% Casualties,20% Casualties,22% Casualties,9% Casualties,11% Casualties,13% Casualties,15% Casualties,17% Casualties,19% Casualties,21% Casualties,23% Casualties,25% Casualties
120 CV // 0 RT,1% Casualties,1% Casualties,1% Casualties,2% Casualties,2% Casualties,2% Casualties,2% Casualties,3% Casualties,3% Casualties,1% Casualties,2% Casualties,2% Casualties,2% Casualties,3% Casualties,3% Casualties,4% Casualties,4% Casualties,5% Casualties,2% Casualties,2% Casualties,3% Casualties,3% Casualties,4% Casualties,5% Casualties,5% Casualties,6% Casualties,6% Casualties,2% Casualties,3% Casualties,3% Casualties,4% Casualties,5% Casualties,6% Casualties,6% Casualties,7% Casualties,8% Casualties,3% Casualties,4% Casualties,5% Casualties,6% Casualties,7% Casualties,8% Casualties,9% Casualties,10% Casualties,11% Casualties,4% Casualties,5% Casualties,6% Casualties,7% Casualties,8% Casualties,9% Casualties,10% Casualties,11% Casualties,13% Casualties,5% Casualties,6% Casualties,8% Casualties,9% Casualties,10% Casualties,12% Casualties,14% Casualties,15% Casualties,16% Casualties,5% Casualties,6% Casualties,8% Casualties,9% Casualties,10% Casualties,12% Casualties,14% Casualties,15% Casualties,17% Casualties,6% Casualties,7% Casualties,9% Casualties,11% Casualties,12% Casualties,14% Casualties,16% Casualties,17% Casualties,19% Casualties,7% Casualties,8% Casualties,10% Casualties,12% Casualties,14% Casualties,16% Casualties,18% Casualties,19% Casualties,21% Casualties,7% Casualties,8% Casualties,10% Casualties,12% Casualties,14% Casualties,16% Casualties,18% Casualties,19% Casualties,21% Casualties,6% Casualties,8% Casualties,10% Casualties,12% Casualties,14% Casualties,16% Casualties,18% Casualties,20% Casualties,21% Casualties,7% Casualties,9% Casualties,11% Casualties,14% Casualties,16% Casualties,18% Casualties,20% Casualties,22% Casualties,24% Casualties,7% Casualties,9% Casualties,11% Casualties,14% Casualties,16% Casualties,18% Casualties,20% Casualties,22% Casualties,24% Casualties,7% Casualties,9% Casualties,11% Casualties,14% Casualties,16% Casualties,18% Casualties,20% Casualties,22% Casualties,24% Casualties,7% Casualties,9% Casualties,11% Casualties,13% Casualties,16% Casualties,18% Casualties,20% Casualties,22% Casualties,24% Casualties,8% Casualties,11% Casualties,13% Casualties,15% Casualties,18% Casualties,20% Casualties,23% Casualties,24% Casualties,26% Casualties,8% Casualties,10% Casualties,13% Casualties,15% Casualties,18% Casualties,20% Casualties,22% Casualties,24% Casualties,26% Casualties,8% Casualties,10% Casualties,13% Casualties,15% Casualties,18% Casualties,20% Casualties,22% Casualties,24% Casualties,26% Casualties,8% Casualties,11% Casualties,13% Casualties,16% Casualties,18% Casualties,20% Casualties,22% Casualties,25% Casualties,27% Casualties,9% Casualties,11% Casualties,13% Casualties,15% Casualties,18% Casualties,20% Casualties,23% Casualties,25% Casualties,27% Casualties,8% Casualties,11% Casualties,13% Casualties,15% Casualties,18% Casualties,20% Casualties,22% Casualties,24% Casualties,27% Casualties,8% Casualties,11% Casualties,13% Casualties,15% Casualties,18% Casualties,20% Casualties,22% Casualties,24% Casualties,27% Casualties,9% Casualties,11% Casualties,13% Casualties,15% Casualties,18% Casualties,20% Casualties,22% Casualties,24% Casualties,27% Casualties,9% Casualties,12% Casualties,15% Casualties,17% Casualties,20% Casualties,23% Casualties,25% Casualties,27% Casualties,29% Casualties
125 CV // 80 RT,1% Casualties,1% Casualties,1% Casualties,2% Casualties,2% Casualties,2% Casualties,2% Casualties,3% Casualties,3% Casualties,1% Casualties,2% Casualties,2% Casualties,3% Casualties,3% Casualties,3% Casualties,4% Casualties,4% Casualties,4% Casualties,2% Casualties,2% Casualties,3% Casualties,3% Casualties,3% Casualties,4% Casualties,4% Casualties,4% Casualties,5% Casualties,2% Casualties,3% Casualties,3% Casualties,4% Casualties,4% Casualties,4% Casualties,5% Casualties,5% Casualties,5% Casualties,3% Casualties,4% Casualties,4% Casualties,5% Casualties,5% Casualties,5% Casualties,6% Casualties,6% Casualties,6% Casualties,3% Casualties,4% Casualties,5% Casualties,5% Casualties,5% Casualties,6% Casualties,6% Casualties,7% Casualties,7% Casualties,4% Casualties,4% Casualties,5% Casualties,6% Casualties,6% Casualties,6% Casualties,7% Casualties,7% Casualties,7% Casualties,4% Casualties,5% Casualties,6% Casualties,6% Casualties,7% Casualties,7% Casualties,7% Casualties,8% Casualties,8% Casualties,5% Casualties,5% Casualties,6% Casualties,7% Casualties,7% Casualties,8% Casualties,8% Casualties,8% Casualties,9% Casualties,5% Casualties,5% Casualties,6% Casualties,7% Casualties,7% Casualties,8% Casualties,8% Casualties,8% Casualties,9% Casualties,5% Casualties,6% Casualties,7% Casualties,7% Casualties,8% Casualties,8% Casualties,9% Casualties,9% Casualties,9% Casualties,5% Casualties,6% Casualties,7% Casualties,7% Casualties,8% Casualties,8% Casualties,9% Casualties,9% Casualties,9% Casualties,6% Casualties,6% Casualties,7% Casualties,8% Casualties,8% Casualties,9% Casualties,9% Casualties,10% Casualties,10% Casualties,6% Casualties,6% Casualties,7% Casualties,8% Casualties,8% Casualties,9% Casualties,9% Casualties,10% Casualties,10% Casualties,5% Casualties,6% Casualties,7% Casualties,8% Casualties,8% Casualties,9% Casualties,9% Casualties,10% Casualties,10% Casualties,6% Casualties,6% Casualties,7% Casualties,8% Casualties,8% Casualties,9% Casualties,9% Casualties,10% Casualties,10% Casualties,6% Casualties,7% Casualties,8% Casualties,8% Casualties,9% Casualties,10% Casualties,10% Casualties,10% Casualties,11% Casualties,6% Casualties,7% Casualties,8% Casualties,8% Casualties,9% Casualties,10% Casualties,10% Casualties,10% Casualties,11% Casualties,6% Casualties,7% Casualties,8% Casualties,8% Casualties,9% Casualties,10% Casualties,10% Casualties,10% Casualties,11% Casualties,5% Casualties,6% Casualties,6% Casualties,7% Casualties,8% Casualties,8% Casualties,8% Casualties,9% Casualties,9% Casualties,5% Casualties,6% Casualties,6% Casualties,7% Casualties,8% Casualties,8% Casualties,8% Casualties,9% Casualties,9% Casualties,5% Casualties,6% Casualties,6% Casualties,7% Casualties,7% Casualties,8% Casualties,8% Casualties,9% Casualties,9% Casualties,5% Casualties,6% Casualties,6% Casualties,7% Casualties,8% Casualties,8% Casualties,8% Casualties,9% Casualties,9% Casualties,5% Casualties,6% Casualties,6% Casualties,7% Casualties,8% Casualties,8% Casualties,8% Casualties,9% Casualties,9% Casualties,5% Casualties,6% Casualties,7% Casualties,7% Casualties,8% Casualties,8% Casualties,8% Casualties,9% Casualties,9% Casualties
125 CV // 70 RT,1% Casualties,1% Casualties,1% Casualties,2% Casualties,2% Casualties,2% Casualties,2% Casualties,3% Casualties,3% Casualties,1% Casualties,2% Casualties,2% Casualties,2% Casualties,3% Casualties,3% Casualties,3% Casualties,4% Casualties,4% Casualties,2% Casualties,2% Casualties,3% Casualties,3% Casualties,3% Casualties,4% Casualties,4% Casualties,4% Casualties,5% Casualties,2% Casualties,3% Casualties,3% Casualties,4% Casualties,4% Casualties,4% Casualties,5% Casualties,5% Casualties,5% Casualties,3% Casualties,4% Casualties,4% Casualties,5% Casualties,5% Casualties,5% Casualties,6% Casualties,6% Casualties,7% Casualties,3% Casualties,4% Casualties,5% Casualties,5% Casualties,6% Casualties,6% Casualties,7% Casualties,7% Casualties,7% Casualties,4% Casualties,4% Casualties,5% Casualties,6% Casualties,6% Casualties,7% Casualties,7% Casualties,8% Casualties,8% Casualties,4% Casualties,5% Casualties,6% Casualties,6% Casualties,7% Casualties,7% Casualties,8% Casualties,8% Casualties,9% Casualties,5% Casualties,5% Casualties,6% Casualties,7% Casualties,7% Casualties,8% Casualties,9% Casualties,9% Casualties,9% Casualties,5% Casualties,5% Casualties,6% Casualties,7% Casualties,8% Casualties,8% Casualties,9% Casualties,9% Casualties,9% Casualties,5% Casualties,6% Casualties,7% Casualties,7% Casualties,8% Casualties,9% Casualties,9% Casualties,10% Casualties,10% Casualties,5% Casualties,6% Casualties,7% Casualties,8% Casualties,8% Casualties,9% Casualties,9% Casualties,10% Casualties,10% Casualties,6% Casualties,6% Casualties,7% Casualties,8% Casualties,9% Casualties,9% Casualties,10% Casualties,10% Casualties,11% Casualties,5% Casualties,6% Casualties,7% Casualties,8% Casualties,9% Casualties,9% Casualties,10% Casualties,10% Casualties,11% Casualties,5% Casualties,6% Casualties,7% Casualties,8% Casualties,9% Casualties,9% Casualties,10% Casualties,10% Casualties,11% Casualties,6% Casualties,6% Casualties,7% Casualties,8% Casualties,9% Casualties,9% Casualties,10% Casualties,10% Casualties,11% Casualties,6% Casualties,7% Casualties,8% Casualties,9% Casualties,9% Casualties,10% Casualties,11% Casualties,11% Casualties,12% Casualties,6% Casualties,7% Casualties,8% Casualties,9% Casualties,10% Casualties,10% Casualties,11% Casualties,11% Casualties,12% Casualties,6% Casualties,7% Casualties,8% Casualties,9% Casualties,9% Casualties,10% Casualties,11% Casualties,11% Casualties,12% Casualties,5% Casualties,6% Casualties,7% Casualties,8% Casualties,8% Casualties,9% Casualties,9% Casualties,10% Casualties,10% Casualties,5% Casualties,6% Casualties,7% Casualties,7% Casualties,8% Casualties,9% Casualties,9% Casualties,10% Casualties,10% Casualties,5% Casualties,6% Casualties,7% Casualties,8% Casualties,8% Casualties,9% Casualties,9% Casualties,10% Casualties,10% Casualties,5% Casualties,6% Casualties,7% Casualties,8% Casualties,8% Casualties,9% Casualties,9% Casualties,10% Casualties,10% Casualties,5% Casualties,6% Casualties,7% Casualties,8% Casualties,8% Casualties,9% Casualties,9% Casualties,9% Casualties,10% Casualties,5% Casualties,6% Casualties,7% Casualties,8% Casualties,8% Casualties,9% Casualties,9% Casualties,10% Casualties,10% Casualties
125 CV // 60 RT,1% Casualties,1% Casualties,1% Casualties,2% Casualties,2% Casualties,2% Casualties,2% Casualties,3% Casualties,3% Casualties,1% Casualties,2% Casualties,2% Casualties,2% Casualties,3% Casualties,3% Casualties,3% Casualties,4% Casualties,4% Casualties,2% Casualties,2% Casualties,3% Casualties,3% Casualties,3% Casualties,4% Casualties,4% Casualties,5% Casualties,5% Casualties,2% Casualties,3% Casualties,3% Casualties,3% Casualties,4% Casualties,4% Casualties,5% Casualties,5% Casualties,6% Casualties,3% Casualties,3% Casualties,4% Casualties,5% Casualties,5% Casualties,6% Casualties,6% Casualties,7% Casualties,7% Casualties,3% Casualties,4% Casualties,5% Casualties,5% Casualties,6% Casualties,6% Casualties,7% Casualties,7% Casualties,8% Casualties,4% Casualties,4% Casualties,5% Casualties,6% Casualties,6% Casualties,7% Casualties,8% Casualties,8% Casualties,9% Casualties,4% Casualties,5% Casualties,6% Casualties,6% Casualties,7% Casualties,8% Casualties,8% Casualties,9% Casualties,9% Casualties,5% Casualties,5% Casualties,6% Casualties,7% Casualties,8% Casualties,8% Casualties,9% Casualties,10% Casualties,10% Casualties,5% Casualties,5% Casualties,6% Casualties,7% Casualties,8% Casualties,8% Casualties,9% Casualties,10% Casualties,10% Casualties,5% Casualties,6% Casualties,7% Casualties,8% Casualties,8% Casualties,9% Casualties,10% Casualties,10% Casualties,11% Casualties,5% Casualties,6% Casualties,7% Casualties,8% Casualties,8% Casualties,9% Casualties,10% Casualties,10% Casualties,11% Casualties,6% Casualties,6% Casualties,7% Casualties,8% Casualties,9% Casualties,10% Casualties,11% Casualties,11% Casualties,12% Casualties,5% Casualties,7% Casualties,7% Casualties,8% Casualties,9% Casualties,10% Casualties,11% Casualties,11% Casualties,12% Casualties,6% Casualties,7% Casualties,7% Casualties,8% Casualties,9% Casualties,10% Casualties,11% Casualties,11% Casualties,12% Casualties,5% Casualties,7% Casualties,7% Casualties,8% Casualties,9% Casualties,10% Casualties,11% Casualties,11% Casualties,12% Casualties,6% Casualties,7% Casualties,8% Casualties,9% Casualties,10% Casualties,11% Casualties,11% Casualties,12% Casualties,13% Casualties,6% Casualties,7% Casualties,8% Casualties,9% Casualties,10% Casualties,11% Casualties,12% Casualties,12% Casualties,13% Casualties,6% Casualties,7% Casualties,8% Casualties,9% Casualties,10% Casualties,11% Casualties,12% Casualties,12% Casualties,12% Casualties,5% Casualties,6% Casualties,7% Casualties,8% Casualties,9% Casualties,9% Casualties,10% Casualties,11% Casualties,11% Casualties,5% Casualties,6% Casualties,7% Casualties,8% Casualties,9% Casualties,9% Casualties,10% Casualties,11% Casualties,11% Casualties,5% Casualties,6% Casualties,7% Casualties,8% Casualties,9% Casualties,10% Casualties,10% Casualties,10% Casualties,11% Casualties,5% Casualties,6% Casualties,7% Casualties,8% Casualties,9% Casualties,10% Casualties,10% Casualties,10% Casualties,11% Casualties,6% Casualties,7% Casualties,7% Casualties,8% Casualties,9% Casualties,10% Casualties,10% Casualties,11% Casualties,11% Casualties,6% Casualties,6% Casualties,7% Casualties,8% Casualties,9% Casualties,10% Casualties,10% Casualties,11% Casualties,11% Casualties
125 CV // 50 RT,1% Casualties,1% Casualties,1% Casualties,1% Casualties,2% Casualties,2% Casualties,2% Casualties,3% Casualties,3% Casualties,1% Casualties,2% Casualties,2% Casualties,2% Casualties,3% Casualties,3% Casualties,3% Casualties,4% Casualties,4% Casualties,2% Casualties,2% Casualties,3% Casualties,3% Casualties,3% Casualties,4% Casualties,4% Casualties,5% Casualties,5% Casualties,2% Casualties,2% Casualties,3% Casualties,4% Casualties,4% Casualties,5% Casualties,5% Casualties,5% Casualties,6% Casualties,3% Casualties,4% Casualties,4% Casualties,5% Casualties,5% Casualties,6% Casualties,6% Casualties,7% Casualties,7% Casualties,3% Casualties,4% Casualties,5% Casualties,5% Casualties,6% Casualties,7% Casualties,7% Casualties,8% Casualties,8% Casualties,4% Casualties,4% Casualties,5% Casualties,6% Casualties,7% Casualties,7% Casualties,8% Casualties,9% Casualties,9% Casualties,4% Casualties,5% Casualties,6% Casualties,7% Casualties,7% Casualties,8% Casualties,9% Casualties,9% Casualties,10% Casualties,5% Casualties,5% Casualties,6% Casualties,7% Casualties,8% Casualties,9% Casualties,10% Casualties,10% Casualties,11% Casualties,5% Casualties,6% Casualties,6% Casualties,7% Casualties,8% Casualties,9% Casualties,10% Casualties,10% Casualties,11% Casualties,5% Casualties,6% Casualties,7% Casualties,8% Casualties,9% Casualties,10% Casualties,10% Casualties,11% Casualties,12% Casualties,5% Casualties,6% Casualties,7% Casualties,8% Casualties,9% Casualties,10% Casualties,10% Casualties,11% Casualties,12% Casualties,6% Casualties,7% Casualties,8% Casualties,9% Casualties,10% Casualties,11% Casualties,11% Casualties,12% Casualties,13% Casualties,6% Casualties,7% Casualties,8% Casualties,9% Casualties,10% Casualties,11% Casualties,11% Casualties,12% Casualties,13% Casualties,6% Casualties,7% Casualties,8% Casualties,9% Casualties,10% Casualties,11% Casualties,11% Casualties,12% Casualties,13% Casualties,6% Casualties,7% Casualties,8% Casualties,9% Casualties,10% Casualties,11% Casualties,11% Casualties,12% Casualties,13% Casualties,6% Casualties,7% Casualties,9% Casualties,10% Casualties,11% Casualties,11% Casualties,12% Casualties,13% Casualties,14% Casualties,6% Casualties,7% Casualties,9% Casualties,10% Casualties,11% Casualties,12% Casualties,12% Casualties,13% Casualties,14% Casualties,6% Casualties,7% Casualties,9% Casualties,10% Casualties,11% Casualties,12% Casualties,12% Casualties,13% Casualties,13% Casualties,6% Casualties,7% Casualties,8% Casualties,9% Casualties,10% Casualties,11% Casualties,11% Casualties,12% Casualties,12% Casualties,6% Casualties,7% Casualties,8% Casualties,9% Casualties,10% Casualties,10% Casualties,11% Casualties,12% Casualties,12% Casualties,6% Casualties,7% Casualties,8% Casualties,9% Casualties,10% Casualties,10% Casualties,11% Casualties,12% Casualties,12% Casualties,6% Casualties,7% Casualties,8% Casualties,9% Casualties,10% Casualties,10% Casualties,11% Casualties,12% Casualties,12% Casualties,6% Casualties,7% Casualties,8% Casualties,9% Casualties,10% Casualties,10% Casualties,11% Casualties,12% Casualties,12% Casualties,6% Casualties,7% Casualties,8% Casualties,9% Casualties,10% Casualties,10% Casualties,11% Casualties,12% Casualties,12% Casualties
125 CV // 40 RT,1% Casualties,1% Casualties,1% Casualties,1% Casualties,2% Casualties,2% Casualties,2% Casualties,3% Casualties,3% Casualties,1% Casualties,2% Casualties,2% Casualties,2% Casualties,3% Casualties,3% Casualties,3% Casualties,4% Casualties,4% Casualties,2% Casualties,2% Casualties,2% Casualties,3% Casualties,3% Casualties,4% Casualties,4% Casualties,5% Casualties,5% Casualties,2% Casualties,3% Casualties,3% Casualties,4% Casualties,4% Casualties,5% Casualties,5% Casualties,5% Casualties,6% Casualties,3% Casualties,4% Casualties,4% Casualties,5% Casualties,5% Casualties,6% Casualties,7% Casualties,7% Casualties,8% Casualties,3% Casualties,4% Casualties,5% Casualties,5% Casualties,6% Casualties,7% Casualties,7% Casualties,8% Casualties,9% Casualties,4% Casualties,5% Casualties,5% Casualties,6% Casualties,7% Casualties,8% Casualties,8% Casualties,9% Casualties,10% Casualties,4% Casualties,5% Casualties,6% Casualties,7% Casualties,8% Casualties,9% Casualties,9% Casualties,10% Casualties,11% Casualties,5% Casualties,6% Casualties,7% Casualties,8% Casualties,9% Casualties,10% Casualties,10% Casualties,11% Casualties,12% Casualties,5% Casualties,6% Casualties,7% Casualties,8% Casualties,9% Casualties,9% Casualties,10% Casualties,11% Casualties,12% Casualties,5% Casualties,6% Casualties,7% Casualties,8% Casualties,9% Casualties,11% Casualties,11% Casualties,12% Casualties,13% Casualties,5% Casualties,6% Casualties,7% Casualties,8% Casualties,10% Casualties,10% Casualties,11% Casualties,12% Casualties,13% Casualties,6% Casualties,7% Casualties,8% Casualties,9% Casualties,10% Casualties,11% Casualties,12% Casualties,13% Casualties,14% Casualties,6% Casualties,7% Casualties,8% Casualties,9% Casualties,10% Casualties,11% Casualties,12% Casualties,13% Casualties,14% Casualties,6% Casualties,7% Casualties,8% Casualties,9% Casualties,10% Casualties,11% Casualties,12% Casualties,13% Casualties,14% Casualties,6% Casualties,7% Casualties,8% Casualties,9% Casualties,10% Casualties,11% Casualties,12% Casualties,13% Casualties,14% Casualties,6% Casualties,8% Casualties,9% Casualties,10% Casualties,11% Casualties,13% Casualties,13% Casualties,14% Casualties,15% Casualties,6% Casualties,8% Casualties,9% Casualties,10% Casualties,11% Casualties,12% Casualties,14% Casualties,14% Casualties,15% Casualties,6% Casualties,8% Casualties,9% Casualties,10% Casualties,11% Casualties,12% Casualties,13% Casualties,14% Casualties,15% Casualties,6% Casualties,7% Casualties,9% Casualties,10% Casualties,10% Casualties,11% Casualties,12% Casualties,13% Casualties,14% Casualties,6% Casualties,7% Casualties,8% Casualties,9% Casualties,11% Casualties,12% Casualties,12% Casualties,13% Casualties,14% Casualties,6% Casualties,7% Casualties,8% Casualties,10% Casualties,11% Casualties,12% Casualties,12% Casualties,13% Casualties,14% Casualties,6% Casualties,7% Casualties,8% Casualties,9% Casualties,10% Casualties,12% Casualties,12% Casualties,13% Casualties,14% Casualties,6% Casualties,7% Casualties,8% Casualties,10% Casualties,11% Casualties,12% Casualties,12% Casualties,13% Casualties,14% Casualties,6% Casualties,7% Casualties,9% Casualties,10% Casualties,11% Casualties,12% Casualties,12% Casualties,13% Casualties,14% Casualties
125 CV // 30 RT,1% Casualties,1% Casualties,1% Casualties,1% Casualties,2% Casualties,2% Casualties,2% Casualties,3% Casualties,3% Casualties,1% Casualties,2% Casualties,2% Casualties,2% Casualties,3% Casualties,3% Casualties,3% Casualties,4% Casualties,4% Casualties,2% Casualties,2% Casualties,3% Casualties,3% Casualties,3% Casualties,4% Casualties,4% Casualties,5% Casualties,5% Casualties,2% Casualties,3% Casualties,3% Casualties,4% Casualties,4% Casualties,5% Casualties,5% Casualties,6% Casualties,6% Casualties,3% Casualties,4% Casualties,4% Casualties,5% Casualties,6% Casualties,6% Casualties,7% Casualties,7% Casualties,8% Casualties,3% Casualties,4% Casualties,5% Casualties,6% Casualties,6% Casualties,7% Casualties,8% Casualties,9% Casualties,9% Casualties,4% Casualties,5% Casualties,6% Casualties,6% Casualties,7% Casualties,8% Casualties,9% Casualties,10% Casualties,10% Casualties,4% Casualties,5% Casualties,6% Casualties,7% Casualties,8% Casualties,9% Casualties,10% Casualties,11% Casualties,12% Casualties,5% Casualties,6% Casualties,7% Casualties,8% Casualties,9% Casualties,10% Casualties,11% Casualties,12% Casualties,13% Casualties,5% Casualties,6% Casualties,7% Casualties,8% Casualties,9% Casualties,10% Casualties,11% Casualties,12% Casualties,13% Casualties,5% Casualties,7% Casualties,8% Casualties,9% Casualties,10% Casualties,11% Casualties,12% Casualties,13% Casualties,14% Casualties,5% Casualties,6% Casualties,8% Casualties,9% Casualties,10% Casualties,11% Casualties,12% Casualties,13% Casualties,14% Casualties,6% Casualties,7% Casualties,9% Casualties,10% Casualties,11% Casualties,12% Casualties,14% Casualties,14% Casualties,15% Casualties,6% Casualties,7% Casualties,9% Casualties,10% Casualties,11% Casualties,12% Casualties,13% Casualties,15% Casualties,15% Casualties,6% Casualties,7% Casualties,9% Casualties,10% Casualties,11% Casualties,12% Casualties,13% Casualties,14% Casualties,15% Casualties,6% Casualties,7% Casualties,9% Casualties,10% Casualties,11% Casualties,12% Casualties,14% Casualties,15% Casualties,15% Casualties,7% Casualties,8% Casualties,10% Casualties,11% Casualties,12% Casualties,14% Casualties,15% Casualties,16% Casualties,17% Casualties,7% Casualties,8% Casualties,10% Casualties,11% Casualties,13% Casualties,14% Casualties,15% Casualties,16% Casualties,17% Casualties,7% Casualties,8% Casualties,10% Casualties,11% Casualties,12% Casualties,14% Casualties,15% Casualties,16% Casualties,17% Casualties,6% Casualties,8% Casualties,9% Casualties,11% Casualties,12% Casualties,13% Casualties,14% Casualties,15% Casualties,16% Casualties,6% Casualties,8% Casualties,9% Casualties,11% Casualties,12% Casualties,13% Casualties,14% Casualties,15% Casualties,16% Casualties,7% Casualties,8% Casualties,9% Casualties,11% Casualties,12% Casualties,13% Casualties,14% Casualties,15% Casualties,16% Casualties,6% Casualties,8% Casualties,9% Casualties,11% Casualties,12% Casualties,13% Casualties,14% Casualties,15% Casualties,16% Casualties,7% Casualties,8% Casualties,9% Casualties,11% Casualties,12% Casualties,13% Casualties,14% Casualties,15% Casualties,16% Casualties,6% Casualties,8% Casualties,9% Casualties,10% Casualties,12% Casualties,13% Casualties,14% Casualties,15% Casualties,16% Casualties
125 CV // 20 RT,1% Casualties,1% Casualties,1% Casualties,1% Casualties,2% Casualties,2% Casualties,2% Casualties,3% Casualties,3% Casualties,1% Casualties,2% Casualties,2% Casualties,2% Casualties,3% Casualties,3% Casualties,3% Casualties,4% Casualties,4% Casualties,2% Casualties,2% Casualties,3% Casualties,3% Casualties,3% Casualties,4% Casualties,5% Casualties,5% Casualties,5% Casualties,2% Casualties,3% Casualties,3% Casualties,4% Casualties,4% Casualties,5% Casualties,6% Casualties,6% Casualties,7% Casualties,3% Casualties,4% Casualties,4% Casualties,5% Casualties,6% Casualties,7% Casualties,7% Casualties,8% Casualties,9% Casualties,4% Casualties,4% Casualties,5% Casualties,6% Casualties,7% Casualties,8% Casualties,8% Casualties,9% Casualties,10% Casualties,4% Casualties,5% Casualties,6% Casualties,7% Casualties,8% Casualties,9% Casualties,10% Casualties,11% Casualties,11% Casualties,5% Casualties,6% Casualties,7% Casualties,8% Casualties,9% Casualties,10% Casualties,11% Casualties,12% Casualties,13% Casualties,5% Casualties,6% Casualties,8% Casualties,9% Casualties,10% Casualties,11% Casualties,12% Casualties,14% Casualties,14% Casualties,5% Casualties,6% Casualties,7% Casualties,9% Casualties,10% Casualties,11% Casualties,12% Casualties,13% Casualties,14% Casualties,6% Casualties,7% Casualties,9% Casualties,10% Casualties,11% Casualties,12% Casualties,13% Casualties,15% Casualties,16% Casualties,6% Casualties,7% Casualties,9% Casualties,10% Casualties,11% Casualties,13% Casualties,14% Casualties,15% Casualties,16% Casualties,6% Casualties,8% Casualties,9% Casualties,11% Casualties,13% Casualties,14% Casualties,15% Casualties,16% Casualties,17% Casualties,6% Casualties,8% Casualties,9% Casualties,11% Casualties,12% Casualties,14% Casualties,15% Casualties,17% Casualties,18% Casualties,6% Casualties,8% Casualties,9% Casualties,11% Casualties,12% Casualties,14% Casualties,15% Casualties,16% Casualties,18% Casualties,6% Casualties,8% Casualties,9% Casualties,11% Casualties,13% Casualties,14% Casualties,15% Casualties,16% Casualties,18% Casualties,7% Casualties,9% Casualties,11% Casualties,12% Casualties,14% Casualties,16% Casualties,17% Casualties,18% Casualties,19% Casualties,7% Casualties,9% Casualties,10% Casualties,12% Casualties,14% Casualties,16% Casualties,17% Casualties,18% Casualties,19% Casualties,7% Casualties,9% Casualties,11% Casualties,12% Casualties,14% Casualties,15% Casualties,17% Casualties,18% Casualties,19% Casualties,7% Casualties,9% Casualties,10% Casualties,12% Casualties,13% Casualties,15% Casualties,16% Casualties,18% Casualties,19% Casualties,7% Casualties,8% Casualties,10% Casualties,12% Casualties,13% Casualties,15% Casualties,16% Casualties,18% Casualties,19% Casualties,7% Casualties,8% Casualties,10% Casualties,12% Casualties,13% Casualties,15% Casualties,16% Casualties,17% Casualties,18% Casualties,7% Casualties,9% Casualties,10% Casualties,12% Casualties,13% Casualties,15% Casualties,16% Casualties,18% Casualties,18% Casualties,7% Casualties,9% Casualties,10% Casualties,12% Casualties,13% Casualties,15% Casualties,16% Casualties,18% Casualties,19% Casualties,7% Casualties,9% Casualties,10% Casualties,12% Casualties,14% Casualties,15% Casualties,16% Casualties,18% Casualties,19% Casualties
125 CV // 10 RT,1% Casualties,1% Casualties,1% Casualties,1% Casualties,2% Casualties,2% Casualties,2% Casualties,3% Casualties,3% Casualties,1% Casualties,2% Casualties,2% Casualties,2% Casualties,3% Casualties,3% Casualties,4% Casualties,4% Casualties,4% Casualties,2% Casualties,2% Casualties,3% Casualties,3% Casualties,4% Casualties,4% Casualties,5% Casualties,5% Casualties,6% Casualties,2% Casualties,3% Casualties,3% Casualties,4% Casualties,5% Casualties,5% Casualties,6% Casualties,7% Casualties,7% Casualties,3% Casualties,4% Casualties,5% Casualties,6% Casualties,6% Casualties,7% Casualties,8% Casualties,9% Casualties,10% Casualties,4% Casualties,4% Casualties,5% Casualties,6% Casualties,7% Casualties,8% Casualties,9% Casualties,10% Casualties,11% Casualties,4% Casualties,5% Casualties,6% Casualties,7% Casualties,8% Casualties,10% Casualties,11% Casualties,12% Casualties,13% Casualties,5% Casualties,6% Casualties,7% Casualties,8% Casualties,10% Casualties,11% Casualties,12% Casualties,13% Casualties,14% Casualties,6% Casualties,7% Casualties,8% Casualties,9% Casualties,11% Casualties,12% Casualties,14% Casualties,15% Casualties,16% Casualties,5% Casualties,7% Casualties,8% Casualties,10% Casualties,11% Casualties,12% Casualties,14% Casualties,15% Casualties,16% Casualties,6% Casualties,8% Casualties,9% Casualties,11% Casualties,12% Casualties,14% Casualties,16% Casualties,17% Casualties,18% Casualties,6% Casualties,8% Casualties,9% Casualties,11% Casualties,12% Casualties,14% Casualties,15% Casualties,17% Casualties,18% Casualties,7% Casualties,8% Casualties,10% Casualties,12% Casualties,14% Casualties,16% Casualties,17% Casualties,19% Casualties,20% Casualties,7% Casualties,8% Casualties,10% Casualties,12% Casualties,14% Casualties,16% Casualties,17% Casualties,19% Casualties,21% Casualties,7% Casualties,8% Casualties,10% Casualties,12% Casualties,14% Casualties,16% Casualties,17% Casualties,19% Casualties,20% Casualties,7% Casualties,8% Casualties,10% Casualties,12% Casualties,14% Casualties,16% Casualties,17% Casualties,19% Casualties,20% Casualties,8% Casualties,10% Casualties,12% Casualties,14% Casualties,16% Casualties,18% Casualties,19% Casualties,21% Casualties,23% Casualties,8% Casualties,10% Casualties,12% Casualties,14% Casualties,16% Casualties,17% Casualties,20% Casualties,21% Casualties,22% Casualties,8% Casualties,10% Casualties,12% Casualties,14% Casualties,16% Casualties,18% Casualties,19% Casualties,21% Casualties,22% Casualties,8% Casualties,9% Casualties,11% Casualties,13% Casualties,16% Casualties,17% Casualties,19% Casualties,21% Casualties,22% Casualties,8% Casualties,10% Casualties,12% Casualties,14% Casualties,15% Casualties,17% Casualties,19% Casualties,21% Casualties,22% Casualties,8% Casualties,10% Casualties,12% Casualties,14% Casualties,16% Casualties,18% Casualties,19% Casualties,21% Casualties,22% Casualties,8% Casualties,10% Casualties,11% Casualties,14% Casualties,15% Casualties,17% Casualties,19% Casualties,21% Casualties,22% Casualties,8% Casualties,10% Casualties,11% Casualties,13% Casualties,15% Casualties,17% Casualties,19% Casualties,21% Casualties,23% Casualties,8% Casualties,9% Casualties,12% Casualties,13% Casualties,15% Casualties,17% Casualties,19% Casualties,20% Casualties,22% Casualties
125 CV // 0 RT,1% Casualties,1% Casualties,1% Casualties,1% Casualties,2% Casualties,2% Casualties,2% Casualties,3% Casualties,3% Casualties,1% Casualties,2% Casualties,2% Casualties,2% Casualties,3% Casualties,3% Casualties,4% Casualties,4% Casualties,4% Casualties,2% Casualties,2% Casualties,3% Casualties,3% Casualties,4% Casualties,4% Casualties,5% Casualties,5% Casualties,6% Casualties,2% Casualties,3% Casualties,4% Casualties,4% Casualties,5% Casualties,6% Casualties,6% Casualties,7% Casualties,8% Casualties,3% Casualties,4% Casualties,5% Casualties,6% Casualties,7% Casualties,8% Casualties,9% Casualties,10% Casualties,11% Casualties,4% Casualties,5% Casualties,6% Casualties,7% Casualties,8% Casualties,9% Casualties,10% Casualties,11% Casualties,13% Casualties,5% Casualties,5% Casualties,7% Casualties,8% Casualties,9% Casualties,11% Casualties,12% Casualties,13% Casualties,14% Casualties,5% Casualties,6% Casualties,8% Casualties,9% Casualties,11% Casualties,12% Casualties,14% Casualties,15% Casualties,17% Casualties,6% Casualties,7% Casualties,9% Casualties,10% Casualties,12% Casualties,14% Casualties,16% Casualties,17% Casualties,19% Casualties,6% Casualties,7% Casualties,9% Casualties,11% Casualties,12% Casualties,14% Casualties,16% Casualties,17% Casualties,19% Casualties,7% Casualties,8% Casualties,10% Casualties,12% Casualties,14% Casualties,16% Casualties,18% Casualties,20% Casualties,21% Casualties,6% Casualties,8% Casualties,10% Casualties,12% Casualties,14% Casualties,16% Casualties,18% Casualties,19% Casualties,21% Casualties,7% Casualties,9% Casualties,11% Casualties,14% Casualties,16% Casualties,18% Casualties,20% Casualties,22% Casualties,24% Casualties,7% Casualties,9% Casualties,12% Casualties,13% Casualties,16% Casualties,18% Casualties,20% Casualties,22% Casualties,24% Casualties,7% Casualties,9% Casualties,11% Casualties,13% Casualties,16% Casualties,18% Casualties,20% Casualties,22% Casualties,24% Casualties,7% Casualties,9% Casualties,11% Casualties,14% Casualties,16% Casualties,18% Casualties,20% Casualties,22% Casualties,24% Casualties,8% Casualties,11% Casualties,13% Casualties,15% Casualties,18% Casualties,20% Casualties,23% Casualties,25% Casualties,27% Casualties,9% Casualties,10% Casualties,13% Casualties,15% Casualties,18% Casualties,20% Casualties,22% Casualties,25% Casualties,26% Casualties,9% Casualties,11% Casualties,13% Casualties,15% Casualties,18% Casualties,20% Casualties,22% Casualties,24% Casualties,27% Casualties,8% Casualties,11% Casualties,13% Casualties,16% Casualties,18% Casualties,20% Casualties,22% Casualties,24% Casualties,26% Casualties,8% Casualties,11% Casualties,13% Casualties,15% Casualties,18% Casualties,20% Casualties,22% Casualties,25% Casualties,27% Casualties,8% Casualties,11% Casualties,13% Casualties,15% Casualties,18% Casualties,20% Casualties,22% Casualties,24% Casualties,27% Casualties,8% Casualties,11% Casualties,13% Casualties,15% Casualties,18% Casualties,20% Casualties,22% Casualties,24% Casualties,27% Casualties,8% Casualties,11% Casualties,13% Casualties,16% Casualties,18% Casualties,20% Casualties,22% Casualties,25% Casualties,27% Casualties,8% Casualties,11% Casualties,13% Casualties,16% Casualties,18% Casualties,20% Casualties,22% Casualties,24% Casualties,27% Casualties
130 CV // 80 RT,1% Casualties,1% Casualties,1% Casualties,2% Casualties,2% Casualties,2% Casualties,2% Casualties,3% Casualties,3% Casualties,1% Casualties,2% Casualties,2% Casualties,2% Casualties,3% Casualties,3% Casualties,3% Casualties,4% Casualties,4% Casualties,2% Casualties,2% Casualties,3% Casualties,3% Casualties,3% Casualties,4% Casualties,4% Casualties,4% Casualties,5% Casualties,2% Casualties,3% Casualties,3% Casualties,3% Casualties,4% Casualties,4% Casualties,4% Casualties,5% Casualties,5% Casualties,3% Casualties,3% Casualties,4% Casualties,4% Casualties,4% Casualties,5% Casualties,5% Casualties,5% Casualties,6% Casualties,3% Casualties,4% Casualties,4% Casualties,5% Casualties,6% Casualties,6% Casualties,6% Casualties,6% Casualties,7% Casualties,4% Casualties,4% Casualties,5% Casualties,5% Casualties,6% Casualties,6% Casualties,7% Casualties,7% Casualties,8% Casualties,4% Casualties,5% Casualties,6% Casualties,6% Casualties,7% Casualties,7% Casualties,7% Casualties,8% Casualties,8% Casualties,5% Casualties,5% Casualties,6% Casualties,7% Casualties,7% Casualties,8% Casualties,8% Casualties,8% Casualties,9% Casualties,5% Casualties,5% Casualties,6% Casualties,7% Casualties,7% Casualties,8% Casualties,8% Casualties,8% Casualties,9% Casualties,5% Casualties,6% Casualties,7% Casualties,7% Casualties,8% Casualties,8% Casualties,9% Casualties,9% Casualties,9% Casualties,5% Casualties,6% Casualties,7% Casualties,7% Casualties,8% Casualties,8% Casualties,9% Casualties,9% Casualties,9% Casualties,5% Casualties,6% Casualties,7% Casualties,7% Casualties,8% Casualties,8% Casualties,9% Casualties,9% Casualties,9% Casualties,5% Casualties,6% Casualties,7% Casualties,8% Casualties,8% Casualties,9% Casualties,9% Casualties,10% Casualties,10% Casualties,6% Casualties,6% Casualties,7% Casualties,8% Casualties,8% Casualties,9% Casualties,9% Casualties,10% Casualties,10% Casualties,5% Casualties,6% Casualties,7% Casualties,8% Casualties,8% Casualties,9% Casualties,9% Casualties,10% Casualties,10% Casualties,6% Casualties,6% Casualties,7% Casualties,8% Casualties,8% Casualties,9% Casualties,9% Casualties,10% Casualties,10% Casualties,6% Casualties,7% Casualties,8% Casualties,8% Casualties,9% Casualties,10% Casualties,10% Casualties,10% Casualties,11% Casualties,6% Casualties,7% Casualties,8% Casualties,8% Casualties,9% Casualties,10% Casualties,10% Casualties,10% Casualties,11% Casualties,5% Casualties,6% Casualties,7% Casualties,7% Casualties,7% Casualties,8% Casualties,8% Casualties,9% Casualties,9% Casualties,5% Casualties,6% Casualties,6% Casualties,7% Casualties,8% Casualties,8% Casualties,8% Casualties,9% Casualties,9% Casualties,5% Casualties,6% Casualties,6% Casualties,7% Casualties,8% Casualties,8% Casualties,8% Casualties,9% Casualties,9% Casualties,5% Casualties,6% Casualties,6% Casualties,7% Casualties,8% Casualties,8% Casualties,8% Casualties,9% Casualties,9% Casualties,5% Casualties,6% Casualties,6% Casualties,7% Casualties,8% Casualties,8% Casualties,8% Casualties,9% Casualties,9% Casualties,5% Casualties,6% Casualties,6% Casualties,7% Casualties,8% Casualties,8% Casualties,8% Casualties,9% Casualties,9% Casualties
130 CV // 70 RT,1% Casualties,1% Casualties,1% Casualties,2% Casualties,2% Casualties,2% Casualties,2% Casualties,3% Casualties,3% Casualties,1% Casualties,2% Casualties,2% Casualties,2% Casualties,3% Casualties,3% Casualties,3% Casualties,4% Casualties,4% Casualties,2% Casualties,2% Casualties,3% Casualties,3% Casualties,3% Casualties,4% Casualties,4% Casualties,5% Casualties,5% Casualties,2% Casualties,2% Casualties,3% Casualties,3% Casualties,4% Casualties,4% Casualties,5% Casualties,5% Casualties,5% Casualties,3% Casualties,3% Casualties,4% Casualties,4% Casualties,5% Casualties,5% Casualties,5% Casualties,6% Casualties,6% Casualties,3% Casualties,4% Casualties,5% Casualties,5% Casualties,6% Casualties,6% Casualties,7% Casualties,7% Casualties,7% Casualties,4% Casualties,4% Casualties,5% Casualties,6% Casualties,6% Casualties,7% Casualties,7% Casualties,8% Casualties,8% Casualties,4% Casualties,5% Casualties,6% Casualties,6% Casualties,7% Casualties,7% Casualties,8% Casualties,8% Casualties,9% Casualties,5% Casualties,5% Casualties,6% Casualties,7% Casualties,8% Casualties,8% Casualties,9% Casualties,9% Casualties,9% Casualties,5% Casualties,5% Casualties,6% Casualties,7% Casualties,7% Casualties,8% Casualties,8% Casualties,9% Casualties,9% Casualties,5% Casualties,6% Casualties,7% Casualties,8% Casualties,8% Casualties,9% Casualties,9% Casualties,10% Casualties,10% Casualties,5% Casualties,6% Casualties,7% Casualties,8% Casualties,8% Casualties,9% Casualties,9% Casualties,10% Casualties,10% Casualties,5% Casualties,6% Casualties,7% Casualties,7% Casualties,8% Casualties,9% Casualties,9% Casualties,10% Casualties,10% Casualties,6% Casualties,6% Casualties,7% Casualties,8% Casualties,9% Casualties,9% Casualties,10% Casualties,10% Casualties,11% Casualties,5% Casualties,6% Casualties,7% Casualties,8% Casualties,9% Casualties,9% Casualties,10% Casualties,10% Casualties,11% Casualties,5% Casualties,6% Casualties,7% Casualties,8% Casualties,9% Casualties,9% Casualties,10% Casualties,10% Casualties,11% Casualties,5% Casualties,6% Casualties,7% Casualties,8% Casualties,9% Casualties,9% Casualties,10% Casualties,10% Casualties,11% Casualties,6% Casualties,7% Casualties,8% Casualties,9% Casualties,9% Casualties,10% Casualties,11% Casualties,11% Casualties,12% Casualties,6% Casualties,7% Casualties,8% Casualties,9% Casualties,9% Casualties,10% Casualties,11% Casualties,11% Casualties,12% Casualties,5% Casualties,6% Casualties,7% Casualties,8% Casualties,8% Casualties,9% Casualties,9% Casualties,10% Casualties,10% Casualties,5% Casualties,6% Casualties,7% Casualties,8% Casualties,8% Casualties,9% Casualties,9% Casualties,10% Casualties,10% Casualties,5% Casualties,6% Casualties,7% Casualties,8% Casualties,8% Casualties,9% Casualties,9% Casualties,10% Casualties,10% Casualties,5% Casualties,6% Casualties,7% Casualties,8% Casualties,8% Casualties,9% Casualties,9% Casualties,10% Casualties,10% Casualties,5% Casualties,6% Casualties,7% Casualties,8% Casualties,8% Casualties,9% Casualties,9% Casualties,10% Casualties,10% Casualties,5% Casualties,6% Casualties,7% Casualties,8% Casualties,8% Casualties,9% Casualties,9% Casualties,10% Casualties,10% Casualties
130 CV // 60 RT,1% Casualties,1% Casualties,1% Casualties,1% Casualties,2% Casualties,2% Casualties,2% Casualties,2% Casualties,3% Casualties,1% Casualties,2% Casualties,2% Casualties,2% Casualties,3% Casualties,3% Casualties,3% Casualties,4% Casualties,4% Casualties,2% Casualties,2% Casualties,3% Casualties,3% Casualties,3% Casualties,4% Casualties,4% Casualties,5% Casualties,5% Casualties,2% Casualties,2% Casualties,3% Casualties,3% Casualties,4% Casualties,4% Casualties,5% Casualties,5% Casualties,5% Casualties,3% Casualties,3% Casualties,4% Casualties,4% Casualties,5% Casualties,5% Casualties,5% Casualties,6% Casualties,6% Casualties,3% Casualties,4% Casualties,5% Casualties,5% Casualties,6% Casualties,6% Casualties,7% Casualties,7% Casualties,8% Casualties,4% Casualties,4% Casualties,5% Casualties,6% Casualties,7% Casualties,7% Casualties,8% Casualties,8% Casualties,9% Casualties,4% Casualties,5% Casualties,6% Casualties,6% Casualties,7% Casualties,8% Casualties,8% Casualties,9% Casualties,9% Casualties,5% Casualties,5% Casualties,6% Casualties,7% Casualties,8% Casualties,8% Casualties,9% Casualties,10% Casualties,10% Casualties,5% Casualties,5% Casualties,6% Casualties,7% Casualties,8% Casualties,8% Casualties,9% Casualties,9% Casualties,10% Casualties,5% Casualties,6% Casualties,7% Casualties,8% Casualties,8% Casualties,9% Casualties,10% Casualties,10% Casualties,11% Casualties,5% Casualties,6% Casualties,7% Casualties,8% Casualties,8% Casualties,9% Casualties,10% Casualties,10% Casualties,11% Casualties,5% Casualties,6% Casualties,7% Casualties,8% Casualties,8% Casualties,9% Casualties,10% Casualties,10% Casualties,11% Casualties,5% Casualties,7% Casualties,7% Casualties,8% Casualties,9% Casualties,10% Casualties,10% Casualties,11% Casualties,12% Casualties,6% Casualties,7% Casualties,8% Casualties,9% Casualties,9% Casualties,10% Casualties,10% Casualties,11% Casualties,12% Casualties,6% Casualties,7% Casualties,8% Casualties,8% Casualties,9% Casualties,10% Casualties,11% Casualties,11% Casualties,12% Casualties,6% Casualties,7% Casualties,7% Casualties,8% Casualties,9% Casualties,10% Casualties,11% Casualties,11% Casualties,12% Casualties,6% Casualties,7% Casualties,8% Casualties,9% Casualties,10% Casualties,11% Casualties,12% Casualties,12% Casualties,12% Casualties,6% Casualties,7% Casualties,8% Casualties,9% Casualties,10% Casualties,11% Casualties,11% Casualties,12% Casualties,13% Casualties,5% Casualties,7% Casualties,7% Casualties,8% Casualties,9% Casualties,9% Casualties,10% Casualties,11% Casualties,11% Casualties,5% Casualties,6% Casualties,7% Casualties,8% Casualties,9% Casualties,10% Casualties,10% Casualties,10% Casualties,11% Casualties,5% Casualties,6% Casualties,7% Casualties,8% Casualties,9% Casualties,9% Casualties,10% Casualties,11% Casualties,11% Casualties,5% Casualties,6% Casualties,7% Casualties,8% Casualties,9% Casualties,9% Casualties,10% Casualties,10% Casualties,11% Casualties,5% Casualties,6% Casualties,7% Casualties,8% Casualties,9% Casualties,9% Casualties,10% Casualties,11% Casualties,11% Casualties,5% Casualties,6% Casualties,7% Casualties,8% Casualties,9% Casualties,9% Casualties,10% Casualties,11% Casualties,11% Casualties
130 CV // 50 RT,1% Casualties,1% Casualties,1% Casualties,1% Casualties,2% Casualties,2% Casualties,2% Casualties,2% Casualties,3% Casualties,1% Casualties,2% Casualties,2% Casualties,2% Casualties,3% Casualties,3% Casualties,3% Casualties,4% Casualties,4% Casualties,2% Casualties,2% Casualties,2% Casualties,3% Casualties,3% Casualties,4% Casualties,4% Casualties,5% Casualties,5% Casualties,2% Casualties,2% Casualties,3% Casualties,3% Casualties,4% Casualties,4% Casualties,5% Casualties,5% Casualties,5% Casualties,3% Casualties,3% Casualties,4% Casualties,4% Casualties,5% Casualties,5% Casualties,6% Casualties,6% Casualties,7% Casualties,3% Casualties,4% Casualties,5% Casualties,5% Casualties,6% Casualties,7% Casualties,7% Casualties,8% Casualties,8% Casualties,4% Casualties,4% Casualties,5% Casualties,6% Casualties,7% Casualties,7% Casualties,8% Casualties,8% Casualties,9% Casualties,4% Casualties,5% Casualties,6% Casualties,7% Casualties,7% Casualties,8% Casualties,9% Casualties,9% Casualties,10% Casualties,5% Casualties,5% Casualties,6% Casualties,7% Casualties,8% Casualties,9% Casualties,10% Casualties,10% Casualties,11% Casualties,5% Casualties,5% Casualties,6% Casualties,7% Casualties,8% Casualties,9% Casualties,9% Casualties,10% Casualties,11% Casualties,5% Casualties,6% Casualties,7% Casualties,8% Casualties,9% Casualties,10% Casualties,10% Casualties,11% Casualties,12% Casualties,5% Casualties,6% Casualties,7% Casualties,8% Casualties,9% Casualties,10% Casualties,10% Casualties,11% Casualties,12% Casualties,5% Casualties,6% Casualties,7% Casualties,8% Casualties,9% Casualties,10% Casualties,10% Casualties,11% Casualties,12% Casualties,6% Casualties,7% Casualties,8% Casualties,9% Casualties,10% Casualties,10% Casualties,11% Casualties,12% Casualties,13% Casualties,6% Casualties,7% Casualties,8% Casualties,9% Casualties,10% Casualties,11% Casualties,11% Casualties,12% Casualties,13% Casualties,6% Casualties,7% Casualties,8% Casualties,9% Casualties,10% Casualties,10% Casualties,11% Casualties,12% Casualties,13% Casualties,6% Casualties,7% Casualties,8% Casualties,9% Casualties,10% Casualties,11% Casualties,11% Casualties,12% Casualties,13% Casualties,6% Casualties,8% Casualties,9% Casualties,10% Casualties,11% Casualties,12% Casualties,12% Casualties,13% Casualties,14% Casualties,6% Casualties,7% Casualties,9% Casualties,10% Casualties,11% Casualties,12% Casualties,12% Casualties,13% Casualties,14% Casualties,6% Casualties,7% Casualties,8% Casualties,9% Casualties,10% Casualties,10% Casualties,11% Casualties,12% Casualties,12% Casualties,6% Casualties,7% Casualties,8% Casualties,9% Casualties,10% Casualties,10% Casualties,11% Casualties,12% Casualties,12% Casualties,6% Casualties,7% Casualties,8% Casualties,9% Casualties,10% Casualties,10% Casualties,11% Casualties,12% Casualties,12% Casualties,6% Casualties,7% Casualties,8% Casualties,9% Casualties,10% Casualties,10% Casualties,11% Casualties,12% Casualties,12% Casualties,6% Casualties,7% Casualties,8% Casualties,9% Casualties,10% Casualties,10% Casualties,11% Casualties,12% Casualties,12% Casualties,6% Casualties,7% Casualties,8% Casualties,9% Casualties,10% Casualties,10% Casualties,11% Casualties,12% Casualties,12% Casualties
130 CV // 40 RT,1% Casualties,1% Casualties,1% Casualties,1% Casualties,2% Casualties,2% Casualties,2% Casualties,2% Casualties,3% Casualties,1% Casualties,1% Casualties,2% Casualties,2% Casualties,3% Casualties,3% Casualties,3% Casualties,4% Casualties,4% Casualties,2% Casualties,2% Casualties,3% Casualties,3% Casualties,3% Casualties,4% Casualties,4% Casualties,5% Casualties,5% Casualties,2% Casualties,2% Casualties,3% Casualties,3% Casualties,4% Casualties,4% Casualties,5% Casualties,5% Casualties,6% Casualties,3% Casualties,3% Casualties,4% Casualties,4% Casualties,5% Casualties,5% Casualties,6% Casualties,6% Casualties,7% Casualties,3% Casualties,4% Casualties,5% Casualties,5% Casualties,6% Casualties,7% Casualties,7% Casualties,8% Casualties,9% Casualties,4% Casualties,4% Casualties,5% Casualties,6% Casualties,7% Casualties,8% Casualties,8% Casualties,9% Casualties,10% Casualties,4% Casualties,5% Casualties,6% Casualties,7% Casualties,8% Casualties,8% Casualties,9% Casualties,10% Casualties,11% Casualties,5% Casualties,6% Casualties,7% Casualties,8% Casualties,9% Casualties,10% Casualties,10% Casualties,11% Casualties,12% Casualties,5% Casualties,6% Casualties,7% Casualties,8% Casualties,9% Casualties,10% Casualties,10% Casualties,11% Casualties,12% Casualties,5% Casualties,6% Casualties,7% Casualties,9% Casualties,9% Casualties,10% Casualties,11% Casualties,12% Casualties,13% Casualties,5% Casualties,6% Casualties,7% Casualties,8% Casualties,9% Casualties,10% Casualties,11% Casualties,12% Casualties,13% Casualties,5% Casualties,6% Casualties,7% Casualties,8% Casualties,9% Casualties,10% Casualties,11% Casualties,12% Casualties,13% Casualties,6% Casualties,7% Casualties,8% Casualties,9% Casualties,10% Casualties,11% Casualties,12% Casualties,13% Casualties,14% Casualties,6% Casualties,7% Casualties,8% Casualties,9% Casualties,10% Casualties,11% Casualties,12% Casualties,13% Casualties,14% Casualties,6% Casualties,7% Casualties,8% Casualties,9% Casualties,10% Casualties,11% Casualties,12% Casualties,13% Casualties,14% Casualties,6% Casualties,7% Casualties,8% Casualties,9% Casualties,10% Casualties,11% Casualties,12% Casualties,13% Casualties,14% Casualties,6% Casualties,8% Casualties,9% Casualties,10% Casualties,11% Casualties,13% Casualties,14% Casualties,14% Casualties,15% Casualties,7% Casualties,8% Casualties,9% Casualties,10% Casualties,12% Casualties,12% Casualties,14% Casualties,14% Casualties,15% Casualties,6% Casualties,7% Casualties,9% Casualties,10% Casualties,10% Casualties,11% Casualties,12% Casualties,13% Casualties,14% Casualties,6% Casualties,7% Casualties,8% Casualties,10% Casualties,10% Casualties,12% Casualties,12% Casualties,13% Casualties,14% Casualties,6% Casualties,7% Casualties,8% Casualties,10% Casualties,11% Casualties,11% Casualties,12% Casualties,13% Casualties,14% Casualties,6% Casualties,7% Casualties,8% Casualties,9% Casualties,11% Casualties,11% Casualties,12% Casualties,13% Casualties,14% Casualties,6% Casualties,7% Casualties,8% Casualties,10% Casualties,11% Casualties,12% Casualties,12% Casualties,13% Casualties,14% Casualties,6% Casualties,7% Casualties,8% Casualties,10% Casualties,11% Casualties,11% Casualties,12% Casualties,13% Casualties,14% Casualties
130 CV // 30 RT,1% Casualties,1% Casualties,1% Casualties,1% Casualties,2% Casualties,2% Casualties,2% Casualties,2% Casualties,3% Casualties,1% Casualties,2% Casualties,2% Casualties,2% Casualties,3% Casualties,3% Casualties,3% Casualties,4% Casualties,4% Casualties,2% Casualties,2% Casualties,3% Casualties,3% Casualties,3% Casualties,4% Casualties,4% Casualties,5% Casualties,5% Casualties,2% Casualties,2% Casualties,3% Casualties,3% Casualties,4% Casualties,5% Casualties,5% Casualties,6% Casualties,6% Casualties,3% Casualties,3% Casualties,4% Casualties,4% Casualties,5% Casualties,6% Casualties,6% Casualties,7% Casualties,7% Casualties,3% Casualties,4% Casualties,5% Casualties,6% Casualties,6% Casualties,7% Casualties,8% Casualties,9% Casualties,9% Casualties,4% Casualties,5% Casualties,6% Casualties,6% Casualties,7% Casualties,8% Casualties,9% Casualties,10% Casualties,10% Casualties,4% Casualties,5% Casualties,6% Casualties,7% Casualties,8% Casualties,9% Casualties,10% Casualties,11% Casualties,11% Casualties,5% Casualties,6% Casualties,7% Casualties,8% Casualties,9% Casualties,10% Casualties,11% Casualties,12% Casualties,13% Casualties,5% Casualties,6% Casualties,7% Casualties,8% Casualties,9% Casualties,10% Casualties,11% Casualties,12% Casualties,13% Casualties,5% Casualties,7% Casualties,8% Casualties,9% Casualties,10% Casualties,11% Casualties,12% Casualties,13% Casualties,14% Casualties,5% Casualties,6% Casualties,8% Casualties,9% Casualties,10% Casualties,11% Casualties,12% Casualties,13% Casualties,14% Casualties,5% Casualties,7% Casualties,8% Casualties,9% Casualties,10% Casualties,11% Casualties,12% Casualties,13% Casualties,14% Casualties,6% Casualties,7% Casualties,9% Casualties,10% Casualties,11% Casualties,12% Casualties,14% Casualties,14% Casualties,15% Casualties,6% Casualties,7% Casualties,9% Casualties,10% Casualties,11% Casualties,12% Casualties,14% Casualties,14% Casualties,16% Casualties,6% Casualties,7% Casualties,9% Casualties,10% Casualties,11% Casualties,13% Casualties,14% Casualties,15% Casualties,15% Casualties,6% Casualties,7% Casualties,9% Casualties,10% Casualties,11% Casualties,12% Casualties,14% Casualties,15% Casualties,16% Casualties,7% Casualties,8% Casualties,10% Casualties,11% Casualties,12% Casualties,14% Casualties,15% Casualties,16% Casualties,17% Casualties,7% Casualties,8% Casualties,10% Casualties,11% Casualties,13% Casualties,14% Casualties,15% Casualties,16% Casualties,17% Casualties,7% Casualties,8% Casualties,9% Casualties,11% Casualties,12% Casualties,13% Casualties,14% Casualties,15% Casualties,16% Casualties,6% Casualties,8% Casualties,9% Casualties,10% Casualties,12% Casualties,13% Casualties,14% Casualties,15% Casualties,16% Casualties,6% Casualties,8% Casualties,9% Casualties,11% Casualties,12% Casualties,13% Casualties,14% Casualties,15% Casualties,16% Casualties,6% Casualties,8% Casualties,9% Casualties,11% Casualties,12% Casualties,13% Casualties,14% Casualties,15% Casualties,16% Casualties,7% Casualties,8% Casualties,9% Casualties,10% Casualties,12% Casualties,13% Casualties,14% Casualties,15% Casualties,16% Casualties,6% Casualties,8% Casualties,9% Casualties,11% Casualties,12% Casualties,13% Casualties,14% Casualties,15% Casualties,16% Casualties
130 CV // 20 RT,1% Casualties,1% Casualties,1% Casualties,1% Casualties,2% Casualties,2% Casualties,2% Casualties,2% Casualties,3% Casualties,1% Casualties,1% Casualties,2% Casualties,2% Casualties,3% Casualties,3% Casualties,3% Casualties,4% Casualties,4% Casualties,2% Casualties,2% Casualties,3% Casualties,3% Casualties,4% Casualties,4% Casualties,4% Casualties,5% Casualties,5% Casualties,2% Casualties,3% Casualties,3% Casualties,4% Casualties,4% Casualties,5% Casualties,5% Casualties,6% Casualties,6% Casualties,3% Casualties,3% Casualties,4% Casualties,5% Casualties,5% Casualties,6% Casualties,6% Casualties,7% Casualties,8% Casualties,3% Casualties,4% Casualties,5% Casualties,6% Casualties,7% Casualties,8% Casualties,9% Casualties,9% Casualties,10% Casualties,4% Casualties,5% Casualties,6% Casualties,7% Casualties,8% Casualties,9% Casualties,10% Casualties,11% Casualties,11% Casualties,5% Casualties,6% Casualties,7% Casualties,8% Casualties,9% Casualties,10% Casualties,11% Casualties,12% Casualties,13% Casualties,5% Casualties,6% Casualties,8% Casualties,9% Casualties,10% Casualties,11% Casualties,12% Casualties,13% Casualties,14% Casualties,5% Casualties,6% Casualties,8% Casualties,9% Casualties,10% Casualties,11% Casualties,12% Casualties,13% Casualties,14% Casualties,5% Casualties,7% Casualties,8% Casualties,10% Casualties,11% Casualties,12% Casualties,14% Casualties,15% Casualties,16% Casualties,6% Casualties,7% Casualties,8% Casualties,10% Casualties,11% Casualties,12% Casualties,14% Casualties,15% Casualties,16% Casualties,6% Casualties,7% Casualties,8% Casualties,10% Casualties,11% Casualties,12% Casualties,14% Casualties,15% Casualties,16% Casualties,6% Casualties,8% Casualties,9% Casualties,11% Casualties,13% Casualties,14% Casualties,15% Casualties,16% Casualties,18% Casualties,6% Casualties,8% Casualties,9% Casualties,11% Casualties,13% Casualties,14% Casualties,15% Casualties,16% Casualties,18% Casualties,6% Casualties,8% Casualties,9% Casualties,11% Casualties,12% Casualties,14% Casualties,15% Casualties,17% Casualties,18% Casualties,6% Casualties,8% Casualties,9% Casualties,11% Casualties,13% Casualties,14% Casualties,15% Casualties,16% Casualties,18% Casualties,7% Casualties,9% Casualties,11% Casualties,12% Casualties,14% Casualties,15% Casualties,17% Casualties,18% Casualties,19% Casualties,7% Casualties,9% Casualties,10% Casualties,12% Casualties,14% Casualties,15% Casualties,17% Casualties,18% Casualties,19% Casualties,7% Casualties,9% Casualties,10% Casualties,12% Casualties,13% Casualties,15% Casualties,16% Casualties,17% Casualties,19% Casualties,7% Casualties,9% Casualties,10% Casualties,12% Casualties,13% Casualties,15% Casualties,16% Casualties,18% Casualties,19% Casualties,7% Casualties,9% Casualties,10% Casualties,12% Casualties,13% Casualties,15% Casualties,16% Casualties,18% Casualties,19% Casualties,7% Casualties,9% Casualties,10% Casualties,12% Casualties,13% Casualties,15% Casualties,16% Casualties,17% Casualties,19% Casualties,7% Casualties,8% Casualties,10% Casualties,12% Casualties,13% Casualties,15% Casualties,16% Casualties,17% Casualties,19% Casualties,7% Casualties,9% Casualties,10% Casualties,12% Casualties,13% Casualties,15% Casualties,16% Casualties,18% Casualties,19% Casualties
130 CV // 10 RT,1% Casualties,1% Casualties,1% Casualties,1% Casualties,2% Casualties,2% Casualties,2% Casualties,2% Casualties,3% Casualties,1% Casualties,1% Casualties,2% Casualties,2% Casualties,3% Casualties,3% Casualties,3% Casualties,4% Casualties,4% Casualties,2% Casualties,2% Casualties,3% Casualties,3% Casualties,4% Casualties,4% Casualties,5% Casualties,5% Casualties,6% Casualties,2% Casualties,2% Casualties,3% Casualties,4% Casualties,4% Casualties,5% Casualties,6% Casualties,6% Casualties,7% Casualties,3% Casualties,3% Casualties,4% Casualties,5% Casualties,5% Casualties,6% Casualties,7% Casualties,8% Casualties,8% Casualties,4% Casualties,4% Casualties,5% Casualties,6% Casualties,7% Casualties,8% Casualties,9% Casualties,10% Casualties,11% Casualties,4% Casualties,5% Casualties,6% Casualties,7% Casualties,9% Casualties,9% Casualties,11% Casualties,12% Casualties,13% Casualties,5% Casualties,6% Casualties,7% Casualties,8% Casualties,10% Casualties,11% Casualties,12% Casualties,13% Casualties,15% Casualties,6% Casualties,7% Casualties,8% Casualties,10% Casualties,11% Casualties,12% Casualties,14% Casualties,15% Casualties,16% Casualties,5% Casualties,7% Casualties,8% Casualties,9% Casualties,11% Casualties,12% Casualties,14% Casualties,15% Casualties,17% Casualties,6% Casualties,8% Casualties,9% Casualties,11% Casualties,13% Casualties,14% Casualties,16% Casualties,17% Casualties,18% Casualties,6% Casualties,8% Casualties,9% Casualties,11% Casualties,12% Casualties,14% Casualties,15% Casualties,17% Casualties,19% Casualties,6% Casualties,8% Casualties,9% Casualties,11% Casualties,12% Casualties,14% Casualties,16% Casualties,17% Casualties,18% Casualties,7% Casualties,9% Casualties,10% Casualties,12% Casualties,14% Casualties,16% Casualties,17% Casualties,19% Casualties,20% Casualties,7% Casualties,8% Casualties,10% Casualties,12% Casualties,14% Casualties,16% Casualties,17% Casualties,19% Casualties,20% Casualties,7% Casualties,9% Casualties,10% Casualties,12% Casualties,14% Casualties,16% Casualties,17% Casualties,19% Casualties,20% Casualties,7% Casualties,8% Casualties,10% Casualties,12% Casualties,14% Casualties,16% Casualties,18% Casualties,19% Casualties,21% Casualties,8% Casualties,10% Casualties,12% Casualties,14% Casualties,16% Casualties,17% Casualties,19% Casualties,21% Casualties,22% Casualties,8% Casualties,10% Casualties,11% Casualties,14% Casualties,16% Casualties,18% Casualties,19% Casualties,21% Casualties,23% Casualties,8% Casualties,10% Casualties,12% Casualties,14% Casualties,16% Casualties,17% Casualties,19% Casualties,20% Casualties,22% Casualties,7% Casualties,10% Casualties,11% Casualties,14% Casualties,16% Casualties,17% Casualties,19% Casualties,21% Casualties,22% Casualties,8% Casualties,9% Casualties,12% Casualties,13% Casualties,16% Casualties,17% Casualties,19% Casualties,21% Casualties,22% Casualties,8% Casualties,10% Casualties,12% Casualties,14% Casualties,16% Casualties,17% Casualties,19% Casualties,21% Casualties,22% Casualties,8% Casualties,10% Casualties,11% Casualties,14% Casualties,15% Casualties,17% Casualties,19% Casualties,21% Casualties,22% Casualties,8% Casualties,9% Casualties,11% Casualties,13% Casualties,15% Casualties,17% Casualties,19% Casualties,21% Casualties,22% Casualties
130 CV // 0 RT,1% Casualties,1% Casualties,1% Casualties,1% Casualties,2% Casualties,2% Casualties,2% Casualties,2% Casualties,3% Casualties,1% Casualties,1% Casualties,2% Casualties,2% Casualties,3% Casualties,3% Casualties,3% Casualties,4% Casualties,4% Casualties,2% Casualties,2% Casualties,3% Casualties,3% Casualties,4% Casualties,4% Casualties,5% Casualties,5% Casualties,6% Casualties,2% Casualties,3% Casualties,3% Casualties,4% Casualties,5% Casualties,5% Casualties,6% Casualties,7% Casualties,7% Casualties,3% Casualties,3% Casualties,4% Casualties,5% Casualties,6% Casualties,7% Casualties,8% Casualties,8% Casualties,9% Casualties,4% Casualties,5% Casualties,6% Casualties,7% Casualties,8% Casualties,9% Casualties,10% Casualties,11% Casualties,12% Casualties,4% Casualties,5% Casualties,6% Casualties,8% Casualties,9% Casualties,10% Casualties,12% Casualties,13% Casualties,14% Casualties,5% Casualties,6% Casualties,8% Casualties,9% Casualties,11% Casualties,12% Casualties,14% Casualties,15% Casualties,16% Casualties,6% Casualties,7% Casualties,9% Casualties,10% Casualties,12% Casualties,14% Casualties,15% Casualties,17% Casualties,19% Casualties,6% Casualties,7% Casualties,9% Casualties,10% Casualties,12% Casualties,14% Casualties,16% Casualties,17% Casualties,19% Casualties,6% Casualties,8% Casualties,10% Casualties,12% Casualties,14% Casualties,16% Casualties,18% Casualties,19% Casualties,21% Casualties,6% Casualties,8% Casualties,10% Casualties,12% Casualties,14% Casualties,16% Casualties,18% Casualties,19% Casualties,21% Casualties,6% Casualties,8% Casualties,10% Casualties,12% Casualties,14% Casualties,16% Casualties,17% Casualties,19% Casualties,21% Casualties,7% Casualties,9% Casualties,11% Casualties,13% Casualties,16% Casualties,18% Casualties,20% Casualties,22% Casualties,24% Casualties,7% Casualties,9% Casualties,12% Casualties,13% Casualties,16% Casualties,18% Casualties,20% Casualties,22% Casualties,24% Casualties,7% Casualties,9% Casualties,11% Casualties,13% Casualties,16% Casualties,18% Casualties,20% Casualties,22% Casualties,24% Casualties,7% Casualties,9% Casualties,11% Casualties,13% Casualties,16% Casualties,18% Casualties,20% Casualties,22% Casualties,24% Casualties,8% Casualties,10% Casualties,13% Casualties,15% Casualties,18% Casualties,20% Casualties,22% Casualties,25% Casualties,26% Casualties,9% Casualties,11% Casualties,13% Casualties,16% Casualties,18% Casualties,20% Casualties,23% Casualties,24% Casualties,27% Casualties,8% Casualties,11% Casualties,13% Casualties,16% Casualties,18% Casualties,20% Casualties,22% Casualties,25% Casualties,26% Casualties,8% Casualties,11% Casualties,13% Casualties,15% Casualties,18% Casualties,20% Casualties,23% Casualties,24% Casualties,27% Casualties,8% Casualties,11% Casualties,13% Casualties,15% Casualties,18% Casualties,20% Casualties,22% Casualties,25% Casualties,27% Casualties,8% Casualties,11% Casualties,13% Casualties,16% Casualties,18% Casualties,20% Casualties,23% Casualties,25% Casualties,27% Casualties,8% Casualties,11% Casualties,13% Casualties,15% Casualties,18% Casualties,20% Casualties,23% Casualties,25% Casualties,27% Casualties,8% Casualties,11% Casualties,13% Casualties,15% Casualties,18% Casualties,20% Casualties,22% Casualties,25% Casualties,27% Casualties
