,100 CV // 80 RT,100 CV // 70 RT,100 CV // 60 RT,100 CV // 50 RT,100 CV // 40 RT,100 CV // 30 RT,100 CV // 20 RT,100 CV // 10 RT,100 CV // 0 RT,125 CV // 80 RT,125 CV // 70 RT,125 CV // 60 RT,125 CV // 50 RT,125 CV // 40 RT,125 CV // 30 RT,125 CV // 20 RT,125 CV // 10 RT,125 CV // 0 RT,150 CV // 80 RT,150 CV // 70 RT,150 CV // 60 RT,150 CV // 50 RT,150 CV // 40 RT,150 CV // 30 RT,150 CV // 20 RT,150 CV // 10 RT,150 CV // 0 RT,175 CV // 80 RT,175 CV // 70 RT,175 CV // 60 RT,175 CV // 50 RT,175 CV // 40 RT,175 CV // 30 RT,175 CV // 20 RT,175 CV // 10 RT,175 CV // 0 RT,200 CV // 80 RT,200 CV // 70 RT,200 CV // 60 RT,200 CV // 50 RT,200 CV // 40 RT,200 CV // 30 RT,200 CV // 20 RT,200 CV // 10 RT,200 CV // 0 RT,225 CV // 80 RT,225 CV // 70 RT,225 CV // 60 RT,225 CV // 50 RT,225 CV // 40 RT,225 CV // 30 RT,225 CV // 20 RT,225 CV // 10 RT,225 CV // 0 RT,250 CV // 80 RT,250 CV // 70 RT,250 CV // 60 RT,250 CV // 50 RT,250 CV // 40 RT,250 CV // 30 RT,250 CV // 20 RT,250 CV // 10 RT,250 CV // 0 RT,275 CV // 80 RT,275 CV // 70 RT,275 CV // 60 RT,275 CV // 50 RT,275 CV // 40 RT,275 CV // 30 RT,275 CV // 20 RT,275 CV // 10 RT,275 CV // 0 RT,300 CV // 80 RT,300 CV // 70 RT,300 CV // 60 RT,300 CV // 50 RT,300 CV // 40 RT,300 CV // 30 RT,300 CV // 20 RT,300 CV // 10 RT,300 CV // 0 RT,325 CV // 80 RT,325 CV // 70 RT,325 CV // 60 RT,325 CV // 50 RT,325 CV // 40 RT,325 CV // 30 RT,325 CV // 20 RT,325 CV // 10 RT,325 CV // 0 RT,350 CV // 80 RT,350 CV // 70 RT,350 CV // 60 RT,350 CV // 50 RT,350 CV // 40 RT,350 CV // 30 RT,350 CV // 20 RT,350 CV // 10 RT,350 CV // 0 RT,375 CV // 80 RT,375 CV // 70 RT,375 CV // 60 RT,375 CV // 50 RT,375 CV // 40 RT,375 CV // 30 RT,375 CV // 20 RT,375 CV // 10 RT,375 CV // 0 RT,400 CV // 80 RT,400 CV // 70 RT,400 CV // 60 RT,400 CV // 50 RT,400 CV // 40 RT,400 CV // 30 RT,400 CV // 20 RT,400 CV // 10 RT,400 CV // 0 RT,425 CV // 80 RT,425 CV // 70 RT,425 CV // 60 RT,425 CV // 50 RT,425 CV // 40 RT,425 CV // 30 RT,425 CV // 20 RT,425 CV // 10 RT,425 CV // 0 RT,450 CV // 80 RT,450 CV // 70 RT,450 CV // 60 RT,450 CV // 50 RT,450 CV // 40 RT,450 CV // 30 RT,450 CV // 20 RT,450 CV // 10 RT,450 CV // 0 RT,475 CV // 80 RT,475 CV // 70 RT,475 CV // 60 RT,475 CV // 50 RT,475 CV // 40 RT,475 CV // 30 RT,475 CV // 20 RT,475 CV // 10 RT,475 CV // 0 RT,500 CV // 80 RT,500 CV // 70 RT,500 CV // 60 RT,500 CV // 50 RT,500 CV // 40 RT,500 CV // 30 RT,500 CV // 20 RT,500 CV // 10 RT,500 CV // 0 RT,525 CV // 80 RT,525 CV // 70 RT,525 CV // 60 RT,525 CV // 50 RT,525 CV // 40 RT,525 CV // 30 RT,525 CV // 20 RT,525 CV // 10 RT,525 CV // 0 RT,550 CV // 80 RT,550 CV // 70 RT,550 CV // 60 RT,550 CV // 50 RT,550 CV // 40 RT,550 CV // 30 RT,550 CV // 20 RT,550 CV // 10 RT,550 CV // 0 RT,575 CV // 80 RT,575 CV // 70 RT,575 CV // 60 RT,575 CV // 50 RT,575 CV // 40 RT,575 CV // 30 RT,575 CV // 20 RT,575 CV // 10 RT,575 CV // 0 RT,600 CV // 80 RT,600 CV // 70 RT,600 CV // 60 RT,600 CV // 50 RT,600 CV // 40 RT,600 CV // 30 RT,600 CV // 20 RT,600 CV // 10 RT,600 CV // 0 RT,625 CV // 80 RT,625 CV // 70 RT,625 CV // 60 RT,625 CV // 50 RT,625 CV // 40 RT,625 CV // 30 RT,625 CV // 20 RT,625 CV // 10 RT,625 CV // 0 RT,650 CV // 80 RT,650 CV // 70 RT,650 CV // 60 RT,650 CV // 50 RT,650 CV // 40 RT,650 CV // 30 RT,650 CV // 20 RT,650 CV // 10 RT,650 CV // 0 RT,675 CV // 80 RT,675 CV // 70 RT,675 CV // 60 RT,675 CV // 50 RT,675 CV // 40 RT,675 CV // 30 RT,675 CV // 20 RT,675 CV // 10 RT,675 CV // 0 RT,700 CV // 80 RT,700 CV // 70 RT,700 CV // 60 RT,700 CV // 50 RT,700 CV // 40 RT,700 CV // 30 RT,700 CV // 20 RT,700 CV // 10 RT,700 CV // 0 RT
100 CV // 80 RT,5% Casualties,5% Casualties,6% Casualties,7% Casualties,7% Casualties,7% Casualties,8% Casualties,8% Casualties,8% Casualties,5% Casualties,5% Casualties,6% Casualties,7% Casualties,7% Casualties,7% Casualties,7% Casualties,8% Casualties,8% Casualties,5% Casualties,6% Casualties,6% Casualties,7% Casualties,7% Casualties,7% Casualties,8% Casualties,8% Casualties,8% Casualties,5% Casualties,6% Casualties,6% Casualties,7% Casualties,7% Casualties,7% Casualties,8% Casualties,8% Casualties,8% Casualties,5% Casualties,6% Casualties,6% Casualties,7% Casualties,7% Casualties,7% Casualties,8% Casualties,8% Casualties,8% Casualties,5% Casualties,6% Casualties,6% Casualties,7% Casualties,7% Casualties,7% Casualties,7% Casualties,8% Casualties,8% Casualties,5% Casualties,6% Casualties,6% Casualties,7% Casualties,7% Casualties,7% Casualties,7% Casualties,8% Casualties,8% Casualties,5% Casualties,6% Casualties,6% Casualties,7% Casualties,7% Casualties,7% Casualties,7% Casualties,8% Casualties,8% Casualties,5% Casualties,6% Casualties,6% Casualties,7% Casualties,7% Casualties,7% Casualties,7% Casualties,8% Casualties,8% Casualties,6% Casualties,6% Casualties,7% Casualties,7% Casualties,7% Casualties,7% Casualties,7% Casualties,7% Casualties,8% Casualties,6% Casualties,6% Casualties,7% Casualties,7% Casualties,7% Casualties,7% Casualties,7% Casualties,7% Casualties,7% Casualties,6% Casualties,6% Casualties,7% Casualties,7% Casualties,7% Casualties,7% Casualties,7% Casualties,7% Casualties,7% Casualties,6% Casualties,6% Casualties,7% Casualties,7% Casualties,7% Casualties,7% Casualties,7% Casualties,7% Casualties,7% Casualties,6% Casualties,6% Casualties,7% Casualties,7% Casualties,7% Casualties,7% Casualties,7% Casualties,7% Casualties,7% Casualties,6% Casualties,6% Casualties,7% Casualties,7% Casualties,7% Casualties,7% Casualties,7% Casualties,7% Casualties,7% Casualties,6% Casualties,6% Casualties,7% Casualties,7% Casualties,7% Casualties,7% Casualties,7% Casualties,7% Casualties,7% Casualties,6% Casualties,6% Casualties,7% Casualties,7% Casualties,7% Casualties,7% Casualties,7% Casualties,7% Casualties,7% Casualties,6% Casualties,6% Casualties,7% Casualties,7% Casualties,7% Casualties,7% Casualties,7% Casualties,7% Casualties,7% Casualties,6% Casualties,6% Casualties,7% Casualties,7% Casualties,7% Casualties,7% Casualties,7% Casualties,7% Casualties,7% Casualties,6% Casualties,6% Casualties,7% Casualties,7% Casualties,7% Casualties,7% Casualties,7% Casualties,7% Casualties,7% Casualties,6% Casualties,6% Casualties,7% Casualties,7% Casualties,7% Casualties,7% Casualties,7% Casualties,7% Casualties,7% Casualties,6% Casualties,7% Casualties,7% Casualties,7% Casualties,7% Casualties,7% Casualties,7% Casualties,7% Casualties,7% Casualties,6% Casualties,6% Casualties,7% Casualties,7% Casualties,7% Casualties,7% Casualties,7% Casualties,7% Casualties,7% Casualties,6% Casualties,6% Casualties,7% Casualties,7% Casualties,7% Casualties,7% Casualties,7% Casualties,7% Casualties,7% Casualties,6% Casualties,7% Casualties,7% Casualties,7% Casualties,7% Casualties,7% Casualties,7% Casualties,7% Casualties,7% Casualties
100 CV // 70 RT,5% Casualties,6% Casualties,7% Casualties,7% Casualties,8% Casualties,8% Casualties,9% Casualties,9% Casualties,9% Casualties,5% Casualties,6% Casualties,7% Casualties,7% Casualties,8% Casualties,8% Casualties,9% Casualties,9% Casualties,9% Casualties,5% Casualties,6% Casualties,7% Casualties,7% Casualties,8% Casualties,8% Casualties,9% Casualties,9% Casualties,9% Casualties,5% Casualties,6% Casualties,7% Casualties,7% Casualties,8% Casualties,8% Casualties,9% Casualties,9% Casualties,9% Casualties,5% Casualties,6% Casualties,7% Casualties,7% Casualties,8% Casualties,8% Casualties,9% Casualties,9% Casualties,9% Casualties,6% Casualties,6% Casualties,7% Casualties,8% Casualties,8% Casualties,8% Casualties,9% Casualties,9% Casualties,9% Casualties,6% Casualties,7% Casualties,7% Casualties,8% Casualties,8% Casualties,8% Casualties,9% Casualties,9% Casualties,9% Casualties,6% Casualties,7% Casualties,7% Casualties,8% Casualties,8% Casualties,8% Casualties,9% Casualties,9% Casualties,9% Casualties,6% Casualties,7% Casualties,7% Casualties,8% Casualties,8% Casualties,8% Casualties,8% Casualties,9% Casualties,9% Casualties,6% Casualties,7% Casualties,7% Casualties,8% Casualties,8% Casualties,8% Casualties,8% Casualties,8% Casualties,9% Casualties,6% Casualties,7% Casualties,7% Casualties,8% Casualties,8% Casualties,8% Casualties,8% Casualties,8% Casualties,9% Casualties,6% Casualties,7% Casualties,7% Casualties,8% Casualties,8% Casualties,8% Casualties,8% Casualties,8% Casualties,8% Casualties,6% Casualties,7% Casualties,7% Casualties,8% Casualties,8% Casualties,8% Casualties,8% Casualties,8% Casualties,8% Casualties,6% Casualties,7% Casualties,8% Casualties,8% Casualties,8% Casualties,8% Casualties,8% Casualties,8% Casualties,8% Casualties,7% Casualties,7% Casualties,8% Casualties,8% Casualties,8% Casualties,8% Casualties,8% Casualties,8% Casualties,8% Casualties,7% Casualties,7% Casualties,7% Casualties,8% Casualties,8% Casualties,8% Casualties,8% Casualties,8% Casualties,8% Casualties,7% Casualties,7% Casualties,8% Casualties,8% Casualties,8% Casualties,8% Casualties,8% Casualties,8% Casualties,8% Casualties,7% Casualties,7% Casualties,8% Casualties,8% Casualties,8% Casualties,8% Casualties,8% Casualties,8% Casualties,8% Casualties,7% Casualties,7% Casualties,8% Casualties,8% Casualties,8% Casualties,8% Casualties,8% Casualties,8% Casualties,8% Casualties,7% Casualties,7% Casualties,8% Casualties,8% Casualties,8% Casualties,8% Casualties,8% Casualties,8% Casualties,8% Casualties,7% Casualties,7% Casualties,7% Casualties,8% Casualties,8% Casualties,8% Casualties,8% Casualties,8% Casualties,8% Casualties,7% Casualties,7% Casualties,7% Casualties,8% Casualties,8% Casualties,8% Casualties,8% Casualties,8% Casualties,8% Casualties,7% Casualties,7% Casualties,8% Casualties,8% Casualties,8% Casualties,8% Casualties,8% Casualties,8% Casualties,8% Casualties,7% Casualties,7% Casualties,7% Casualties,8% Casualties,8% Casualties,8% Casualties,8% Casualties,8% Casualties,8% Casualties,7% Casualties,7% Casualties,7% Casualties,8% Casualties,8% Casualties,8% Casualties,8% Casualties,8% Casualties,8% Casualties
100 CV // 60 RT,5% Casualties,6% Casualties,7% Casualties,8% Casualties,9% Casualties,9% Casualties,10% Casualties,10% Casualties,11% Casualties,6% Casualties,6% Casualties,7% Casualties,8% Casualties,9% Casualties,9% Casualties,10% Casualties,10% Casualties,10% Casualties,6% Casualties,7% Casualties,7% Casualties,8% Casualties,9% Casualties,9% Casualties,10% Casualties,10% Casualties,10% Casualties,6% Casualties,7% Casualties,7% Casualties,8% Casualties,9% Casualties,9% Casualties,10% Casualties,10% Casualties,10% Casualties,6% Casualties,7% Casualties,8% Casualties,8% Casualties,9% Casualties,9% Casualties,10% Casualties,10% Casualties,10% Casualties,6% Casualties,7% Casualties,8% Casualties,8% Casualties,9% Casualties,10% Casualties,10% Casualties,10% Casualties,10% Casualties,6% Casualties,7% Casualties,8% Casualties,9% Casualties,9% Casualties,10% Casualties,10% Casualties,10% Casualties,10% Casualties,6% Casualties,7% Casualties,8% Casualties,9% Casualties,9% Casualties,10% Casualties,10% Casualties,10% Casualties,10% Casualties,7% Casualties,8% Casualties,8% Casualties,9% Casualties,9% Casualties,10% Casualties,10% Casualties,10% Casualties,10% Casualties,7% Casualties,8% Casualties,8% Casualties,9% Casualties,9% Casualties,10% Casualties,10% Casualties,10% Casualties,10% Casualties,7% Casualties,8% Casualties,8% Casualties,9% Casualties,9% Casualties,9% Casualties,10% Casualties,10% Casualties,10% Casualties,7% Casualties,8% Casualties,8% Casualties,9% Casualties,9% Casualties,9% Casualties,10% Casualties,10% Casualties,10% Casualties,7% Casualties,8% Casualties,9% Casualties,9% Casualties,9% Casualties,10% Casualties,10% Casualties,10% Casualties,10% Casualties,7% Casualties,8% Casualties,9% Casualties,9% Casualties,9% Casualties,9% Casualties,10% Casualties,10% Casualties,10% Casualties,7% Casualties,8% Casualties,9% Casualties,9% Casualties,9% Casualties,9% Casualties,10% Casualties,10% Casualties,10% Casualties,8% Casualties,8% Casualties,9% Casualties,9% Casualties,9% Casualties,9% Casualties,9% Casualties,9% Casualties,9% Casualties,8% Casualties,8% Casualties,9% Casualties,9% Casualties,9% Casualties,9% Casualties,9% Casualties,9% Casualties,9% Casualties,8% Casualties,8% Casualties,9% Casualties,9% Casualties,9% Casualties,9% Casualties,9% Casualties,9% Casualties,9% Casualties,8% Casualties,8% Casualties,9% Casualties,9% Casualties,9% Casualties,9% Casualties,9% Casualties,9% Casualties,9% Casualties,8% Casualties,8% Casualties,9% Casualties,9% Casualties,9% Casualties,9% Casualties,9% Casualties,9% Casualties,9% Casualties,8% Casualties,8% Casualties,9% Casualties,9% Casualties,9% Casualties,9% Casualties,9% Casualties,9% Casualties,9% Casualties,8% Casualties,9% Casualties,9% Casualties,9% Casualties,9% Casualties,9% Casualties,9% Casualties,9% Casualties,9% Casualties,8% Casualties,9% Casualties,9% Casualties,9% Casualties,9% Casualties,9% Casualties,9% Casualties,9% Casualties,9% Casualties,8% Casualties,9% Casualties,9% Casualties,9% Casualties,9% Casualties,9% Casualties,9% Casualties,9% Casualties,9% Casualties,8% Casualties,9% Casualties,9% Casualties,9% Casualties,9% Casualties,9% Casualties,9% Casualties,9% Casualties,9% Casualties
100 CV // 50 RT,6% Casualties,7% Casualties,8% Casualties,9% Casualties,9% Casualties,10% Casualties,11% Casualties,11% Casualties,12% Casualties,6% Casualties,7% Casualties,8% Casualties,9% Casualties,10% Casualties,10% Casualties,11% Casualties,11% Casualties,12% Casualties,6% Casualties,7% Casualties,8% Casualties,9% Casualties,10% Casualties,11% Casualties,11% Casualties,11% Casualties,12% Casualties,6% Casualties,7% Casualties,8% Casualties,9% Casualties,10% Casualties,11% Casualties,11% Casualties,12% Casualties,12% Casualties,7% Casualties,8% Casualties,9% Casualties,9% Casualties,10% Casualties,11% Casualties,11% Casualties,12% Casualties,12% Casualties,7% Casualties,8% Casualties,9% Casualties,10% Casualties,10% Casualties,11% Casualties,11% Casualties,12% Casualties,12% Casualties,7% Casualties,8% Casualties,9% Casualties,10% Casualties,11% Casualties,11% Casualties,11% Casualties,12% Casualties,12% Casualties,7% Casualties,8% Casualties,9% Casualties,10% Casualties,11% Casualties,11% Casualties,11% Casualties,12% Casualties,12% Casualties,7% Casualties,8% Casualties,9% Casualties,10% Casualties,11% Casualties,11% Casualties,11% Casualties,12% Casualties,12% Casualties,8% Casualties,9% Casualties,10% Casualties,10% Casualties,11% Casualties,11% Casualties,11% Casualties,12% Casualties,12% Casualties,8% Casualties,9% Casualties,10% Casualties,10% Casualties,11% Casualties,11% Casualties,11% Casualties,12% Casualties,12% Casualties,8% Casualties,9% Casualties,10% Casualties,10% Casualties,11% Casualties,11% Casualties,12% Casualties,12% Casualties,12% Casualties,8% Casualties,9% Casualties,10% Casualties,11% Casualties,11% Casualties,11% Casualties,11% Casualties,12% Casualties,12% Casualties,8% Casualties,9% Casualties,10% Casualties,11% Casualties,11% Casualties,11% Casualties,11% Casualties,12% Casualties,12% Casualties,8% Casualties,10% Casualties,10% Casualties,10% Casualties,11% Casualties,11% Casualties,11% Casualties,11% Casualties,11% Casualties,9% Casualties,10% Casualties,10% Casualties,11% Casualties,11% Casualties,11% Casualties,11% Casualties,11% Casualties,11% Casualties,9% Casualties,10% Casualties,10% Casualties,11% Casualties,11% Casualties,11% Casualties,11% Casualties,11% Casualties,11% Casualties,9% Casualties,10% Casualties,10% Casualties,11% Casualties,11% Casualties,11% Casualties,11% Casualties,11% Casualties,11% Casualties,9% Casualties,10% Casualties,10% Casualties,11% Casualties,11% Casualties,11% Casualties,11% Casualties,11% Casualties,11% Casualties,9% Casualties,10% Casualties,11% Casualties,11% Casualties,11% Casualties,11% Casualties,11% Casualties,11% Casualties,11% Casualties,9% Casualties,10% Casualties,10% Casualties,11% Casualties,11% Casualties,11% Casualties,11% Casualties,11% Casualties,11% Casualties,10% Casualties,10% Casualties,11% Casualties,11% Casualties,11% Casualties,11% Casualties,11% Casualties,11% Casualties,11% Casualties,10% Casualties,10% Casualties,11% Casualties,11% Casualties,11% Casualties,11% Casualties,11% Casualties,11% Casualties,11% Casualties,10% Casualties,10% Casualties,11% Casualties,11% Casualties,11% Casualties,11% Casualties,11% Casualties,11% Casualties,11% Casualties,10% Casualties,10% Casualties,11% Casualties,11% Casualties,11% Casualties,11% Casualties,11% Casualties,11% Casualties,11% Casualties
100 CV // 40 RT,6% Casualties,7% Casualties,9% Casualties,9% Casualties,10% Casualties,11% Casualties,12% Casualties,13% Casualties,13% Casualties,6% Casualties,8% Casualties,9% Casualties,10% Casualties,11% Casualties,12% Casualties,13% Casualties,13% Casualties,14% Casualties,7% Casualties,8% Casualties,9% Casualties,10% Casualties,11% Casualties,12% Casualties,12% Casualties,13% Casualties,14% Casualties,7% Casualties,8% Casualties,9% Casualties,10% Casualties,11% Casualties,12% Casualties,13% Casualties,13% Casualties,14% Casualties,7% Casualties,8% Casualties,10% Casualties,11% Casualties,12% Casualties,12% Casualties,13% Casualties,14% Casualties,14% Casualties,8% Casualties,9% Casualties,10% Casualties,11% Casualties,12% Casualties,13% Casualties,13% Casualties,14% Casualties,14% Casualties,8% Casualties,9% Casualties,10% Casualties,11% Casualties,12% Casualties,13% Casualties,13% Casualties,14% Casualties,14% Casualties,8% Casualties,9% Casualties,11% Casualties,12% Casualties,12% Casualties,13% Casualties,13% Casualties,14% Casualties,14% Casualties,8% Casualties,10% Casualties,11% Casualties,12% Casualties,12% Casualties,13% Casualties,14% Casualties,14% Casualties,14% Casualties,9% Casualties,10% Casualties,11% Casualties,12% Casualties,13% Casualties,13% Casualties,14% Casualties,14% Casualties,14% Casualties,9% Casualties,10% Casualties,11% Casualties,12% Casualties,13% Casualties,13% Casualties,14% Casualties,14% Casualties,14% Casualties,9% Casualties,10% Casualties,12% Casualties,12% Casualties,13% Casualties,14% Casualties,14% Casualties,14% Casualties,14% Casualties,10% Casualties,11% Casualties,12% Casualties,13% Casualties,13% Casualties,14% Casualties,14% Casualties,14% Casualties,14% Casualties,10% Casualties,11% Casualties,12% Casualties,13% Casualties,13% Casualties,14% Casualties,14% Casualties,14% Casualties,14% Casualties,10% Casualties,11% Casualties,12% Casualties,13% Casualties,13% Casualties,14% Casualties,14% Casualties,14% Casualties,14% Casualties,10% Casualties,12% Casualties,12% Casualties,13% Casualties,13% Casualties,14% Casualties,14% Casualties,14% Casualties,14% Casualties,11% Casualties,12% Casualties,13% Casualties,13% Casualties,13% Casualties,14% Casualties,14% Casualties,14% Casualties,14% Casualties,11% Casualties,12% Casualties,13% Casualties,13% Casualties,14% Casualties,14% Casualties,14% Casualties,14% Casualties,14% Casualties,11% Casualties,12% Casualties,13% Casualties,13% Casualties,14% Casualties,14% Casualties,14% Casualties,14% Casualties,14% Casualties,11% Casualties,12% Casualties,13% Casualties,13% Casualties,13% Casualties,14% Casualties,14% Casualties,14% Casualties,14% Casualties,11% Casualties,12% Casualties,13% Casualties,13% Casualties,14% Casualties,14% Casualties,14% Casualties,14% Casualties,14% Casualties,12% Casualties,12% Casualties,13% Casualties,13% Casualties,14% Casualties,13% Casualties,14% Casualties,14% Casualties,14% Casualties,12% Casualties,12% Casualties,13% Casualties,13% Casualties,13% Casualties,14% Casualties,14% Casualties,14% Casualties,14% Casualties,12% Casualties,13% Casualties,13% Casualties,13% Casualties,14% Casualties,14% Casualties,14% Casualties,14% Casualties,14% Casualties,12% Casualties,13% Casualties,13% Casualties,13% Casualties,13% Casualties,13% Casualties,14% Casualties,14% Casualties,14% Casualties
100 CV // 30 RT,6% Casualties,8% Casualties,9% Casualties,11% Casualties,12% Casualties,13% Casualties,14% Casualties,15% Casualties,15% Casualties,7% Casualties,8% Casualties,10% Casualties,11% Casualties,12% Casualties,13% Casualties,14% Casualties,15% Casualties,16% Casualties,7% Casualties,9% Casualties,10% Casualties,12% Casualties,13% Casualties,14% Casualties,15% Casualties,15% Casualties,16% Casualties,8% Casualties,9% Casualties,11% Casualties,12% Casualties,13% Casualties,14% Casualties,15% Casualties,16% Casualties,16% Casualties,8% Casualties,9% Casualties,11% Casualties,12% Casualties,13% Casualties,14% Casualties,15% Casualties,16% Casualties,16% Casualties,8% Casualties,10% Casualties,12% Casualties,13% Casualties,14% Casualties,15% Casualties,16% Casualties,16% Casualties,17% Casualties,9% Casualties,11% Casualties,12% Casualties,13% Casualties,14% Casualties,15% Casualties,16% Casualties,17% Casualties,17% Casualties,9% Casualties,11% Casualties,12% Casualties,13% Casualties,15% Casualties,16% Casualties,16% Casualties,17% Casualties,17% Casualties,9% Casualties,11% Casualties,13% Casualties,14% Casualties,15% Casualties,16% Casualties,16% Casualties,17% Casualties,17% Casualties,10% Casualties,12% Casualties,13% Casualties,15% Casualties,15% Casualties,16% Casualties,17% Casualties,17% Casualties,18% Casualties,11% Casualties,12% Casualties,14% Casualties,15% Casualties,16% Casualties,16% Casualties,17% Casualties,17% Casualties,17% Casualties,11% Casualties,13% Casualties,14% Casualties,15% Casualties,16% Casualties,17% Casualties,17% Casualties,17% Casualties,17% Casualties,11% Casualties,13% Casualties,14% Casualties,15% Casualties,16% Casualties,17% Casualties,17% Casualties,17% Casualties,17% Casualties,12% Casualties,13% Casualties,15% Casualties,15% Casualties,16% Casualties,17% Casualties,17% Casualties,17% Casualties,17% Casualties,12% Casualties,14% Casualties,15% Casualties,16% Casualties,16% Casualties,17% Casualties,17% Casualties,17% Casualties,18% Casualties,12% Casualties,14% Casualties,15% Casualties,16% Casualties,17% Casualties,17% Casualties,17% Casualties,17% Casualties,17% Casualties,13% Casualties,14% Casualties,15% Casualties,16% Casualties,17% Casualties,17% Casualties,17% Casualties,17% Casualties,17% Casualties,13% Casualties,15% Casualties,16% Casualties,16% Casualties,17% Casualties,17% Casualties,17% Casualties,17% Casualties,17% Casualties,13% Casualties,15% Casualties,16% Casualties,16% Casualties,17% Casualties,17% Casualties,17% Casualties,17% Casualties,17% Casualties,14% Casualties,15% Casualties,16% Casualties,17% Casualties,17% Casualties,17% Casualties,17% Casualties,17% Casualties,17% Casualties,14% Casualties,15% Casualties,16% Casualties,17% Casualties,17% Casualties,17% Casualties,17% Casualties,17% Casualties,17% Casualties,15% Casualties,16% Casualties,16% Casualties,17% Casualties,17% Casualties,17% Casualties,17% Casualties,17% Casualties,17% Casualties,15% Casualties,16% Casualties,16% Casualties,17% Casualties,17% Casualties,17% Casualties,17% Casualties,17% Casualties,17% Casualties,15% Casualties,16% Casualties,16% Casualties,17% Casualties,17% Casualties,17% Casualties,17% Casualties,17% Casualties,17% Casualties,15% Casualties,16% Casualties,16% Casualties,17% Casualties,17% Casualties,17% Casualties,17% Casualties,17% Casualties,17% Casualties
100 CV // 20 RT,7% Casualties,9% Casualties,10% Casualties,12% Casualties,13% Casualties,15% Casualties,16% Casualties,17% Casualties,18% Casualties,8% Casualties,9% Casualties,11% Casualties,13% Casualties,14% Casualties,15% Casualties,17% Casualties,18% Casualties,19% Casualties,8% Casualties,10% Casualties,12% Casualties,13% Casualties,15% Casualties,16% Casualties,17% Casualties,19% Casualties,19% Casualties,8% Casualties,10% Casualties,12% Casualties,14% Casualties,15% Casualties,17% Casualties,18% Casualties,19% Casualties,20% Casualties,9% Casualties,11% Casualties,13% Casualties,14% Casualties,16% Casualties,17% Casualties,18% Casualties,19% Casualties,20% Casualties,10% Casualties,12% Casualties,14% Casualties,15% Casualties,17% Casualties,18% Casualties,19% Casualties,20% Casualties,21% Casualties,10% Casualties,12% Casualties,14% Casualties,16% Casualties,17% Casualties,18% Casualties,19% Casualties,20% Casualties,21% Casualties,11% Casualties,13% Casualties,15% Casualties,16% Casualties,18% Casualties,19% Casualties,20% Casualties,21% Casualties,21% Casualties,11% Casualties,13% Casualties,15% Casualties,17% Casualties,18% Casualties,19% Casualties,20% Casualties,21% Casualties,21% Casualties,12% Casualties,14% Casualties,16% Casualties,18% Casualties,19% Casualties,20% Casualties,21% Casualties,21% Casualties,22% Casualties,12% Casualties,14% Casualties,16% Casualties,18% Casualties,19% Casualties,20% Casualties,21% Casualties,22% Casualties,22% Casualties,13% Casualties,15% Casualties,17% Casualties,18% Casualties,20% Casualties,20% Casualties,21% Casualties,21% Casualties,22% Casualties,13% Casualties,15% Casualties,18% Casualties,18% Casualties,20% Casualties,20% Casualties,21% Casualties,21% Casualties,22% Casualties,14% Casualties,16% Casualties,18% Casualties,19% Casualties,20% Casualties,21% Casualties,21% Casualties,22% Casualties,22% Casualties,15% Casualties,17% Casualties,18% Casualties,20% Casualties,20% Casualties,21% Casualties,21% Casualties,22% Casualties,22% Casualties,15% Casualties,17% Casualties,19% Casualties,20% Casualties,21% Casualties,21% Casualties,22% Casualties,22% Casualties,22% Casualties,16% Casualties,17% Casualties,19% Casualties,20% Casualties,21% Casualties,21% Casualties,22% Casualties,22% Casualties,22% Casualties,16% Casualties,18% Casualties,19% Casualties,20% Casualties,21% Casualties,21% Casualties,22% Casualties,22% Casualties,22% Casualties,17% Casualties,18% Casualties,20% Casualties,20% Casualties,21% Casualties,21% Casualties,21% Casualties,22% Casualties,22% Casualties,17% Casualties,19% Casualties,20% Casualties,20% Casualties,21% Casualties,22% Casualties,21% Casualties,22% Casualties,22% Casualties,17% Casualties,19% Casualties,20% Casualties,21% Casualties,21% Casualties,21% Casualties,22% Casualties,22% Casualties,21% Casualties,18% Casualties,19% Casualties,20% Casualties,21% Casualties,21% Casualties,21% Casualties,21% Casualties,22% Casualties,21% Casualties,18% Casualties,20% Casualties,20% Casualties,21% Casualties,21% Casualties,22% Casualties,22% Casualties,21% Casualties,21% Casualties,18% Casualties,20% Casualties,20% Casualties,21% Casualties,21% Casualties,21% Casualties,22% Casualties,21% Casualties,21% Casualties,19% Casualties,20% Casualties,21% Casualties,21% Casualties,21% Casualties,21% Casualties,22% Casualties,21% Casualties,21% Casualties
100 CV // 10 RT,8% Casualties,10% Casualties,11% Casualties,13% Casualties,15% Casualties,17% Casualties,18% Casualties,19% Casualties,21% Casualties,8% Casualties,11% Casualties,13% Casualties,15% Casualties,16% Casualties,18% Casualties,20% Casualties,21% Casualties,22% Casualties,9% Casualties,11% Casualties,13% Casualties,15% Casualties,17% Casualties,19% Casualties,20% Casualties,22% Casualties,23% Casualties,9% Casualties,12% Casualties,14% Casualties,16% Casualties,18% Casualties,19% Casualties,21% Casualties,22% Casualties,24% Casualties,10% Casualties,12% Casualties,15% Casualties,17% Casualties,19% Casualties,20% Casualties,22% Casualties,23% Casualties,24% Casualties,11% Casualties,14% Casualties,16% Casualties,18% Casualties,20% Casualties,22% Casualties,23% Casualties,24% Casualties,25% Casualties,12% Casualties,14% Casualties,17% Casualties,19% Casualties,20% Casualties,22% Casualties,23% Casualties,25% Casualties,26% Casualties,12% Casualties,15% Casualties,17% Casualties,19% Casualties,21% Casualties,23% Casualties,24% Casualties,25% Casualties,26% Casualties,13% Casualties,16% Casualties,18% Casualties,20% Casualties,22% Casualties,23% Casualties,25% Casualties,26% Casualties,27% Casualties,14% Casualties,17% Casualties,19% Casualties,21% Casualties,23% Casualties,25% Casualties,25% Casualties,26% Casualties,27% Casualties,14% Casualties,17% Casualties,20% Casualties,22% Casualties,23% Casualties,25% Casualties,26% Casualties,26% Casualties,27% Casualties,15% Casualties,18% Casualties,20% Casualties,22% Casualties,24% Casualties,25% Casualties,26% Casualties,26% Casualties,27% Casualties,16% Casualties,19% Casualties,21% Casualties,23% Casualties,24% Casualties,25% Casualties,26% Casualties,27% Casualties,27% Casualties,17% Casualties,20% Casualties,22% Casualties,24% Casualties,25% Casualties,26% Casualties,26% Casualties,27% Casualties,27% Casualties,17% Casualties,20% Casualties,22% Casualties,24% Casualties,25% Casualties,26% Casualties,27% Casualties,27% Casualties,27% Casualties,18% Casualties,20% Casualties,22% Casualties,24% Casualties,25% Casualties,26% Casualties,27% Casualties,27% Casualties,28% Casualties,18% Casualties,21% Casualties,23% Casualties,24% Casualties,26% Casualties,26% Casualties,27% Casualties,27% Casualties,27% Casualties,20% Casualties,22% Casualties,23% Casualties,25% Casualties,26% Casualties,26% Casualties,26% Casualties,27% Casualties,27% Casualties,20% Casualties,22% Casualties,24% Casualties,25% Casualties,26% Casualties,26% Casualties,27% Casualties,27% Casualties,27% Casualties,20% Casualties,23% Casualties,24% Casualties,25% Casualties,26% Casualties,26% Casualties,27% Casualties,27% Casualties,27% Casualties,21% Casualties,23% Casualties,25% Casualties,26% Casualties,26% Casualties,26% Casualties,27% Casualties,27% Casualties,27% Casualties,21% Casualties,24% Casualties,25% Casualties,26% Casualties,26% Casualties,26% Casualties,26% Casualties,27% Casualties,27% Casualties,22% Casualties,24% Casualties,25% Casualties,26% Casualties,26% Casualties,26% Casualties,26% Casualties,26% Casualties,27% Casualties,22% Casualties,24% Casualties,25% Casualties,26% Casualties,26% Casualties,26% Casualties,26% Casualties,26% Casualties,26% Casualties,22% Casualties,24% Casualties,25% Casualties,26% Casualties,26% Casualties,26% Casualties,26% Casualties,26% Casualties,26% Casualties
100 CV // 0 RT,8% Casualties,10% Casualties,13% Casualties,15% Casualties,17% Casualties,19% Casualties,21% Casualties,23% Casualties,25% Casualties,10% Casualties,12% Casualties,14% Casualties,17% Casualties,19% Casualties,21% Casualties,23% Casualties,25% Casualties,27% Casualties,10% Casualties,12% Casualties,15% Casualties,18% Casualties,20% Casualties,22% Casualties,24% Casualties,26% Casualties,28% Casualties,10% Casualties,13% Casualties,16% Casualties,19% Casualties,21% Casualties,23% Casualties,25% Casualties,27% Casualties,29% Casualties,11% Casualties,14% Casualties,17% Casualties,19% Casualties,22% Casualties,24% Casualties,26% Casualties,28% Casualties,29% Casualties,12% Casualties,16% Casualties,19% Casualties,21% Casualties,24% Casualties,26% Casualties,28% Casualties,29% Casualties,31% Casualties,13% Casualties,16% Casualties,19% Casualties,22% Casualties,25% Casualties,27% Casualties,29% Casualties,30% Casualties,31% Casualties,14% Casualties,17% Casualties,20% Casualties,23% Casualties,26% Casualties,28% Casualties,29% Casualties,31% Casualties,32% Casualties,15% Casualties,18% Casualties,21% Casualties,24% Casualties,26% Casualties,28% Casualties,30% Casualties,31% Casualties,32% Casualties,17% Casualties,20% Casualties,23% Casualties,26% Casualties,28% Casualties,29% Casualties,31% Casualties,32% Casualties,33% Casualties,17% Casualties,20% Casualties,23% Casualties,26% Casualties,28% Casualties,30% Casualties,32% Casualties,33% Casualties,33% Casualties,17% Casualties,21% Casualties,24% Casualties,27% Casualties,29% Casualties,31% Casualties,32% Casualties,33% Casualties,34% Casualties,19% Casualties,22% Casualties,25% Casualties,28% Casualties,30% Casualties,31% Casualties,32% Casualties,33% Casualties,34% Casualties,20% Casualties,23% Casualties,26% Casualties,28% Casualties,30% Casualties,32% Casualties,33% Casualties,33% Casualties,34% Casualties,21% Casualties,24% Casualties,27% Casualties,29% Casualties,31% Casualties,32% Casualties,33% Casualties,33% Casualties,34% Casualties,21% Casualties,25% Casualties,28% Casualties,29% Casualties,31% Casualties,32% Casualties,33% Casualties,33% Casualties,34% Casualties,22% Casualties,25% Casualties,28% Casualties,30% Casualties,31% Casualties,32% Casualties,33% Casualties,33% Casualties,33% Casualties,23% Casualties,26% Casualties,29% Casualties,31% Casualties,32% Casualties,32% Casualties,33% Casualties,33% Casualties,33% Casualties,24% Casualties,27% Casualties,29% Casualties,30% Casualties,32% Casualties,32% Casualties,33% Casualties,33% Casualties,33% Casualties,24% Casualties,27% Casualties,29% Casualties,31% Casualties,32% Casualties,32% Casualties,33% Casualties,33% Casualties,33% Casualties,25% Casualties,28% Casualties,30% Casualties,31% Casualties,32% Casualties,32% Casualties,32% Casualties,33% Casualties,33% Casualties,25% Casualties,28% Casualties,30% Casualties,31% Casualties,32% Casualties,32% Casualties,32% Casualties,32% Casualties,32% Casualties,26% Casualties,28% Casualties,30% Casualties,31% Casualties,32% Casualties,32% Casualties,32% Casualties,32% Casualties,32% Casualties,27% Casualties,29% Casualties,30% Casualties,31% Casualties,32% Casualties,32% Casualties,32% Casualties,32% Casualties,32% Casualties,27% Casualties,29% Casualties,30% Casualties,31% Casualties,31% Casualties,32% Casualties,32% Casualties,32% Casualties,32% Casualties
125 CV // 80 RT,4% Casualties,5% Casualties,5% Casualties,6% Casualties,6% Casualties,7% Casualties,7% Casualties,7% Casualties,8% Casualties,4% Casualties,5% Casualties,5% Casualties,6% Casualties,6% Casualties,7% Casualties,7% Casualties,7% Casualties,7% Casualties,4% Casualties,5% Casualties,5% Casualties,6% Casualties,6% Casualties,7% Casualties,7% Casualties,7% Casualties,7% Casualties,5% Casualties,5% Casualties,6% Casualties,7% Casualties,7% Casualties,7% Casualties,8% Casualties,8% Casualties,8% Casualties,5% Casualties,6% Casualties,6% Casualties,7% Casualties,7% Casualties,8% Casualties,8% Casualties,8% Casualties,8% Casualties,5% Casualties,6% Casualties,6% Casualties,7% Casualties,7% Casualties,7% Casualties,8% Casualties,8% Casualties,8% Casualties,5% Casualties,6% Casualties,6% Casualties,7% Casualties,7% Casualties,8% Casualties,8% Casualties,8% Casualties,8% Casualties,5% Casualties,6% Casualties,6% Casualties,7% Casualties,7% Casualties,8% Casualties,8% Casualties,8% Casualties,8% Casualties,5% Casualties,6% Casualties,6% Casualties,7% Casualties,7% Casualties,8% Casualties,8% Casualties,8% Casualties,8% Casualties,5% Casualties,6% Casualties,7% Casualties,7% Casualties,7% Casualties,8% Casualties,8% Casualties,8% Casualties,8% Casualties,5% Casualties,6% Casualties,7% Casualties,7% Casualties,7% Casualties,8% Casualties,8% Casualties,8% Casualties,8% Casualties,6% Casualties,6% Casualties,7% Casualties,7% Casualties,7% Casualties,8% Casualties,8% Casualties,8% Casualties,8% Casualties,6% Casualties,6% Casualties,7% Casualties,7% Casualties,7% Casualties,8% Casualties,8% Casualties,8% Casualties,8% Casualties,6% Casualties,6% Casualties,7% Casualties,7% Casualties,7% Casualties,8% Casualties,8% Casualties,8% Casualties,8% Casualties,6% Casualties,6% Casualties,7% Casualties,7% Casualties,7% Casualties,8% Casualties,8% Casualties,8% Casualties,8% Casualties,6% Casualties,6% Casualties,7% Casualties,7% Casualties,7% Casualties,8% Casualties,8% Casualties,8% Casualties,8% Casualties,6% Casualties,6% Casualties,7% Casualties,7% Casualties,7% Casualties,8% Casualties,8% Casualties,8% Casualties,8% Casualties,6% Casualties,6% Casualties,7% Casualties,7% Casualties,7% Casualties,7% Casualties,8% Casualties,8% Casualties,8% Casualties,6% Casualties,7% Casualties,7% Casualties,7% Casualties,7% Casualties,7% Casualties,7% Casualties,7% Casualties,8% Casualties,6% Casualties,6% Casualties,7% Casualties,7% Casualties,7% Casualties,7% Casualties,7% Casualties,8% Casualties,7% Casualties,6% Casualties,7% Casualties,7% Casualties,7% Casualties,7% Casualties,7% Casualties,7% Casualties,7% Casualties,7% Casualties,6% Casualties,7% Casualties,7% Casualties,7% Casualties,7% Casualties,7% Casualties,7% Casualties,7% Casualties,7% Casualties,6% Casualties,7% Casualties,7% Casualties,7% Casualties,7% Casualties,7% Casualties,7% Casualties,7% Casualties,7% Casualties,6% Casualties,7% Casualties,7% Casualties,7% Casualties,7% Casualties,7% Casualties,7% Casualties,7% Casualties,7% Casualties,6% Casualties,7% Casualties,7% Casualties,7% Casualties,7% Casualties,7% Casualties,7% Casualties,7% Casualties,7% Casualties
125 CV // 70 RT,4% Casualties,5% Casualties,6% Casualties,6% Casualties,7% Casualties,7% Casualties,8% Casualties,8% Casualties,9% Casualties,4% Casualties,5% Casualties,6% Casualties,6% Casualties,7% Casualties,7% Casualties,8% Casualties,8% Casualties,8% Casualties,4% Casualties,5% Casualties,6% Casualties,6% Casualties,7% Casualties,7% Casualties,8% Casualties,8% Casualties,8% Casualties,5% Casualties,6% Casualties,7% Casualties,7% Casualties,8% Casualties,8% Casualties,9% Casualties,9% Casualties,9% Casualties,5% Casualties,6% Casualties,7% Casualties,7% Casualties,8% Casualties,8% Casualties,9% Casualties,9% Casualties,9% Casualties,5% Casualties,6% Casualties,7% Casualties,7% Casualties,8% Casualties,9% Casualties,9% Casualties,9% Casualties,9% Casualties,5% Casualties,6% Casualties,7% Casualties,8% Casualties,8% Casualties,8% Casualties,9% Casualties,9% Casualties,9% Casualties,6% Casualties,6% Casualties,7% Casualties,8% Casualties,8% Casualties,9% Casualties,9% Casualties,9% Casualties,9% Casualties,6% Casualties,6% Casualties,7% Casualties,8% Casualties,8% Casualties,9% Casualties,9% Casualties,9% Casualties,9% Casualties,6% Casualties,7% Casualties,7% Casualties,8% Casualties,8% Casualties,9% Casualties,9% Casualties,9% Casualties,9% Casualties,6% Casualties,7% Casualties,7% Casualties,8% Casualties,8% Casualties,8% Casualties,9% Casualties,9% Casualties,9% Casualties,6% Casualties,7% Casualties,7% Casualties,8% Casualties,8% Casualties,9% Casualties,9% Casualties,9% Casualties,9% Casualties,6% Casualties,7% Casualties,8% Casualties,8% Casualties,8% Casualties,9% Casualties,9% Casualties,9% Casualties,9% Casualties,6% Casualties,7% Casualties,7% Casualties,8% Casualties,8% Casualties,9% Casualties,9% Casualties,9% Casualties,9% Casualties,6% Casualties,7% Casualties,8% Casualties,8% Casualties,8% Casualties,9% Casualties,9% Casualties,9% Casualties,9% Casualties,6% Casualties,7% Casualties,8% Casualties,8% Casualties,8% Casualties,9% Casualties,9% Casualties,9% Casualties,9% Casualties,6% Casualties,7% Casualties,8% Casualties,8% Casualties,8% Casualties,9% Casualties,9% Casualties,9% Casualties,9% Casualties,7% Casualties,7% Casualties,8% Casualties,8% Casualties,8% Casualties,8% Casualties,9% Casualties,9% Casualties,9% Casualties,7% Casualties,7% Casualties,8% Casualties,8% Casualties,8% Casualties,8% Casualties,9% Casualties,9% Casualties,9% Casualties,7% Casualties,7% Casualties,8% Casualties,8% Casualties,8% Casualties,9% Casualties,9% Casualties,9% Casualties,9% Casualties,7% Casualties,7% Casualties,8% Casualties,8% Casualties,8% Casualties,8% Casualties,8% Casualties,8% Casualties,9% Casualties,7% Casualties,7% Casualties,8% Casualties,8% Casualties,8% Casualties,8% Casualties,8% Casualties,8% Casualties,9% Casualties,7% Casualties,7% Casualties,8% Casualties,8% Casualties,8% Casualties,8% Casualties,8% Casualties,8% Casualties,8% Casualties,7% Casualties,7% Casualties,8% Casualties,8% Casualties,8% Casualties,8% Casualties,8% Casualties,8% Casualties,8% Casualties,7% Casualties,7% Casualties,8% Casualties,8% Casualties,8% Casualties,8% Casualties,8% Casualties,8% Casualties,8% Casualties
125 CV // 60 RT,5% Casualties,5% Casualties,6% Casualties,7% Casualties,8% Casualties,8% Casualties,9% Casualties,9% Casualties,10% Casualties,5% Casualties,5% Casualties,6% Casualties,7% Casualties,7% Casualties,8% Casualties,9% Casualties,9% Casualties,9% Casualties,5% Casualties,5% Casualties,6% Casualties,7% Casualties,8% Casualties,8% Casualties,9% Casualties,9% Casualties,9% Casualties,5% Casualties,6% Casualties,7% Casualties,8% Casualties,9% Casualties,9% Casualties,10% Casualties,10% Casualties,11% Casualties,6% Casualties,7% Casualties,7% Casualties,8% Casualties,9% Casualties,9% Casualties,10% Casualties,10% Casualties,11% Casualties,6% Casualties,7% Casualties,7% Casualties,8% Casualties,9% Casualties,10% Casualties,10% Casualties,10% Casualties,11% Casualties,6% Casualties,7% Casualties,8% Casualties,8% Casualties,9% Casualties,10% Casualties,10% Casualties,10% Casualties,11% Casualties,6% Casualties,7% Casualties,8% Casualties,9% Casualties,9% Casualties,10% Casualties,10% Casualties,10% Casualties,11% Casualties,6% Casualties,7% Casualties,8% Casualties,9% Casualties,9% Casualties,10% Casualties,10% Casualties,10% Casualties,11% Casualties,6% Casualties,7% Casualties,8% Casualties,9% Casualties,9% Casualties,10% Casualties,10% Casualties,10% Casualties,11% Casualties,6% Casualties,7% Casualties,8% Casualties,9% Casualties,9% Casualties,10% Casualties,10% Casualties,10% Casualties,11% Casualties,6% Casualties,7% Casualties,8% Casualties,9% Casualties,9% Casualties,10% Casualties,10% Casualties,10% Casualties,10% Casualties,7% Casualties,8% Casualties,8% Casualties,9% Casualties,10% Casualties,10% Casualties,10% Casualties,10% Casualties,10% Casualties,7% Casualties,8% Casualties,8% Casualties,9% Casualties,9% Casualties,10% Casualties,10% Casualties,10% Casualties,10% Casualties,7% Casualties,8% Casualties,9% Casualties,9% Casualties,10% Casualties,10% Casualties,10% Casualties,10% Casualties,10% Casualties,7% Casualties,8% Casualties,9% Casualties,9% Casualties,9% Casualties,10% Casualties,10% Casualties,10% Casualties,10% Casualties,7% Casualties,8% Casualties,9% Casualties,9% Casualties,10% Casualties,10% Casualties,10% Casualties,10% Casualties,10% Casualties,7% Casualties,8% Casualties,9% Casualties,9% Casualties,10% Casualties,10% Casualties,10% Casualties,10% Casualties,10% Casualties,7% Casualties,8% Casualties,9% Casualties,9% Casualties,10% Casualties,10% Casualties,10% Casualties,10% Casualties,10% Casualties,7% Casualties,8% Casualties,9% Casualties,9% Casualties,10% Casualties,10% Casualties,10% Casualties,10% Casualties,10% Casualties,8% Casualties,8% Casualties,9% Casualties,9% Casualties,10% Casualties,10% Casualties,10% Casualties,10% Casualties,10% Casualties,8% Casualties,8% Casualties,9% Casualties,9% Casualties,10% Casualties,10% Casualties,10% Casualties,10% Casualties,10% Casualties,8% Casualties,8% Casualties,9% Casualties,9% Casualties,9% Casualties,10% Casualties,10% Casualties,10% Casualties,10% Casualties,8% Casualties,9% Casualties,9% Casualties,9% Casualties,10% Casualties,10% Casualties,10% Casualties,10% Casualties,10% Casualties,8% Casualties,9% Casualties,9% Casualties,9% Casualties,10% Casualties,10% Casualties,10% Casualties,10% Casualties,10% Casualties
125 CV // 50 RT,5% Casualties,6% Casualties,7% Casualties,8% Casualties,8% Casualties,9% Casualties,9% Casualties,10% Casualties,11% Casualties,5% Casualties,6% Casualties,7% Casualties,7% Casualties,8% Casualties,9% Casualties,9% Casualties,10% Casualties,10% Casualties,5% Casualties,6% Casualties,7% Casualties,8% Casualties,8% Casualties,9% Casualties,10% Casualties,10% Casualties,11% Casualties,6% Casualties,7% Casualties,8% Casualties,9% Casualties,9% Casualties,10% Casualties,11% Casualties,11% Casualties,12% Casualties,6% Casualties,7% Casualties,8% Casualties,9% Casualties,10% Casualties,11% Casualties,11% Casualties,12% Casualties,12% Casualties,6% Casualties,7% Casualties,8% Casualties,9% Casualties,10% Casualties,10% Casualties,11% Casualties,12% Casualties,12% Casualties,6% Casualties,7% Casualties,8% Casualties,9% Casualties,10% Casualties,11% Casualties,11% Casualties,12% Casualties,12% Casualties,7% Casualties,8% Casualties,9% Casualties,10% Casualties,10% Casualties,11% Casualties,11% Casualties,12% Casualties,12% Casualties,7% Casualties,8% Casualties,9% Casualties,10% Casualties,10% Casualties,11% Casualties,11% Casualties,12% Casualties,12% Casualties,7% Casualties,8% Casualties,9% Casualties,10% Casualties,10% Casualties,11% Casualties,12% Casualties,12% Casualties,12% Casualties,7% Casualties,8% Casualties,9% Casualties,10% Casualties,11% Casualties,11% Casualties,12% Casualties,12% Casualties,12% Casualties,7% Casualties,8% Casualties,9% Casualties,10% Casualties,11% Casualties,11% Casualties,12% Casualties,12% Casualties,12% Casualties,8% Casualties,9% Casualties,9% Casualties,10% Casualties,11% Casualties,11% Casualties,12% Casualties,12% Casualties,12% Casualties,8% Casualties,9% Casualties,10% Casualties,10% Casualties,11% Casualties,11% Casualties,12% Casualties,12% Casualties,12% Casualties,8% Casualties,9% Casualties,10% Casualties,10% Casualties,11% Casualties,11% Casualties,12% Casualties,12% Casualties,12% Casualties,8% Casualties,9% Casualties,10% Casualties,10% Casualties,11% Casualties,11% Casualties,12% Casualties,12% Casualties,12% Casualties,8% Casualties,9% Casualties,10% Casualties,11% Casualties,11% Casualties,11% Casualties,12% Casualties,12% Casualties,12% Casualties,8% Casualties,9% Casualties,10% Casualties,11% Casualties,11% Casualties,12% Casualties,12% Casualties,12% Casualties,12% Casualties,8% Casualties,10% Casualties,10% Casualties,11% Casualties,11% Casualties,12% Casualties,12% Casualties,12% Casualties,12% Casualties,9% Casualties,10% Casualties,10% Casualties,11% Casualties,11% Casualties,11% Casualties,12% Casualties,12% Casualties,12% Casualties,9% Casualties,10% Casualties,10% Casualties,11% Casualties,11% Casualties,11% Casualties,12% Casualties,12% Casualties,12% Casualties,9% Casualties,10% Casualties,10% Casualties,11% Casualties,11% Casualties,12% Casualties,12% Casualties,12% Casualties,12% Casualties,9% Casualties,10% Casualties,10% Casualties,11% Casualties,11% Casualties,11% Casualties,12% Casualties,12% Casualties,12% Casualties,9% Casualties,10% Casualties,11% Casualties,11% Casualties,11% Casualties,11% Casualties,12% Casualties,12% Casualties,12% Casualties,9% Casualties,10% Casualties,10% Casualties,11% Casualties,11% Casualties,12% Casualties,11% Casualties,11% Casualties,12% Casualties
125 CV // 40 RT,5% Casualties,6% Casualties,7% Casualties,8% Casualties,9% Casualties,10% Casualties,11% Casualties,11% Casualties,12% Casualties,5% Casualties,6% Casualties,7% Casualties,8% Casualties,9% Casualties,10% Casualties,10% Casualties,11% Casualties,12% Casualties,5% Casualties,6% Casualties,7% Casualties,8% Casualties,9% Casualties,10% Casualties,11% Casualties,11% Casualties,12% Casualties,6% Casualties,7% Casualties,8% Casualties,9% Casualties,10% Casualties,11% Casualties,12% Casualties,13% Casualties,14% Casualties,6% Casualties,8% Casualties,9% Casualties,10% Casualties,11% Casualties,12% Casualties,13% Casualties,13% Casualties,14% Casualties,6% Casualties,8% Casualties,9% Casualties,10% Casualties,11% Casualties,12% Casualties,13% Casualties,13% Casualties,14% Casualties,7% Casualties,8% Casualties,9% Casualties,10% Casualties,11% Casualties,12% Casualties,13% Casualties,13% Casualties,14% Casualties,7% Casualties,9% Casualties,10% Casualties,11% Casualties,12% Casualties,13% Casualties,13% Casualties,14% Casualties,14% Casualties,7% Casualties,8% Casualties,10% Casualties,11% Casualties,12% Casualties,12% Casualties,13% Casualties,14% Casualties,14% Casualties,7% Casualties,9% Casualties,10% Casualties,11% Casualties,12% Casualties,13% Casualties,13% Casualties,14% Casualties,14% Casualties,8% Casualties,9% Casualties,10% Casualties,11% Casualties,12% Casualties,13% Casualties,14% Casualties,14% Casualties,14% Casualties,8% Casualties,9% Casualties,10% Casualties,11% Casualties,12% Casualties,13% Casualties,14% Casualties,14% Casualties,14% Casualties,9% Casualties,10% Casualties,11% Casualties,12% Casualties,13% Casualties,13% Casualties,14% Casualties,14% Casualties,15% Casualties,8% Casualties,10% Casualties,11% Casualties,12% Casualties,13% Casualties,13% Casualties,14% Casualties,14% Casualties,15% Casualties,9% Casualties,10% Casualties,11% Casualties,12% Casualties,13% Casualties,13% Casualties,14% Casualties,14% Casualties,15% Casualties,9% Casualties,10% Casualties,11% Casualties,12% Casualties,13% Casualties,14% Casualties,14% Casualties,14% Casualties,14% Casualties,9% Casualties,10% Casualties,12% Casualties,12% Casualties,13% Casualties,14% Casualties,14% Casualties,14% Casualties,14% Casualties,9% Casualties,11% Casualties,12% Casualties,13% Casualties,13% Casualties,14% Casualties,14% Casualties,14% Casualties,14% Casualties,10% Casualties,11% Casualties,12% Casualties,13% Casualties,13% Casualties,14% Casualties,14% Casualties,14% Casualties,14% Casualties,10% Casualties,11% Casualties,12% Casualties,13% Casualties,13% Casualties,14% Casualties,14% Casualties,14% Casualties,14% Casualties,10% Casualties,11% Casualties,12% Casualties,13% Casualties,13% Casualties,14% Casualties,14% Casualties,14% Casualties,14% Casualties,10% Casualties,11% Casualties,13% Casualties,13% Casualties,14% Casualties,14% Casualties,14% Casualties,14% Casualties,14% Casualties,11% Casualties,12% Casualties,13% Casualties,13% Casualties,14% Casualties,14% Casualties,14% Casualties,14% Casualties,14% Casualties,11% Casualties,12% Casualties,13% Casualties,13% Casualties,14% Casualties,14% Casualties,14% Casualties,14% Casualties,14% Casualties,11% Casualties,12% Casualties,13% Casualties,13% Casualties,14% Casualties,14% Casualties,14% Casualties,14% Casualties,14% Casualties
125 CV // 30 RT,5% Casualties,6% Casualties,8% Casualties,9% Casualties,10% Casualties,11% Casualties,12% Casualties,13% Casualties,13% Casualties,5% Casualties,6% Casualties,8% Casualties,9% Casualties,10% Casualties,11% Casualties,12% Casualties,13% Casualties,13% Casualties,6% Casualties,7% Casualties,8% Casualties,9% Casualties,10% Casualties,11% Casualties,12% Casualties,13% Casualties,14% Casualties,6% Casualties,8% Casualties,9% Casualties,10% Casualties,12% Casualties,13% Casualties,14% Casualties,15% Casualties,15% Casualties,7% Casualties,9% Casualties,10% Casualties,11% Casualties,12% Casualties,14% Casualties,14% Casualties,16% Casualties,16% Casualties,7% Casualties,8% Casualties,10% Casualties,11% Casualties,12% Casualties,14% Casualties,14% Casualties,15% Casualties,16% Casualties,7% Casualties,9% Casualties,10% Casualties,12% Casualties,13% Casualties,14% Casualties,15% Casualties,16% Casualties,16% Casualties,8% Casualties,10% Casualties,11% Casualties,12% Casualties,13% Casualties,15% Casualties,15% Casualties,16% Casualties,17% Casualties,8% Casualties,10% Casualties,11% Casualties,12% Casualties,14% Casualties,15% Casualties,16% Casualties,16% Casualties,17% Casualties,8% Casualties,10% Casualties,12% Casualties,13% Casualties,14% Casualties,15% Casualties,16% Casualties,16% Casualties,17% Casualties,9% Casualties,10% Casualties,12% Casualties,13% Casualties,14% Casualties,15% Casualties,16% Casualties,17% Casualties,17% Casualties,9% Casualties,11% Casualties,12% Casualties,14% Casualties,15% Casualties,16% Casualties,16% Casualties,17% Casualties,17% Casualties,10% Casualties,11% Casualties,13% Casualties,14% Casualties,15% Casualties,16% Casualties,16% Casualties,17% Casualties,17% Casualties,10% Casualties,11% Casualties,13% Casualties,14% Casualties,15% Casualties,16% Casualties,17% Casualties,17% Casualties,17% Casualties,10% Casualties,12% Casualties,13% Casualties,14% Casualties,15% Casualties,16% Casualties,17% Casualties,17% Casualties,18% Casualties,10% Casualties,12% Casualties,13% Casualties,15% Casualties,16% Casualties,16% Casualties,17% Casualties,17% Casualties,18% Casualties,11% Casualties,12% Casualties,14% Casualties,15% Casualties,16% Casualties,16% Casualties,17% Casualties,17% Casualties,18% Casualties,11% Casualties,13% Casualties,14% Casualties,15% Casualties,16% Casualties,17% Casualties,17% Casualties,17% Casualties,18% Casualties,12% Casualties,13% Casualties,15% Casualties,16% Casualties,17% Casualties,17% Casualties,17% Casualties,18% Casualties,18% Casualties,12% Casualties,13% Casualties,15% Casualties,16% Casualties,16% Casualties,17% Casualties,17% Casualties,18% Casualties,18% Casualties,12% Casualties,14% Casualties,15% Casualties,16% Casualties,17% Casualties,17% Casualties,17% Casualties,18% Casualties,18% Casualties,12% Casualties,14% Casualties,15% Casualties,16% Casualties,17% Casualties,17% Casualties,17% Casualties,18% Casualties,18% Casualties,13% Casualties,14% Casualties,15% Casualties,16% Casualties,17% Casualties,17% Casualties,17% Casualties,18% Casualties,18% Casualties,13% Casualties,15% Casualties,16% Casualties,16% Casualties,17% Casualties,17% Casualties,17% Casualties,18% Casualties,18% Casualties,13% Casualties,15% Casualties,15% Casualties,17% Casualties,17% Casualties,17% Casualties,18% Casualties,18% Casualties,18% Casualties
125 CV // 20 RT,6% Casualties,7% Casualties,8% Casualties,10% Casualties,11% Casualties,12% Casualties,13% Casualties,14% Casualties,15% Casualties,6% Casualties,7% Casualties,8% Casualties,10% Casualties,11% Casualties,12% Casualties,13% Casualties,14% Casualties,15% Casualties,6% Casualties,7% Casualties,9% Casualties,10% Casualties,11% Casualties,13% Casualties,14% Casualties,15% Casualties,16% Casualties,7% Casualties,9% Casualties,10% Casualties,12% Casualties,13% Casualties,15% Casualties,16% Casualties,17% Casualties,18% Casualties,8% Casualties,9% Casualties,11% Casualties,13% Casualties,14% Casualties,16% Casualties,17% Casualties,18% Casualties,19% Casualties,8% Casualties,9% Casualties,11% Casualties,13% Casualties,14% Casualties,16% Casualties,17% Casualties,18% Casualties,19% Casualties,8% Casualties,10% Casualties,12% Casualties,13% Casualties,15% Casualties,16% Casualties,17% Casualties,18% Casualties,19% Casualties,9% Casualties,11% Casualties,13% Casualties,14% Casualties,16% Casualties,17% Casualties,18% Casualties,19% Casualties,20% Casualties,9% Casualties,11% Casualties,13% Casualties,14% Casualties,16% Casualties,17% Casualties,18% Casualties,19% Casualties,20% Casualties,9% Casualties,11% Casualties,13% Casualties,15% Casualties,16% Casualties,18% Casualties,19% Casualties,20% Casualties,20% Casualties,10% Casualties,12% Casualties,14% Casualties,15% Casualties,17% Casualties,18% Casualties,19% Casualties,20% Casualties,21% Casualties,10% Casualties,12% Casualties,14% Casualties,16% Casualties,17% Casualties,19% Casualties,20% Casualties,20% Casualties,21% Casualties,11% Casualties,13% Casualties,15% Casualties,17% Casualties,18% Casualties,19% Casualties,20% Casualties,21% Casualties,21% Casualties,11% Casualties,13% Casualties,15% Casualties,17% Casualties,18% Casualties,19% Casualties,20% Casualties,21% Casualties,21% Casualties,12% Casualties,14% Casualties,16% Casualties,17% Casualties,18% Casualties,20% Casualties,21% Casualties,21% Casualties,22% Casualties,12% Casualties,14% Casualties,16% Casualties,18% Casualties,19% Casualties,20% Casualties,21% Casualties,21% Casualties,22% Casualties,12% Casualties,15% Casualties,16% Casualties,18% Casualties,19% Casualties,20% Casualties,21% Casualties,22% Casualties,22% Casualties,13% Casualties,15% Casualties,17% Casualties,18% Casualties,20% Casualties,20% Casualties,21% Casualties,21% Casualties,22% Casualties,14% Casualties,16% Casualties,18% Casualties,19% Casualties,20% Casualties,21% Casualties,21% Casualties,22% Casualties,22% Casualties,14% Casualties,16% Casualties,18% Casualties,19% Casualties,20% Casualties,21% Casualties,21% Casualties,22% Casualties,22% Casualties,14% Casualties,17% Casualties,18% Casualties,19% Casualties,20% Casualties,21% Casualties,21% Casualties,22% Casualties,22% Casualties,15% Casualties,17% Casualties,18% Casualties,20% Casualties,20% Casualties,21% Casualties,22% Casualties,22% Casualties,22% Casualties,15% Casualties,17% Casualties,19% Casualties,20% Casualties,21% Casualties,21% Casualties,21% Casualties,22% Casualties,22% Casualties,16% Casualties,18% Casualties,19% Casualties,20% Casualties,21% Casualties,21% Casualties,22% Casualties,22% Casualties,22% Casualties,16% Casualties,18% Casualties,19% Casualties,20% Casualties,21% Casualties,22% Casualties,22% Casualties,22% Casualties,22% Casualties
125 CV // 10 RT,6% Casualties,8% Casualties,9% Casualties,11% Casualties,12% Casualties,14% Casualties,15% Casualties,16% Casualties,17% Casualties,6% Casualties,8% Casualties,9% Casualties,11% Casualties,12% Casualties,14% Casualties,15% Casualties,16% Casualties,17% Casualties,6% Casualties,8% Casualties,9% Casualties,11% Casualties,13% Casualties,14% Casualties,16% Casualties,17% Casualties,18% Casualties,8% Casualties,9% Casualties,11% Casualties,13% Casualties,15% Casualties,17% Casualties,18% Casualties,19% Casualties,21% Casualties,8% Casualties,10% Casualties,13% Casualties,15% Casualties,16% Casualties,18% Casualties,20% Casualties,21% Casualties,23% Casualties,9% Casualties,11% Casualties,13% Casualties,14% Casualties,16% Casualties,18% Casualties,20% Casualties,21% Casualties,22% Casualties,9% Casualties,11% Casualties,13% Casualties,15% Casualties,17% Casualties,19% Casualties,21% Casualties,22% Casualties,23% Casualties,10% Casualties,12% Casualties,15% Casualties,17% Casualties,19% Casualties,20% Casualties,22% Casualties,23% Casualties,24% Casualties,10% Casualties,12% Casualties,15% Casualties,17% Casualties,19% Casualties,21% Casualties,22% Casualties,23% Casualties,24% Casualties,11% Casualties,13% Casualties,15% Casualties,18% Casualties,19% Casualties,21% Casualties,23% Casualties,24% Casualties,25% Casualties,11% Casualties,13% Casualties,16% Casualties,18% Casualties,20% Casualties,22% Casualties,23% Casualties,24% Casualties,25% Casualties,12% Casualties,14% Casualties,17% Casualties,19% Casualties,21% Casualties,22% Casualties,24% Casualties,25% Casualties,26% Casualties,13% Casualties,15% Casualties,18% Casualties,20% Casualties,22% Casualties,23% Casualties,24% Casualties,25% Casualties,27% Casualties,13% Casualties,16% Casualties,18% Casualties,20% Casualties,22% Casualties,23% Casualties,25% Casualties,26% Casualties,26% Casualties,13% Casualties,16% Casualties,19% Casualties,21% Casualties,22% Casualties,24% Casualties,25% Casualties,26% Casualties,27% Casualties,14% Casualties,17% Casualties,19% Casualties,21% Casualties,23% Casualties,24% Casualties,25% Casualties,26% Casualties,27% Casualties,15% Casualties,17% Casualties,20% Casualties,22% Casualties,23% Casualties,25% Casualties,26% Casualties,26% Casualties,27% Casualties,15% Casualties,18% Casualties,20% Casualties,22% Casualties,24% Casualties,25% Casualties,26% Casualties,27% Casualties,27% Casualties,16% Casualties,19% Casualties,21% Casualties,23% Casualties,25% Casualties,26% Casualties,26% Casualties,27% Casualties,28% Casualties,17% Casualties,19% Casualties,21% Casualties,23% Casualties,25% Casualties,26% Casualties,26% Casualties,27% Casualties,27% Casualties,17% Casualties,20% Casualties,22% Casualties,24% Casualties,25% Casualties,26% Casualties,27% Casualties,27% Casualties,27% Casualties,17% Casualties,20% Casualties,22% Casualties,24% Casualties,25% Casualties,26% Casualties,27% Casualties,27% Casualties,28% Casualties,18% Casualties,21% Casualties,23% Casualties,24% Casualties,25% Casualties,26% Casualties,27% Casualties,27% Casualties,27% Casualties,19% Casualties,21% Casualties,23% Casualties,25% Casualties,26% Casualties,27% Casualties,27% Casualties,27% Casualties,27% Casualties,19% Casualties,22% Casualties,24% Casualties,25% Casualties,26% Casualties,26% Casualties,27% Casualties,27% Casualties,27% Casualties
125 CV // 0 RT,7% Casualties,8% Casualties,10% Casualties,12% Casualties,14% Casualties,16% Casualties,17% Casualties,19% Casualties,20% Casualties,7% Casualties,8% Casualties,10% Casualties,12% Casualties,14% Casualties,15% Casualties,17% Casualties,19% Casualties,20% Casualties,7% Casualties,9% Casualties,11% Casualties,13% Casualties,14% Casualties,16% Casualties,18% Casualties,20% Casualties,21% Casualties,8% Casualties,11% Casualties,13% Casualties,15% Casualties,17% Casualties,19% Casualties,21% Casualties,23% Casualties,24% Casualties,9% Casualties,12% Casualties,14% Casualties,16% Casualties,19% Casualties,21% Casualties,23% Casualties,25% Casualties,27% Casualties,9% Casualties,12% Casualties,14% Casualties,17% Casualties,19% Casualties,21% Casualties,23% Casualties,25% Casualties,27% Casualties,10% Casualties,13% Casualties,15% Casualties,18% Casualties,20% Casualties,22% Casualties,24% Casualties,26% Casualties,28% Casualties,11% Casualties,14% Casualties,17% Casualties,19% Casualties,22% Casualties,24% Casualties,26% Casualties,28% Casualties,29% Casualties,11% Casualties,14% Casualties,17% Casualties,19% Casualties,22% Casualties,24% Casualties,26% Casualties,28% Casualties,29% Casualties,12% Casualties,15% Casualties,17% Casualties,20% Casualties,23% Casualties,25% Casualties,27% Casualties,28% Casualties,30% Casualties,13% Casualties,16% Casualties,19% Casualties,21% Casualties,24% Casualties,26% Casualties,28% Casualties,29% Casualties,31% Casualties,13% Casualties,16% Casualties,20% Casualties,22% Casualties,25% Casualties,27% Casualties,29% Casualties,30% Casualties,32% Casualties,15% Casualties,18% Casualties,21% Casualties,24% Casualties,26% Casualties,28% Casualties,30% Casualties,31% Casualties,32% Casualties,15% Casualties,18% Casualties,21% Casualties,24% Casualties,27% Casualties,28% Casualties,30% Casualties,31% Casualties,32% Casualties,15% Casualties,19% Casualties,22% Casualties,25% Casualties,27% Casualties,29% Casualties,31% Casualties,32% Casualties,33% Casualties,16% Casualties,20% Casualties,23% Casualties,26% Casualties,28% Casualties,30% Casualties,31% Casualties,32% Casualties,33% Casualties,17% Casualties,21% Casualties,23% Casualties,26% Casualties,28% Casualties,30% Casualties,31% Casualties,32% Casualties,33% Casualties,18% Casualties,22% Casualties,25% Casualties,27% Casualties,29% Casualties,31% Casualties,32% Casualties,33% Casualties,33% Casualties,19% Casualties,23% Casualties,26% Casualties,28% Casualties,30% Casualties,31% Casualties,32% Casualties,33% Casualties,34% Casualties,19% Casualties,23% Casualties,26% Casualties,28% Casualties,30% Casualties,31% Casualties,32% Casualties,33% Casualties,34% Casualties,20% Casualties,23% Casualties,26% Casualties,29% Casualties,30% Casualties,31% Casualties,32% Casualties,33% Casualties,34% Casualties,21% Casualties,24% Casualties,27% Casualties,29% Casualties,31% Casualties,32% Casualties,33% Casualties,33% Casualties,34% Casualties,21% Casualties,25% Casualties,27% Casualties,30% Casualties,31% Casualties,32% Casualties,33% Casualties,33% Casualties,33% Casualties,23% Casualties,26% Casualties,28% Casualties,30% Casualties,31% Casualties,32% Casualties,33% Casualties,33% Casualties,34% Casualties,23% Casualties,26% Casualties,28% Casualties,30% Casualties,31% Casualties,32% Casualties,33% Casualties,33% Casualties,33% Casualties
150 CV // 80 RT,4% Casualties,5% Casualties,5% Casualties,6% Casualties,6% Casualties,6% Casualties,7% Casualties,7% Casualties,7% Casualties,5% Casualties,5% Casualties,6% Casualties,6% Casualties,7% Casualties,7% Casualties,7% Casualties,8% Casualties,8% Casualties,5% Casualties,5% Casualties,6% Casualties,6% Casualties,7% Casualties,7% Casualties,7% Casualties,8% Casualties,8% Casualties,5% Casualties,6% Casualties,6% Casualties,7% Casualties,7% Casualties,7% Casualties,8% Casualties,8% Casualties,8% Casualties,5% Casualties,6% Casualties,6% Casualties,7% Casualties,7% Casualties,7% Casualties,8% Casualties,8% Casualties,8% Casualties,5% Casualties,6% Casualties,6% Casualties,7% Casualties,7% Casualties,8% Casualties,8% Casualties,8% Casualties,8% Casualties,5% Casualties,6% Casualties,6% Casualties,7% Casualties,7% Casualties,7% Casualties,8% Casualties,8% Casualties,8% Casualties,5% Casualties,6% Casualties,6% Casualties,7% Casualties,7% Casualties,8% Casualties,8% Casualties,8% Casualties,8% Casualties,5% Casualties,6% Casualties,6% Casualties,7% Casualties,7% Casualties,8% Casualties,8% Casualties,8% Casualties,8% Casualties,5% Casualties,6% Casualties,7% Casualties,7% Casualties,7% Casualties,8% Casualties,8% Casualties,8% Casualties,8% Casualties,5% Casualties,6% Casualties,7% Casualties,7% Casualties,7% Casualties,8% Casualties,8% Casualties,8% Casualties,8% Casualties,5% Casualties,6% Casualties,7% Casualties,7% Casualties,7% Casualties,8% Casualties,8% Casualties,8% Casualties,8% Casualties,5% Casualties,6% Casualties,7% Casualties,7% Casualties,7% Casualties,8% Casualties,8% Casualties,8% Casualties,8% Casualties,6% Casualties,6% Casualties,7% Casualties,7% Casualties,7% Casualties,8% Casualties,8% Casualties,8% Casualties,8% Casualties,6% Casualties,6% Casualties,7% Casualties,7% Casualties,7% Casualties,8% Casualties,8% Casualties,8% Casualties,8% Casualties,6% Casualties,6% Casualties,7% Casualties,7% Casualties,7% Casualties,8% Casualties,8% Casualties,8% Casualties,8% Casualties,6% Casualties,6% Casualties,7% Casualties,7% Casualties,7% Casualties,8% Casualties,8% Casualties,8% Casualties,8% Casualties,6% Casualties,6% Casualties,7% Casualties,7% Casualties,7% Casualties,8% Casualties,8% Casualties,8% Casualties,8% Casualties,6% Casualties,6% Casualties,7% Casualties,7% Casualties,7% Casualties,8% Casualties,8% Casualties,8% Casualties,8% Casualties,6% Casualties,6% Casualties,7% Casualties,7% Casualties,7% Casualties,7% Casualties,8% Casualties,8% Casualties,8% Casualties,6% Casualties,6% Casualties,7% Casualties,7% Casualties,7% Casualties,7% Casualties,8% Casualties,8% Casualties,8% Casualties,6% Casualties,6% Casualties,7% Casualties,7% Casualties,7% Casualties,8% Casualties,8% Casualties,8% Casualties,8% Casualties,6% Casualties,6% Casualties,7% Casualties,7% Casualties,7% Casualties,7% Casualties,7% Casualties,8% Casualties,8% Casualties,6% Casualties,7% Casualties,7% Casualties,7% Casualties,7% Casualties,7% Casualties,7% Casualties,7% Casualties,8% Casualties,6% Casualties,7% Casualties,7% Casualties,7% Casualties,7% Casualties,7% Casualties,7% Casualties,7% Casualties,7% Casualties
150 CV // 70 RT,4% Casualties,5% Casualties,5% Casualties,6% Casualties,6% Casualties,7% Casualties,7% Casualties,8% Casualties,8% Casualties,5% Casualties,6% Casualties,6% Casualties,7% Casualties,7% Casualties,8% Casualties,8% Casualties,9% Casualties,9% Casualties,5% Casualties,6% Casualties,6% Casualties,7% Casualties,7% Casualties,8% Casualties,8% Casualties,9% Casualties,9% Casualties,5% Casualties,6% Casualties,7% Casualties,7% Casualties,8% Casualties,8% Casualties,9% Casualties,9% Casualties,9% Casualties,5% Casualties,6% Casualties,7% Casualties,7% Casualties,8% Casualties,8% Casualties,9% Casualties,9% Casualties,9% Casualties,5% Casualties,6% Casualties,7% Casualties,7% Casualties,8% Casualties,8% Casualties,9% Casualties,9% Casualties,9% Casualties,5% Casualties,6% Casualties,7% Casualties,7% Casualties,8% Casualties,8% Casualties,9% Casualties,9% Casualties,9% Casualties,6% Casualties,6% Casualties,7% Casualties,8% Casualties,8% Casualties,9% Casualties,9% Casualties,9% Casualties,9% Casualties,5% Casualties,6% Casualties,7% Casualties,8% Casualties,8% Casualties,9% Casualties,9% Casualties,9% Casualties,9% Casualties,6% Casualties,6% Casualties,7% Casualties,8% Casualties,8% Casualties,9% Casualties,9% Casualties,9% Casualties,9% Casualties,6% Casualties,7% Casualties,7% Casualties,8% Casualties,8% Casualties,9% Casualties,9% Casualties,9% Casualties,9% Casualties,6% Casualties,7% Casualties,7% Casualties,8% Casualties,8% Casualties,9% Casualties,9% Casualties,9% Casualties,9% Casualties,6% Casualties,7% Casualties,7% Casualties,8% Casualties,8% Casualties,9% Casualties,9% Casualties,9% Casualties,9% Casualties,6% Casualties,7% Casualties,8% Casualties,8% Casualties,8% Casualties,9% Casualties,9% Casualties,9% Casualties,9% Casualties,6% Casualties,7% Casualties,8% Casualties,8% Casualties,8% Casualties,9% Casualties,9% Casualties,9% Casualties,9% Casualties,6% Casualties,7% Casualties,8% Casualties,8% Casualties,8% Casualties,9% Casualties,9% Casualties,9% Casualties,9% Casualties,6% Casualties,7% Casualties,8% Casualties,8% Casualties,8% Casualties,8% Casualties,9% Casualties,9% Casualties,9% Casualties,6% Casualties,7% Casualties,8% Casualties,8% Casualties,8% Casualties,9% Casualties,9% Casualties,9% Casualties,9% Casualties,6% Casualties,7% Casualties,8% Casualties,8% Casualties,8% Casualties,8% Casualties,9% Casualties,9% Casualties,9% Casualties,6% Casualties,7% Casualties,8% Casualties,8% Casualties,8% Casualties,9% Casualties,9% Casualties,9% Casualties,9% Casualties,6% Casualties,7% Casualties,8% Casualties,8% Casualties,8% Casualties,8% Casualties,9% Casualties,9% Casualties,9% Casualties,7% Casualties,7% Casualties,8% Casualties,8% Casualties,8% Casualties,8% Casualties,9% Casualties,9% Casualties,9% Casualties,7% Casualties,7% Casualties,8% Casualties,8% Casualties,8% Casualties,8% Casualties,8% Casualties,9% Casualties,9% Casualties,7% Casualties,7% Casualties,8% Casualties,8% Casualties,8% Casualties,8% Casualties,9% Casualties,9% Casualties,8% Casualties,7% Casualties,7% Casualties,8% Casualties,8% Casualties,8% Casualties,8% Casualties,8% Casualties,8% Casualties,9% Casualties
150 CV // 60 RT,4% Casualties,5% Casualties,6% Casualties,6% Casualties,7% Casualties,8% Casualties,8% Casualties,9% Casualties,9% Casualties,5% Casualties,6% Casualties,7% Casualties,7% Casualties,8% Casualties,9% Casualties,9% Casualties,10% Casualties,10% Casualties,5% Casualties,6% Casualties,7% Casualties,7% Casualties,8% Casualties,9% Casualties,9% Casualties,10% Casualties,10% Casualties,5% Casualties,6% Casualties,7% Casualties,8% Casualties,9% Casualties,9% Casualties,10% Casualties,10% Casualties,11% Casualties,5% Casualties,6% Casualties,7% Casualties,8% Casualties,9% Casualties,9% Casualties,10% Casualties,10% Casualties,11% Casualties,6% Casualties,7% Casualties,7% Casualties,8% Casualties,9% Casualties,9% Casualties,10% Casualties,10% Casualties,11% Casualties,6% Casualties,7% Casualties,8% Casualties,8% Casualties,9% Casualties,9% Casualties,10% Casualties,10% Casualties,11% Casualties,6% Casualties,7% Casualties,8% Casualties,8% Casualties,9% Casualties,10% Casualties,10% Casualties,10% Casualties,11% Casualties,6% Casualties,7% Casualties,8% Casualties,8% Casualties,9% Casualties,10% Casualties,10% Casualties,10% Casualties,11% Casualties,6% Casualties,7% Casualties,8% Casualties,9% Casualties,9% Casualties,10% Casualties,10% Casualties,10% Casualties,11% Casualties,6% Casualties,7% Casualties,8% Casualties,9% Casualties,9% Casualties,10% Casualties,10% Casualties,10% Casualties,11% Casualties,6% Casualties,7% Casualties,8% Casualties,9% Casualties,9% Casualties,10% Casualties,10% Casualties,10% Casualties,11% Casualties,7% Casualties,7% Casualties,8% Casualties,9% Casualties,9% Casualties,10% Casualties,10% Casualties,10% Casualties,11% Casualties,7% Casualties,8% Casualties,8% Casualties,9% Casualties,9% Casualties,10% Casualties,10% Casualties,10% Casualties,10% Casualties,7% Casualties,8% Casualties,8% Casualties,9% Casualties,9% Casualties,10% Casualties,10% Casualties,10% Casualties,10% Casualties,7% Casualties,8% Casualties,8% Casualties,9% Casualties,10% Casualties,10% Casualties,10% Casualties,10% Casualties,10% Casualties,7% Casualties,8% Casualties,9% Casualties,9% Casualties,9% Casualties,10% Casualties,10% Casualties,10% Casualties,10% Casualties,7% Casualties,8% Casualties,9% Casualties,9% Casualties,10% Casualties,10% Casualties,10% Casualties,10% Casualties,10% Casualties,7% Casualties,8% Casualties,9% Casualties,9% Casualties,10% Casualties,10% Casualties,10% Casualties,10% Casualties,10% Casualties,7% Casualties,8% Casualties,9% Casualties,9% Casualties,9% Casualties,10% Casualties,10% Casualties,10% Casualties,10% Casualties,7% Casualties,8% Casualties,9% Casualties,9% Casualties,10% Casualties,10% Casualties,10% Casualties,10% Casualties,10% Casualties,7% Casualties,8% Casualties,9% Casualties,9% Casualties,10% Casualties,10% Casualties,10% Casualties,10% Casualties,10% Casualties,7% Casualties,8% Casualties,9% Casualties,9% Casualties,10% Casualties,10% Casualties,10% Casualties,10% Casualties,10% Casualties,8% Casualties,8% Casualties,9% Casualties,9% Casualties,10% Casualties,10% Casualties,10% Casualties,10% Casualties,10% Casualties,8% Casualties,8% Casualties,9% Casualties,9% Casualties,10% Casualties,10% Casualties,10% Casualties,10% Casualties,10% Casualties
150 CV // 50 RT,4% Casualties,5% Casualties,6% Casualties,7% Casualties,8% Casualties,8% Casualties,9% Casualties,9% Casualties,10% Casualties,5% Casualties,6% Casualties,7% Casualties,8% Casualties,9% Casualties,10% Casualties,10% Casualties,11% Casualties,11% Casualties,5% Casualties,6% Casualties,7% Casualties,8% Casualties,9% Casualties,10% Casualties,10% Casualties,11% Casualties,11% Casualties,6% Casualties,7% Casualties,8% Casualties,9% Casualties,9% Casualties,10% Casualties,11% Casualties,11% Casualties,12% Casualties,6% Casualties,7% Casualties,8% Casualties,9% Casualties,10% Casualties,10% Casualties,11% Casualties,11% Casualties,12% Casualties,6% Casualties,7% Casualties,8% Casualties,9% Casualties,10% Casualties,10% Casualties,11% Casualties,12% Casualties,12% Casualties,6% Casualties,7% Casualties,8% Casualties,9% Casualties,10% Casualties,11% Casualties,11% Casualties,12% Casualties,12% Casualties,6% Casualties,7% Casualties,9% Casualties,9% Casualties,10% Casualties,11% Casualties,11% Casualties,12% Casualties,12% Casualties,6% Casualties,8% Casualties,9% Casualties,9% Casualties,10% Casualties,11% Casualties,11% Casualties,12% Casualties,12% Casualties,7% Casualties,8% Casualties,9% Casualties,10% Casualties,10% Casualties,11% Casualties,12% Casualties,12% Casualties,12% Casualties,7% Casualties,8% Casualties,9% Casualties,10% Casualties,10% Casualties,11% Casualties,12% Casualties,12% Casualties,12% Casualties,7% Casualties,8% Casualties,9% Casualties,10% Casualties,11% Casualties,11% Casualties,12% Casualties,12% Casualties,12% Casualties,7% Casualties,8% Casualties,9% Casualties,10% Casualties,11% Casualties,11% Casualties,12% Casualties,12% Casualties,12% Casualties,7% Casualties,8% Casualties,9% Casualties,10% Casualties,11% Casualties,11% Casualties,12% Casualties,12% Casualties,12% Casualties,7% Casualties,8% Casualties,9% Casualties,10% Casualties,11% Casualties,11% Casualties,12% Casualties,12% Casualties,12% Casualties,8% Casualties,9% Casualties,10% Casualties,10% Casualties,11% Casualties,11% Casualties,12% Casualties,12% Casualties,12% Casualties,8% Casualties,9% Casualties,10% Casualties,10% Casualties,11% Casualties,11% Casualties,12% Casualties,12% Casualties,12% Casualties,8% Casualties,9% Casualties,10% Casualties,10% Casualties,11% Casualties,11% Casualties,12% Casualties,12% Casualties,12% Casualties,8% Casualties,9% Casualties,10% Casualties,11% Casualties,11% Casualties,11% Casualties,12% Casualties,12% Casualties,12% Casualties,8% Casualties,9% Casualties,10% Casualties,11% Casualties,11% Casualties,11% Casualties,12% Casualties,12% Casualties,12% Casualties,8% Casualties,9% Casualties,10% Casualties,11% Casualties,11% Casualties,12% Casualties,12% Casualties,12% Casualties,12% Casualties,8% Casualties,9% Casualties,10% Casualties,11% Casualties,11% Casualties,11% Casualties,12% Casualties,12% Casualties,12% Casualties,8% Casualties,10% Casualties,10% Casualties,11% Casualties,11% Casualties,11% Casualties,12% Casualties,12% Casualties,12% Casualties,9% Casualties,10% Casualties,11% Casualties,11% Casualties,11% Casualties,12% Casualties,12% Casualties,12% Casualties,12% Casualties,9% Casualties,10% Casualties,10% Casualties,11% Casualties,11% Casualties,12% Casualties,12% Casualties,12% Casualties,12% Casualties
150 CV // 40 RT,5% Casualties,6% Casualties,7% Casualties,7% Casualties,8% Casualties,9% Casualties,10% Casualties,10% Casualties,11% Casualties,6% Casualties,7% Casualties,8% Casualties,9% Casualties,10% Casualties,11% Casualties,11% Casualties,12% Casualties,13% Casualties,6% Casualties,7% Casualties,8% Casualties,9% Casualties,10% Casualties,11% Casualties,11% Casualties,12% Casualties,13% Casualties,6% Casualties,7% Casualties,8% Casualties,9% Casualties,10% Casualties,11% Casualties,12% Casualties,13% Casualties,14% Casualties,6% Casualties,8% Casualties,9% Casualties,10% Casualties,11% Casualties,12% Casualties,12% Casualties,13% Casualties,14% Casualties,7% Casualties,8% Casualties,9% Casualties,10% Casualties,11% Casualties,12% Casualties,13% Casualties,13% Casualties,14% Casualties,7% Casualties,8% Casualties,9% Casualties,10% Casualties,11% Casualties,12% Casualties,13% Casualties,13% Casualties,14% Casualties,7% Casualties,8% Casualties,10% Casualties,11% Casualties,12% Casualties,12% Casualties,13% Casualties,14% Casualties,14% Casualties,7% Casualties,8% Casualties,9% Casualties,11% Casualties,12% Casualties,12% Casualties,13% Casualties,14% Casualties,14% Casualties,7% Casualties,9% Casualties,10% Casualties,11% Casualties,12% Casualties,12% Casualties,13% Casualties,14% Casualties,14% Casualties,7% Casualties,9% Casualties,10% Casualties,11% Casualties,12% Casualties,13% Casualties,13% Casualties,14% Casualties,14% Casualties,8% Casualties,9% Casualties,10% Casualties,11% Casualties,12% Casualties,13% Casualties,14% Casualties,14% Casualties,14% Casualties,8% Casualties,9% Casualties,11% Casualties,11% Casualties,12% Casualties,13% Casualties,14% Casualties,14% Casualties,14% Casualties,8% Casualties,10% Casualties,11% Casualties,12% Casualties,13% Casualties,13% Casualties,14% Casualties,14% Casualties,14% Casualties,8% Casualties,10% Casualties,11% Casualties,12% Casualties,13% Casualties,13% Casualties,14% Casualties,14% Casualties,15% Casualties,8% Casualties,10% Casualties,11% Casualties,12% Casualties,13% Casualties,13% Casualties,14% Casualties,14% Casualties,15% Casualties,9% Casualties,10% Casualties,11% Casualties,12% Casualties,13% Casualties,14% Casualties,14% Casualties,14% Casualties,14% Casualties,9% Casualties,10% Casualties,11% Casualties,12% Casualties,13% Casualties,13% Casualties,14% Casualties,14% Casualties,14% Casualties,9% Casualties,11% Casualties,12% Casualties,13% Casualties,13% Casualties,14% Casualties,14% Casualties,14% Casualties,14% Casualties,9% Casualties,11% Casualties,12% Casualties,13% Casualties,13% Casualties,14% Casualties,14% Casualties,14% Casualties,14% Casualties,9% Casualties,11% Casualties,12% Casualties,13% Casualties,13% Casualties,14% Casualties,14% Casualties,14% Casualties,14% Casualties,10% Casualties,11% Casualties,12% Casualties,13% Casualties,13% Casualties,14% Casualties,14% Casualties,14% Casualties,15% Casualties,10% Casualties,11% Casualties,12% Casualties,13% Casualties,13% Casualties,14% Casualties,14% Casualties,14% Casualties,14% Casualties,10% Casualties,11% Casualties,12% Casualties,13% Casualties,14% Casualties,14% Casualties,14% Casualties,14% Casualties,14% Casualties,10% Casualties,11% Casualties,12% Casualties,13% Casualties,14% Casualties,14% Casualties,14% Casualties,14% Casualties,14% Casualties
150 CV // 30 RT,5% Casualties,6% Casualties,7% Casualties,8% Casualties,9% Casualties,10% Casualties,11% Casualties,12% Casualties,12% Casualties,6% Casualties,7% Casualties,8% Casualties,10% Casualties,11% Casualties,12% Casualties,13% Casualties,14% Casualties,14% Casualties,6% Casualties,7% Casualties,8% Casualties,10% Casualties,11% Casualties,12% Casualties,13% Casualties,13% Casualties,14% Casualties,7% Casualties,8% Casualties,9% Casualties,10% Casualties,12% Casualties,13% Casualties,14% Casualties,15% Casualties,15% Casualties,7% Casualties,8% Casualties,9% Casualties,11% Casualties,12% Casualties,13% Casualties,14% Casualties,15% Casualties,16% Casualties,7% Casualties,8% Casualties,10% Casualties,11% Casualties,12% Casualties,14% Casualties,15% Casualties,15% Casualties,16% Casualties,7% Casualties,9% Casualties,10% Casualties,12% Casualties,13% Casualties,14% Casualties,15% Casualties,16% Casualties,16% Casualties,8% Casualties,9% Casualties,11% Casualties,12% Casualties,13% Casualties,14% Casualties,15% Casualties,16% Casualties,17% Casualties,8% Casualties,9% Casualties,11% Casualties,12% Casualties,13% Casualties,14% Casualties,15% Casualties,16% Casualties,16% Casualties,8% Casualties,10% Casualties,11% Casualties,12% Casualties,14% Casualties,15% Casualties,16% Casualties,16% Casualties,17% Casualties,8% Casualties,10% Casualties,11% Casualties,13% Casualties,14% Casualties,15% Casualties,16% Casualties,17% Casualties,17% Casualties,9% Casualties,10% Casualties,12% Casualties,13% Casualties,14% Casualties,15% Casualties,16% Casualties,17% Casualties,17% Casualties,9% Casualties,11% Casualties,12% Casualties,14% Casualties,15% Casualties,15% Casualties,16% Casualties,17% Casualties,17% Casualties,9% Casualties,11% Casualties,12% Casualties,14% Casualties,15% Casualties,16% Casualties,16% Casualties,17% Casualties,17% Casualties,9% Casualties,11% Casualties,12% Casualties,14% Casualties,15% Casualties,16% Casualties,16% Casualties,17% Casualties,18% Casualties,10% Casualties,11% Casualties,13% Casualties,14% Casualties,15% Casualties,16% Casualties,17% Casualties,17% Casualties,18% Casualties,10% Casualties,12% Casualties,13% Casualties,14% Casualties,15% Casualties,16% Casualties,17% Casualties,17% Casualties,17% Casualties,10% Casualties,12% Casualties,13% Casualties,15% Casualties,16% Casualties,16% Casualties,17% Casualties,17% Casualties,18% Casualties,11% Casualties,12% Casualties,14% Casualties,15% Casualties,16% Casualties,17% Casualties,17% Casualties,17% Casualties,18% Casualties,11% Casualties,13% Casualties,14% Casualties,15% Casualties,16% Casualties,17% Casualties,17% Casualties,17% Casualties,18% Casualties,11% Casualties,13% Casualties,14% Casualties,15% Casualties,16% Casualties,17% Casualties,17% Casualties,17% Casualties,18% Casualties,11% Casualties,13% Casualties,14% Casualties,15% Casualties,16% Casualties,17% Casualties,17% Casualties,18% Casualties,18% Casualties,12% Casualties,13% Casualties,15% Casualties,16% Casualties,16% Casualties,17% Casualties,17% Casualties,18% Casualties,18% Casualties,12% Casualties,13% Casualties,15% Casualties,16% Casualties,17% Casualties,17% Casualties,17% Casualties,18% Casualties,18% Casualties,12% Casualties,14% Casualties,15% Casualties,16% Casualties,17% Casualties,17% Casualties,17% Casualties,18% Casualties,18% Casualties
150 CV // 20 RT,5% Casualties,6% Casualties,7% Casualties,9% Casualties,10% Casualties,11% Casualties,12% Casualties,13% Casualties,14% Casualties,7% Casualties,8% Casualties,9% Casualties,11% Casualties,12% Casualties,13% Casualties,15% Casualties,16% Casualties,16% Casualties,6% Casualties,8% Casualties,9% Casualties,11% Casualties,12% Casualties,13% Casualties,15% Casualties,16% Casualties,16% Casualties,7% Casualties,9% Casualties,10% Casualties,12% Casualties,13% Casualties,14% Casualties,16% Casualties,17% Casualties,18% Casualties,8% Casualties,9% Casualties,11% Casualties,12% Casualties,14% Casualties,15% Casualties,16% Casualties,17% Casualties,19% Casualties,8% Casualties,9% Casualties,11% Casualties,13% Casualties,14% Casualties,16% Casualties,17% Casualties,18% Casualties,19% Casualties,8% Casualties,10% Casualties,12% Casualties,13% Casualties,15% Casualties,16% Casualties,17% Casualties,18% Casualties,19% Casualties,9% Casualties,10% Casualties,12% Casualties,14% Casualties,15% Casualties,17% Casualties,18% Casualties,19% Casualties,20% Casualties,9% Casualties,10% Casualties,12% Casualties,14% Casualties,15% Casualties,17% Casualties,18% Casualties,19% Casualties,20% Casualties,9% Casualties,11% Casualties,13% Casualties,14% Casualties,16% Casualties,17% Casualties,18% Casualties,19% Casualties,20% Casualties,9% Casualties,11% Casualties,13% Casualties,15% Casualties,16% Casualties,18% Casualties,19% Casualties,20% Casualties,21% Casualties,10% Casualties,12% Casualties,14% Casualties,15% Casualties,17% Casualties,18% Casualties,19% Casualties,20% Casualties,21% Casualties,10% Casualties,12% Casualties,14% Casualties,16% Casualties,17% Casualties,19% Casualties,20% Casualties,20% Casualties,21% Casualties,11% Casualties,13% Casualties,15% Casualties,16% Casualties,18% Casualties,19% Casualties,20% Casualties,21% Casualties,21% Casualties,10% Casualties,13% Casualties,15% Casualties,16% Casualties,18% Casualties,19% Casualties,20% Casualties,21% Casualties,21% Casualties,11% Casualties,13% Casualties,15% Casualties,17% Casualties,18% Casualties,19% Casualties,20% Casualties,21% Casualties,22% Casualties,11% Casualties,14% Casualties,16% Casualties,18% Casualties,19% Casualties,20% Casualties,21% Casualties,21% Casualties,22% Casualties,12% Casualties,14% Casualties,16% Casualties,18% Casualties,19% Casualties,20% Casualties,21% Casualties,22% Casualties,22% Casualties,12% Casualties,15% Casualties,17% Casualties,18% Casualties,19% Casualties,20% Casualties,21% Casualties,22% Casualties,22% Casualties,13% Casualties,15% Casualties,17% Casualties,18% Casualties,19% Casualties,20% Casualties,21% Casualties,22% Casualties,22% Casualties,13% Casualties,15% Casualties,17% Casualties,18% Casualties,20% Casualties,20% Casualties,21% Casualties,22% Casualties,22% Casualties,13% Casualties,15% Casualties,17% Casualties,19% Casualties,20% Casualties,21% Casualties,21% Casualties,22% Casualties,22% Casualties,14% Casualties,16% Casualties,18% Casualties,19% Casualties,20% Casualties,21% Casualties,21% Casualties,22% Casualties,22% Casualties,14% Casualties,17% Casualties,18% Casualties,19% Casualties,20% Casualties,21% Casualties,21% Casualties,22% Casualties,22% Casualties,15% Casualties,17% Casualties,18% Casualties,20% Casualties,20% Casualties,21% Casualties,21% Casualties,22% Casualties,22% Casualties
150 CV // 10 RT,5% Casualties,7% Casualties,8% Casualties,9% Casualties,11% Casualties,12% Casualties,13% Casualties,15% Casualties,16% Casualties,7% Casualties,9% Casualties,10% Casualties,12% Casualties,14% Casualties,15% Casualties,16% Casualties,18% Casualties,19% Casualties,7% Casualties,9% Casualties,10% Casualties,12% Casualties,13% Casualties,15% Casualties,17% Casualties,18% Casualties,19% Casualties,8% Casualties,9% Casualties,11% Casualties,13% Casualties,15% Casualties,17% Casualties,18% Casualties,20% Casualties,21% Casualties,8% Casualties,10% Casualties,12% Casualties,14% Casualties,16% Casualties,17% Casualties,19% Casualties,21% Casualties,22% Casualties,9% Casualties,11% Casualties,13% Casualties,15% Casualties,16% Casualties,18% Casualties,20% Casualties,21% Casualties,22% Casualties,9% Casualties,11% Casualties,13% Casualties,15% Casualties,17% Casualties,19% Casualties,20% Casualties,22% Casualties,23% Casualties,10% Casualties,12% Casualties,14% Casualties,16% Casualties,18% Casualties,20% Casualties,21% Casualties,23% Casualties,24% Casualties,10% Casualties,12% Casualties,14% Casualties,16% Casualties,18% Casualties,20% Casualties,21% Casualties,23% Casualties,24% Casualties,10% Casualties,12% Casualties,15% Casualties,17% Casualties,19% Casualties,21% Casualties,22% Casualties,23% Casualties,24% Casualties,11% Casualties,13% Casualties,15% Casualties,18% Casualties,19% Casualties,21% Casualties,22% Casualties,24% Casualties,25% Casualties,11% Casualties,14% Casualties,16% Casualties,18% Casualties,20% Casualties,22% Casualties,23% Casualties,25% Casualties,25% Casualties,12% Casualties,14% Casualties,17% Casualties,19% Casualties,20% Casualties,22% Casualties,24% Casualties,25% Casualties,26% Casualties,13% Casualties,15% Casualties,17% Casualties,19% Casualties,21% Casualties,23% Casualties,24% Casualties,25% Casualties,26% Casualties,12% Casualties,15% Casualties,17% Casualties,19% Casualties,21% Casualties,23% Casualties,24% Casualties,25% Casualties,26% Casualties,13% Casualties,16% Casualties,18% Casualties,20% Casualties,22% Casualties,23% Casualties,24% Casualties,26% Casualties,27% Casualties,14% Casualties,16% Casualties,18% Casualties,21% Casualties,23% Casualties,24% Casualties,25% Casualties,26% Casualties,27% Casualties,14% Casualties,17% Casualties,19% Casualties,21% Casualties,23% Casualties,25% Casualties,25% Casualties,26% Casualties,27% Casualties,15% Casualties,17% Casualties,20% Casualties,22% Casualties,23% Casualties,25% Casualties,26% Casualties,27% Casualties,27% Casualties,15% Casualties,18% Casualties,21% Casualties,22% Casualties,24% Casualties,25% Casualties,26% Casualties,27% Casualties,27% Casualties,15% Casualties,18% Casualties,20% Casualties,22% Casualties,24% Casualties,25% Casualties,26% Casualties,27% Casualties,27% Casualties,16% Casualties,18% Casualties,21% Casualties,23% Casualties,24% Casualties,25% Casualties,26% Casualties,27% Casualties,27% Casualties,17% Casualties,19% Casualties,21% Casualties,23% Casualties,25% Casualties,26% Casualties,26% Casualties,27% Casualties,27% Casualties,17% Casualties,20% Casualties,22% Casualties,24% Casualties,25% Casualties,26% Casualties,27% Casualties,27% Casualties,27% Casualties,17% Casualties,20% Casualties,23% Casualties,24% Casualties,25% Casualties,26% Casualties,27% Casualties,27% Casualties,27% Casualties
150 CV // 0 RT,6% Casualties,7% Casualties,9% Casualties,11% Casualties,12% Casualties,14% Casualties,15% Casualties,17% Casualties,18% Casualties,7% Casualties,9% Casualties,11% Casualties,13% Casualties,15% Casualties,17% Casualties,19% Casualties,21% Casualties,22% Casualties,8% Casualties,9% Casualties,11% Casualties,13% Casualties,16% Casualties,17% Casualties,19% Casualties,21% Casualties,23% Casualties,8% Casualties,10% Casualties,13% Casualties,15% Casualties,17% Casualties,19% Casualties,21% Casualties,23% Casualties,25% Casualties,9% Casualties,11% Casualties,13% Casualties,16% Casualties,18% Casualties,20% Casualties,22% Casualties,24% Casualties,25% Casualties,9% Casualties,12% Casualties,14% Casualties,17% Casualties,19% Casualties,21% Casualties,23% Casualties,25% Casualties,27% Casualties,10% Casualties,12% Casualties,15% Casualties,17% Casualties,20% Casualties,22% Casualties,24% Casualties,26% Casualties,28% Casualties,11% Casualties,13% Casualties,16% Casualties,19% Casualties,21% Casualties,23% Casualties,25% Casualties,27% Casualties,28% Casualties,11% Casualties,13% Casualties,16% Casualties,19% Casualties,21% Casualties,23% Casualties,25% Casualties,27% Casualties,29% Casualties,11% Casualties,14% Casualties,17% Casualties,20% Casualties,22% Casualties,24% Casualties,26% Casualties,28% Casualties,29% Casualties,12% Casualties,15% Casualties,18% Casualties,20% Casualties,23% Casualties,25% Casualties,27% Casualties,28% Casualties,30% Casualties,13% Casualties,16% Casualties,19% Casualties,21% Casualties,24% Casualties,26% Casualties,28% Casualties,29% Casualties,31% Casualties,13% Casualties,16% Casualties,19% Casualties,23% Casualties,24% Casualties,27% Casualties,29% Casualties,30% Casualties,32% Casualties,14% Casualties,17% Casualties,20% Casualties,23% Casualties,25% Casualties,28% Casualties,29% Casualties,31% Casualties,32% Casualties,14% Casualties,17% Casualties,21% Casualties,23% Casualties,25% Casualties,28% Casualties,29% Casualties,31% Casualties,32% Casualties,15% Casualties,18% Casualties,21% Casualties,24% Casualties,26% Casualties,28% Casualties,30% Casualties,31% Casualties,33% Casualties,15% Casualties,19% Casualties,22% Casualties,25% Casualties,27% Casualties,29% Casualties,31% Casualties,32% Casualties,33% Casualties,16% Casualties,20% Casualties,23% Casualties,25% Casualties,28% Casualties,30% Casualties,31% Casualties,32% Casualties,33% Casualties,17% Casualties,21% Casualties,24% Casualties,26% Casualties,28% Casualties,30% Casualties,32% Casualties,33% Casualties,33% Casualties,18% Casualties,21% Casualties,24% Casualties,27% Casualties,29% Casualties,30% Casualties,32% Casualties,33% Casualties,33% Casualties,18% Casualties,21% Casualties,24% Casualties,27% Casualties,29% Casualties,31% Casualties,32% Casualties,33% Casualties,33% Casualties,18% Casualties,22% Casualties,25% Casualties,27% Casualties,30% Casualties,31% Casualties,32% Casualties,33% Casualties,34% Casualties,19% Casualties,23% Casualties,26% Casualties,28% Casualties,30% Casualties,31% Casualties,32% Casualties,33% Casualties,34% Casualties,20% Casualties,24% Casualties,26% Casualties,29% Casualties,30% Casualties,32% Casualties,32% Casualties,33% Casualties,34% Casualties,21% Casualties,24% Casualties,27% Casualties,29% Casualties,31% Casualties,32% Casualties,33% Casualties,33% Casualties,34% Casualties
175 CV // 80 RT,4% Casualties,4% Casualties,5% Casualties,5% Casualties,6% Casualties,6% Casualties,6% Casualties,6% Casualties,7% Casualties,4% Casualties,5% Casualties,5% Casualties,6% Casualties,6% Casualties,7% Casualties,7% Casualties,7% Casualties,7% Casualties,5% Casualties,5% Casualties,6% Casualties,6% Casualties,7% Casualties,7% Casualties,8% Casualties,8% Casualties,8% Casualties,5% Casualties,5% Casualties,6% Casualties,6% Casualties,7% Casualties,7% Casualties,7% Casualties,8% Casualties,8% Casualties,5% Casualties,5% Casualties,6% Casualties,7% Casualties,7% Casualties,7% Casualties,8% Casualties,8% Casualties,8% Casualties,5% Casualties,6% Casualties,6% Casualties,7% Casualties,7% Casualties,8% Casualties,8% Casualties,8% Casualties,8% Casualties,5% Casualties,6% Casualties,6% Casualties,7% Casualties,7% Casualties,8% Casualties,8% Casualties,8% Casualties,8% Casualties,5% Casualties,6% Casualties,6% Casualties,7% Casualties,7% Casualties,8% Casualties,8% Casualties,8% Casualties,8% Casualties,5% Casualties,6% Casualties,6% Casualties,7% Casualties,7% Casualties,8% Casualties,8% Casualties,8% Casualties,8% Casualties,5% Casualties,6% Casualties,6% Casualties,7% Casualties,7% Casualties,8% Casualties,8% Casualties,8% Casualties,8% Casualties,5% Casualties,6% Casualties,6% Casualties,7% Casualties,7% Casualties,8% Casualties,8% Casualties,8% Casualties,8% Casualties,5% Casualties,6% Casualties,6% Casualties,7% Casualties,7% Casualties,8% Casualties,8% Casualties,8% Casualties,8% Casualties,5% Casualties,6% Casualties,7% Casualties,7% Casualties,7% Casualties,8% Casualties,8% Casualties,8% Casualties,8% Casualties,5% Casualties,6% Casualties,7% Casualties,7% Casualties,7% Casualties,8% Casualties,8% Casualties,8% Casualties,8% Casualties,5% Casualties,6% Casualties,7% Casualties,7% Casualties,7% Casualties,8% Casualties,8% Casualties,8% Casualties,8% Casualties,5% Casualties,6% Casualties,7% Casualties,7% Casualties,7% Casualties,8% Casualties,8% Casualties,8% Casualties,8% Casualties,6% Casualties,6% Casualties,7% Casualties,7% Casualties,7% Casualties,8% Casualties,8% Casualties,8% Casualties,8% Casualties,6% Casualties,6% Casualties,7% Casualties,7% Casualties,7% Casualties,8% Casualties,8% Casualties,8% Casualties,8% Casualties,6% Casualties,6% Casualties,7% Casualties,7% Casualties,7% Casualties,8% Casualties,8% Casualties,8% Casualties,8% Casualties,6% Casualties,6% Casualties,7% Casualties,7% Casualties,7% Casualties,7% Casualties,8% Casualties,8% Casualties,8% Casualties,6% Casualties,6% Casualties,7% Casualties,7% Casualties,7% Casualties,8% Casualties,8% Casualties,8% Casualties,8% Casualties,6% Casualties,6% Casualties,7% Casualties,7% Casualties,7% Casualties,8% Casualties,8% Casualties,8% Casualties,8% Casualties,6% Casualties,6% Casualties,7% Casualties,7% Casualties,7% Casualties,7% Casualties,8% Casualties,8% Casualties,8% Casualties,6% Casualties,6% Casualties,7% Casualties,7% Casualties,7% Casualties,7% Casualties,8% Casualties,8% Casualties,8% Casualties,6% Casualties,6% Casualties,7% Casualties,7% Casualties,7% Casualties,7% Casualties,8% Casualties,8% Casualties,8% Casualties
175 CV // 70 RT,4% Casualties,4% Casualties,5% Casualties,5% Casualties,6% Casualties,7% Casualties,7% Casualties,7% Casualties,8% Casualties,4% Casualties,5% Casualties,6% Casualties,6% Casualties,7% Casualties,7% Casualties,8% Casualties,8% Casualties,8% Casualties,5% Casualties,6% Casualties,6% Casualties,7% Casualties,7% Casualties,8% Casualties,8% Casualties,9% Casualties,9% Casualties,5% Casualties,6% Casualties,6% Casualties,7% Casualties,7% Casualties,8% Casualties,8% Casualties,9% Casualties,9% Casualties,5% Casualties,6% Casualties,7% Casualties,7% Casualties,8% Casualties,8% Casualties,9% Casualties,9% Casualties,9% Casualties,5% Casualties,6% Casualties,7% Casualties,7% Casualties,8% Casualties,8% Casualties,9% Casualties,9% Casualties,9% Casualties,5% Casualties,6% Casualties,7% Casualties,7% Casualties,8% Casualties,8% Casualties,9% Casualties,9% Casualties,9% Casualties,5% Casualties,6% Casualties,7% Casualties,7% Casualties,8% Casualties,8% Casualties,9% Casualties,9% Casualties,9% Casualties,5% Casualties,6% Casualties,7% Casualties,8% Casualties,8% Casualties,8% Casualties,9% Casualties,9% Casualties,9% Casualties,6% Casualties,6% Casualties,7% Casualties,8% Casualties,8% Casualties,9% Casualties,9% Casualties,9% Casualties,9% Casualties,6% Casualties,6% Casualties,7% Casualties,8% Casualties,8% Casualties,8% Casualties,9% Casualties,9% Casualties,9% Casualties,6% Casualties,6% Casualties,7% Casualties,8% Casualties,8% Casualties,9% Casualties,9% Casualties,9% Casualties,9% Casualties,6% Casualties,6% Casualties,7% Casualties,8% Casualties,8% Casualties,9% Casualties,9% Casualties,9% Casualties,9% Casualties,6% Casualties,7% Casualties,7% Casualties,8% Casualties,8% Casualties,9% Casualties,9% Casualties,9% Casualties,9% Casualties,6% Casualties,7% Casualties,7% Casualties,8% Casualties,8% Casualties,9% Casualties,9% Casualties,9% Casualties,9% Casualties,6% Casualties,7% Casualties,7% Casualties,8% Casualties,8% Casualties,9% Casualties,9% Casualties,9% Casualties,9% Casualties,6% Casualties,7% Casualties,7% Casualties,8% Casualties,8% Casualties,9% Casualties,9% Casualties,9% Casualties,9% Casualties,6% Casualties,7% Casualties,7% Casualties,8% Casualties,8% Casualties,9% Casualties,9% Casualties,9% Casualties,9% Casualties,6% Casualties,7% Casualties,8% Casualties,8% Casualties,8% Casualties,9% Casualties,9% Casualties,9% Casualties,9% Casualties,6% Casualties,7% Casualties,8% Casualties,8% Casualties,8% Casualties,8% Casualties,9% Casualties,9% Casualties,9% Casualties,6% Casualties,7% Casualties,8% Casualties,8% Casualties,8% Casualties,9% Casualties,9% Casualties,9% Casualties,9% Casualties,6% Casualties,7% Casualties,8% Casualties,8% Casualties,8% Casualties,9% Casualties,9% Casualties,9% Casualties,9% Casualties,6% Casualties,7% Casualties,8% Casualties,8% Casualties,8% Casualties,9% Casualties,9% Casualties,9% Casualties,9% Casualties,6% Casualties,7% Casualties,8% Casualties,8% Casualties,8% Casualties,9% Casualties,9% Casualties,9% Casualties,9% Casualties,6% Casualties,7% Casualties,8% Casualties,8% Casualties,8% Casualties,9% Casualties,9% Casualties,9% Casualties,9% Casualties
175 CV // 60 RT,4% Casualties,5% Casualties,5% Casualties,6% Casualties,7% Casualties,7% Casualties,8% Casualties,8% Casualties,8% Casualties,5% Casualties,5% Casualties,6% Casualties,7% Casualties,7% Casualties,8% Casualties,9% Casualties,9% Casualties,9% Casualties,5% Casualties,6% Casualties,7% Casualties,7% Casualties,8% Casualties,9% Casualties,9% Casualties,10% Casualties,10% Casualties,5% Casualties,6% Casualties,7% Casualties,7% Casualties,8% Casualties,9% Casualties,9% Casualties,10% Casualties,10% Casualties,5% Casualties,6% Casualties,7% Casualties,8% Casualties,9% Casualties,9% Casualties,10% Casualties,10% Casualties,10% Casualties,5% Casualties,6% Casualties,7% Casualties,8% Casualties,9% Casualties,9% Casualties,10% Casualties,10% Casualties,11% Casualties,6% Casualties,7% Casualties,7% Casualties,8% Casualties,9% Casualties,10% Casualties,10% Casualties,10% Casualties,11% Casualties,6% Casualties,7% Casualties,8% Casualties,8% Casualties,9% Casualties,9% Casualties,10% Casualties,10% Casualties,11% Casualties,6% Casualties,7% Casualties,8% Casualties,8% Casualties,9% Casualties,10% Casualties,10% Casualties,10% Casualties,11% Casualties,6% Casualties,7% Casualties,8% Casualties,8% Casualties,9% Casualties,10% Casualties,10% Casualties,10% Casualties,11% Casualties,6% Casualties,7% Casualties,8% Casualties,9% Casualties,9% Casualties,10% Casualties,10% Casualties,10% Casualties,11% Casualties,6% Casualties,7% Casualties,8% Casualties,9% Casualties,9% Casualties,10% Casualties,10% Casualties,10% Casualties,11% Casualties,6% Casualties,7% Casualties,8% Casualties,9% Casualties,9% Casualties,10% Casualties,10% Casualties,10% Casualties,11% Casualties,6% Casualties,7% Casualties,8% Casualties,9% Casualties,9% Casualties,10% Casualties,10% Casualties,10% Casualties,11% Casualties,6% Casualties,7% Casualties,8% Casualties,9% Casualties,9% Casualties,10% Casualties,10% Casualties,10% Casualties,11% Casualties,6% Casualties,7% Casualties,8% Casualties,9% Casualties,9% Casualties,10% Casualties,10% Casualties,10% Casualties,11% Casualties,7% Casualties,8% Casualties,8% Casualties,9% Casualties,9% Casualties,10% Casualties,10% Casualties,10% Casualties,10% Casualties,7% Casualties,8% Casualties,8% Casualties,9% Casualties,9% Casualties,10% Casualties,10% Casualties,10% Casualties,10% Casualties,7% Casualties,8% Casualties,8% Casualties,9% Casualties,10% Casualties,10% Casualties,10% Casualties,10% Casualties,10% Casualties,7% Casualties,8% Casualties,9% Casualties,9% Casualties,9% Casualties,10% Casualties,10% Casualties,10% Casualties,10% Casualties,7% Casualties,8% Casualties,9% Casualties,9% Casualties,9% Casualties,10% Casualties,10% Casualties,10% Casualties,10% Casualties,7% Casualties,8% Casualties,9% Casualties,9% Casualties,10% Casualties,10% Casualties,10% Casualties,10% Casualties,10% Casualties,7% Casualties,8% Casualties,9% Casualties,9% Casualties,10% Casualties,10% Casualties,10% Casualties,10% Casualties,10% Casualties,7% Casualties,8% Casualties,9% Casualties,9% Casualties,10% Casualties,10% Casualties,10% Casualties,10% Casualties,10% Casualties,7% Casualties,8% Casualties,9% Casualties,9% Casualties,10% Casualties,10% Casualties,10% Casualties,10% Casualties,10% Casualties
175 CV // 50 RT,4% Casualties,5% Casualties,6% Casualties,6% Casualties,7% Casualties,8% Casualties,8% Casualties,9% Casualties,9% Casualties,5% Casualties,6% Casualties,7% Casualties,7% Casualties,8% Casualties,9% Casualties,9% Casualties,10% Casualties,10% Casualties,5% Casualties,6% Casualties,7% Casualties,8% Casualties,9% Casualties,10% Casualties,10% Casualties,11% Casualties,11% Casualties,5% Casualties,6% Casualties,7% Casualties,8% Casualties,9% Casualties,10% Casualties,10% Casualties,11% Casualties,11% Casualties,6% Casualties,7% Casualties,8% Casualties,9% Casualties,9% Casualties,10% Casualties,11% Casualties,11% Casualties,12% Casualties,6% Casualties,7% Casualties,8% Casualties,9% Casualties,10% Casualties,10% Casualties,11% Casualties,11% Casualties,12% Casualties,6% Casualties,7% Casualties,8% Casualties,9% Casualties,10% Casualties,11% Casualties,11% Casualties,12% Casualties,12% Casualties,6% Casualties,7% Casualties,8% Casualties,9% Casualties,10% Casualties,11% Casualties,11% Casualties,12% Casualties,12% Casualties,6% Casualties,7% Casualties,8% Casualties,9% Casualties,10% Casualties,11% Casualties,11% Casualties,12% Casualties,12% Casualties,6% Casualties,8% Casualties,8% Casualties,9% Casualties,10% Casualties,11% Casualties,11% Casualties,12% Casualties,12% Casualties,6% Casualties,7% Casualties,9% Casualties,10% Casualties,10% Casualties,11% Casualties,11% Casualties,12% Casualties,12% Casualties,7% Casualties,8% Casualties,9% Casualties,10% Casualties,10% Casualties,11% Casualties,11% Casualties,12% Casualties,12% Casualties,7% Casualties,8% Casualties,9% Casualties,10% Casualties,11% Casualties,11% Casualties,12% Casualties,12% Casualties,12% Casualties,7% Casualties,8% Casualties,9% Casualties,10% Casualties,11% Casualties,11% Casualties,12% Casualties,12% Casualties,12% Casualties,7% Casualties,8% Casualties,9% Casualties,10% Casualties,11% Casualties,11% Casualties,12% Casualties,12% Casualties,12% Casualties,7% Casualties,8% Casualties,9% Casualties,10% Casualties,11% Casualties,11% Casualties,12% Casualties,12% Casualties,12% Casualties,7% Casualties,8% Casualties,9% Casualties,10% Casualties,11% Casualties,11% Casualties,12% Casualties,12% Casualties,12% Casualties,7% Casualties,8% Casualties,9% Casualties,10% Casualties,11% Casualties,11% Casualties,12% Casualties,12% Casualties,12% Casualties,8% Casualties,9% Casualties,10% Casualties,10% Casualties,11% Casualties,11% Casualties,12% Casualties,12% Casualties,12% Casualties,8% Casualties,9% Casualties,10% Casualties,11% Casualties,11% Casualties,11% Casualties,12% Casualties,12% Casualties,12% Casualties,8% Casualties,9% Casualties,10% Casualties,11% Casualties,11% Casualties,12% Casualties,12% Casualties,12% Casualties,12% Casualties,8% Casualties,9% Casualties,10% Casualties,10% Casualties,11% Casualties,12% Casualties,12% Casualties,12% Casualties,12% Casualties,8% Casualties,9% Casualties,10% Casualties,11% Casualties,11% Casualties,12% Casualties,12% Casualties,12% Casualties,12% Casualties,8% Casualties,9% Casualties,10% Casualties,10% Casualties,11% Casualties,11% Casualties,12% Casualties,12% Casualties,12% Casualties,8% Casualties,9% Casualties,10% Casualties,11% Casualties,11% Casualties,11% Casualties,12% Casualties,12% Casualties,12% Casualties
175 CV // 40 RT,4% Casualties,5% Casualties,6% Casualties,7% Casualties,8% Casualties,8% Casualties,9% Casualties,9% Casualties,10% Casualties,5% Casualties,6% Casualties,7% Casualties,8% Casualties,9% Casualties,10% Casualties,10% Casualties,11% Casualties,12% Casualties,6% Casualties,7% Casualties,8% Casualties,9% Casualties,10% Casualties,11% Casualties,11% Casualties,12% Casualties,13% Casualties,6% Casualties,7% Casualties,8% Casualties,9% Casualties,10% Casualties,11% Casualties,11% Casualties,12% Casualties,13% Casualties,6% Casualties,7% Casualties,8% Casualties,9% Casualties,10% Casualties,11% Casualties,12% Casualties,13% Casualties,13% Casualties,6% Casualties,8% Casualties,9% Casualties,10% Casualties,11% Casualties,12% Casualties,12% Casualties,13% Casualties,14% Casualties,6% Casualties,8% Casualties,9% Casualties,10% Casualties,11% Casualties,12% Casualties,13% Casualties,13% Casualties,14% Casualties,7% Casualties,8% Casualties,9% Casualties,10% Casualties,11% Casualties,12% Casualties,13% Casualties,13% Casualties,14% Casualties,7% Casualties,8% Casualties,9% Casualties,10% Casualties,11% Casualties,12% Casualties,13% Casualties,13% Casualties,14% Casualties,7% Casualties,8% Casualties,10% Casualties,11% Casualties,12% Casualties,12% Casualties,13% Casualties,14% Casualties,14% Casualties,7% Casualties,8% Casualties,10% Casualties,11% Casualties,12% Casualties,12% Casualties,13% Casualties,14% Casualties,14% Casualties,7% Casualties,9% Casualties,10% Casualties,11% Casualties,12% Casualties,13% Casualties,13% Casualties,14% Casualties,14% Casualties,8% Casualties,9% Casualties,10% Casualties,11% Casualties,12% Casualties,13% Casualties,13% Casualties,14% Casualties,14% Casualties,8% Casualties,9% Casualties,10% Casualties,11% Casualties,12% Casualties,13% Casualties,13% Casualties,14% Casualties,14% Casualties,8% Casualties,9% Casualties,10% Casualties,11% Casualties,12% Casualties,13% Casualties,13% Casualties,14% Casualties,14% Casualties,8% Casualties,9% Casualties,11% Casualties,12% Casualties,13% Casualties,13% Casualties,14% Casualties,14% Casualties,14% Casualties,8% Casualties,10% Casualties,11% Casualties,12% Casualties,13% Casualties,13% Casualties,14% Casualties,14% Casualties,15% Casualties,8% Casualties,9% Casualties,11% Casualties,12% Casualties,13% Casualties,13% Casualties,14% Casualties,14% Casualties,15% Casualties,8% Casualties,10% Casualties,11% Casualties,12% Casualties,13% Casualties,13% Casualties,14% Casualties,14% Casualties,14% Casualties,9% Casualties,10% Casualties,11% Casualties,12% Casualties,13% Casualties,13% Casualties,14% Casualties,14% Casualties,15% Casualties,9% Casualties,10% Casualties,11% Casualties,12% Casualties,13% Casualties,14% Casualties,14% Casualties,14% Casualties,14% Casualties,9% Casualties,10% Casualties,11% Casualties,12% Casualties,13% Casualties,14% Casualties,14% Casualties,14% Casualties,14% Casualties,9% Casualties,11% Casualties,12% Casualties,13% Casualties,13% Casualties,14% Casualties,14% Casualties,14% Casualties,14% Casualties,9% Casualties,11% Casualties,12% Casualties,13% Casualties,13% Casualties,14% Casualties,14% Casualties,14% Casualties,15% Casualties,9% Casualties,11% Casualties,12% Casualties,13% Casualties,13% Casualties,14% Casualties,14% Casualties,14% Casualties,15% Casualties
175 CV // 30 RT,4% Casualties,5% Casualties,6% Casualties,7% Casualties,8% Casualties,9% Casualties,10% Casualties,10% Casualties,11% Casualties,5% Casualties,6% Casualties,8% Casualties,9% Casualties,10% Casualties,11% Casualties,12% Casualties,13% Casualties,13% Casualties,6% Casualties,7% Casualties,8% Casualties,10% Casualties,11% Casualties,12% Casualties,13% Casualties,13% Casualties,14% Casualties,6% Casualties,7% Casualties,8% Casualties,10% Casualties,11% Casualties,12% Casualties,13% Casualties,14% Casualties,14% Casualties,6% Casualties,8% Casualties,9% Casualties,11% Casualties,12% Casualties,13% Casualties,14% Casualties,15% Casualties,15% Casualties,7% Casualties,8% Casualties,9% Casualties,11% Casualties,12% Casualties,13% Casualties,14% Casualties,15% Casualties,16% Casualties,7% Casualties,8% Casualties,10% Casualties,11% Casualties,12% Casualties,14% Casualties,14% Casualties,15% Casualties,16% Casualties,7% Casualties,8% Casualties,10% Casualties,11% Casualties,12% Casualties,13% Casualties,14% Casualties,15% Casualties,16% Casualties,7% Casualties,9% Casualties,10% Casualties,12% Casualties,13% Casualties,14% Casualties,15% Casualties,15% Casualties,16% Casualties,8% Casualties,9% Casualties,11% Casualties,12% Casualties,13% Casualties,14% Casualties,15% Casualties,16% Casualties,17% Casualties,8% Casualties,9% Casualties,11% Casualties,12% Casualties,13% Casualties,14% Casualties,15% Casualties,16% Casualties,17% Casualties,8% Casualties,9% Casualties,11% Casualties,12% Casualties,14% Casualties,15% Casualties,15% Casualties,16% Casualties,17% Casualties,8% Casualties,10% Casualties,11% Casualties,13% Casualties,14% Casualties,15% Casualties,16% Casualties,16% Casualties,17% Casualties,9% Casualties,10% Casualties,12% Casualties,13% Casualties,14% Casualties,15% Casualties,16% Casualties,17% Casualties,17% Casualties,9% Casualties,10% Casualties,12% Casualties,13% Casualties,14% Casualties,15% Casualties,16% Casualties,17% Casualties,17% Casualties,9% Casualties,10% Casualties,12% Casualties,14% Casualties,15% Casualties,15% Casualties,16% Casualties,17% Casualties,17% Casualties,9% Casualties,11% Casualties,13% Casualties,14% Casualties,15% Casualties,16% Casualties,17% Casualties,17% Casualties,17% Casualties,9% Casualties,11% Casualties,12% Casualties,14% Casualties,15% Casualties,16% Casualties,16% Casualties,17% Casualties,17% Casualties,10% Casualties,11% Casualties,13% Casualties,14% Casualties,15% Casualties,16% Casualties,16% Casualties,17% Casualties,18% Casualties,10% Casualties,12% Casualties,13% Casualties,15% Casualties,15% Casualties,16% Casualties,17% Casualties,17% Casualties,18% Casualties,10% Casualties,12% Casualties,14% Casualties,15% Casualties,16% Casualties,16% Casualties,17% Casualties,17% Casualties,18% Casualties,10% Casualties,12% Casualties,13% Casualties,15% Casualties,16% Casualties,16% Casualties,17% Casualties,17% Casualties,18% Casualties,11% Casualties,12% Casualties,14% Casualties,15% Casualties,16% Casualties,17% Casualties,17% Casualties,18% Casualties,18% Casualties,11% Casualties,13% Casualties,14% Casualties,15% Casualties,16% Casualties,17% Casualties,17% Casualties,17% Casualties,18% Casualties,11% Casualties,13% Casualties,14% Casualties,15% Casualties,16% Casualties,17% Casualties,17% Casualties,17% Casualties,18% Casualties
175 CV // 20 RT,5% Casualties,6% Casualties,7% Casualties,8% Casualties,9% Casualties,10% Casualties,11% Casualties,12% Casualties,13% Casualties,6% Casualties,7% Casualties,8% Casualties,9% Casualties,11% Casualties,12% Casualties,13% Casualties,14% Casualties,15% Casualties,6% Casualties,8% Casualties,9% Casualties,11% Casualties,12% Casualties,13% Casualties,14% Casualties,15% Casualties,17% Casualties,6% Casualties,8% Casualties,9% Casualties,11% Casualties,12% Casualties,13% Casualties,14% Casualties,15% Casualties,17% Casualties,7% Casualties,8% Casualties,10% Casualties,12% Casualties,13% Casualties,14% Casualties,16% Casualties,17% Casualties,18% Casualties,7% Casualties,9% Casualties,11% Casualties,12% Casualties,14% Casualties,15% Casualties,16% Casualties,17% Casualties,18% Casualties,8% Casualties,9% Casualties,11% Casualties,13% Casualties,14% Casualties,16% Casualties,17% Casualties,18% Casualties,19% Casualties,8% Casualties,9% Casualties,11% Casualties,13% Casualties,14% Casualties,16% Casualties,17% Casualties,18% Casualties,19% Casualties,8% Casualties,10% Casualties,12% Casualties,13% Casualties,15% Casualties,16% Casualties,17% Casualties,18% Casualties,19% Casualties,8% Casualties,10% Casualties,12% Casualties,14% Casualties,15% Casualties,17% Casualties,18% Casualties,19% Casualties,20% Casualties,9% Casualties,10% Casualties,12% Casualties,14% Casualties,15% Casualties,17% Casualties,18% Casualties,19% Casualties,20% Casualties,9% Casualties,11% Casualties,13% Casualties,14% Casualties,16% Casualties,17% Casualties,18% Casualties,19% Casualties,20% Casualties,9% Casualties,11% Casualties,13% Casualties,15% Casualties,16% Casualties,18% Casualties,19% Casualties,20% Casualties,21% Casualties,10% Casualties,12% Casualties,14% Casualties,15% Casualties,17% Casualties,18% Casualties,19% Casualties,20% Casualties,21% Casualties,10% Casualties,12% Casualties,14% Casualties,15% Casualties,17% Casualties,18% Casualties,19% Casualties,20% Casualties,21% Casualties,10% Casualties,12% Casualties,14% Casualties,16% Casualties,17% Casualties,19% Casualties,20% Casualties,20% Casualties,21% Casualties,11% Casualties,13% Casualties,15% Casualties,16% Casualties,18% Casualties,19% Casualties,20% Casualties,21% Casualties,21% Casualties,11% Casualties,13% Casualties,15% Casualties,16% Casualties,18% Casualties,19% Casualties,20% Casualties,21% Casualties,21% Casualties,11% Casualties,13% Casualties,15% Casualties,17% Casualties,18% Casualties,19% Casualties,20% Casualties,21% Casualties,21% Casualties,12% Casualties,14% Casualties,16% Casualties,17% Casualties,18% Casualties,19% Casualties,20% Casualties,21% Casualties,22% Casualties,12% Casualties,14% Casualties,16% Casualties,18% Casualties,19% Casualties,20% Casualties,21% Casualties,21% Casualties,22% Casualties,12% Casualties,14% Casualties,16% Casualties,17% Casualties,19% Casualties,20% Casualties,21% Casualties,21% Casualties,22% Casualties,12% Casualties,14% Casualties,17% Casualties,18% Casualties,19% Casualties,20% Casualties,21% Casualties,21% Casualties,22% Casualties,13% Casualties,15% Casualties,17% Casualties,18% Casualties,20% Casualties,20% Casualties,21% Casualties,22% Casualties,22% Casualties,13% Casualties,15% Casualties,17% Casualties,18% Casualties,19% Casualties,20% Casualties,21% Casualties,22% Casualties,22% Casualties
175 CV // 10 RT,5% Casualties,6% Casualties,7% Casualties,9% Casualties,10% Casualties,11% Casualties,12% Casualties,13% Casualties,14% Casualties,6% Casualties,8% Casualties,9% Casualties,11% Casualties,12% Casualties,14% Casualties,15% Casualties,16% Casualties,17% Casualties,7% Casualties,9% Casualties,10% Casualties,12% Casualties,13% Casualties,15% Casualties,17% Casualties,18% Casualties,19% Casualties,7% Casualties,9% Casualties,10% Casualties,12% Casualties,14% Casualties,15% Casualties,17% Casualties,18% Casualties,19% Casualties,8% Casualties,9% Casualties,11% Casualties,13% Casualties,15% Casualties,17% Casualties,18% Casualties,20% Casualties,21% Casualties,8% Casualties,10% Casualties,12% Casualties,14% Casualties,16% Casualties,17% Casualties,19% Casualties,20% Casualties,22% Casualties,9% Casualties,10% Casualties,13% Casualties,15% Casualties,16% Casualties,18% Casualties,20% Casualties,21% Casualties,23% Casualties,9% Casualties,10% Casualties,13% Casualties,15% Casualties,17% Casualties,18% Casualties,20% Casualties,21% Casualties,23% Casualties,9% Casualties,11% Casualties,13% Casualties,15% Casualties,17% Casualties,19% Casualties,20% Casualties,22% Casualties,23% Casualties,9% Casualties,12% Casualties,14% Casualties,16% Casualties,18% Casualties,20% Casualties,21% Casualties,23% Casualties,24% Casualties,9% Casualties,12% Casualties,14% Casualties,16% Casualties,18% Casualties,19% Casualties,21% Casualties,23% Casualties,24% Casualties,10% Casualties,12% Casualties,15% Casualties,17% Casualties,19% Casualties,20% Casualties,22% Casualties,23% Casualties,24% Casualties,11% Casualties,13% Casualties,15% Casualties,17% Casualties,19% Casualties,21% Casualties,23% Casualties,24% Casualties,25% Casualties,11% Casualties,14% Casualties,16% Casualties,18% Casualties,20% Casualties,22% Casualties,23% Casualties,24% Casualties,25% Casualties,11% Casualties,14% Casualties,16% Casualties,18% Casualties,20% Casualties,22% Casualties,23% Casualties,24% Casualties,25% Casualties,12% Casualties,14% Casualties,17% Casualties,19% Casualties,21% Casualties,22% Casualties,24% Casualties,25% Casualties,26% Casualties,12% Casualties,15% Casualties,18% Casualties,19% Casualties,21% Casualties,23% Casualties,24% Casualties,25% Casualties,26% Casualties,12% Casualties,15% Casualties,17% Casualties,19% Casualties,21% Casualties,23% Casualties,24% Casualties,25% Casualties,26% Casualties,13% Casualties,15% Casualties,18% Casualties,20% Casualties,22% Casualties,23% Casualties,25% Casualties,26% Casualties,26% Casualties,14% Casualties,16% Casualties,19% Casualties,20% Casualties,22% Casualties,24% Casualties,25% Casualties,26% Casualties,27% Casualties,14% Casualties,17% Casualties,19% Casualties,21% Casualties,23% Casualties,24% Casualties,25% Casualties,26% Casualties,27% Casualties,14% Casualties,17% Casualties,19% Casualties,21% Casualties,23% Casualties,24% Casualties,25% Casualties,26% Casualties,27% Casualties,14% Casualties,17% Casualties,20% Casualties,22% Casualties,24% Casualties,25% Casualties,26% Casualties,27% Casualties,27% Casualties,15% Casualties,18% Casualties,20% Casualties,23% Casualties,24% Casualties,25% Casualties,26% Casualties,27% Casualties,27% Casualties,15% Casualties,18% Casualties,21% Casualties,22% Casualties,24% Casualties,25% Casualties,26% Casualties,27% Casualties,27% Casualties
175 CV // 0 RT,5% Casualties,6% Casualties,8% Casualties,9% Casualties,11% Casualties,12% Casualties,14% Casualties,15% Casualties,16% Casualties,6% Casualties,8% Casualties,10% Casualties,12% Casualties,14% Casualties,15% Casualties,17% Casualties,19% Casualties,20% Casualties,7% Casualties,9% Casualties,11% Casualties,13% Casualties,15% Casualties,17% Casualties,19% Casualties,21% Casualties,22% Casualties,8% Casualties,9% Casualties,11% Casualties,13% Casualties,15% Casualties,17% Casualties,19% Casualties,21% Casualties,23% Casualties,8% Casualties,10% Casualties,13% Casualties,15% Casualties,17% Casualties,19% Casualties,21% Casualties,23% Casualties,25% Casualties,9% Casualties,11% Casualties,13% Casualties,16% Casualties,18% Casualties,20% Casualties,22% Casualties,24% Casualties,26% Casualties,9% Casualties,12% Casualties,14% Casualties,17% Casualties,19% Casualties,21% Casualties,23% Casualties,25% Casualties,27% Casualties,9% Casualties,12% Casualties,14% Casualties,17% Casualties,19% Casualties,21% Casualties,23% Casualties,25% Casualties,27% Casualties,10% Casualties,13% Casualties,15% Casualties,17% Casualties,20% Casualties,22% Casualties,24% Casualties,26% Casualties,28% Casualties,11% Casualties,13% Casualties,16% Casualties,18% Casualties,21% Casualties,23% Casualties,25% Casualties,27% Casualties,29% Casualties,11% Casualties,13% Casualties,16% Casualties,19% Casualties,21% Casualties,23% Casualties,25% Casualties,27% Casualties,29% Casualties,11% Casualties,14% Casualties,17% Casualties,20% Casualties,22% Casualties,24% Casualties,26% Casualties,28% Casualties,30% Casualties,12% Casualties,14% Casualties,18% Casualties,20% Casualties,23% Casualties,25% Casualties,27% Casualties,29% Casualties,30% Casualties,13% Casualties,15% Casualties,19% Casualties,21% Casualties,24% Casualties,26% Casualties,28% Casualties,29% Casualties,31% Casualties,13% Casualties,16% Casualties,19% Casualties,21% Casualties,24% Casualties,26% Casualties,28% Casualties,30% Casualties,31% Casualties,13% Casualties,16% Casualties,20% Casualties,22% Casualties,25% Casualties,27% Casualties,28% Casualties,30% Casualties,31% Casualties,14% Casualties,17% Casualties,20% Casualties,23% Casualties,25% Casualties,28% Casualties,29% Casualties,31% Casualties,32% Casualties,14% Casualties,17% Casualties,20% Casualties,23% Casualties,26% Casualties,28% Casualties,29% Casualties,31% Casualties,32% Casualties,15% Casualties,18% Casualties,21% Casualties,24% Casualties,26% Casualties,28% Casualties,30% Casualties,31% Casualties,33% Casualties,15% Casualties,19% Casualties,22% Casualties,25% Casualties,27% Casualties,29% Casualties,30% Casualties,32% Casualties,33% Casualties,16% Casualties,20% Casualties,23% Casualties,25% Casualties,28% Casualties,29% Casualties,31% Casualties,32% Casualties,33% Casualties,16% Casualties,20% Casualties,22% Casualties,25% Casualties,28% Casualties,29% Casualties,31% Casualties,32% Casualties,33% Casualties,17% Casualties,20% Casualties,23% Casualties,26% Casualties,28% Casualties,30% Casualties,31% Casualties,32% Casualties,33% Casualties,18% Casualties,21% Casualties,24% Casualties,27% Casualties,29% Casualties,31% Casualties,32% Casualties,33% Casualties,34% Casualties,18% Casualties,21% Casualties,24% Casualties,27% Casualties,29% Casualties,31% Casualties,32% Casualties,33% Casualties,33% Casualties
200 CV // 80 RT,3% Casualties,4% Casualties,4% Casualties,5% Casualties,5% Casualties,6% Casualties,6% Casualties,6% Casualties,6% Casualties,4% Casualties,4% Casualties,5% Casualties,5% Casualties,5% Casualties,6% Casualties,6% Casualties,6% Casualties,6% Casualties,4% Casualties,5% Casualties,5% Casualties,6% Casualties,6% Casualties,7% Casualties,7% Casualties,7% Casualties,7% Casualties,5% Casualties,5% Casualties,6% Casualties,6% Casualties,7% Casualties,7% Casualties,7% Casualties,8% Casualties,8% Casualties,5% Casualties,5% Casualties,6% Casualties,6% Casualties,7% Casualties,7% Casualties,7% Casualties,8% Casualties,8% Casualties,5% Casualties,5% Casualties,6% Casualties,7% Casualties,7% Casualties,7% Casualties,8% Casualties,8% Casualties,8% Casualties,5% Casualties,6% Casualties,6% Casualties,7% Casualties,7% Casualties,8% Casualties,8% Casualties,8% Casualties,8% Casualties,5% Casualties,6% Casualties,6% Casualties,7% Casualties,7% Casualties,7% Casualties,8% Casualties,8% Casualties,8% Casualties,5% Casualties,6% Casualties,6% Casualties,7% Casualties,7% Casualties,8% Casualties,8% Casualties,8% Casualties,8% Casualties,5% Casualties,6% Casualties,6% Casualties,7% Casualties,7% Casualties,8% Casualties,8% Casualties,8% Casualties,8% Casualties,5% Casualties,6% Casualties,6% Casualties,7% Casualties,7% Casualties,8% Casualties,8% Casualties,8% Casualties,8% Casualties,5% Casualties,6% Casualties,6% Casualties,7% Casualties,7% Casualties,8% Casualties,8% Casualties,8% Casualties,8% Casualties,5% Casualties,6% Casualties,6% Casualties,7% Casualties,7% Casualties,8% Casualties,8% Casualties,8% Casualties,8% Casualties,5% Casualties,6% Casualties,6% Casualties,7% Casualties,7% Casualties,8% Casualties,8% Casualties,8% Casualties,8% Casualties,5% Casualties,6% Casualties,7% Casualties,7% Casualties,7% Casualties,8% Casualties,8% Casualties,8% Casualties,8% Casualties,5% Casualties,6% Casualties,6% Casualties,7% Casualties,7% Casualties,8% Casualties,8% Casualties,8% Casualties,8% Casualties,5% Casualties,6% Casualties,7% Casualties,7% Casualties,7% Casualties,8% Casualties,8% Casualties,8% Casualties,8% Casualties,6% Casualties,6% Casualties,7% Casualties,7% Casualties,7% Casualties,8% Casualties,8% Casualties,8% Casualties,8% Casualties,5% Casualties,6% Casualties,7% Casualties,7% Casualties,7% Casualties,8% Casualties,8% Casualties,8% Casualties,8% Casualties,6% Casualties,6% Casualties,7% Casualties,7% Casualties,7% Casualties,8% Casualties,8% Casualties,8% Casualties,8% Casualties,6% Casualties,6% Casualties,7% Casualties,7% Casualties,7% Casualties,8% Casualties,8% Casualties,8% Casualties,8% Casualties,6% Casualties,6% Casualties,7% Casualties,7% Casualties,7% Casualties,8% Casualties,8% Casualties,8% Casualties,8% Casualties,6% Casualties,6% Casualties,7% Casualties,7% Casualties,7% Casualties,8% Casualties,8% Casualties,8% Casualties,8% Casualties,6% Casualties,6% Casualties,7% Casualties,7% Casualties,7% Casualties,8% Casualties,8% Casualties,8% Casualties,8% Casualties,6% Casualties,6% Casualties,7% Casualties,7% Casualties,7% Casualties,7% Casualties,8% Casualties,8% Casualties,8% Casualties
200 CV // 70 RT,4% Casualties,4% Casualties,5% Casualties,5% Casualties,6% Casualties,6% Casualties,6% Casualties,7% Casualties,7% Casualties,4% Casualties,4% Casualties,5% Casualties,5% Casualties,6% Casualties,6% Casualties,7% Casualties,7% Casualties,7% Casualties,4% Casualties,5% Casualties,6% Casualties,6% Casualties,7% Casualties,7% Casualties,8% Casualties,8% Casualties,8% Casualties,5% Casualties,5% Casualties,6% Casualties,7% Casualties,8% Casualties,8% Casualties,8% Casualties,9% Casualties,9% Casualties,5% Casualties,5% Casualties,6% Casualties,7% Casualties,8% Casualties,8% Casualties,8% Casualties,9% Casualties,9% Casualties,5% Casualties,6% Casualties,7% Casualties,7% Casualties,8% Casualties,8% Casualties,9% Casualties,9% Casualties,9% Casualties,5% Casualties,6% Casualties,7% Casualties,7% Casualties,8% Casualties,8% Casualties,9% Casualties,9% Casualties,9% Casualties,5% Casualties,6% Casualties,7% Casualties,7% Casualties,8% Casualties,8% Casualties,9% Casualties,9% Casualties,9% Casualties,5% Casualties,6% Casualties,7% Casualties,7% Casualties,8% Casualties,8% Casualties,9% Casualties,9% Casualties,9% Casualties,5% Casualties,6% Casualties,7% Casualties,8% Casualties,8% Casualties,8% Casualties,9% Casualties,9% Casualties,9% Casualties,6% Casualties,6% Casualties,7% Casualties,8% Casualties,8% Casualties,8% Casualties,9% Casualties,9% Casualties,9% Casualties,6% Casualties,6% Casualties,7% Casualties,8% Casualties,8% Casualties,9% Casualties,9% Casualties,9% Casualties,9% Casualties,6% Casualties,6% Casualties,7% Casualties,8% Casualties,8% Casualties,9% Casualties,9% Casualties,9% Casualties,9% Casualties,6% Casualties,6% Casualties,7% Casualties,8% Casualties,8% Casualties,9% Casualties,9% Casualties,9% Casualties,9% Casualties,6% Casualties,6% Casualties,7% Casualties,8% Casualties,8% Casualties,9% Casualties,9% Casualties,9% Casualties,9% Casualties,6% Casualties,7% Casualties,7% Casualties,8% Casualties,8% Casualties,9% Casualties,9% Casualties,9% Casualties,9% Casualties,6% Casualties,7% Casualties,7% Casualties,8% Casualties,8% Casualties,9% Casualties,9% Casualties,9% Casualties,9% Casualties,6% Casualties,7% Casualties,7% Casualties,8% Casualties,8% Casualties,9% Casualties,9% Casualties,9% Casualties,9% Casualties,6% Casualties,7% Casualties,7% Casualties,8% Casualties,8% Casualties,9% Casualties,9% Casualties,9% Casualties,9% Casualties,6% Casualties,7% Casualties,7% Casualties,8% Casualties,8% Casualties,9% Casualties,9% Casualties,9% Casualties,9% Casualties,6% Casualties,7% Casualties,7% Casualties,8% Casualties,8% Casualties,9% Casualties,9% Casualties,9% Casualties,9% Casualties,6% Casualties,7% Casualties,8% Casualties,8% Casualties,8% Casualties,9% Casualties,9% Casualties,9% Casualties,9% Casualties,6% Casualties,7% Casualties,8% Casualties,8% Casualties,8% Casualties,9% Casualties,9% Casualties,9% Casualties,9% Casualties,6% Casualties,7% Casualties,8% Casualties,8% Casualties,8% Casualties,9% Casualties,9% Casualties,9% Casualties,9% Casualties,6% Casualties,7% Casualties,8% Casualties,8% Casualties,8% Casualties,9% Casualties,9% Casualties,9% Casualties,9% Casualties
200 CV // 60 RT,4% Casualties,4% Casualties,5% Casualties,5% Casualties,6% Casualties,6% Casualties,7% Casualties,7% Casualties,8% Casualties,4% Casualties,5% Casualties,5% Casualties,6% Casualties,6% Casualties,7% Casualties,7% Casualties,8% Casualties,8% Casualties,5% Casualties,5% Casualties,6% Casualties,7% Casualties,8% Casualties,8% Casualties,9% Casualties,9% Casualties,9% Casualties,5% Casualties,6% Casualties,7% Casualties,8% Casualties,8% Casualties,9% Casualties,9% Casualties,10% Casualties,10% Casualties,5% Casualties,6% Casualties,7% Casualties,7% Casualties,8% Casualties,9% Casualties,9% Casualties,10% Casualties,10% Casualties,5% Casualties,6% Casualties,7% Casualties,8% Casualties,9% Casualties,9% Casualties,10% Casualties,10% Casualties,11% Casualties,6% Casualties,6% Casualties,7% Casualties,8% Casualties,9% Casualties,9% Casualties,10% Casualties,10% Casualties,11% Casualties,5% Casualties,6% Casualties,7% Casualties,8% Casualties,9% Casualties,9% Casualties,10% Casualties,10% Casualties,11% Casualties,6% Casualties,7% Casualties,8% Casualties,8% Casualties,9% Casualties,9% Casualties,10% Casualties,10% Casualties,11% Casualties,6% Casualties,7% Casualties,8% Casualties,8% Casualties,9% Casualties,10% Casualties,10% Casualties,10% Casualties,11% Casualties,6% Casualties,7% Casualties,8% Casualties,8% Casualties,9% Casualties,10% Casualties,10% Casualties,10% Casualties,11% Casualties,6% Casualties,7% Casualties,8% Casualties,9% Casualties,9% Casualties,10% Casualties,10% Casualties,10% Casualties,11% Casualties,6% Casualties,7% Casualties,8% Casualties,8% Casualties,9% Casualties,10% Casualties,10% Casualties,10% Casualties,11% Casualties,6% Casualties,7% Casualties,8% Casualties,9% Casualties,9% Casualties,10% Casualties,10% Casualties,10% Casualties,11% Casualties,6% Casualties,7% Casualties,8% Casualties,9% Casualties,9% Casualties,10% Casualties,10% Casualties,10% Casualties,11% Casualties,6% Casualties,7% Casualties,8% Casualties,9% Casualties,9% Casualties,10% Casualties,10% Casualties,10% Casualties,11% Casualties,6% Casualties,7% Casualties,8% Casualties,9% Casualties,9% Casualties,10% Casualties,10% Casualties,10% Casualties,10% Casualties,7% Casualties,7% Casualties,8% Casualties,9% Casualties,9% Casualties,10% Casualties,10% Casualties,10% Casualties,11% Casualties,6% Casualties,7% Casualties,8% Casualties,9% Casualties,9% Casualties,10% Casualties,10% Casualties,10% Casualties,10% Casualties,7% Casualties,8% Casualties,8% Casualties,9% Casualties,10% Casualties,10% Casualties,10% Casualties,10% Casualties,10% Casualties,7% Casualties,8% Casualties,8% Casualties,9% Casualties,9% Casualties,10% Casualties,10% Casualties,10% Casualties,10% Casualties,7% Casualties,8% Casualties,8% Casualties,9% Casualties,9% Casualties,10% Casualties,10% Casualties,10% Casualties,10% Casualties,7% Casualties,8% Casualties,8% Casualties,9% Casualties,10% Casualties,10% Casualties,10% Casualties,10% Casualties,10% Casualties,7% Casualties,8% Casualties,9% Casualties,9% Casualties,9% Casualties,10% Casualties,10% Casualties,10% Casualties,10% Casualties,7% Casualties,8% Casualties,9% Casualties,9% Casualties,10% Casualties,10% Casualties,10% Casualties,10% Casualties,10% Casualties
200 CV // 50 RT,4% Casualties,4% Casualties,5% Casualties,6% Casualties,6% Casualties,7% Casualties,7% Casualties,8% Casualties,8% Casualties,4% Casualties,5% Casualties,6% Casualties,6% Casualties,7% Casualties,8% Casualties,8% Casualties,9% Casualties,9% Casualties,5% Casualties,6% Casualties,7% Casualties,7% Casualties,8% Casualties,9% Casualties,9% Casualties,10% Casualties,10% Casualties,5% Casualties,6% Casualties,7% Casualties,8% Casualties,9% Casualties,10% Casualties,10% Casualties,11% Casualties,11% Casualties,5% Casualties,6% Casualties,7% Casualties,8% Casualties,9% Casualties,10% Casualties,10% Casualties,11% Casualties,11% Casualties,6% Casualties,7% Casualties,8% Casualties,9% Casualties,9% Casualties,10% Casualties,11% Casualties,11% Casualties,12% Casualties,6% Casualties,7% Casualties,8% Casualties,9% Casualties,10% Casualties,10% Casualties,11% Casualties,12% Casualties,12% Casualties,6% Casualties,7% Casualties,8% Casualties,9% Casualties,10% Casualties,10% Casualties,11% Casualties,11% Casualties,12% Casualties,6% Casualties,7% Casualties,8% Casualties,9% Casualties,10% Casualties,11% Casualties,11% Casualties,12% Casualties,12% Casualties,6% Casualties,7% Casualties,8% Casualties,9% Casualties,10% Casualties,11% Casualties,11% Casualties,12% Casualties,12% Casualties,6% Casualties,7% Casualties,8% Casualties,9% Casualties,10% Casualties,11% Casualties,11% Casualties,12% Casualties,12% Casualties,6% Casualties,8% Casualties,9% Casualties,9% Casualties,10% Casualties,11% Casualties,12% Casualties,12% Casualties,12% Casualties,6% Casualties,7% Casualties,9% Casualties,9% Casualties,10% Casualties,11% Casualties,11% Casualties,12% Casualties,12% Casualties,6% Casualties,8% Casualties,9% Casualties,10% Casualties,10% Casualties,11% Casualties,11% Casualties,12% Casualties,12% Casualties,7% Casualties,8% Casualties,9% Casualties,10% Casualties,11% Casualties,11% Casualties,12% Casualties,12% Casualties,12% Casualties,7% Casualties,8% Casualties,9% Casualties,10% Casualties,10% Casualties,11% Casualties,12% Casualties,12% Casualties,12% Casualties,7% Casualties,8% Casualties,9% Casualties,10% Casualties,11% Casualties,11% Casualties,12% Casualties,12% Casualties,12% Casualties,7% Casualties,8% Casualties,9% Casualties,10% Casualties,11% Casualties,11% Casualties,12% Casualties,12% Casualties,12% Casualties,7% Casualties,8% Casualties,9% Casualties,10% Casualties,11% Casualties,11% Casualties,12% Casualties,12% Casualties,12% Casualties,7% Casualties,8% Casualties,9% Casualties,10% Casualties,11% Casualties,11% Casualties,12% Casualties,12% Casualties,12% Casualties,7% Casualties,8% Casualties,10% Casualties,10% Casualties,11% Casualties,11% Casualties,12% Casualties,12% Casualties,12% Casualties,8% Casualties,8% Casualties,10% Casualties,10% Casualties,11% Casualties,11% Casualties,12% Casualties,12% Casualties,12% Casualties,8% Casualties,9% Casualties,10% Casualties,10% Casualties,11% Casualties,11% Casualties,12% Casualties,12% Casualties,12% Casualties,8% Casualties,9% Casualties,10% Casualties,10% Casualties,11% Casualties,11% Casualties,12% Casualties,12% Casualties,12% Casualties,8% Casualties,9% Casualties,10% Casualties,11% Casualties,11% Casualties,11% Casualties,12% Casualties,12% Casualties,12% Casualties
200 CV // 40 RT,4% Casualties,5% Casualties,5% Casualties,6% Casualties,7% Casualties,8% Casualties,8% Casualties,9% Casualties,9% Casualties,4% Casualties,5% Casualties,6% Casualties,7% Casualties,7% Casualties,8% Casualties,9% Casualties,9% Casualties,10% Casualties,5% Casualties,6% Casualties,7% Casualties,8% Casualties,9% Casualties,10% Casualties,11% Casualties,11% Casualties,12% Casualties,6% Casualties,7% Casualties,8% Casualties,9% Casualties,10% Casualties,11% Casualties,11% Casualties,12% Casualties,13% Casualties,6% Casualties,7% Casualties,8% Casualties,9% Casualties,10% Casualties,11% Casualties,11% Casualties,12% Casualties,13% Casualties,6% Casualties,7% Casualties,8% Casualties,9% Casualties,11% Casualties,11% Casualties,12% Casualties,13% Casualties,14% Casualties,6% Casualties,7% Casualties,9% Casualties,10% Casualties,11% Casualties,12% Casualties,12% Casualties,13% Casualties,14% Casualties,6% Casualties,7% Casualties,9% Casualties,10% Casualties,11% Casualties,12% Casualties,12% Casualties,13% Casualties,14% Casualties,6% Casualties,8% Casualties,9% Casualties,10% Casualties,11% Casualties,12% Casualties,13% Casualties,13% Casualties,14% Casualties,7% Casualties,8% Casualties,9% Casualties,10% Casualties,11% Casualties,12% Casualties,13% Casualties,14% Casualties,14% Casualties,7% Casualties,8% Casualties,9% Casualties,10% Casualties,11% Casualties,12% Casualties,13% Casualties,13% Casualties,14% Casualties,7% Casualties,8% Casualties,9% Casualties,11% Casualties,12% Casualties,12% Casualties,13% Casualties,14% Casualties,14% Casualties,7% Casualties,8% Casualties,9% Casualties,11% Casualties,12% Casualties,12% Casualties,13% Casualties,14% Casualties,14% Casualties,7% Casualties,9% Casualties,10% Casualties,11% Casualties,12% Casualties,13% Casualties,13% Casualties,14% Casualties,14% Casualties,7% Casualties,9% Casualties,10% Casualties,11% Casualties,12% Casualties,13% Casualties,13% Casualties,14% Casualties,14% Casualties,7% Casualties,9% Casualties,10% Casualties,11% Casualties,12% Casualties,13% Casualties,13% Casualties,14% Casualties,14% Casualties,8% Casualties,9% Casualties,10% Casualties,11% Casualties,12% Casualties,13% Casualties,13% Casualties,14% Casualties,14% Casualties,8% Casualties,9% Casualties,10% Casualties,12% Casualties,12% Casualties,13% Casualties,14% Casualties,14% Casualties,14% Casualties,8% Casualties,9% Casualties,11% Casualties,12% Casualties,12% Casualties,13% Casualties,14% Casualties,14% Casualties,14% Casualties,8% Casualties,10% Casualties,11% Casualties,12% Casualties,13% Casualties,13% Casualties,14% Casualties,14% Casualties,14% Casualties,8% Casualties,10% Casualties,11% Casualties,12% Casualties,13% Casualties,13% Casualties,14% Casualties,14% Casualties,14% Casualties,8% Casualties,10% Casualties,11% Casualties,12% Casualties,13% Casualties,13% Casualties,14% Casualties,14% Casualties,14% Casualties,9% Casualties,10% Casualties,11% Casualties,12% Casualties,13% Casualties,13% Casualties,14% Casualties,14% Casualties,14% Casualties,9% Casualties,10% Casualties,11% Casualties,12% Casualties,13% Casualties,14% Casualties,14% Casualties,14% Casualties,14% Casualties,9% Casualties,10% Casualties,11% Casualties,12% Casualties,13% Casualties,14% Casualties,14% Casualties,14% Casualties,14% Casualties
200 CV // 30 RT,4% Casualties,5% Casualties,6% Casualties,7% Casualties,7% Casualties,8% Casualties,9% Casualties,9% Casualties,10% Casualties,4% Casualties,5% Casualties,6% Casualties,7% Casualties,8% Casualties,9% Casualties,10% Casualties,10% Casualties,11% Casualties,5% Casualties,6% Casualties,8% Casualties,9% Casualties,10% Casualties,11% Casualties,12% Casualties,12% Casualties,13% Casualties,6% Casualties,7% Casualties,8% Casualties,10% Casualties,11% Casualties,12% Casualties,13% Casualties,14% Casualties,14% Casualties,6% Casualties,7% Casualties,9% Casualties,10% Casualties,11% Casualties,12% Casualties,13% Casualties,13% Casualties,14% Casualties,6% Casualties,8% Casualties,9% Casualties,11% Casualties,12% Casualties,13% Casualties,14% Casualties,15% Casualties,15% Casualties,7% Casualties,8% Casualties,9% Casualties,11% Casualties,12% Casualties,13% Casualties,14% Casualties,15% Casualties,15% Casualties,7% Casualties,8% Casualties,10% Casualties,11% Casualties,12% Casualties,13% Casualties,14% Casualties,15% Casualties,16% Casualties,7% Casualties,8% Casualties,10% Casualties,11% Casualties,13% Casualties,14% Casualties,15% Casualties,15% Casualties,16% Casualties,8% Casualties,9% Casualties,10% Casualties,11% Casualties,13% Casualties,14% Casualties,15% Casualties,16% Casualties,16% Casualties,7% Casualties,9% Casualties,10% Casualties,12% Casualties,13% Casualties,14% Casualties,15% Casualties,16% Casualties,16% Casualties,8% Casualties,9% Casualties,11% Casualties,12% Casualties,13% Casualties,14% Casualties,15% Casualties,16% Casualties,17% Casualties,8% Casualties,9% Casualties,11% Casualties,12% Casualties,13% Casualties,14% Casualties,15% Casualties,16% Casualties,16% Casualties,8% Casualties,10% Casualties,11% Casualties,12% Casualties,14% Casualties,15% Casualties,15% Casualties,16% Casualties,17% Casualties,8% Casualties,10% Casualties,11% Casualties,13% Casualties,14% Casualties,15% Casualties,16% Casualties,16% Casualties,17% Casualties,8% Casualties,10% Casualties,12% Casualties,13% Casualties,14% Casualties,15% Casualties,16% Casualties,16% Casualties,17% Casualties,9% Casualties,10% Casualties,12% Casualties,13% Casualties,14% Casualties,15% Casualties,16% Casualties,17% Casualties,17% Casualties,9% Casualties,11% Casualties,12% Casualties,14% Casualties,15% Casualties,16% Casualties,16% Casualties,17% Casualties,17% Casualties,9% Casualties,11% Casualties,12% Casualties,14% Casualties,15% Casualties,15% Casualties,16% Casualties,17% Casualties,17% Casualties,9% Casualties,11% Casualties,13% Casualties,14% Casualties,15% Casualties,16% Casualties,17% Casualties,17% Casualties,17% Casualties,9% Casualties,11% Casualties,12% Casualties,14% Casualties,15% Casualties,16% Casualties,17% Casualties,17% Casualties,18% Casualties,10% Casualties,11% Casualties,13% Casualties,14% Casualties,15% Casualties,16% Casualties,16% Casualties,17% Casualties,17% Casualties,10% Casualties,11% Casualties,13% Casualties,15% Casualties,15% Casualties,16% Casualties,17% Casualties,17% Casualties,18% Casualties,10% Casualties,12% Casualties,13% Casualties,14% Casualties,15% Casualties,16% Casualties,17% Casualties,17% Casualties,18% Casualties,10% Casualties,12% Casualties,13% Casualties,15% Casualties,16% Casualties,16% Casualties,17% Casualties,17% Casualties,18% Casualties
200 CV // 20 RT,4% Casualties,5% Casualties,6% Casualties,7% Casualties,8% Casualties,9% Casualties,10% Casualties,10% Casualties,11% Casualties,5% Casualties,6% Casualties,7% Casualties,8% Casualties,9% Casualties,10% Casualties,11% Casualties,12% Casualties,13% Casualties,6% Casualties,7% Casualties,8% Casualties,10% Casualties,11% Casualties,12% Casualties,13% Casualties,14% Casualties,15% Casualties,6% Casualties,8% Casualties,9% Casualties,11% Casualties,12% Casualties,13% Casualties,14% Casualties,16% Casualties,17% Casualties,6% Casualties,8% Casualties,9% Casualties,11% Casualties,12% Casualties,13% Casualties,14% Casualties,16% Casualties,17% Casualties,7% Casualties,9% Casualties,10% Casualties,12% Casualties,13% Casualties,14% Casualties,16% Casualties,17% Casualties,18% Casualties,7% Casualties,9% Casualties,11% Casualties,12% Casualties,14% Casualties,15% Casualties,16% Casualties,17% Casualties,19% Casualties,7% Casualties,9% Casualties,11% Casualties,12% Casualties,14% Casualties,15% Casualties,16% Casualties,17% Casualties,19% Casualties,8% Casualties,10% Casualties,11% Casualties,13% Casualties,14% Casualties,16% Casualties,17% Casualties,18% Casualties,19% Casualties,8% Casualties,10% Casualties,12% Casualties,13% Casualties,15% Casualties,16% Casualties,17% Casualties,18% Casualties,19% Casualties,8% Casualties,10% Casualties,12% Casualties,13% Casualties,15% Casualties,16% Casualties,17% Casualties,18% Casualties,19% Casualties,9% Casualties,11% Casualties,12% Casualties,14% Casualties,15% Casualties,17% Casualties,18% Casualties,19% Casualties,20% Casualties,9% Casualties,10% Casualties,12% Casualties,14% Casualties,16% Casualties,17% Casualties,18% Casualties,19% Casualties,20% Casualties,9% Casualties,11% Casualties,13% Casualties,14% Casualties,16% Casualties,17% Casualties,18% Casualties,19% Casualties,20% Casualties,9% Casualties,11% Casualties,13% Casualties,15% Casualties,17% Casualties,17% Casualties,19% Casualties,20% Casualties,20% Casualties,9% Casualties,12% Casualties,13% Casualties,15% Casualties,16% Casualties,18% Casualties,19% Casualties,20% Casualties,21% Casualties,10% Casualties,12% Casualties,14% Casualties,15% Casualties,17% Casualties,18% Casualties,19% Casualties,20% Casualties,21% Casualties,10% Casualties,12% Casualties,14% Casualties,16% Casualties,17% Casualties,18% Casualties,20% Casualties,20% Casualties,21% Casualties,10% Casualties,12% Casualties,14% Casualties,16% Casualties,17% Casualties,19% Casualties,19% Casualties,20% Casualties,21% Casualties,11% Casualties,13% Casualties,15% Casualties,16% Casualties,18% Casualties,19% Casualties,20% Casualties,21% Casualties,21% Casualties,11% Casualties,13% Casualties,15% Casualties,16% Casualties,18% Casualties,19% Casualties,20% Casualties,21% Casualties,21% Casualties,11% Casualties,13% Casualties,15% Casualties,17% Casualties,18% Casualties,19% Casualties,20% Casualties,21% Casualties,21% Casualties,11% Casualties,14% Casualties,16% Casualties,17% Casualties,19% Casualties,20% Casualties,21% Casualties,21% Casualties,21% Casualties,12% Casualties,14% Casualties,16% Casualties,17% Casualties,19% Casualties,20% Casualties,20% Casualties,21% Casualties,22% Casualties,12% Casualties,14% Casualties,16% Casualties,18% Casualties,19% Casualties,20% Casualties,21% Casualties,21% Casualties,22% Casualties
200 CV // 10 RT,4% Casualties,5% Casualties,6% Casualties,8% Casualties,9% Casualties,10% Casualties,11% Casualties,11% Casualties,13% Casualties,5% Casualties,6% Casualties,7% Casualties,8% Casualties,10% Casualties,11% Casualties,12% Casualties,13% Casualties,14% Casualties,6% Casualties,8% Casualties,9% Casualties,11% Casualties,12% Casualties,14% Casualties,15% Casualties,16% Casualties,17% Casualties,7% Casualties,9% Casualties,10% Casualties,12% Casualties,14% Casualties,15% Casualties,17% Casualties,18% Casualties,19% Casualties,7% Casualties,8% Casualties,10% Casualties,12% Casualties,14% Casualties,15% Casualties,16% Casualties,18% Casualties,19% Casualties,8% Casualties,9% Casualties,11% Casualties,13% Casualties,15% Casualties,17% Casualties,18% Casualties,20% Casualties,21% Casualties,8% Casualties,10% Casualties,12% Casualties,14% Casualties,16% Casualties,17% Casualties,19% Casualties,21% Casualties,22% Casualties,8% Casualties,10% Casualties,12% Casualties,14% Casualties,16% Casualties,17% Casualties,19% Casualties,20% Casualties,22% Casualties,8% Casualties,11% Casualties,13% Casualties,15% Casualties,16% Casualties,18% Casualties,20% Casualties,21% Casualties,23% Casualties,9% Casualties,11% Casualties,13% Casualties,15% Casualties,17% Casualties,19% Casualties,20% Casualties,22% Casualties,23% Casualties,9% Casualties,11% Casualties,13% Casualties,15% Casualties,17% Casualties,19% Casualties,20% Casualties,22% Casualties,23% Casualties,9% Casualties,12% Casualties,14% Casualties,16% Casualties,18% Casualties,20% Casualties,21% Casualties,23% Casualties,24% Casualties,10% Casualties,12% Casualties,14% Casualties,16% Casualties,18% Casualties,20% Casualties,21% Casualties,23% Casualties,24% Casualties,10% Casualties,12% Casualties,15% Casualties,17% Casualties,19% Casualties,20% Casualties,22% Casualties,23% Casualties,24% Casualties,11% Casualties,13% Casualties,15% Casualties,17% Casualties,19% Casualties,21% Casualties,22% Casualties,24% Casualties,25% Casualties,11% Casualties,13% Casualties,15% Casualties,18% Casualties,19% Casualties,21% Casualties,23% Casualties,24% Casualties,25% Casualties,11% Casualties,14% Casualties,16% Casualties,18% Casualties,20% Casualties,22% Casualties,23% Casualties,24% Casualties,25% Casualties,12% Casualties,14% Casualties,17% Casualties,19% Casualties,21% Casualties,22% Casualties,24% Casualties,25% Casualties,26% Casualties,12% Casualties,14% Casualties,17% Casualties,19% Casualties,21% Casualties,22% Casualties,24% Casualties,25% Casualties,26% Casualties,12% Casualties,15% Casualties,17% Casualties,19% Casualties,21% Casualties,23% Casualties,24% Casualties,25% Casualties,26% Casualties,12% Casualties,15% Casualties,17% Casualties,19% Casualties,21% Casualties,23% Casualties,24% Casualties,25% Casualties,26% Casualties,13% Casualties,16% Casualties,18% Casualties,20% Casualties,22% Casualties,23% Casualties,25% Casualties,26% Casualties,26% Casualties,13% Casualties,16% Casualties,19% Casualties,21% Casualties,22% Casualties,24% Casualties,25% Casualties,26% Casualties,27% Casualties,13% Casualties,16% Casualties,18% Casualties,21% Casualties,23% Casualties,24% Casualties,25% Casualties,26% Casualties,27% Casualties,14% Casualties,17% Casualties,19% Casualties,21% Casualties,23% Casualties,24% Casualties,25% Casualties,26% Casualties,27% Casualties
200 CV // 0 RT,5% Casualties,6% Casualties,7% Casualties,8% Casualties,9% Casualties,11% Casualties,12% Casualties,13% Casualties,14% Casualties,5% Casualties,6% Casualties,8% Casualties,9% Casualties,11% Casualties,12% Casualties,14% Casualties,15% Casualties,16% Casualties,7% Casualties,8% Casualties,10% Casualties,12% Casualties,14% Casualties,15% Casualties,17% Casualties,18% Casualties,20% Casualties,7% Casualties,9% Casualties,11% Casualties,13% Casualties,15% Casualties,17% Casualties,19% Casualties,21% Casualties,22% Casualties,8% Casualties,9% Casualties,11% Casualties,13% Casualties,15% Casualties,17% Casualties,19% Casualties,21% Casualties,22% Casualties,9% Casualties,10% Casualties,13% Casualties,15% Casualties,17% Casualties,19% Casualties,21% Casualties,23% Casualties,25% Casualties,9% Casualties,11% Casualties,13% Casualties,16% Casualties,18% Casualties,20% Casualties,22% Casualties,24% Casualties,26% Casualties,9% Casualties,11% Casualties,13% Casualties,16% Casualties,18% Casualties,20% Casualties,22% Casualties,24% Casualties,26% Casualties,9% Casualties,12% Casualties,14% Casualties,16% Casualties,19% Casualties,21% Casualties,23% Casualties,25% Casualties,27% Casualties,10% Casualties,12% Casualties,15% Casualties,18% Casualties,20% Casualties,22% Casualties,24% Casualties,26% Casualties,28% Casualties,10% Casualties,12% Casualties,15% Casualties,18% Casualties,20% Casualties,22% Casualties,24% Casualties,26% Casualties,28% Casualties,11% Casualties,13% Casualties,16% Casualties,18% Casualties,21% Casualties,23% Casualties,25% Casualties,27% Casualties,29% Casualties,11% Casualties,13% Casualties,16% Casualties,18% Casualties,21% Casualties,23% Casualties,25% Casualties,27% Casualties,29% Casualties,11% Casualties,14% Casualties,17% Casualties,19% Casualties,22% Casualties,24% Casualties,26% Casualties,28% Casualties,29% Casualties,12% Casualties,15% Casualties,18% Casualties,21% Casualties,23% Casualties,25% Casualties,27% Casualties,29% Casualties,30% Casualties,12% Casualties,15% Casualties,18% Casualties,21% Casualties,23% Casualties,25% Casualties,27% Casualties,29% Casualties,30% Casualties,13% Casualties,15% Casualties,19% Casualties,21% Casualties,24% Casualties,26% Casualties,28% Casualties,30% Casualties,31% Casualties,13% Casualties,16% Casualties,20% Casualties,22% Casualties,25% Casualties,27% Casualties,29% Casualties,30% Casualties,31% Casualties,13% Casualties,16% Casualties,19% Casualties,22% Casualties,24% Casualties,27% Casualties,29% Casualties,30% Casualties,31% Casualties,14% Casualties,17% Casualties,20% Casualties,23% Casualties,25% Casualties,28% Casualties,29% Casualties,31% Casualties,32% Casualties,14% Casualties,17% Casualties,20% Casualties,23% Casualties,26% Casualties,28% Casualties,29% Casualties,31% Casualties,32% Casualties,15% Casualties,18% Casualties,21% Casualties,24% Casualties,26% Casualties,29% Casualties,30% Casualties,31% Casualties,33% Casualties,16% Casualties,19% Casualties,22% Casualties,25% Casualties,27% Casualties,29% Casualties,30% Casualties,32% Casualties,33% Casualties,16% Casualties,19% Casualties,22% Casualties,25% Casualties,27% Casualties,29% Casualties,31% Casualties,32% Casualties,33% Casualties,16% Casualties,20% Casualties,23% Casualties,25% Casualties,28% Casualties,29% Casualties,31% Casualties,32% Casualties,33% Casualties
225 CV // 80 RT,3% Casualties,3% Casualties,4% Casualties,4% Casualties,4% Casualties,5% Casualties,5% Casualties,5% Casualties,5% Casualties,4% Casualties,4% Casualties,5% Casualties,5% Casualties,5% Casualties,6% Casualties,6% Casualties,6% Casualties,7% Casualties,4% Casualties,4% Casualties,5% Casualties,5% Casualties,6% Casualties,6% Casualties,7% Casualties,7% Casualties,7% Casualties,4% Casualties,5% Casualties,5% Casualties,6% Casualties,6% Casualties,7% Casualties,7% Casualties,7% Casualties,7% Casualties,5% Casualties,5% Casualties,6% Casualties,6% Casualties,7% Casualties,7% Casualties,7% Casualties,8% Casualties,8% Casualties,5% Casualties,5% Casualties,6% Casualties,6% Casualties,7% Casualties,7% Casualties,7% Casualties,8% Casualties,8% Casualties,5% Casualties,5% Casualties,6% Casualties,7% Casualties,7% Casualties,7% Casualties,8% Casualties,8% Casualties,8% Casualties,5% Casualties,6% Casualties,6% Casualties,7% Casualties,7% Casualties,7% Casualties,8% Casualties,8% Casualties,8% Casualties,5% Casualties,6% Casualties,6% Casualties,7% Casualties,7% Casualties,7% Casualties,8% Casualties,8% Casualties,8% Casualties,5% Casualties,6% Casualties,6% Casualties,7% Casualties,7% Casualties,7% Casualties,8% Casualties,8% Casualties,8% Casualties,5% Casualties,6% Casualties,6% Casualties,7% Casualties,7% Casualties,8% Casualties,8% Casualties,8% Casualties,8% Casualties,5% Casualties,6% Casualties,6% Casualties,7% Casualties,7% Casualties,8% Casualties,8% Casualties,8% Casualties,8% Casualties,5% Casualties,6% Casualties,6% Casualties,7% Casualties,7% Casualties,8% Casualties,8% Casualties,8% Casualties,8% Casualties,5% Casualties,6% Casualties,6% Casualties,7% Casualties,7% Casualties,8% Casualties,8% Casualties,8% Casualties,8% Casualties,5% Casualties,6% Casualties,6% Casualties,7% Casualties,7% Casualties,8% Casualties,8% Casualties,8% Casualties,8% Casualties,5% Casualties,6% Casualties,6% Casualties,7% Casualties,7% Casualties,8% Casualties,8% Casualties,8% Casualties,8% Casualties,5% Casualties,6% Casualties,7% Casualties,7% Casualties,7% Casualties,8% Casualties,8% Casualties,8% Casualties,8% Casualties,5% Casualties,6% Casualties,7% Casualties,7% Casualties,7% Casualties,8% Casualties,8% Casualties,8% Casualties,8% Casualties,5% Casualties,6% Casualties,7% Casualties,7% Casualties,7% Casualties,8% Casualties,8% Casualties,8% Casualties,8% Casualties,5% Casualties,6% Casualties,7% Casualties,7% Casualties,7% Casualties,8% Casualties,8% Casualties,8% Casualties,8% Casualties,5% Casualties,6% Casualties,7% Casualties,7% Casualties,7% Casualties,8% Casualties,8% Casualties,8% Casualties,8% Casualties,5% Casualties,6% Casualties,7% Casualties,7% Casualties,7% Casualties,8% Casualties,8% Casualties,8% Casualties,8% Casualties,6% Casualties,6% Casualties,7% Casualties,7% Casualties,7% Casualties,8% Casualties,8% Casualties,8% Casualties,8% Casualties,6% Casualties,6% Casualties,7% Casualties,7% Casualties,7% Casualties,8% Casualties,8% Casualties,8% Casualties,8% Casualties,6% Casualties,6% Casualties,7% Casualties,7% Casualties,7% Casualties,8% Casualties,8% Casualties,8% Casualties,8% Casualties
225 CV // 70 RT,3% Casualties,3% Casualties,4% Casualties,4% Casualties,5% Casualties,5% Casualties,5% Casualties,6% Casualties,6% Casualties,4% Casualties,4% Casualties,5% Casualties,6% Casualties,6% Casualties,6% Casualties,7% Casualties,7% Casualties,7% Casualties,4% Casualties,5% Casualties,5% Casualties,6% Casualties,6% Casualties,7% Casualties,7% Casualties,8% Casualties,8% Casualties,4% Casualties,5% Casualties,6% Casualties,6% Casualties,7% Casualties,7% Casualties,8% Casualties,8% Casualties,8% Casualties,5% Casualties,6% Casualties,6% Casualties,7% Casualties,8% Casualties,8% Casualties,8% Casualties,9% Casualties,9% Casualties,5% Casualties,5% Casualties,6% Casualties,7% Casualties,7% Casualties,8% Casualties,8% Casualties,9% Casualties,9% Casualties,5% Casualties,6% Casualties,7% Casualties,7% Casualties,8% Casualties,8% Casualties,9% Casualties,9% Casualties,9% Casualties,5% Casualties,6% Casualties,7% Casualties,7% Casualties,8% Casualties,8% Casualties,9% Casualties,9% Casualties,9% Casualties,5% Casualties,6% Casualties,7% Casualties,7% Casualties,8% Casualties,8% Casualties,9% Casualties,9% Casualties,9% Casualties,5% Casualties,6% Casualties,7% Casualties,8% Casualties,8% Casualties,8% Casualties,9% Casualties,9% Casualties,9% Casualties,5% Casualties,6% Casualties,7% Casualties,7% Casualties,8% Casualties,8% Casualties,9% Casualties,9% Casualties,9% Casualties,5% Casualties,6% Casualties,7% Casualties,8% Casualties,8% Casualties,8% Casualties,9% Casualties,9% Casualties,9% Casualties,5% Casualties,6% Casualties,7% Casualties,8% Casualties,8% Casualties,8% Casualties,9% Casualties,9% Casualties,9% Casualties,6% Casualties,6% Casualties,7% Casualties,8% Casualties,8% Casualties,9% Casualties,9% Casualties,9% Casualties,9% Casualties,6% Casualties,6% Casualties,7% Casualties,8% Casualties,8% Casualties,9% Casualties,9% Casualties,9% Casualties,9% Casualties,6% Casualties,6% Casualties,7% Casualties,8% Casualties,8% Casualties,9% Casualties,9% Casualties,9% Casualties,9% Casualties,6% Casualties,6% Casualties,7% Casualties,8% Casualties,8% Casualties,9% Casualties,9% Casualties,9% Casualties,9% Casualties,6% Casualties,7% Casualties,7% Casualties,8% Casualties,8% Casualties,9% Casualties,9% Casualties,9% Casualties,9% Casualties,6% Casualties,7% Casualties,7% Casualties,8% Casualties,8% Casualties,9% Casualties,9% Casualties,9% Casualties,9% Casualties,6% Casualties,7% Casualties,7% Casualties,8% Casualties,8% Casualties,9% Casualties,9% Casualties,9% Casualties,9% Casualties,6% Casualties,7% Casualties,7% Casualties,8% Casualties,8% Casualties,9% Casualties,9% Casualties,9% Casualties,9% Casualties,6% Casualties,7% Casualties,7% Casualties,8% Casualties,8% Casualties,9% Casualties,9% Casualties,9% Casualties,9% Casualties,6% Casualties,7% Casualties,7% Casualties,8% Casualties,8% Casualties,9% Casualties,9% Casualties,9% Casualties,9% Casualties,6% Casualties,7% Casualties,7% Casualties,8% Casualties,8% Casualties,9% Casualties,9% Casualties,9% Casualties,9% Casualties,6% Casualties,7% Casualties,8% Casualties,8% Casualties,8% Casualties,9% Casualties,9% Casualties,9% Casualties,9% Casualties
225 CV // 60 RT,3% Casualties,3% Casualties,4% Casualties,4% Casualties,5% Casualties,5% Casualties,6% Casualties,6% Casualties,6% Casualties,4% Casualties,5% Casualties,5% Casualties,6% Casualties,6% Casualties,7% Casualties,7% Casualties,8% Casualties,8% Casualties,4% Casualties,5% Casualties,6% Casualties,6% Casualties,7% Casualties,8% Casualties,8% Casualties,8% Casualties,9% Casualties,5% Casualties,5% Casualties,6% Casualties,7% Casualties,7% Casualties,8% Casualties,9% Casualties,9% Casualties,9% Casualties,5% Casualties,6% Casualties,7% Casualties,7% Casualties,8% Casualties,9% Casualties,9% Casualties,10% Casualties,10% Casualties,5% Casualties,6% Casualties,7% Casualties,7% Casualties,8% Casualties,9% Casualties,9% Casualties,10% Casualties,10% Casualties,5% Casualties,6% Casualties,7% Casualties,8% Casualties,9% Casualties,9% Casualties,10% Casualties,10% Casualties,11% Casualties,5% Casualties,6% Casualties,7% Casualties,8% Casualties,9% Casualties,9% Casualties,10% Casualties,10% Casualties,11% Casualties,6% Casualties,6% Casualties,7% Casualties,8% Casualties,9% Casualties,9% Casualties,10% Casualties,10% Casualties,11% Casualties,6% Casualties,7% Casualties,7% Casualties,8% Casualties,9% Casualties,9% Casualties,10% Casualties,10% Casualties,11% Casualties,6% Casualties,7% Casualties,7% Casualties,8% Casualties,9% Casualties,9% Casualties,10% Casualties,10% Casualties,11% Casualties,6% Casualties,7% Casualties,8% Casualties,8% Casualties,9% Casualties,10% Casualties,10% Casualties,10% Casualties,11% Casualties,6% Casualties,7% Casualties,8% Casualties,8% Casualties,9% Casualties,9% Casualties,10% Casualties,10% Casualties,10% Casualties,6% Casualties,7% Casualties,8% Casualties,8% Casualties,9% Casualties,10% Casualties,10% Casualties,10% Casualties,11% Casualties,6% Casualties,7% Casualties,8% Casualties,8% Casualties,9% Casualties,10% Casualties,10% Casualties,10% Casualties,11% Casualties,6% Casualties,7% Casualties,8% Casualties,8% Casualties,9% Casualties,10% Casualties,10% Casualties,10% Casualties,11% Casualties,6% Casualties,7% Casualties,8% Casualties,9% Casualties,9% Casualties,10% Casualties,10% Casualties,10% Casualties,11% Casualties,6% Casualties,7% Casualties,8% Casualties,9% Casualties,9% Casualties,10% Casualties,10% Casualties,10% Casualties,11% Casualties,6% Casualties,7% Casualties,8% Casualties,9% Casualties,9% Casualties,10% Casualties,10% Casualties,10% Casualties,11% Casualties,6% Casualties,7% Casualties,8% Casualties,9% Casualties,9% Casualties,10% Casualties,10% Casualties,10% Casualties,11% Casualties,6% Casualties,7% Casualties,8% Casualties,9% Casualties,9% Casualties,10% Casualties,10% Casualties,10% Casualties,10% Casualties,6% Casualties,7% Casualties,8% Casualties,9% Casualties,9% Casualties,10% Casualties,10% Casualties,10% Casualties,10% Casualties,7% Casualties,8% Casualties,8% Casualties,9% Casualties,9% Casualties,10% Casualties,10% Casualties,10% Casualties,10% Casualties,7% Casualties,8% Casualties,8% Casualties,9% Casualties,9% Casualties,10% Casualties,10% Casualties,10% Casualties,10% Casualties,7% Casualties,8% Casualties,8% Casualties,9% Casualties,10% Casualties,10% Casualties,10% Casualties,10% Casualties,10% Casualties
225 CV // 50 RT,3% Casualties,4% Casualties,4% Casualties,5% Casualties,5% Casualties,6% Casualties,6% Casualties,7% Casualties,7% Casualties,4% Casualties,5% Casualties,5% Casualties,6% Casualties,7% Casualties,8% Casualties,8% Casualties,9% Casualties,9% Casualties,4% Casualties,5% Casualties,6% Casualties,7% Casualties,8% Casualties,8% Casualties,9% Casualties,9% Casualties,10% Casualties,5% Casualties,6% Casualties,6% Casualties,7% Casualties,8% Casualties,9% Casualties,9% Casualties,10% Casualties,10% Casualties,5% Casualties,6% Casualties,7% Casualties,8% Casualties,9% Casualties,10% Casualties,10% Casualties,11% Casualties,11% Casualties,5% Casualties,6% Casualties,7% Casualties,8% Casualties,9% Casualties,10% Casualties,10% Casualties,11% Casualties,11% Casualties,6% Casualties,7% Casualties,8% Casualties,9% Casualties,9% Casualties,10% Casualties,11% Casualties,11% Casualties,12% Casualties,6% Casualties,7% Casualties,8% Casualties,9% Casualties,10% Casualties,10% Casualties,11% Casualties,12% Casualties,12% Casualties,6% Casualties,7% Casualties,8% Casualties,9% Casualties,10% Casualties,10% Casualties,11% Casualties,12% Casualties,12% Casualties,6% Casualties,7% Casualties,8% Casualties,9% Casualties,10% Casualties,11% Casualties,11% Casualties,12% Casualties,12% Casualties,6% Casualties,7% Casualties,8% Casualties,9% Casualties,10% Casualties,11% Casualties,11% Casualties,12% Casualties,12% Casualties,6% Casualties,7% Casualties,8% Casualties,9% Casualties,10% Casualties,11% Casualties,11% Casualties,12% Casualties,12% Casualties,6% Casualties,7% Casualties,8% Casualties,9% Casualties,10% Casualties,11% Casualties,11% Casualties,12% Casualties,12% Casualties,6% Casualties,7% Casualties,9% Casualties,9% Casualties,10% Casualties,11% Casualties,11% Casualties,12% Casualties,12% Casualties,6% Casualties,7% Casualties,9% Casualties,9% Casualties,10% Casualties,11% Casualties,11% Casualties,12% Casualties,12% Casualties,7% Casualties,8% Casualties,9% Casualties,10% Casualties,10% Casualties,11% Casualties,11% Casualties,12% Casualties,12% Casualties,7% Casualties,8% Casualties,9% Casualties,10% Casualties,11% Casualties,11% Casualties,12% Casualties,12% Casualties,12% Casualties,7% Casualties,8% Casualties,9% Casualties,10% Casualties,10% Casualties,11% Casualties,12% Casualties,12% Casualties,12% Casualties,7% Casualties,8% Casualties,9% Casualties,10% Casualties,11% Casualties,11% Casualties,12% Casualties,12% Casualties,12% Casualties,7% Casualties,8% Casualties,9% Casualties,10% Casualties,11% Casualties,11% Casualties,12% Casualties,12% Casualties,12% Casualties,7% Casualties,8% Casualties,9% Casualties,10% Casualties,11% Casualties,11% Casualties,12% Casualties,12% Casualties,12% Casualties,7% Casualties,8% Casualties,9% Casualties,10% Casualties,11% Casualties,11% Casualties,12% Casualties,12% Casualties,12% Casualties,7% Casualties,8% Casualties,9% Casualties,10% Casualties,11% Casualties,11% Casualties,12% Casualties,12% Casualties,12% Casualties,7% Casualties,8% Casualties,10% Casualties,10% Casualties,11% Casualties,11% Casualties,12% Casualties,12% Casualties,12% Casualties,8% Casualties,9% Casualties,10% Casualties,10% Casualties,11% Casualties,11% Casualties,12% Casualties,12% Casualties,12% Casualties
225 CV // 40 RT,3% Casualties,4% Casualties,4% Casualties,5% Casualties,5% Casualties,6% Casualties,7% Casualties,7% Casualties,8% Casualties,4% Casualties,5% Casualties,6% Casualties,7% Casualties,7% Casualties,8% Casualties,9% Casualties,9% Casualties,10% Casualties,5% Casualties,6% Casualties,6% Casualties,7% Casualties,8% Casualties,9% Casualties,10% Casualties,10% Casualties,11% Casualties,5% Casualties,6% Casualties,7% Casualties,8% Casualties,9% Casualties,10% Casualties,10% Casualties,11% Casualties,12% Casualties,6% Casualties,7% Casualties,8% Casualties,9% Casualties,10% Casualties,11% Casualties,11% Casualties,12% Casualties,13% Casualties,6% Casualties,7% Casualties,8% Casualties,9% Casualties,10% Casualties,11% Casualties,11% Casualties,12% Casualties,13% Casualties,6% Casualties,7% Casualties,8% Casualties,10% Casualties,11% Casualties,11% Casualties,12% Casualties,13% Casualties,14% Casualties,6% Casualties,8% Casualties,9% Casualties,10% Casualties,11% Casualties,12% Casualties,13% Casualties,13% Casualties,14% Casualties,6% Casualties,7% Casualties,9% Casualties,10% Casualties,11% Casualties,12% Casualties,12% Casualties,13% Casualties,14% Casualties,6% Casualties,8% Casualties,9% Casualties,10% Casualties,11% Casualties,12% Casualties,13% Casualties,13% Casualties,14% Casualties,6% Casualties,8% Casualties,9% Casualties,10% Casualties,11% Casualties,12% Casualties,13% Casualties,13% Casualties,14% Casualties,7% Casualties,8% Casualties,9% Casualties,10% Casualties,11% Casualties,12% Casualties,13% Casualties,13% Casualties,14% Casualties,7% Casualties,8% Casualties,9% Casualties,10% Casualties,11% Casualties,12% Casualties,13% Casualties,13% Casualties,14% Casualties,7% Casualties,8% Casualties,9% Casualties,10% Casualties,11% Casualties,12% Casualties,13% Casualties,14% Casualties,14% Casualties,7% Casualties,8% Casualties,10% Casualties,11% Casualties,12% Casualties,12% Casualties,13% Casualties,14% Casualties,14% Casualties,7% Casualties,9% Casualties,10% Casualties,11% Casualties,12% Casualties,13% Casualties,13% Casualties,14% Casualties,14% Casualties,7% Casualties,9% Casualties,10% Casualties,11% Casualties,12% Casualties,13% Casualties,13% Casualties,14% Casualties,14% Casualties,7% Casualties,9% Casualties,10% Casualties,11% Casualties,12% Casualties,13% Casualties,13% Casualties,14% Casualties,14% Casualties,8% Casualties,9% Casualties,10% Casualties,11% Casualties,12% Casualties,13% Casualties,13% Casualties,14% Casualties,14% Casualties,8% Casualties,9% Casualties,10% Casualties,11% Casualties,12% Casualties,13% Casualties,14% Casualties,14% Casualties,14% Casualties,8% Casualties,9% Casualties,11% Casualties,11% Casualties,12% Casualties,13% Casualties,14% Casualties,14% Casualties,14% Casualties,8% Casualties,9% Casualties,10% Casualties,12% Casualties,12% Casualties,13% Casualties,14% Casualties,14% Casualties,14% Casualties,8% Casualties,10% Casualties,11% Casualties,12% Casualties,13% Casualties,13% Casualties,14% Casualties,14% Casualties,14% Casualties,8% Casualties,10% Casualties,11% Casualties,12% Casualties,13% Casualties,13% Casualties,14% Casualties,14% Casualties,15% Casualties,9% Casualties,10% Casualties,11% Casualties,12% Casualties,13% Casualties,13% Casualties,14% Casualties,14% Casualties,14% Casualties
225 CV // 30 RT,3% Casualties,4% Casualties,4% Casualties,5% Casualties,6% Casualties,6% Casualties,7% Casualties,8% Casualties,8% Casualties,4% Casualties,5% Casualties,6% Casualties,7% Casualties,8% Casualties,9% Casualties,10% Casualties,10% Casualties,11% Casualties,5% Casualties,6% Casualties,7% Casualties,8% Casualties,9% Casualties,10% Casualties,11% Casualties,11% Casualties,12% Casualties,5% Casualties,6% Casualties,8% Casualties,9% Casualties,10% Casualties,11% Casualties,12% Casualties,12% Casualties,13% Casualties,6% Casualties,7% Casualties,8% Casualties,10% Casualties,11% Casualties,12% Casualties,13% Casualties,13% Casualties,14% Casualties,6% Casualties,7% Casualties,9% Casualties,10% Casualties,11% Casualties,12% Casualties,13% Casualties,14% Casualties,14% Casualties,6% Casualties,8% Casualties,9% Casualties,10% Casualties,12% Casualties,13% Casualties,14% Casualties,15% Casualties,15% Casualties,7% Casualties,8% Casualties,10% Casualties,11% Casualties,12% Casualties,13% Casualties,14% Casualties,15% Casualties,16% Casualties,7% Casualties,8% Casualties,10% Casualties,11% Casualties,12% Casualties,13% Casualties,14% Casualties,15% Casualties,16% Casualties,7% Casualties,9% Casualties,10% Casualties,11% Casualties,13% Casualties,13% Casualties,14% Casualties,15% Casualties,16% Casualties,7% Casualties,9% Casualties,10% Casualties,11% Casualties,12% Casualties,14% Casualties,14% Casualties,15% Casualties,16% Casualties,7% Casualties,9% Casualties,10% Casualties,12% Casualties,13% Casualties,14% Casualties,15% Casualties,16% Casualties,16% Casualties,7% Casualties,9% Casualties,10% Casualties,12% Casualties,13% Casualties,14% Casualties,15% Casualties,16% Casualties,16% Casualties,8% Casualties,9% Casualties,11% Casualties,12% Casualties,13% Casualties,14% Casualties,15% Casualties,16% Casualties,17% Casualties,8% Casualties,9% Casualties,11% Casualties,12% Casualties,13% Casualties,14% Casualties,15% Casualties,16% Casualties,17% Casualties,8% Casualties,10% Casualties,11% Casualties,13% Casualties,13% Casualties,15% Casualties,15% Casualties,16% Casualties,17% Casualties,8% Casualties,10% Casualties,12% Casualties,13% Casualties,14% Casualties,15% Casualties,16% Casualties,17% Casualties,17% Casualties,8% Casualties,10% Casualties,11% Casualties,13% Casualties,14% Casualties,15% Casualties,16% Casualties,16% Casualties,17% Casualties,9% Casualties,10% Casualties,12% Casualties,13% Casualties,14% Casualties,15% Casualties,16% Casualties,17% Casualties,17% Casualties,9% Casualties,10% Casualties,12% Casualties,13% Casualties,14% Casualties,15% Casualties,16% Casualties,17% Casualties,17% Casualties,9% Casualties,11% Casualties,12% Casualties,13% Casualties,14% Casualties,15% Casualties,16% Casualties,17% Casualties,17% Casualties,9% Casualties,11% Casualties,12% Casualties,13% Casualties,15% Casualties,15% Casualties,16% Casualties,17% Casualties,17% Casualties,9% Casualties,11% Casualties,13% Casualties,14% Casualties,15% Casualties,16% Casualties,16% Casualties,17% Casualties,17% Casualties,9% Casualties,11% Casualties,13% Casualties,14% Casualties,15% Casualties,16% Casualties,16% Casualties,17% Casualties,18% Casualties,10% Casualties,11% Casualties,13% Casualties,14% Casualties,15% Casualties,16% Casualties,17% Casualties,17% Casualties,17% Casualties
225 CV // 20 RT,3% Casualties,4% Casualties,5% Casualties,5% Casualties,6% Casualties,7% Casualties,8% Casualties,8% Casualties,9% Casualties,5% Casualties,6% Casualties,7% Casualties,8% Casualties,9% Casualties,10% Casualties,11% Casualties,12% Casualties,12% Casualties,5% Casualties,6% Casualties,8% Casualties,8% Casualties,10% Casualties,11% Casualties,12% Casualties,13% Casualties,14% Casualties,6% Casualties,7% Casualties,8% Casualties,9% Casualties,11% Casualties,12% Casualties,13% Casualties,14% Casualties,15% Casualties,6% Casualties,8% Casualties,9% Casualties,11% Casualties,12% Casualties,13% Casualties,14% Casualties,15% Casualties,16% Casualties,6% Casualties,8% Casualties,9% Casualties,11% Casualties,12% Casualties,13% Casualties,15% Casualties,15% Casualties,17% Casualties,7% Casualties,8% Casualties,10% Casualties,12% Casualties,13% Casualties,15% Casualties,16% Casualties,17% Casualties,18% Casualties,7% Casualties,9% Casualties,11% Casualties,12% Casualties,14% Casualties,15% Casualties,16% Casualties,17% Casualties,18% Casualties,7% Casualties,9% Casualties,11% Casualties,12% Casualties,14% Casualties,15% Casualties,16% Casualties,18% Casualties,18% Casualties,8% Casualties,9% Casualties,11% Casualties,13% Casualties,14% Casualties,16% Casualties,17% Casualties,18% Casualties,19% Casualties,8% Casualties,9% Casualties,11% Casualties,13% Casualties,14% Casualties,16% Casualties,17% Casualties,18% Casualties,19% Casualties,8% Casualties,10% Casualties,12% Casualties,13% Casualties,15% Casualties,16% Casualties,17% Casualties,18% Casualties,19% Casualties,8% Casualties,10% Casualties,12% Casualties,13% Casualties,15% Casualties,16% Casualties,17% Casualties,18% Casualties,20% Casualties,9% Casualties,10% Casualties,12% Casualties,14% Casualties,15% Casualties,17% Casualties,18% Casualties,19% Casualties,20% Casualties,9% Casualties,10% Casualties,12% Casualties,14% Casualties,15% Casualties,17% Casualties,18% Casualties,19% Casualties,20% Casualties,9% Casualties,11% Casualties,13% Casualties,14% Casualties,16% Casualties,17% Casualties,18% Casualties,19% Casualties,20% Casualties,9% Casualties,11% Casualties,13% Casualties,15% Casualties,16% Casualties,18% Casualties,19% Casualties,20% Casualties,21% Casualties,9% Casualties,11% Casualties,13% Casualties,15% Casualties,16% Casualties,18% Casualties,19% Casualties,20% Casualties,20% Casualties,10% Casualties,12% Casualties,14% Casualties,15% Casualties,17% Casualties,18% Casualties,19% Casualties,20% Casualties,21% Casualties,10% Casualties,12% Casualties,14% Casualties,15% Casualties,17% Casualties,18% Casualties,19% Casualties,20% Casualties,21% Casualties,10% Casualties,12% Casualties,14% Casualties,16% Casualties,17% Casualties,19% Casualties,19% Casualties,20% Casualties,21% Casualties,10% Casualties,13% Casualties,14% Casualties,16% Casualties,17% Casualties,18% Casualties,20% Casualties,20% Casualties,21% Casualties,11% Casualties,13% Casualties,15% Casualties,16% Casualties,18% Casualties,19% Casualties,20% Casualties,21% Casualties,21% Casualties,11% Casualties,12% Casualties,15% Casualties,16% Casualties,18% Casualties,19% Casualties,20% Casualties,21% Casualties,21% Casualties,11% Casualties,13% Casualties,15% Casualties,17% Casualties,18% Casualties,19% Casualties,20% Casualties,21% Casualties,21% Casualties
225 CV // 10 RT,3% Casualties,4% Casualties,5% Casualties,6% Casualties,7% Casualties,8% Casualties,8% Casualties,9% Casualties,10% Casualties,5% Casualties,6% Casualties,7% Casualties,8% Casualties,10% Casualties,11% Casualties,12% Casualties,13% Casualties,14% Casualties,5% Casualties,7% Casualties,8% Casualties,10% Casualties,11% Casualties,12% Casualties,13% Casualties,15% Casualties,16% Casualties,6% Casualties,8% Casualties,9% Casualties,11% Casualties,12% Casualties,14% Casualties,15% Casualties,16% Casualties,17% Casualties,7% Casualties,9% Casualties,10% Casualties,12% Casualties,14% Casualties,15% Casualties,16% Casualties,18% Casualties,19% Casualties,7% Casualties,9% Casualties,10% Casualties,12% Casualties,14% Casualties,15% Casualties,17% Casualties,18% Casualties,19% Casualties,8% Casualties,9% Casualties,11% Casualties,13% Casualties,15% Casualties,17% Casualties,18% Casualties,20% Casualties,21% Casualties,8% Casualties,10% Casualties,12% Casualties,14% Casualties,16% Casualties,17% Casualties,19% Casualties,20% Casualties,22% Casualties,8% Casualties,10% Casualties,12% Casualties,14% Casualties,16% Casualties,17% Casualties,19% Casualties,20% Casualties,22% Casualties,8% Casualties,10% Casualties,13% Casualties,14% Casualties,16% Casualties,18% Casualties,20% Casualties,21% Casualties,23% Casualties,8% Casualties,11% Casualties,13% Casualties,15% Casualties,16% Casualties,18% Casualties,20% Casualties,21% Casualties,22% Casualties,9% Casualties,11% Casualties,13% Casualties,15% Casualties,17% Casualties,19% Casualties,20% Casualties,22% Casualties,23% Casualties,9% Casualties,11% Casualties,13% Casualties,15% Casualties,17% Casualties,19% Casualties,20% Casualties,22% Casualties,23% Casualties,9% Casualties,12% Casualties,14% Casualties,16% Casualties,18% Casualties,20% Casualties,21% Casualties,23% Casualties,24% Casualties,9% Casualties,12% Casualties,14% Casualties,16% Casualties,18% Casualties,20% Casualties,21% Casualties,22% Casualties,24% Casualties,10% Casualties,12% Casualties,14% Casualties,17% Casualties,19% Casualties,20% Casualties,22% Casualties,23% Casualties,24% Casualties,11% Casualties,13% Casualties,15% Casualties,17% Casualties,19% Casualties,21% Casualties,23% Casualties,24% Casualties,25% Casualties,10% Casualties,13% Casualties,15% Casualties,18% Casualties,20% Casualties,21% Casualties,23% Casualties,24% Casualties,25% Casualties,11% Casualties,13% Casualties,16% Casualties,18% Casualties,20% Casualties,22% Casualties,23% Casualties,24% Casualties,25% Casualties,11% Casualties,13% Casualties,16% Casualties,18% Casualties,20% Casualties,21% Casualties,23% Casualties,24% Casualties,25% Casualties,12% Casualties,14% Casualties,17% Casualties,19% Casualties,21% Casualties,23% Casualties,24% Casualties,25% Casualties,26% Casualties,12% Casualties,14% Casualties,17% Casualties,19% Casualties,21% Casualties,22% Casualties,24% Casualties,25% Casualties,26% Casualties,12% Casualties,15% Casualties,17% Casualties,20% Casualties,21% Casualties,23% Casualties,24% Casualties,25% Casualties,26% Casualties,12% Casualties,15% Casualties,17% Casualties,19% Casualties,21% Casualties,23% Casualties,24% Casualties,25% Casualties,26% Casualties,13% Casualties,16% Casualties,18% Casualties,20% Casualties,22% Casualties,23% Casualties,25% Casualties,26% Casualties,27% Casualties
225 CV // 0 RT,4% Casualties,4% Casualties,5% Casualties,6% Casualties,7% Casualties,8% Casualties,9% Casualties,10% Casualties,11% Casualties,5% Casualties,6% Casualties,8% Casualties,9% Casualties,11% Casualties,12% Casualties,14% Casualties,15% Casualties,16% Casualties,6% Casualties,7% Casualties,9% Casualties,11% Casualties,12% Casualties,14% Casualties,15% Casualties,17% Casualties,18% Casualties,7% Casualties,8% Casualties,10% Casualties,12% Casualties,13% Casualties,16% Casualties,17% Casualties,19% Casualties,20% Casualties,8% Casualties,9% Casualties,12% Casualties,13% Casualties,15% Casualties,17% Casualties,19% Casualties,21% Casualties,22% Casualties,8% Casualties,9% Casualties,11% Casualties,13% Casualties,15% Casualties,17% Casualties,19% Casualties,21% Casualties,22% Casualties,8% Casualties,11% Casualties,12% Casualties,15% Casualties,17% Casualties,19% Casualties,21% Casualties,23% Casualties,25% Casualties,9% Casualties,11% Casualties,13% Casualties,16% Casualties,18% Casualties,20% Casualties,22% Casualties,24% Casualties,26% Casualties,9% Casualties,11% Casualties,14% Casualties,16% Casualties,18% Casualties,20% Casualties,22% Casualties,24% Casualties,26% Casualties,9% Casualties,12% Casualties,14% Casualties,16% Casualties,19% Casualties,21% Casualties,23% Casualties,25% Casualties,27% Casualties,9% Casualties,12% Casualties,14% Casualties,17% Casualties,19% Casualties,21% Casualties,23% Casualties,25% Casualties,27% Casualties,10% Casualties,13% Casualties,15% Casualties,17% Casualties,20% Casualties,22% Casualties,24% Casualties,26% Casualties,28% Casualties,10% Casualties,12% Casualties,15% Casualties,18% Casualties,20% Casualties,22% Casualties,24% Casualties,26% Casualties,28% Casualties,11% Casualties,13% Casualties,16% Casualties,18% Casualties,21% Casualties,23% Casualties,25% Casualties,27% Casualties,28% Casualties,11% Casualties,13% Casualties,16% Casualties,18% Casualties,21% Casualties,23% Casualties,25% Casualties,27% Casualties,28% Casualties,11% Casualties,14% Casualties,17% Casualties,19% Casualties,22% Casualties,24% Casualties,26% Casualties,28% Casualties,29% Casualties,12% Casualties,15% Casualties,18% Casualties,20% Casualties,23% Casualties,25% Casualties,27% Casualties,29% Casualties,30% Casualties,12% Casualties,15% Casualties,18% Casualties,20% Casualties,23% Casualties,25% Casualties,27% Casualties,29% Casualties,30% Casualties,13% Casualties,16% Casualties,18% Casualties,21% Casualties,24% Casualties,26% Casualties,28% Casualties,29% Casualties,31% Casualties,13% Casualties,16% Casualties,18% Casualties,21% Casualties,24% Casualties,26% Casualties,28% Casualties,29% Casualties,31% Casualties,13% Casualties,16% Casualties,20% Casualties,22% Casualties,25% Casualties,27% Casualties,28% Casualties,30% Casualties,32% Casualties,13% Casualties,17% Casualties,19% Casualties,22% Casualties,24% Casualties,27% Casualties,29% Casualties,30% Casualties,31% Casualties,14% Casualties,17% Casualties,20% Casualties,23% Casualties,25% Casualties,27% Casualties,29% Casualties,31% Casualties,32% Casualties,14% Casualties,17% Casualties,20% Casualties,23% Casualties,25% Casualties,27% Casualties,29% Casualties,31% Casualties,32% Casualties,15% Casualties,18% Casualties,21% Casualties,24% Casualties,26% Casualties,28% Casualties,30% Casualties,31% Casualties,32% Casualties
250 CV // 80 RT,3% Casualties,3% Casualties,3% Casualties,4% Casualties,4% Casualties,4% Casualties,4% Casualties,5% Casualties,5% Casualties,3% Casualties,4% Casualties,4% Casualties,5% Casualties,5% Casualties,5% Casualties,6% Casualties,6% Casualties,6% Casualties,4% Casualties,4% Casualties,5% Casualties,5% Casualties,5% Casualties,6% Casualties,6% Casualties,6% Casualties,7% Casualties,4% Casualties,4% Casualties,5% Casualties,5% Casualties,6% Casualties,6% Casualties,6% Casualties,7% Casualties,7% Casualties,4% Casualties,5% Casualties,5% Casualties,6% Casualties,6% Casualties,7% Casualties,7% Casualties,7% Casualties,7% Casualties,5% Casualties,5% Casualties,6% Casualties,6% Casualties,7% Casualties,7% Casualties,8% Casualties,8% Casualties,8% Casualties,5% Casualties,5% Casualties,6% Casualties,6% Casualties,7% Casualties,7% Casualties,7% Casualties,8% Casualties,8% Casualties,5% Casualties,5% Casualties,6% Casualties,7% Casualties,7% Casualties,7% Casualties,8% Casualties,8% Casualties,8% Casualties,5% Casualties,5% Casualties,6% Casualties,7% Casualties,7% Casualties,7% Casualties,8% Casualties,8% Casualties,8% Casualties,5% Casualties,6% Casualties,6% Casualties,7% Casualties,7% Casualties,8% Casualties,8% Casualties,8% Casualties,8% Casualties,5% Casualties,6% Casualties,6% Casualties,7% Casualties,7% Casualties,8% Casualties,8% Casualties,8% Casualties,8% Casualties,5% Casualties,6% Casualties,6% Casualties,7% Casualties,7% Casualties,8% Casualties,8% Casualties,8% Casualties,8% Casualties,5% Casualties,6% Casualties,6% Casualties,7% Casualties,7% Casualties,8% Casualties,8% Casualties,8% Casualties,8% Casualties,5% Casualties,6% Casualties,6% Casualties,7% Casualties,7% Casualties,8% Casualties,8% Casualties,8% Casualties,8% Casualties,5% Casualties,6% Casualties,6% Casualties,7% Casualties,7% Casualties,8% Casualties,8% Casualties,8% Casualties,8% Casualties,5% Casualties,6% Casualties,6% Casualties,7% Casualties,7% Casualties,8% Casualties,8% Casualties,8% Casualties,8% Casualties,5% Casualties,6% Casualties,6% Casualties,7% Casualties,7% Casualties,8% Casualties,8% Casualties,8% Casualties,8% Casualties,5% Casualties,6% Casualties,6% Casualties,7% Casualties,7% Casualties,8% Casualties,8% Casualties,8% Casualties,8% Casualties,5% Casualties,6% Casualties,6% Casualties,7% Casualties,7% Casualties,8% Casualties,8% Casualties,8% Casualties,8% Casualties,5% Casualties,6% Casualties,7% Casualties,7% Casualties,7% Casualties,8% Casualties,8% Casualties,8% Casualties,8% Casualties,5% Casualties,6% Casualties,7% Casualties,7% Casualties,7% Casualties,8% Casualties,8% Casualties,8% Casualties,8% Casualties,6% Casualties,6% Casualties,7% Casualties,7% Casualties,7% Casualties,8% Casualties,8% Casualties,8% Casualties,8% Casualties,5% Casualties,6% Casualties,7% Casualties,7% Casualties,7% Casualties,8% Casualties,8% Casualties,8% Casualties,8% Casualties,6% Casualties,6% Casualties,7% Casualties,7% Casualties,7% Casualties,8% Casualties,8% Casualties,8% Casualties,8% Casualties,6% Casualties,6% Casualties,7% Casualties,7% Casualties,7% Casualties,8% Casualties,8% Casualties,8% Casualties,8% Casualties
250 CV // 70 RT,3% Casualties,3% Casualties,3% Casualties,4% Casualties,4% Casualties,5% Casualties,5% Casualties,5% Casualties,5% Casualties,3% Casualties,4% Casualties,5% Casualties,5% Casualties,5% Casualties,6% Casualties,6% Casualties,7% Casualties,7% Casualties,4% Casualties,4% Casualties,5% Casualties,5% Casualties,6% Casualties,6% Casualties,7% Casualties,7% Casualties,7% Casualties,4% Casualties,5% Casualties,5% Casualties,6% Casualties,6% Casualties,7% Casualties,7% Casualties,8% Casualties,8% Casualties,4% Casualties,5% Casualties,6% Casualties,6% Casualties,7% Casualties,7% Casualties,8% Casualties,8% Casualties,8% Casualties,5% Casualties,6% Casualties,6% Casualties,7% Casualties,7% Casualties,8% Casualties,8% Casualties,9% Casualties,9% Casualties,5% Casualties,6% Casualties,6% Casualties,7% Casualties,7% Casualties,8% Casualties,8% Casualties,9% Casualties,9% Casualties,5% Casualties,6% Casualties,7% Casualties,7% Casualties,8% Casualties,8% Casualties,9% Casualties,9% Casualties,9% Casualties,5% Casualties,6% Casualties,7% Casualties,7% Casualties,8% Casualties,8% Casualties,9% Casualties,9% Casualties,9% Casualties,5% Casualties,6% Casualties,7% Casualties,7% Casualties,8% Casualties,8% Casualties,9% Casualties,9% Casualties,9% Casualties,5% Casualties,6% Casualties,7% Casualties,7% Casualties,8% Casualties,8% Casualties,9% Casualties,9% Casualties,9% Casualties,5% Casualties,6% Casualties,7% Casualties,7% Casualties,8% Casualties,9% Casualties,9% Casualties,9% Casualties,9% Casualties,5% Casualties,6% Casualties,7% Casualties,8% Casualties,8% Casualties,8% Casualties,9% Casualties,9% Casualties,9% Casualties,5% Casualties,6% Casualties,7% Casualties,8% Casualties,8% Casualties,8% Casualties,9% Casualties,9% Casualties,9% Casualties,5% Casualties,6% Casualties,7% Casualties,8% Casualties,8% Casualties,9% Casualties,9% Casualties,9% Casualties,9% Casualties,5% Casualties,6% Casualties,7% Casualties,8% Casualties,8% Casualties,9% Casualties,9% Casualties,9% Casualties,9% Casualties,5% Casualties,6% Casualties,7% Casualties,8% Casualties,8% Casualties,9% Casualties,9% Casualties,9% Casualties,9% Casualties,6% Casualties,6% Casualties,7% Casualties,8% Casualties,8% Casualties,9% Casualties,9% Casualties,9% Casualties,9% Casualties,6% Casualties,7% Casualties,7% Casualties,8% Casualties,8% Casualties,9% Casualties,9% Casualties,9% Casualties,9% Casualties,6% Casualties,7% Casualties,7% Casualties,8% Casualties,8% Casualties,9% Casualties,9% Casualties,9% Casualties,9% Casualties,6% Casualties,7% Casualties,7% Casualties,8% Casualties,8% Casualties,9% Casualties,9% Casualties,9% Casualties,9% Casualties,6% Casualties,7% Casualties,7% Casualties,8% Casualties,8% Casualties,9% Casualties,9% Casualties,9% Casualties,9% Casualties,6% Casualties,7% Casualties,7% Casualties,8% Casualties,8% Casualties,9% Casualties,9% Casualties,9% Casualties,9% Casualties,6% Casualties,7% Casualties,7% Casualties,8% Casualties,8% Casualties,8% Casualties,9% Casualties,9% Casualties,9% Casualties,6% Casualties,7% Casualties,7% Casualties,8% Casualties,8% Casualties,9% Casualties,9% Casualties,9% Casualties,9% Casualties
250 CV // 60 RT,3% Casualties,3% Casualties,4% Casualties,4% Casualties,4% Casualties,5% Casualties,5% Casualties,6% Casualties,6% Casualties,4% Casualties,4% Casualties,5% Casualties,5% Casualties,6% Casualties,6% Casualties,7% Casualties,7% Casualties,8% Casualties,4% Casualties,4% Casualties,5% Casualties,6% Casualties,6% Casualties,7% Casualties,7% Casualties,8% Casualties,8% Casualties,4% Casualties,5% Casualties,6% Casualties,6% Casualties,7% Casualties,7% Casualties,8% Casualties,8% Casualties,9% Casualties,5% Casualties,5% Casualties,6% Casualties,7% Casualties,7% Casualties,8% Casualties,9% Casualties,9% Casualties,9% Casualties,5% Casualties,6% Casualties,7% Casualties,7% Casualties,8% Casualties,9% Casualties,9% Casualties,10% Casualties,10% Casualties,5% Casualties,6% Casualties,7% Casualties,7% Casualties,8% Casualties,9% Casualties,9% Casualties,10% Casualties,10% Casualties,5% Casualties,6% Casualties,7% Casualties,8% Casualties,9% Casualties,9% Casualties,10% Casualties,10% Casualties,10% Casualties,5% Casualties,6% Casualties,7% Casualties,8% Casualties,9% Casualties,9% Casualties,10% Casualties,10% Casualties,11% Casualties,5% Casualties,6% Casualties,7% Casualties,8% Casualties,9% Casualties,9% Casualties,10% Casualties,10% Casualties,11% Casualties,5% Casualties,6% Casualties,7% Casualties,8% Casualties,9% Casualties,9% Casualties,10% Casualties,10% Casualties,11% Casualties,6% Casualties,7% Casualties,7% Casualties,8% Casualties,9% Casualties,9% Casualties,10% Casualties,10% Casualties,11% Casualties,6% Casualties,7% Casualties,8% Casualties,8% Casualties,9% Casualties,10% Casualties,10% Casualties,10% Casualties,11% Casualties,6% Casualties,7% Casualties,8% Casualties,8% Casualties,9% Casualties,9% Casualties,10% Casualties,10% Casualties,11% Casualties,6% Casualties,7% Casualties,8% Casualties,8% Casualties,9% Casualties,9% Casualties,10% Casualties,10% Casualties,11% Casualties,6% Casualties,7% Casualties,8% Casualties,9% Casualties,9% Casualties,10% Casualties,10% Casualties,10% Casualties,11% Casualties,6% Casualties,7% Casualties,8% Casualties,8% Casualties,9% Casualties,10% Casualties,10% Casualties,10% Casualties,11% Casualties,6% Casualties,7% Casualties,8% Casualties,9% Casualties,9% Casualties,10% Casualties,10% Casualties,10% Casualties,11% Casualties,6% Casualties,7% Casualties,8% Casualties,9% Casualties,9% Casualties,10% Casualties,10% Casualties,10% Casualties,11% Casualties,6% Casualties,7% Casualties,8% Casualties,9% Casualties,9% Casualties,10% Casualties,10% Casualties,10% Casualties,11% Casualties,6% Casualties,7% Casualties,8% Casualties,9% Casualties,9% Casualties,10% Casualties,10% Casualties,10% Casualties,11% Casualties,6% Casualties,7% Casualties,8% Casualties,9% Casualties,9% Casualties,10% Casualties,10% Casualties,10% Casualties,11% Casualties,6% Casualties,7% Casualties,8% Casualties,9% Casualties,9% Casualties,10% Casualties,10% Casualties,10% Casualties,10% Casualties,7% Casualties,7% Casualties,8% Casualties,9% Casualties,9% Casualties,10% Casualties,10% Casualties,10% Casualties,10% Casualties,7% Casualties,8% Casualties,8% Casualties,9% Casualties,9% Casualties,10% Casualties,10% Casualties,10% Casualties,10% Casualties
250 CV // 50 RT,3% Casualties,3% Casualties,4% Casualties,4% Casualties,5% Casualties,5% Casualties,6% Casualties,6% Casualties,6% Casualties,4% Casualties,4% Casualties,5% Casualties,6% Casualties,6% Casualties,7% Casualties,7% Casualties,8% Casualties,8% Casualties,4% Casualties,5% Casualties,6% Casualties,6% Casualties,7% Casualties,7% Casualties,8% Casualties,9% Casualties,9% Casualties,4% Casualties,5% Casualties,6% Casualties,7% Casualties,7% Casualties,8% Casualties,9% Casualties,9% Casualties,10% Casualties,5% Casualties,6% Casualties,7% Casualties,7% Casualties,8% Casualties,9% Casualties,9% Casualties,10% Casualties,10% Casualties,5% Casualties,6% Casualties,7% Casualties,8% Casualties,9% Casualties,10% Casualties,10% Casualties,11% Casualties,11% Casualties,5% Casualties,6% Casualties,7% Casualties,8% Casualties,9% Casualties,10% Casualties,10% Casualties,11% Casualties,11% Casualties,6% Casualties,7% Casualties,8% Casualties,9% Casualties,9% Casualties,10% Casualties,11% Casualties,11% Casualties,12% Casualties,6% Casualties,7% Casualties,8% Casualties,9% Casualties,10% Casualties,10% Casualties,11% Casualties,11% Casualties,12% Casualties,6% Casualties,7% Casualties,8% Casualties,9% Casualties,10% Casualties,10% Casualties,11% Casualties,11% Casualties,12% Casualties,6% Casualties,7% Casualties,8% Casualties,9% Casualties,10% Casualties,10% Casualties,11% Casualties,12% Casualties,12% Casualties,6% Casualties,7% Casualties,8% Casualties,9% Casualties,10% Casualties,10% Casualties,11% Casualties,12% Casualties,12% Casualties,6% Casualties,7% Casualties,8% Casualties,9% Casualties,10% Casualties,11% Casualties,11% Casualties,12% Casualties,12% Casualties,6% Casualties,7% Casualties,8% Casualties,9% Casualties,10% Casualties,11% Casualties,11% Casualties,12% Casualties,12% Casualties,6% Casualties,7% Casualties,8% Casualties,9% Casualties,10% Casualties,11% Casualties,11% Casualties,12% Casualties,12% Casualties,6% Casualties,7% Casualties,8% Casualties,9% Casualties,10% Casualties,11% Casualties,11% Casualties,12% Casualties,12% Casualties,6% Casualties,8% Casualties,9% Casualties,9% Casualties,10% Casualties,11% Casualties,11% Casualties,12% Casualties,12% Casualties,7% Casualties,8% Casualties,9% Casualties,10% Casualties,10% Casualties,11% Casualties,11% Casualties,12% Casualties,12% Casualties,7% Casualties,8% Casualties,9% Casualties,10% Casualties,10% Casualties,11% Casualties,12% Casualties,12% Casualties,12% Casualties,7% Casualties,8% Casualties,9% Casualties,10% Casualties,11% Casualties,11% Casualties,12% Casualties,12% Casualties,12% Casualties,7% Casualties,8% Casualties,9% Casualties,10% Casualties,10% Casualties,11% Casualties,12% Casualties,12% Casualties,12% Casualties,7% Casualties,8% Casualties,9% Casualties,10% Casualties,11% Casualties,11% Casualties,12% Casualties,12% Casualties,12% Casualties,7% Casualties,8% Casualties,9% Casualties,10% Casualties,11% Casualties,11% Casualties,12% Casualties,12% Casualties,12% Casualties,7% Casualties,8% Casualties,9% Casualties,10% Casualties,11% Casualties,11% Casualties,12% Casualties,12% Casualties,12% Casualties,7% Casualties,8% Casualties,9% Casualties,10% Casualties,11% Casualties,11% Casualties,12% Casualties,12% Casualties,12% Casualties
250 CV // 40 RT,3% Casualties,3% Casualties,4% Casualties,4% Casualties,5% Casualties,5% Casualties,6% Casualties,6% Casualties,7% Casualties,4% Casualties,5% Casualties,5% Casualties,6% Casualties,7% Casualties,7% Casualties,8% Casualties,9% Casualties,9% Casualties,4% Casualties,5% Casualties,6% Casualties,7% Casualties,7% Casualties,8% Casualties,9% Casualties,9% Casualties,10% Casualties,5% Casualties,5% Casualties,6% Casualties,7% Casualties,8% Casualties,9% Casualties,10% Casualties,10% Casualties,11% Casualties,5% Casualties,6% Casualties,7% Casualties,8% Casualties,9% Casualties,10% Casualties,10% Casualties,11% Casualties,12% Casualties,6% Casualties,7% Casualties,8% Casualties,9% Casualties,10% Casualties,11% Casualties,11% Casualties,12% Casualties,13% Casualties,6% Casualties,7% Casualties,8% Casualties,9% Casualties,10% Casualties,11% Casualties,11% Casualties,12% Casualties,13% Casualties,6% Casualties,7% Casualties,8% Casualties,9% Casualties,10% Casualties,11% Casualties,12% Casualties,13% Casualties,13% Casualties,6% Casualties,7% Casualties,8% Casualties,10% Casualties,10% Casualties,11% Casualties,12% Casualties,13% Casualties,13% Casualties,6% Casualties,8% Casualties,9% Casualties,10% Casualties,11% Casualties,12% Casualties,12% Casualties,13% Casualties,14% Casualties,6% Casualties,7% Casualties,9% Casualties,10% Casualties,11% Casualties,12% Casualties,13% Casualties,13% Casualties,14% Casualties,6% Casualties,8% Casualties,9% Casualties,10% Casualties,11% Casualties,12% Casualties,13% Casualties,13% Casualties,14% Casualties,7% Casualties,8% Casualties,9% Casualties,10% Casualties,11% Casualties,12% Casualties,13% Casualties,13% Casualties,14% Casualties,7% Casualties,8% Casualties,9% Casualties,10% Casualties,11% Casualties,12% Casualties,13% Casualties,13% Casualties,14% Casualties,7% Casualties,8% Casualties,9% Casualties,10% Casualties,11% Casualties,12% Casualties,13% Casualties,13% Casualties,14% Casualties,7% Casualties,8% Casualties,9% Casualties,11% Casualties,11% Casualties,12% Casualties,13% Casualties,14% Casualties,14% Casualties,7% Casualties,8% Casualties,9% Casualties,11% Casualties,12% Casualties,12% Casualties,13% Casualties,14% Casualties,14% Casualties,7% Casualties,9% Casualties,10% Casualties,11% Casualties,12% Casualties,13% Casualties,13% Casualties,14% Casualties,14% Casualties,7% Casualties,9% Casualties,10% Casualties,11% Casualties,12% Casualties,13% Casualties,13% Casualties,14% Casualties,14% Casualties,7% Casualties,9% Casualties,10% Casualties,11% Casualties,12% Casualties,13% Casualties,13% Casualties,14% Casualties,14% Casualties,7% Casualties,9% Casualties,10% Casualties,11% Casualties,12% Casualties,13% Casualties,13% Casualties,14% Casualties,14% Casualties,8% Casualties,9% Casualties,10% Casualties,11% Casualties,12% Casualties,13% Casualties,14% Casualties,14% Casualties,14% Casualties,8% Casualties,9% Casualties,10% Casualties,11% Casualties,12% Casualties,13% Casualties,14% Casualties,14% Casualties,14% Casualties,8% Casualties,9% Casualties,11% Casualties,12% Casualties,13% Casualties,13% Casualties,14% Casualties,14% Casualties,15% Casualties,8% Casualties,9% Casualties,11% Casualties,12% Casualties,12% Casualties,13% Casualties,14% Casualties,14% Casualties,15% Casualties
250 CV // 30 RT,3% Casualties,3% Casualties,4% Casualties,5% Casualties,5% Casualties,6% Casualties,6% Casualties,7% Casualties,7% Casualties,4% Casualties,5% Casualties,6% Casualties,6% Casualties,7% Casualties,8% Casualties,9% Casualties,9% Casualties,10% Casualties,4% Casualties,5% Casualties,6% Casualties,7% Casualties,8% Casualties,9% Casualties,10% Casualties,10% Casualties,11% Casualties,5% Casualties,6% Casualties,7% Casualties,8% Casualties,9% Casualties,10% Casualties,11% Casualties,11% Casualties,12% Casualties,5% Casualties,6% Casualties,8% Casualties,9% Casualties,10% Casualties,11% Casualties,12% Casualties,12% Casualties,13% Casualties,6% Casualties,7% Casualties,8% Casualties,10% Casualties,11% Casualties,12% Casualties,13% Casualties,14% Casualties,14% Casualties,6% Casualties,7% Casualties,8% Casualties,10% Casualties,11% Casualties,12% Casualties,13% Casualties,14% Casualties,14% Casualties,6% Casualties,8% Casualties,9% Casualties,10% Casualties,12% Casualties,13% Casualties,14% Casualties,15% Casualties,15% Casualties,6% Casualties,8% Casualties,9% Casualties,10% Casualties,12% Casualties,13% Casualties,14% Casualties,15% Casualties,15% Casualties,7% Casualties,8% Casualties,10% Casualties,11% Casualties,12% Casualties,13% Casualties,14% Casualties,15% Casualties,16% Casualties,7% Casualties,8% Casualties,9% Casualties,11% Casualties,12% Casualties,13% Casualties,14% Casualties,15% Casualties,16% Casualties,7% Casualties,9% Casualties,10% Casualties,11% Casualties,13% Casualties,14% Casualties,14% Casualties,15% Casualties,16% Casualties,7% Casualties,9% Casualties,10% Casualties,12% Casualties,13% Casualties,14% Casualties,15% Casualties,16% Casualties,16% Casualties,7% Casualties,9% Casualties,10% Casualties,12% Casualties,13% Casualties,14% Casualties,15% Casualties,16% Casualties,16% Casualties,7% Casualties,9% Casualties,10% Casualties,12% Casualties,13% Casualties,14% Casualties,15% Casualties,16% Casualties,16% Casualties,8% Casualties,9% Casualties,11% Casualties,12% Casualties,13% Casualties,14% Casualties,15% Casualties,16% Casualties,16% Casualties,8% Casualties,9% Casualties,11% Casualties,12% Casualties,13% Casualties,14% Casualties,15% Casualties,16% Casualties,17% Casualties,8% Casualties,10% Casualties,11% Casualties,12% Casualties,13% Casualties,15% Casualties,15% Casualties,16% Casualties,17% Casualties,8% Casualties,10% Casualties,11% Casualties,13% Casualties,14% Casualties,15% Casualties,16% Casualties,16% Casualties,17% Casualties,8% Casualties,10% Casualties,11% Casualties,13% Casualties,14% Casualties,15% Casualties,16% Casualties,16% Casualties,17% Casualties,8% Casualties,10% Casualties,11% Casualties,13% Casualties,14% Casualties,15% Casualties,16% Casualties,16% Casualties,17% Casualties,9% Casualties,10% Casualties,12% Casualties,13% Casualties,14% Casualties,15% Casualties,16% Casualties,17% Casualties,17% Casualties,9% Casualties,10% Casualties,12% Casualties,13% Casualties,14% Casualties,15% Casualties,16% Casualties,17% Casualties,17% Casualties,9% Casualties,11% Casualties,12% Casualties,14% Casualties,14% Casualties,16% Casualties,16% Casualties,17% Casualties,17% Casualties,9% Casualties,11% Casualties,12% Casualties,13% Casualties,14% Casualties,15% Casualties,16% Casualties,17% Casualties,17% Casualties
250 CV // 20 RT,3% Casualties,3% Casualties,4% Casualties,5% Casualties,5% Casualties,6% Casualties,7% Casualties,7% Casualties,8% Casualties,4% Casualties,5% Casualties,6% Casualties,7% Casualties,8% Casualties,9% Casualties,10% Casualties,11% Casualties,11% Casualties,5% Casualties,6% Casualties,7% Casualties,8% Casualties,9% Casualties,10% Casualties,11% Casualties,12% Casualties,13% Casualties,5% Casualties,6% Casualties,8% Casualties,9% Casualties,10% Casualties,11% Casualties,12% Casualties,13% Casualties,14% Casualties,6% Casualties,7% Casualties,8% Casualties,10% Casualties,11% Casualties,12% Casualties,13% Casualties,14% Casualties,15% Casualties,7% Casualties,8% Casualties,9% Casualties,11% Casualties,12% Casualties,13% Casualties,14% Casualties,16% Casualties,16% Casualties,6% Casualties,8% Casualties,9% Casualties,11% Casualties,12% Casualties,13% Casualties,14% Casualties,16% Casualties,17% Casualties,7% Casualties,9% Casualties,10% Casualties,12% Casualties,13% Casualties,15% Casualties,16% Casualties,17% Casualties,18% Casualties,7% Casualties,9% Casualties,10% Casualties,12% Casualties,13% Casualties,15% Casualties,16% Casualties,17% Casualties,18% Casualties,7% Casualties,9% Casualties,11% Casualties,12% Casualties,14% Casualties,15% Casualties,16% Casualties,18% Casualties,19% Casualties,7% Casualties,9% Casualties,11% Casualties,12% Casualties,14% Casualties,15% Casualties,16% Casualties,17% Casualties,19% Casualties,8% Casualties,9% Casualties,11% Casualties,13% Casualties,14% Casualties,15% Casualties,17% Casualties,18% Casualties,19% Casualties,8% Casualties,10% Casualties,12% Casualties,13% Casualties,15% Casualties,16% Casualties,17% Casualties,18% Casualties,19% Casualties,8% Casualties,10% Casualties,12% Casualties,13% Casualties,15% Casualties,16% Casualties,17% Casualties,18% Casualties,19% Casualties,8% Casualties,10% Casualties,12% Casualties,13% Casualties,15% Casualties,16% Casualties,17% Casualties,18% Casualties,20% Casualties,8% Casualties,10% Casualties,12% Casualties,14% Casualties,15% Casualties,17% Casualties,18% Casualties,19% Casualties,20% Casualties,8% Casualties,10% Casualties,12% Casualties,14% Casualties,15% Casualties,16% Casualties,18% Casualties,19% Casualties,20% Casualties,9% Casualties,11% Casualties,13% Casualties,14% Casualties,16% Casualties,17% Casualties,18% Casualties,19% Casualties,20% Casualties,9% Casualties,11% Casualties,13% Casualties,15% Casualties,16% Casualties,17% Casualties,19% Casualties,20% Casualties,21% Casualties,9% Casualties,11% Casualties,13% Casualties,15% Casualties,16% Casualties,18% Casualties,19% Casualties,20% Casualties,20% Casualties,9% Casualties,11% Casualties,13% Casualties,15% Casualties,16% Casualties,18% Casualties,19% Casualties,20% Casualties,20% Casualties,10% Casualties,12% Casualties,14% Casualties,15% Casualties,17% Casualties,18% Casualties,19% Casualties,20% Casualties,21% Casualties,10% Casualties,12% Casualties,14% Casualties,15% Casualties,17% Casualties,18% Casualties,19% Casualties,20% Casualties,21% Casualties,10% Casualties,12% Casualties,14% Casualties,16% Casualties,17% Casualties,18% Casualties,20% Casualties,20% Casualties,21% Casualties,10% Casualties,12% Casualties,14% Casualties,16% Casualties,17% Casualties,18% Casualties,20% Casualties,20% Casualties,21% Casualties
250 CV // 10 RT,3% Casualties,4% Casualties,4% Casualties,5% Casualties,6% Casualties,7% Casualties,7% Casualties,8% Casualties,9% Casualties,4% Casualties,5% Casualties,6% Casualties,7% Casualties,9% Casualties,9% Casualties,11% Casualties,12% Casualties,13% Casualties,5% Casualties,6% Casualties,7% Casualties,8% Casualties,10% Casualties,11% Casualties,12% Casualties,13% Casualties,14% Casualties,5% Casualties,7% Casualties,8% Casualties,10% Casualties,11% Casualties,12% Casualties,13% Casualties,15% Casualties,16% Casualties,6% Casualties,8% Casualties,9% Casualties,11% Casualties,12% Casualties,14% Casualties,15% Casualties,16% Casualties,18% Casualties,7% Casualties,9% Casualties,10% Casualties,12% Casualties,14% Casualties,15% Casualties,17% Casualties,18% Casualties,19% Casualties,7% Casualties,9% Casualties,10% Casualties,12% Casualties,14% Casualties,15% Casualties,17% Casualties,18% Casualties,19% Casualties,7% Casualties,9% Casualties,11% Casualties,13% Casualties,15% Casualties,17% Casualties,18% Casualties,20% Casualties,21% Casualties,8% Casualties,9% Casualties,11% Casualties,13% Casualties,15% Casualties,17% Casualties,18% Casualties,20% Casualties,21% Casualties,8% Casualties,10% Casualties,12% Casualties,14% Casualties,16% Casualties,17% Casualties,19% Casualties,20% Casualties,22% Casualties,8% Casualties,10% Casualties,12% Casualties,14% Casualties,16% Casualties,17% Casualties,19% Casualties,20% Casualties,22% Casualties,9% Casualties,11% Casualties,12% Casualties,15% Casualties,16% Casualties,18% Casualties,20% Casualties,21% Casualties,22% Casualties,9% Casualties,11% Casualties,13% Casualties,15% Casualties,17% Casualties,19% Casualties,20% Casualties,22% Casualties,23% Casualties,9% Casualties,11% Casualties,13% Casualties,15% Casualties,17% Casualties,19% Casualties,21% Casualties,22% Casualties,23% Casualties,9% Casualties,11% Casualties,13% Casualties,15% Casualties,17% Casualties,19% Casualties,20% Casualties,22% Casualties,23% Casualties,10% Casualties,12% Casualties,14% Casualties,16% Casualties,18% Casualties,19% Casualties,21% Casualties,23% Casualties,24% Casualties,9% Casualties,12% Casualties,14% Casualties,16% Casualties,18% Casualties,20% Casualties,21% Casualties,23% Casualties,24% Casualties,10% Casualties,12% Casualties,14% Casualties,17% Casualties,18% Casualties,20% Casualties,22% Casualties,23% Casualties,24% Casualties,11% Casualties,13% Casualties,15% Casualties,17% Casualties,20% Casualties,21% Casualties,23% Casualties,24% Casualties,25% Casualties,11% Casualties,13% Casualties,15% Casualties,18% Casualties,19% Casualties,21% Casualties,22% Casualties,24% Casualties,25% Casualties,11% Casualties,13% Casualties,15% Casualties,18% Casualties,19% Casualties,21% Casualties,22% Casualties,24% Casualties,25% Casualties,11% Casualties,14% Casualties,16% Casualties,18% Casualties,20% Casualties,22% Casualties,23% Casualties,24% Casualties,25% Casualties,11% Casualties,14% Casualties,16% Casualties,18% Casualties,20% Casualties,22% Casualties,23% Casualties,24% Casualties,25% Casualties,12% Casualties,14% Casualties,16% Casualties,19% Casualties,21% Casualties,22% Casualties,24% Casualties,25% Casualties,26% Casualties,12% Casualties,14% Casualties,17% Casualties,19% Casualties,20% Casualties,22% Casualties,24% Casualties,25% Casualties,26% Casualties
250 CV // 0 RT,3% Casualties,4% Casualties,5% Casualties,5% Casualties,6% Casualties,7% Casualties,8% Casualties,9% Casualties,10% Casualties,5% Casualties,6% Casualties,7% Casualties,8% Casualties,9% Casualties,11% Casualties,12% Casualties,13% Casualties,14% Casualties,5% Casualties,7% Casualties,8% Casualties,9% Casualties,11% Casualties,12% Casualties,13% Casualties,15% Casualties,16% Casualties,6% Casualties,7% Casualties,9% Casualties,10% Casualties,12% Casualties,14% Casualties,15% Casualties,17% Casualties,18% Casualties,7% Casualties,8% Casualties,10% Casualties,12% Casualties,14% Casualties,15% Casualties,17% Casualties,19% Casualties,20% Casualties,7% Casualties,9% Casualties,11% Casualties,13% Casualties,15% Casualties,17% Casualties,19% Casualties,21% Casualties,22% Casualties,7% Casualties,9% Casualties,11% Casualties,13% Casualties,15% Casualties,17% Casualties,19% Casualties,21% Casualties,23% Casualties,8% Casualties,10% Casualties,13% Casualties,15% Casualties,17% Casualties,19% Casualties,21% Casualties,23% Casualties,25% Casualties,8% Casualties,11% Casualties,13% Casualties,15% Casualties,17% Casualties,19% Casualties,21% Casualties,23% Casualties,25% Casualties,9% Casualties,11% Casualties,13% Casualties,16% Casualties,18% Casualties,20% Casualties,22% Casualties,24% Casualties,26% Casualties,9% Casualties,11% Casualties,13% Casualties,16% Casualties,18% Casualties,20% Casualties,22% Casualties,24% Casualties,26% Casualties,9% Casualties,12% Casualties,14% Casualties,17% Casualties,19% Casualties,21% Casualties,23% Casualties,25% Casualties,27% Casualties,10% Casualties,12% Casualties,15% Casualties,17% Casualties,20% Casualties,22% Casualties,24% Casualties,26% Casualties,28% Casualties,10% Casualties,13% Casualties,15% Casualties,18% Casualties,20% Casualties,22% Casualties,24% Casualties,26% Casualties,28% Casualties,10% Casualties,12% Casualties,15% Casualties,18% Casualties,20% Casualties,22% Casualties,24% Casualties,26% Casualties,28% Casualties,10% Casualties,13% Casualties,16% Casualties,19% Casualties,21% Casualties,23% Casualties,25% Casualties,27% Casualties,29% Casualties,11% Casualties,13% Casualties,16% Casualties,18% Casualties,21% Casualties,23% Casualties,25% Casualties,27% Casualties,28% Casualties,11% Casualties,14% Casualties,17% Casualties,20% Casualties,22% Casualties,24% Casualties,26% Casualties,28% Casualties,29% Casualties,12% Casualties,15% Casualties,18% Casualties,20% Casualties,23% Casualties,25% Casualties,27% Casualties,29% Casualties,30% Casualties,12% Casualties,15% Casualties,18% Casualties,20% Casualties,23% Casualties,25% Casualties,27% Casualties,29% Casualties,30% Casualties,12% Casualties,15% Casualties,18% Casualties,20% Casualties,23% Casualties,25% Casualties,27% Casualties,29% Casualties,30% Casualties,12% Casualties,15% Casualties,18% Casualties,21% Casualties,24% Casualties,26% Casualties,28% Casualties,30% Casualties,31% Casualties,13% Casualties,16% Casualties,19% Casualties,22% Casualties,24% Casualties,26% Casualties,28% Casualties,30% Casualties,31% Casualties,13% Casualties,16% Casualties,19% Casualties,22% Casualties,25% Casualties,27% Casualties,29% Casualties,30% Casualties,31% Casualties,13% Casualties,16% Casualties,19% Casualties,22% Casualties,25% Casualties,27% Casualties,29% Casualties,30% Casualties,31% Casualties
275 CV // 80 RT,2% Casualties,3% Casualties,3% Casualties,3% Casualties,4% Casualties,4% Casualties,4% Casualties,4% Casualties,4% Casualties,3% Casualties,3% Casualties,3% Casualties,4% Casualties,4% Casualties,4% Casualties,5% Casualties,5% Casualties,5% Casualties,3% Casualties,4% Casualties,4% Casualties,5% Casualties,5% Casualties,5% Casualties,6% Casualties,6% Casualties,6% Casualties,4% Casualties,4% Casualties,5% Casualties,5% Casualties,6% Casualties,6% Casualties,6% Casualties,7% Casualties,7% Casualties,4% Casualties,5% Casualties,5% Casualties,6% Casualties,6% Casualties,7% Casualties,7% Casualties,7% Casualties,7% Casualties,4% Casualties,5% Casualties,5% Casualties,6% Casualties,6% Casualties,7% Casualties,7% Casualties,7% Casualties,7% Casualties,5% Casualties,5% Casualties,6% Casualties,6% Casualties,7% Casualties,7% Casualties,7% Casualties,8% Casualties,8% Casualties,5% Casualties,5% Casualties,6% Casualties,6% Casualties,7% Casualties,7% Casualties,7% Casualties,8% Casualties,8% Casualties,5% Casualties,5% Casualties,6% Casualties,7% Casualties,7% Casualties,7% Casualties,8% Casualties,8% Casualties,8% Casualties,5% Casualties,5% Casualties,6% Casualties,7% Casualties,7% Casualties,7% Casualties,8% Casualties,8% Casualties,8% Casualties,5% Casualties,6% Casualties,6% Casualties,7% Casualties,7% Casualties,8% Casualties,8% Casualties,8% Casualties,8% Casualties,5% Casualties,6% Casualties,6% Casualties,7% Casualties,7% Casualties,7% Casualties,8% Casualties,8% Casualties,8% Casualties,5% Casualties,6% Casualties,6% Casualties,7% Casualties,7% Casualties,7% Casualties,8% Casualties,8% Casualties,8% Casualties,5% Casualties,6% Casualties,6% Casualties,7% Casualties,7% Casualties,8% Casualties,8% Casualties,8% Casualties,8% Casualties,5% Casualties,6% Casualties,6% Casualties,7% Casualties,7% Casualties,8% Casualties,8% Casualties,8% Casualties,8% Casualties,5% Casualties,6% Casualties,6% Casualties,7% Casualties,7% Casualties,8% Casualties,8% Casualties,8% Casualties,8% Casualties,5% Casualties,6% Casualties,6% Casualties,7% Casualties,7% Casualties,8% Casualties,8% Casualties,8% Casualties,8% Casualties,5% Casualties,6% Casualties,6% Casualties,7% Casualties,7% Casualties,8% Casualties,8% Casualties,8% Casualties,8% Casualties,5% Casualties,6% Casualties,6% Casualties,7% Casualties,7% Casualties,8% Casualties,8% Casualties,8% Casualties,8% Casualties,5% Casualties,6% Casualties,6% Casualties,7% Casualties,7% Casualties,8% Casualties,8% Casualties,8% Casualties,8% Casualties,5% Casualties,6% Casualties,6% Casualties,7% Casualties,7% Casualties,8% Casualties,8% Casualties,8% Casualties,8% Casualties,5% Casualties,6% Casualties,7% Casualties,7% Casualties,7% Casualties,8% Casualties,8% Casualties,8% Casualties,8% Casualties,5% Casualties,6% Casualties,7% Casualties,7% Casualties,7% Casualties,8% Casualties,8% Casualties,8% Casualties,8% Casualties,5% Casualties,6% Casualties,6% Casualties,7% Casualties,7% Casualties,8% Casualties,8% Casualties,8% Casualties,8% Casualties,5% Casualties,6% Casualties,7% Casualties,7% Casualties,7% Casualties,8% Casualties,8% Casualties,8% Casualties,8% Casualties
275 CV // 70 RT,2% Casualties,3% Casualties,3% Casualties,3% Casualties,4% Casualties,4% Casualties,4% Casualties,5% Casualties,5% Casualties,3% Casualties,3% Casualties,4% Casualties,4% Casualties,4% Casualties,5% Casualties,5% Casualties,6% Casualties,6% Casualties,3% Casualties,4% Casualties,5% Casualties,5% Casualties,5% Casualties,6% Casualties,6% Casualties,7% Casualties,7% Casualties,4% Casualties,5% Casualties,5% Casualties,6% Casualties,6% Casualties,7% Casualties,7% Casualties,8% Casualties,8% Casualties,4% Casualties,5% Casualties,6% Casualties,6% Casualties,7% Casualties,7% Casualties,8% Casualties,8% Casualties,8% Casualties,4% Casualties,5% Casualties,6% Casualties,6% Casualties,7% Casualties,7% Casualties,8% Casualties,8% Casualties,8% Casualties,5% Casualties,6% Casualties,6% Casualties,7% Casualties,7% Casualties,8% Casualties,8% Casualties,9% Casualties,9% Casualties,5% Casualties,6% Casualties,6% Casualties,7% Casualties,7% Casualties,8% Casualties,8% Casualties,9% Casualties,9% Casualties,5% Casualties,6% Casualties,7% Casualties,7% Casualties,8% Casualties,8% Casualties,9% Casualties,9% Casualties,9% Casualties,5% Casualties,6% Casualties,7% Casualties,7% Casualties,8% Casualties,8% Casualties,9% Casualties,9% Casualties,9% Casualties,5% Casualties,6% Casualties,7% Casualties,7% Casualties,8% Casualties,8% Casualties,9% Casualties,9% Casualties,9% Casualties,5% Casualties,6% Casualties,7% Casualties,7% Casualties,8% Casualties,8% Casualties,9% Casualties,9% Casualties,9% Casualties,5% Casualties,6% Casualties,7% Casualties,7% Casualties,8% Casualties,8% Casualties,9% Casualties,9% Casualties,9% Casualties,5% Casualties,6% Casualties,7% Casualties,8% Casualties,8% Casualties,9% Casualties,9% Casualties,9% Casualties,9% Casualties,5% Casualties,6% Casualties,7% Casualties,8% Casualties,8% Casualties,8% Casualties,9% Casualties,9% Casualties,9% Casualties,5% Casualties,6% Casualties,7% Casualties,8% Casualties,8% Casualties,8% Casualties,9% Casualties,9% Casualties,9% Casualties,6% Casualties,6% Casualties,7% Casualties,8% Casualties,8% Casualties,9% Casualties,9% Casualties,9% Casualties,9% Casualties,6% Casualties,6% Casualties,7% Casualties,8% Casualties,8% Casualties,9% Casualties,9% Casualties,9% Casualties,9% Casualties,5% Casualties,6% Casualties,7% Casualties,8% Casualties,8% Casualties,9% Casualties,9% Casualties,9% Casualties,9% Casualties,6% Casualties,6% Casualties,7% Casualties,8% Casualties,8% Casualties,9% Casualties,9% Casualties,9% Casualties,9% Casualties,6% Casualties,6% Casualties,7% Casualties,8% Casualties,8% Casualties,9% Casualties,9% Casualties,9% Casualties,9% Casualties,6% Casualties,7% Casualties,7% Casualties,8% Casualties,8% Casualties,9% Casualties,9% Casualties,9% Casualties,9% Casualties,6% Casualties,7% Casualties,7% Casualties,8% Casualties,8% Casualties,9% Casualties,9% Casualties,9% Casualties,9% Casualties,6% Casualties,7% Casualties,7% Casualties,8% Casualties,8% Casualties,9% Casualties,9% Casualties,9% Casualties,9% Casualties,6% Casualties,7% Casualties,7% Casualties,8% Casualties,8% Casualties,9% Casualties,9% Casualties,9% Casualties,9% Casualties
275 CV // 60 RT,2% Casualties,3% Casualties,3% Casualties,4% Casualties,4% Casualties,4% Casualties,5% Casualties,5% Casualties,5% Casualties,3% Casualties,3% Casualties,4% Casualties,4% Casualties,5% Casualties,5% Casualties,6% Casualties,6% Casualties,6% Casualties,4% Casualties,4% Casualties,5% Casualties,5% Casualties,6% Casualties,6% Casualties,7% Casualties,7% Casualties,8% Casualties,4% Casualties,5% Casualties,6% Casualties,6% Casualties,7% Casualties,7% Casualties,8% Casualties,8% Casualties,9% Casualties,5% Casualties,5% Casualties,6% Casualties,7% Casualties,7% Casualties,8% Casualties,8% Casualties,9% Casualties,9% Casualties,5% Casualties,5% Casualties,6% Casualties,7% Casualties,8% Casualties,8% Casualties,9% Casualties,9% Casualties,9% Casualties,5% Casualties,6% Casualties,7% Casualties,8% Casualties,8% Casualties,9% Casualties,9% Casualties,10% Casualties,10% Casualties,5% Casualties,6% Casualties,7% Casualties,7% Casualties,8% Casualties,9% Casualties,9% Casualties,10% Casualties,10% Casualties,5% Casualties,6% Casualties,7% Casualties,8% Casualties,9% Casualties,9% Casualties,10% Casualties,10% Casualties,11% Casualties,5% Casualties,6% Casualties,7% Casualties,8% Casualties,9% Casualties,9% Casualties,10% Casualties,10% Casualties,11% Casualties,6% Casualties,6% Casualties,7% Casualties,8% Casualties,9% Casualties,9% Casualties,10% Casualties,10% Casualties,11% Casualties,6% Casualties,6% Casualties,7% Casualties,8% Casualties,9% Casualties,9% Casualties,10% Casualties,10% Casualties,11% Casualties,6% Casualties,7% Casualties,7% Casualties,8% Casualties,9% Casualties,10% Casualties,10% Casualties,10% Casualties,11% Casualties,6% Casualties,7% Casualties,7% Casualties,8% Casualties,9% Casualties,9% Casualties,10% Casualties,10% Casualties,11% Casualties,6% Casualties,7% Casualties,8% Casualties,8% Casualties,9% Casualties,10% Casualties,10% Casualties,10% Casualties,11% Casualties,6% Casualties,7% Casualties,8% Casualties,8% Casualties,9% Casualties,10% Casualties,10% Casualties,10% Casualties,11% Casualties,6% Casualties,7% Casualties,8% Casualties,9% Casualties,9% Casualties,10% Casualties,10% Casualties,10% Casualties,11% Casualties,6% Casualties,7% Casualties,8% Casualties,8% Casualties,9% Casualties,10% Casualties,10% Casualties,10% Casualties,11% Casualties,6% Casualties,7% Casualties,8% Casualties,8% Casualties,9% Casualties,10% Casualties,10% Casualties,10% Casualties,11% Casualties,6% Casualties,7% Casualties,8% Casualties,9% Casualties,9% Casualties,10% Casualties,10% Casualties,10% Casualties,11% Casualties,6% Casualties,7% Casualties,8% Casualties,9% Casualties,9% Casualties,10% Casualties,10% Casualties,10% Casualties,10% Casualties,6% Casualties,7% Casualties,8% Casualties,9% Casualties,9% Casualties,10% Casualties,10% Casualties,10% Casualties,11% Casualties,6% Casualties,7% Casualties,8% Casualties,9% Casualties,9% Casualties,10% Casualties,10% Casualties,10% Casualties,11% Casualties,6% Casualties,7% Casualties,8% Casualties,9% Casualties,9% Casualties,10% Casualties,10% Casualties,10% Casualties,11% Casualties,6% Casualties,7% Casualties,8% Casualties,9% Casualties,9% Casualties,10% Casualties,10% Casualties,10% Casualties,11% Casualties
275 CV // 50 RT,2% Casualties,3% Casualties,3% Casualties,4% Casualties,4% Casualties,5% Casualties,5% Casualties,5% Casualties,6% Casualties,3% Casualties,3% Casualties,4% Casualties,5% Casualties,5% Casualties,6% Casualties,6% Casualties,6% Casualties,7% Casualties,4% Casualties,4% Casualties,5% Casualties,6% Casualties,6% Casualties,7% Casualties,7% Casualties,8% Casualties,8% Casualties,4% Casualties,5% Casualties,6% Casualties,7% Casualties,8% Casualties,8% Casualties,9% Casualties,9% Casualties,10% Casualties,5% Casualties,6% Casualties,7% Casualties,7% Casualties,8% Casualties,9% Casualties,9% Casualties,10% Casualties,10% Casualties,5% Casualties,6% Casualties,7% Casualties,7% Casualties,8% Casualties,9% Casualties,9% Casualties,10% Casualties,10% Casualties,5% Casualties,6% Casualties,7% Casualties,8% Casualties,9% Casualties,10% Casualties,10% Casualties,11% Casualties,11% Casualties,5% Casualties,6% Casualties,7% Casualties,8% Casualties,9% Casualties,10% Casualties,10% Casualties,11% Casualties,11% Casualties,6% Casualties,7% Casualties,8% Casualties,9% Casualties,9% Casualties,10% Casualties,11% Casualties,11% Casualties,12% Casualties,6% Casualties,7% Casualties,8% Casualties,9% Casualties,10% Casualties,10% Casualties,11% Casualties,11% Casualties,12% Casualties,6% Casualties,7% Casualties,8% Casualties,9% Casualties,10% Casualties,10% Casualties,11% Casualties,12% Casualties,12% Casualties,6% Casualties,7% Casualties,8% Casualties,9% Casualties,10% Casualties,10% Casualties,11% Casualties,12% Casualties,12% Casualties,6% Casualties,7% Casualties,8% Casualties,9% Casualties,10% Casualties,10% Casualties,11% Casualties,12% Casualties,12% Casualties,6% Casualties,7% Casualties,8% Casualties,9% Casualties,10% Casualties,11% Casualties,11% Casualties,12% Casualties,12% Casualties,6% Casualties,7% Casualties,8% Casualties,9% Casualties,10% Casualties,11% Casualties,11% Casualties,12% Casualties,12% Casualties,6% Casualties,7% Casualties,8% Casualties,9% Casualties,10% Casualties,11% Casualties,11% Casualties,12% Casualties,12% Casualties,6% Casualties,7% Casualties,9% Casualties,9% Casualties,10% Casualties,11% Casualties,11% Casualties,12% Casualties,12% Casualties,6% Casualties,8% Casualties,9% Casualties,9% Casualties,10% Casualties,11% Casualties,11% Casualties,12% Casualties,12% Casualties,6% Casualties,8% Casualties,9% Casualties,9% Casualties,10% Casualties,11% Casualties,11% Casualties,12% Casualties,12% Casualties,7% Casualties,8% Casualties,9% Casualties,10% Casualties,10% Casualties,11% Casualties,12% Casualties,12% Casualties,12% Casualties,6% Casualties,8% Casualties,9% Casualties,10% Casualties,10% Casualties,11% Casualties,12% Casualties,12% Casualties,12% Casualties,7% Casualties,8% Casualties,9% Casualties,10% Casualties,10% Casualties,11% Casualties,11% Casualties,12% Casualties,12% Casualties,7% Casualties,8% Casualties,9% Casualties,10% Casualties,10% Casualties,11% Casualties,12% Casualties,12% Casualties,12% Casualties,7% Casualties,8% Casualties,9% Casualties,10% Casualties,11% Casualties,11% Casualties,11% Casualties,12% Casualties,12% Casualties,7% Casualties,8% Casualties,9% Casualties,10% Casualties,10% Casualties,11% Casualties,12% Casualties,12% Casualties,12% Casualties
275 CV // 40 RT,3% Casualties,3% Casualties,3% Casualties,4% Casualties,4% Casualties,5% Casualties,5% Casualties,6% Casualties,6% Casualties,3% Casualties,4% Casualties,4% Casualties,5% Casualties,5% Casualties,6% Casualties,7% Casualties,7% Casualties,7% Casualties,4% Casualties,5% Casualties,5% Casualties,6% Casualties,7% Casualties,7% Casualties,8% Casualties,9% Casualties,9% Casualties,5% Casualties,6% Casualties,6% Casualties,7% Casualties,8% Casualties,9% Casualties,10% Casualties,10% Casualties,11% Casualties,5% Casualties,6% Casualties,7% Casualties,8% Casualties,9% Casualties,10% Casualties,10% Casualties,11% Casualties,12% Casualties,5% Casualties,6% Casualties,7% Casualties,8% Casualties,9% Casualties,10% Casualties,10% Casualties,11% Casualties,12% Casualties,5% Casualties,7% Casualties,8% Casualties,9% Casualties,10% Casualties,11% Casualties,11% Casualties,12% Casualties,12% Casualties,6% Casualties,7% Casualties,8% Casualties,9% Casualties,10% Casualties,11% Casualties,11% Casualties,12% Casualties,13% Casualties,6% Casualties,7% Casualties,8% Casualties,10% Casualties,10% Casualties,11% Casualties,12% Casualties,13% Casualties,13% Casualties,6% Casualties,7% Casualties,8% Casualties,9% Casualties,10% Casualties,11% Casualties,12% Casualties,13% Casualties,13% Casualties,6% Casualties,8% Casualties,9% Casualties,10% Casualties,11% Casualties,12% Casualties,12% Casualties,13% Casualties,14% Casualties,6% Casualties,8% Casualties,9% Casualties,10% Casualties,11% Casualties,12% Casualties,12% Casualties,13% Casualties,14% Casualties,7% Casualties,8% Casualties,9% Casualties,10% Casualties,11% Casualties,12% Casualties,13% Casualties,13% Casualties,14% Casualties,7% Casualties,8% Casualties,9% Casualties,10% Casualties,11% Casualties,12% Casualties,13% Casualties,13% Casualties,14% Casualties,7% Casualties,8% Casualties,9% Casualties,10% Casualties,11% Casualties,12% Casualties,13% Casualties,13% Casualties,14% Casualties,7% Casualties,8% Casualties,9% Casualties,10% Casualties,11% Casualties,12% Casualties,13% Casualties,13% Casualties,14% Casualties,7% Casualties,8% Casualties,9% Casualties,11% Casualties,11% Casualties,12% Casualties,13% Casualties,14% Casualties,14% Casualties,7% Casualties,8% Casualties,9% Casualties,11% Casualties,12% Casualties,12% Casualties,13% Casualties,14% Casualties,14% Casualties,7% Casualties,8% Casualties,9% Casualties,11% Casualties,12% Casualties,12% Casualties,13% Casualties,14% Casualties,14% Casualties,7% Casualties,8% Casualties,10% Casualties,11% Casualties,12% Casualties,13% Casualties,13% Casualties,14% Casualties,14% Casualties,7% Casualties,9% Casualties,10% Casualties,11% Casualties,12% Casualties,13% Casualties,13% Casualties,14% Casualties,14% Casualties,7% Casualties,9% Casualties,10% Casualties,11% Casualties,12% Casualties,13% Casualties,14% Casualties,14% Casualties,14% Casualties,7% Casualties,9% Casualties,10% Casualties,11% Casualties,12% Casualties,13% Casualties,13% Casualties,14% Casualties,14% Casualties,8% Casualties,9% Casualties,10% Casualties,11% Casualties,12% Casualties,13% Casualties,13% Casualties,14% Casualties,14% Casualties,8% Casualties,9% Casualties,10% Casualties,11% Casualties,12% Casualties,13% Casualties,13% Casualties,14% Casualties,14% Casualties
275 CV // 30 RT,3% Casualties,3% Casualties,4% Casualties,4% Casualties,5% Casualties,5% Casualties,6% Casualties,6% Casualties,7% Casualties,3% Casualties,4% Casualties,4% Casualties,5% Casualties,6% Casualties,6% Casualties,7% Casualties,8% Casualties,8% Casualties,4% Casualties,5% Casualties,6% Casualties,6% Casualties,7% Casualties,8% Casualties,9% Casualties,10% Casualties,10% Casualties,5% Casualties,6% Casualties,7% Casualties,8% Casualties,9% Casualties,10% Casualties,11% Casualties,11% Casualties,12% Casualties,5% Casualties,6% Casualties,8% Casualties,9% Casualties,10% Casualties,11% Casualties,12% Casualties,12% Casualties,13% Casualties,5% Casualties,6% Casualties,8% Casualties,9% Casualties,10% Casualties,11% Casualties,12% Casualties,12% Casualties,13% Casualties,6% Casualties,7% Casualties,9% Casualties,10% Casualties,11% Casualties,12% Casualties,13% Casualties,14% Casualties,14% Casualties,6% Casualties,7% Casualties,9% Casualties,10% Casualties,11% Casualties,12% Casualties,13% Casualties,14% Casualties,14% Casualties,7% Casualties,8% Casualties,9% Casualties,11% Casualties,12% Casualties,13% Casualties,14% Casualties,15% Casualties,15% Casualties,6% Casualties,8% Casualties,9% Casualties,10% Casualties,12% Casualties,13% Casualties,14% Casualties,15% Casualties,15% Casualties,7% Casualties,8% Casualties,9% Casualties,11% Casualties,12% Casualties,13% Casualties,14% Casualties,15% Casualties,16% Casualties,7% Casualties,8% Casualties,10% Casualties,11% Casualties,12% Casualties,13% Casualties,14% Casualties,15% Casualties,16% Casualties,7% Casualties,8% Casualties,10% Casualties,11% Casualties,12% Casualties,14% Casualties,15% Casualties,15% Casualties,16% Casualties,7% Casualties,8% Casualties,10% Casualties,11% Casualties,12% Casualties,14% Casualties,14% Casualties,15% Casualties,16% Casualties,7% Casualties,9% Casualties,10% Casualties,12% Casualties,13% Casualties,14% Casualties,15% Casualties,15% Casualties,16% Casualties,7% Casualties,9% Casualties,10% Casualties,12% Casualties,13% Casualties,14% Casualties,15% Casualties,16% Casualties,16% Casualties,8% Casualties,9% Casualties,11% Casualties,12% Casualties,13% Casualties,14% Casualties,15% Casualties,16% Casualties,17% Casualties,8% Casualties,9% Casualties,11% Casualties,12% Casualties,13% Casualties,14% Casualties,15% Casualties,16% Casualties,16% Casualties,8% Casualties,9% Casualties,11% Casualties,12% Casualties,13% Casualties,14% Casualties,15% Casualties,16% Casualties,17% Casualties,8% Casualties,9% Casualties,11% Casualties,12% Casualties,14% Casualties,14% Casualties,15% Casualties,16% Casualties,17% Casualties,8% Casualties,9% Casualties,11% Casualties,13% Casualties,14% Casualties,15% Casualties,15% Casualties,16% Casualties,17% Casualties,8% Casualties,10% Casualties,11% Casualties,13% Casualties,14% Casualties,15% Casualties,16% Casualties,16% Casualties,17% Casualties,8% Casualties,10% Casualties,11% Casualties,13% Casualties,14% Casualties,15% Casualties,16% Casualties,16% Casualties,17% Casualties,9% Casualties,10% Casualties,12% Casualties,13% Casualties,14% Casualties,15% Casualties,16% Casualties,17% Casualties,17% Casualties,9% Casualties,10% Casualties,12% Casualties,13% Casualties,14% Casualties,15% Casualties,16% Casualties,17% Casualties,17% Casualties
275 CV // 20 RT,3% Casualties,3% Casualties,4% Casualties,4% Casualties,5% Casualties,5% Casualties,6% Casualties,6% Casualties,7% Casualties,3% Casualties,4% Casualties,5% Casualties,5% Casualties,6% Casualties,7% Casualties,8% Casualties,8% Casualties,9% Casualties,4% Casualties,5% Casualties,6% Casualties,7% Casualties,8% Casualties,9% Casualties,10% Casualties,11% Casualties,11% Casualties,5% Casualties,6% Casualties,7% Casualties,9% Casualties,10% Casualties,11% Casualties,12% Casualties,13% Casualties,14% Casualties,6% Casualties,7% Casualties,8% Casualties,10% Casualties,11% Casualties,12% Casualties,13% Casualties,14% Casualties,15% Casualties,6% Casualties,7% Casualties,8% Casualties,10% Casualties,11% Casualties,12% Casualties,13% Casualties,14% Casualties,15% Casualties,6% Casualties,8% Casualties,9% Casualties,11% Casualties,12% Casualties,13% Casualties,14% Casualties,16% Casualties,17% Casualties,6% Casualties,8% Casualties,9% Casualties,11% Casualties,12% Casualties,13% Casualties,14% Casualties,15% Casualties,16% Casualties,7% Casualties,9% Casualties,10% Casualties,12% Casualties,13% Casualties,14% Casualties,16% Casualties,17% Casualties,18% Casualties,7% Casualties,9% Casualties,10% Casualties,12% Casualties,13% Casualties,15% Casualties,16% Casualties,17% Casualties,18% Casualties,7% Casualties,9% Casualties,11% Casualties,12% Casualties,14% Casualties,15% Casualties,16% Casualties,17% Casualties,18% Casualties,7% Casualties,9% Casualties,10% Casualties,12% Casualties,14% Casualties,15% Casualties,16% Casualties,17% Casualties,18% Casualties,8% Casualties,9% Casualties,11% Casualties,13% Casualties,14% Casualties,16% Casualties,17% Casualties,18% Casualties,19% Casualties,8% Casualties,10% Casualties,11% Casualties,13% Casualties,14% Casualties,16% Casualties,17% Casualties,18% Casualties,19% Casualties,8% Casualties,10% Casualties,12% Casualties,13% Casualties,15% Casualties,16% Casualties,17% Casualties,18% Casualties,19% Casualties,8% Casualties,10% Casualties,12% Casualties,13% Casualties,15% Casualties,16% Casualties,17% Casualties,18% Casualties,19% Casualties,9% Casualties,10% Casualties,12% Casualties,14% Casualties,15% Casualties,17% Casualties,18% Casualties,19% Casualties,20% Casualties,9% Casualties,10% Casualties,12% Casualties,14% Casualties,16% Casualties,17% Casualties,18% Casualties,19% Casualties,20% Casualties,8% Casualties,10% Casualties,12% Casualties,14% Casualties,15% Casualties,16% Casualties,18% Casualties,19% Casualties,20% Casualties,9% Casualties,11% Casualties,13% Casualties,14% Casualties,16% Casualties,17% Casualties,19% Casualties,19% Casualties,20% Casualties,9% Casualties,11% Casualties,13% Casualties,14% Casualties,16% Casualties,17% Casualties,18% Casualties,19% Casualties,20% Casualties,9% Casualties,12% Casualties,13% Casualties,15% Casualties,16% Casualties,18% Casualties,19% Casualties,20% Casualties,20% Casualties,9% Casualties,11% Casualties,13% Casualties,15% Casualties,16% Casualties,18% Casualties,19% Casualties,20% Casualties,20% Casualties,10% Casualties,12% Casualties,14% Casualties,15% Casualties,17% Casualties,18% Casualties,19% Casualties,20% Casualties,21% Casualties,10% Casualties,12% Casualties,14% Casualties,15% Casualties,17% Casualties,18% Casualties,19% Casualties,20% Casualties,21% Casualties
275 CV // 10 RT,3% Casualties,3% Casualties,4% Casualties,4% Casualties,5% Casualties,6% Casualties,6% Casualties,7% Casualties,8% Casualties,3% Casualties,4% Casualties,5% Casualties,6% Casualties,7% Casualties,8% Casualties,8% Casualties,9% Casualties,10% Casualties,4% Casualties,5% Casualties,6% Casualties,8% Casualties,9% Casualties,10% Casualties,11% Casualties,12% Casualties,13% Casualties,5% Casualties,7% Casualties,8% Casualties,10% Casualties,11% Casualties,12% Casualties,13% Casualties,15% Casualties,16% Casualties,6% Casualties,8% Casualties,9% Casualties,11% Casualties,12% Casualties,14% Casualties,15% Casualties,16% Casualties,17% Casualties,6% Casualties,8% Casualties,9% Casualties,11% Casualties,12% Casualties,14% Casualties,15% Casualties,16% Casualties,18% Casualties,7% Casualties,9% Casualties,10% Casualties,12% Casualties,14% Casualties,15% Casualties,16% Casualties,18% Casualties,19% Casualties,7% Casualties,9% Casualties,10% Casualties,12% Casualties,14% Casualties,15% Casualties,17% Casualties,18% Casualties,19% Casualties,8% Casualties,9% Casualties,11% Casualties,13% Casualties,15% Casualties,17% Casualties,18% Casualties,20% Casualties,21% Casualties,7% Casualties,9% Casualties,11% Casualties,13% Casualties,15% Casualties,17% Casualties,18% Casualties,20% Casualties,21% Casualties,8% Casualties,10% Casualties,12% Casualties,14% Casualties,16% Casualties,17% Casualties,19% Casualties,20% Casualties,22% Casualties,8% Casualties,10% Casualties,12% Casualties,14% Casualties,15% Casualties,17% Casualties,19% Casualties,20% Casualties,22% Casualties,9% Casualties,10% Casualties,13% Casualties,14% Casualties,17% Casualties,18% Casualties,20% Casualties,21% Casualties,23% Casualties,9% Casualties,11% Casualties,13% Casualties,14% Casualties,16% Casualties,18% Casualties,20% Casualties,21% Casualties,22% Casualties,9% Casualties,11% Casualties,13% Casualties,15% Casualties,17% Casualties,19% Casualties,21% Casualties,22% Casualties,23% Casualties,9% Casualties,11% Casualties,13% Casualties,15% Casualties,17% Casualties,19% Casualties,21% Casualties,22% Casualties,23% Casualties,9% Casualties,12% Casualties,14% Casualties,16% Casualties,18% Casualties,20% Casualties,21% Casualties,23% Casualties,24% Casualties,10% Casualties,12% Casualties,14% Casualties,16% Casualties,18% Casualties,20% Casualties,21% Casualties,23% Casualties,24% Casualties,10% Casualties,12% Casualties,14% Casualties,16% Casualties,18% Casualties,20% Casualties,21% Casualties,23% Casualties,24% Casualties,10% Casualties,12% Casualties,14% Casualties,17% Casualties,19% Casualties,20% Casualties,22% Casualties,23% Casualties,24% Casualties,10% Casualties,13% Casualties,15% Casualties,17% Casualties,19% Casualties,20% Casualties,22% Casualties,23% Casualties,24% Casualties,11% Casualties,13% Casualties,15% Casualties,17% Casualties,19% Casualties,21% Casualties,23% Casualties,24% Casualties,25% Casualties,10% Casualties,13% Casualties,15% Casualties,17% Casualties,19% Casualties,21% Casualties,23% Casualties,24% Casualties,25% Casualties,11% Casualties,14% Casualties,16% Casualties,18% Casualties,20% Casualties,22% Casualties,23% Casualties,24% Casualties,25% Casualties,11% Casualties,13% Casualties,16% Casualties,18% Casualties,20% Casualties,22% Casualties,23% Casualties,24% Casualties,25% Casualties
275 CV // 0 RT,3% Casualties,3% Casualties,4% Casualties,5% Casualties,5% Casualties,6% Casualties,7% Casualties,8% Casualties,8% Casualties,4% Casualties,4% Casualties,5% Casualties,6% Casualties,7% Casualties,8% Casualties,9% Casualties,10% Casualties,11% Casualties,5% Casualties,6% Casualties,7% Casualties,8% Casualties,9% Casualties,11% Casualties,12% Casualties,13% Casualties,14% Casualties,6% Casualties,7% Casualties,9% Casualties,10% Casualties,12% Casualties,14% Casualties,15% Casualties,17% Casualties,18% Casualties,7% Casualties,8% Casualties,10% Casualties,12% Casualties,14% Casualties,15% Casualties,17% Casualties,19% Casualties,20% Casualties,7% Casualties,8% Casualties,10% Casualties,12% Casualties,14% Casualties,15% Casualties,17% Casualties,19% Casualties,20% Casualties,7% Casualties,9% Casualties,12% Casualties,13% Casualties,15% Casualties,18% Casualties,19% Casualties,21% Casualties,22% Casualties,8% Casualties,9% Casualties,11% Casualties,14% Casualties,15% Casualties,17% Casualties,19% Casualties,21% Casualties,22% Casualties,8% Casualties,10% Casualties,12% Casualties,15% Casualties,17% Casualties,19% Casualties,21% Casualties,23% Casualties,25% Casualties,8% Casualties,10% Casualties,13% Casualties,15% Casualties,17% Casualties,19% Casualties,21% Casualties,23% Casualties,25% Casualties,9% Casualties,11% Casualties,13% Casualties,16% Casualties,18% Casualties,20% Casualties,22% Casualties,24% Casualties,26% Casualties,9% Casualties,11% Casualties,13% Casualties,16% Casualties,18% Casualties,20% Casualties,22% Casualties,24% Casualties,26% Casualties,9% Casualties,12% Casualties,14% Casualties,17% Casualties,19% Casualties,21% Casualties,23% Casualties,25% Casualties,27% Casualties,9% Casualties,12% Casualties,14% Casualties,17% Casualties,19% Casualties,21% Casualties,23% Casualties,25% Casualties,27% Casualties,10% Casualties,13% Casualties,15% Casualties,18% Casualties,20% Casualties,22% Casualties,24% Casualties,26% Casualties,28% Casualties,10% Casualties,13% Casualties,15% Casualties,18% Casualties,20% Casualties,22% Casualties,24% Casualties,26% Casualties,28% Casualties,11% Casualties,13% Casualties,16% Casualties,19% Casualties,21% Casualties,23% Casualties,25% Casualties,27% Casualties,29% Casualties,11% Casualties,13% Casualties,16% Casualties,18% Casualties,21% Casualties,23% Casualties,25% Casualties,27% Casualties,29% Casualties,11% Casualties,13% Casualties,16% Casualties,18% Casualties,21% Casualties,23% Casualties,25% Casualties,27% Casualties,29% Casualties,11% Casualties,14% Casualties,17% Casualties,19% Casualties,22% Casualties,24% Casualties,26% Casualties,28% Casualties,29% Casualties,11% Casualties,14% Casualties,17% Casualties,20% Casualties,22% Casualties,24% Casualties,26% Casualties,28% Casualties,29% Casualties,12% Casualties,15% Casualties,18% Casualties,20% Casualties,23% Casualties,25% Casualties,27% Casualties,29% Casualties,30% Casualties,12% Casualties,15% Casualties,18% Casualties,20% Casualties,23% Casualties,25% Casualties,27% Casualties,29% Casualties,30% Casualties,13% Casualties,16% Casualties,18% Casualties,21% Casualties,24% Casualties,26% Casualties,28% Casualties,29% Casualties,31% Casualties,13% Casualties,15% Casualties,19% Casualties,22% Casualties,24% Casualties,26% Casualties,28% Casualties,29% Casualties,31% Casualties
300 CV // 80 RT,2% Casualties,2% Casualties,2% Casualties,3% Casualties,3% Casualties,3% Casualties,4% Casualties,4% Casualties,4% Casualties,3% Casualties,3% Casualties,3% Casualties,4% Casualties,4% Casualties,5% Casualties,5% Casualties,5% Casualties,5% Casualties,3% Casualties,4% Casualties,4% Casualties,5% Casualties,5% Casualties,5% Casualties,6% Casualties,6% Casualties,6% Casualties,4% Casualties,4% Casualties,5% Casualties,5% Casualties,5% Casualties,6% Casualties,6% Casualties,6% Casualties,6% Casualties,4% Casualties,4% Casualties,5% Casualties,5% Casualties,6% Casualties,6% Casualties,6% Casualties,7% Casualties,7% Casualties,4% Casualties,5% Casualties,5% Casualties,6% Casualties,6% Casualties,7% Casualties,7% Casualties,7% Casualties,7% Casualties,5% Casualties,5% Casualties,6% Casualties,6% Casualties,7% Casualties,7% Casualties,7% Casualties,8% Casualties,8% Casualties,5% Casualties,5% Casualties,6% Casualties,6% Casualties,7% Casualties,7% Casualties,8% Casualties,8% Casualties,8% Casualties,5% Casualties,5% Casualties,6% Casualties,6% Casualties,7% Casualties,7% Casualties,7% Casualties,8% Casualties,8% Casualties,5% Casualties,5% Casualties,6% Casualties,7% Casualties,7% Casualties,7% Casualties,8% Casualties,8% Casualties,8% Casualties,5% Casualties,5% Casualties,6% Casualties,7% Casualties,7% Casualties,7% Casualties,8% Casualties,8% Casualties,8% Casualties,5% Casualties,6% Casualties,6% Casualties,7% Casualties,7% Casualties,7% Casualties,8% Casualties,8% Casualties,8% Casualties,5% Casualties,6% Casualties,6% Casualties,7% Casualties,7% Casualties,7% Casualties,8% Casualties,8% Casualties,8% Casualties,5% Casualties,6% Casualties,6% Casualties,7% Casualties,7% Casualties,7% Casualties,8% Casualties,8% Casualties,8% Casualties,5% Casualties,6% Casualties,6% Casualties,7% Casualties,7% Casualties,8% Casualties,8% Casualties,8% Casualties,8% Casualties,5% Casualties,6% Casualties,6% Casualties,7% Casualties,7% Casualties,8% Casualties,8% Casualties,8% Casualties,8% Casualties,5% Casualties,6% Casualties,6% Casualties,7% Casualties,7% Casualties,8% Casualties,8% Casualties,8% Casualties,8% Casualties,5% Casualties,6% Casualties,6% Casualties,7% Casualties,7% Casualties,8% Casualties,8% Casualties,8% Casualties,8% Casualties,5% Casualties,6% Casualties,6% Casualties,7% Casualties,7% Casualties,8% Casualties,8% Casualties,8% Casualties,8% Casualties,5% Casualties,6% Casualties,6% Casualties,7% Casualties,7% Casualties,8% Casualties,8% Casualties,8% Casualties,8% Casualties,5% Casualties,6% Casualties,6% Casualties,7% Casualties,7% Casualties,8% Casualties,8% Casualties,8% Casualties,8% Casualties,5% Casualties,6% Casualties,7% Casualties,7% Casualties,7% Casualties,8% Casualties,8% Casualties,8% Casualties,8% Casualties,5% Casualties,6% Casualties,6% Casualties,7% Casualties,7% Casualties,8% Casualties,8% Casualties,8% Casualties,8% Casualties,5% Casualties,6% Casualties,7% Casualties,7% Casualties,7% Casualties,8% Casualties,8% Casualties,8% Casualties,8% Casualties,5% Casualties,6% Casualties,7% Casualties,7% Casualties,7% Casualties,8% Casualties,8% Casualties,8% Casualties,8% Casualties
300 CV // 70 RT,2% Casualties,2% Casualties,3% Casualties,3% Casualties,3% Casualties,4% Casualties,4% Casualties,4% Casualties,4% Casualties,3% Casualties,3% Casualties,4% Casualties,4% Casualties,4% Casualties,5% Casualties,5% Casualties,6% Casualties,6% Casualties,3% Casualties,4% Casualties,4% Casualties,5% Casualties,5% Casualties,6% Casualties,6% Casualties,7% Casualties,7% Casualties,4% Casualties,4% Casualties,5% Casualties,5% Casualties,6% Casualties,6% Casualties,7% Casualties,7% Casualties,7% Casualties,4% Casualties,5% Casualties,5% Casualties,6% Casualties,6% Casualties,7% Casualties,7% Casualties,8% Casualties,8% Casualties,4% Casualties,5% Casualties,6% Casualties,6% Casualties,7% Casualties,7% Casualties,8% Casualties,8% Casualties,8% Casualties,5% Casualties,6% Casualties,6% Casualties,7% Casualties,7% Casualties,8% Casualties,8% Casualties,9% Casualties,9% Casualties,5% Casualties,6% Casualties,6% Casualties,7% Casualties,7% Casualties,8% Casualties,8% Casualties,9% Casualties,9% Casualties,5% Casualties,6% Casualties,6% Casualties,7% Casualties,7% Casualties,8% Casualties,8% Casualties,9% Casualties,9% Casualties,5% Casualties,6% Casualties,7% Casualties,7% Casualties,8% Casualties,8% Casualties,9% Casualties,9% Casualties,9% Casualties,5% Casualties,6% Casualties,7% Casualties,7% Casualties,8% Casualties,8% Casualties,9% Casualties,9% Casualties,9% Casualties,5% Casualties,6% Casualties,7% Casualties,7% Casualties,8% Casualties,8% Casualties,9% Casualties,9% Casualties,9% Casualties,5% Casualties,6% Casualties,7% Casualties,7% Casualties,8% Casualties,8% Casualties,9% Casualties,9% Casualties,9% Casualties,5% Casualties,6% Casualties,7% Casualties,8% Casualties,8% Casualties,8% Casualties,9% Casualties,9% Casualties,9% Casualties,5% Casualties,6% Casualties,7% Casualties,7% Casualties,8% Casualties,8% Casualties,9% Casualties,9% Casualties,9% Casualties,5% Casualties,6% Casualties,7% Casualties,8% Casualties,8% Casualties,8% Casualties,9% Casualties,9% Casualties,9% Casualties,5% Casualties,6% Casualties,7% Casualties,8% Casualties,8% Casualties,9% Casualties,9% Casualties,9% Casualties,9% Casualties,5% Casualties,6% Casualties,7% Casualties,8% Casualties,8% Casualties,9% Casualties,9% Casualties,9% Casualties,9% Casualties,6% Casualties,6% Casualties,7% Casualties,8% Casualties,8% Casualties,8% Casualties,9% Casualties,9% Casualties,9% Casualties,6% Casualties,6% Casualties,7% Casualties,8% Casualties,8% Casualties,9% Casualties,9% Casualties,9% Casualties,9% Casualties,6% Casualties,6% Casualties,7% Casualties,8% Casualties,8% Casualties,9% Casualties,9% Casualties,9% Casualties,9% Casualties,6% Casualties,6% Casualties,7% Casualties,8% Casualties,8% Casualties,9% Casualties,9% Casualties,9% Casualties,9% Casualties,6% Casualties,7% Casualties,7% Casualties,8% Casualties,8% Casualties,9% Casualties,9% Casualties,9% Casualties,9% Casualties,6% Casualties,7% Casualties,7% Casualties,8% Casualties,8% Casualties,9% Casualties,9% Casualties,9% Casualties,9% Casualties,6% Casualties,7% Casualties,7% Casualties,8% Casualties,8% Casualties,9% Casualties,9% Casualties,9% Casualties,9% Casualties
300 CV // 60 RT,2% Casualties,2% Casualties,3% Casualties,3% Casualties,3% Casualties,4% Casualties,4% Casualties,4% Casualties,5% Casualties,3% Casualties,3% Casualties,4% Casualties,4% Casualties,5% Casualties,5% Casualties,6% Casualties,6% Casualties,6% Casualties,4% Casualties,4% Casualties,5% Casualties,5% Casualties,6% Casualties,6% Casualties,7% Casualties,7% Casualties,8% Casualties,4% Casualties,5% Casualties,5% Casualties,6% Casualties,6% Casualties,7% Casualties,7% Casualties,8% Casualties,8% Casualties,4% Casualties,5% Casualties,6% Casualties,6% Casualties,7% Casualties,7% Casualties,8% Casualties,8% Casualties,9% Casualties,5% Casualties,5% Casualties,6% Casualties,7% Casualties,7% Casualties,8% Casualties,9% Casualties,9% Casualties,9% Casualties,5% Casualties,6% Casualties,7% Casualties,7% Casualties,8% Casualties,9% Casualties,9% Casualties,10% Casualties,10% Casualties,5% Casualties,6% Casualties,7% Casualties,7% Casualties,8% Casualties,9% Casualties,9% Casualties,10% Casualties,10% Casualties,5% Casualties,6% Casualties,7% Casualties,8% Casualties,8% Casualties,9% Casualties,9% Casualties,10% Casualties,10% Casualties,5% Casualties,6% Casualties,7% Casualties,8% Casualties,9% Casualties,9% Casualties,10% Casualties,10% Casualties,11% Casualties,5% Casualties,6% Casualties,7% Casualties,8% Casualties,9% Casualties,9% Casualties,10% Casualties,10% Casualties,11% Casualties,6% Casualties,6% Casualties,7% Casualties,8% Casualties,9% Casualties,9% Casualties,10% Casualties,10% Casualties,11% Casualties,6% Casualties,6% Casualties,7% Casualties,8% Casualties,9% Casualties,9% Casualties,10% Casualties,10% Casualties,11% Casualties,6% Casualties,7% Casualties,7% Casualties,8% Casualties,9% Casualties,9% Casualties,10% Casualties,10% Casualties,11% Casualties,6% Casualties,7% Casualties,7% Casualties,8% Casualties,9% Casualties,9% Casualties,10% Casualties,10% Casualties,11% Casualties,6% Casualties,6% Casualties,7% Casualties,8% Casualties,9% Casualties,9% Casualties,10% Casualties,10% Casualties,11% Casualties,6% Casualties,7% Casualties,8% Casualties,8% Casualties,9% Casualties,9% Casualties,10% Casualties,10% Casualties,11% Casualties,6% Casualties,7% Casualties,8% Casualties,8% Casualties,9% Casualties,9% Casualties,10% Casualties,10% Casualties,11% Casualties,6% Casualties,7% Casualties,8% Casualties,9% Casualties,9% Casualties,10% Casualties,10% Casualties,10% Casualties,11% Casualties,6% Casualties,7% Casualties,8% Casualties,8% Casualties,9% Casualties,10% Casualties,10% Casualties,10% Casualties,11% Casualties,6% Casualties,7% Casualties,8% Casualties,8% Casualties,9% Casualties,10% Casualties,10% Casualties,10% Casualties,11% Casualties,6% Casualties,7% Casualties,8% Casualties,9% Casualties,9% Casualties,10% Casualties,10% Casualties,10% Casualties,11% Casualties,6% Casualties,7% Casualties,8% Casualties,9% Casualties,9% Casualties,10% Casualties,10% Casualties,10% Casualties,11% Casualties,6% Casualties,7% Casualties,8% Casualties,9% Casualties,9% Casualties,10% Casualties,10% Casualties,10% Casualties,11% Casualties,6% Casualties,7% Casualties,8% Casualties,9% Casualties,9% Casualties,10% Casualties,10% Casualties,10% Casualties,11% Casualties
300 CV // 50 RT,2% Casualties,2% Casualties,3% Casualties,3% Casualties,4% Casualties,4% Casualties,4% Casualties,5% Casualties,5% Casualties,3% Casualties,3% Casualties,4% Casualties,5% Casualties,5% Casualties,6% Casualties,6% Casualties,7% Casualties,7% Casualties,4% Casualties,4% Casualties,5% Casualties,6% Casualties,6% Casualties,7% Casualties,7% Casualties,8% Casualties,8% Casualties,4% Casualties,5% Casualties,6% Casualties,6% Casualties,7% Casualties,7% Casualties,8% Casualties,9% Casualties,9% Casualties,4% Casualties,5% Casualties,6% Casualties,7% Casualties,7% Casualties,8% Casualties,9% Casualties,9% Casualties,10% Casualties,5% Casualties,6% Casualties,7% Casualties,7% Casualties,8% Casualties,9% Casualties,9% Casualties,10% Casualties,10% Casualties,5% Casualties,6% Casualties,7% Casualties,8% Casualties,9% Casualties,10% Casualties,10% Casualties,11% Casualties,11% Casualties,5% Casualties,6% Casualties,7% Casualties,8% Casualties,9% Casualties,10% Casualties,10% Casualties,11% Casualties,11% Casualties,5% Casualties,6% Casualties,7% Casualties,8% Casualties,9% Casualties,9% Casualties,10% Casualties,11% Casualties,11% Casualties,6% Casualties,7% Casualties,8% Casualties,9% Casualties,9% Casualties,10% Casualties,11% Casualties,11% Casualties,12% Casualties,6% Casualties,7% Casualties,8% Casualties,9% Casualties,10% Casualties,10% Casualties,11% Casualties,11% Casualties,12% Casualties,6% Casualties,7% Casualties,8% Casualties,9% Casualties,10% Casualties,10% Casualties,11% Casualties,11% Casualties,12% Casualties,6% Casualties,7% Casualties,8% Casualties,9% Casualties,10% Casualties,11% Casualties,11% Casualties,12% Casualties,12% Casualties,6% Casualties,7% Casualties,8% Casualties,9% Casualties,10% Casualties,10% Casualties,11% Casualties,12% Casualties,12% Casualties,6% Casualties,7% Casualties,8% Casualties,9% Casualties,10% Casualties,11% Casualties,11% Casualties,12% Casualties,12% Casualties,6% Casualties,7% Casualties,8% Casualties,9% Casualties,10% Casualties,10% Casualties,11% Casualties,12% Casualties,12% Casualties,6% Casualties,7% Casualties,8% Casualties,9% Casualties,10% Casualties,11% Casualties,11% Casualties,12% Casualties,12% Casualties,6% Casualties,7% Casualties,8% Casualties,9% Casualties,10% Casualties,11% Casualties,11% Casualties,12% Casualties,12% Casualties,6% Casualties,8% Casualties,9% Casualties,9% Casualties,10% Casualties,11% Casualties,11% Casualties,12% Casualties,12% Casualties,6% Casualties,8% Casualties,8% Casualties,9% Casualties,10% Casualties,11% Casualties,11% Casualties,12% Casualties,12% Casualties,6% Casualties,7% Casualties,9% Casualties,9% Casualties,10% Casualties,11% Casualties,11% Casualties,12% Casualties,12% Casualties,7% Casualties,8% Casualties,9% Casualties,10% Casualties,10% Casualties,11% Casualties,11% Casualties,12% Casualties,12% Casualties,7% Casualties,8% Casualties,9% Casualties,10% Casualties,10% Casualties,11% Casualties,11% Casualties,12% Casualties,12% Casualties,7% Casualties,8% Casualties,9% Casualties,10% Casualties,10% Casualties,11% Casualties,12% Casualties,12% Casualties,12% Casualties,7% Casualties,8% Casualties,9% Casualties,10% Casualties,11% Casualties,11% Casualties,12% Casualties,12% Casualties,12% Casualties
300 CV // 40 RT,2% Casualties,2% Casualties,3% Casualties,3% Casualties,4% Casualties,4% Casualties,5% Casualties,5% Casualties,5% Casualties,3% Casualties,4% Casualties,4% Casualties,5% Casualties,5% Casualties,6% Casualties,7% Casualties,7% Casualties,7% Casualties,4% Casualties,5% Casualties,5% Casualties,6% Casualties,7% Casualties,7% Casualties,8% Casualties,9% Casualties,9% Casualties,4% Casualties,5% Casualties,6% Casualties,7% Casualties,7% Casualties,8% Casualties,9% Casualties,9% Casualties,10% Casualties,5% Casualties,5% Casualties,7% Casualties,7% Casualties,8% Casualties,9% Casualties,10% Casualties,10% Casualties,11% Casualties,5% Casualties,6% Casualties,7% Casualties,8% Casualties,9% Casualties,10% Casualties,10% Casualties,11% Casualties,12% Casualties,6% Casualties,7% Casualties,8% Casualties,9% Casualties,10% Casualties,11% Casualties,11% Casualties,12% Casualties,13% Casualties,6% Casualties,7% Casualties,8% Casualties,9% Casualties,10% Casualties,11% Casualties,11% Casualties,12% Casualties,13% Casualties,6% Casualties,7% Casualties,8% Casualties,9% Casualties,10% Casualties,10% Casualties,11% Casualties,12% Casualties,13% Casualties,6% Casualties,7% Casualties,8% Casualties,9% Casualties,10% Casualties,11% Casualties,12% Casualties,13% Casualties,14% Casualties,6% Casualties,7% Casualties,8% Casualties,10% Casualties,11% Casualties,11% Casualties,12% Casualties,13% Casualties,13% Casualties,6% Casualties,8% Casualties,9% Casualties,10% Casualties,11% Casualties,12% Casualties,12% Casualties,13% Casualties,14% Casualties,6% Casualties,7% Casualties,9% Casualties,10% Casualties,11% Casualties,12% Casualties,12% Casualties,13% Casualties,14% Casualties,7% Casualties,8% Casualties,9% Casualties,10% Casualties,11% Casualties,12% Casualties,13% Casualties,13% Casualties,14% Casualties,7% Casualties,8% Casualties,9% Casualties,10% Casualties,11% Casualties,12% Casualties,13% Casualties,13% Casualties,14% Casualties,7% Casualties,8% Casualties,9% Casualties,10% Casualties,11% Casualties,12% Casualties,13% Casualties,13% Casualties,14% Casualties,7% Casualties,8% Casualties,9% Casualties,10% Casualties,11% Casualties,12% Casualties,13% Casualties,13% Casualties,14% Casualties,7% Casualties,8% Casualties,9% Casualties,10% Casualties,11% Casualties,12% Casualties,13% Casualties,14% Casualties,14% Casualties,7% Casualties,8% Casualties,10% Casualties,11% Casualties,12% Casualties,12% Casualties,13% Casualties,14% Casualties,14% Casualties,7% Casualties,8% Casualties,9% Casualties,11% Casualties,12% Casualties,12% Casualties,13% Casualties,14% Casualties,14% Casualties,7% Casualties,8% Casualties,9% Casualties,11% Casualties,11% Casualties,12% Casualties,13% Casualties,14% Casualties,14% Casualties,7% Casualties,8% Casualties,10% Casualties,11% Casualties,12% Casualties,12% Casualties,13% Casualties,14% Casualties,14% Casualties,7% Casualties,9% Casualties,10% Casualties,11% Casualties,12% Casualties,13% Casualties,13% Casualties,14% Casualties,14% Casualties,8% Casualties,9% Casualties,10% Casualties,11% Casualties,12% Casualties,13% Casualties,13% Casualties,14% Casualties,14% Casualties,7% Casualties,9% Casualties,10% Casualties,11% Casualties,12% Casualties,13% Casualties,13% Casualties,14% Casualties,14% Casualties
300 CV // 30 RT,2% Casualties,2% Casualties,3% Casualties,3% Casualties,4% Casualties,4% Casualties,5% Casualties,5% Casualties,6% Casualties,3% Casualties,4% Casualties,4% Casualties,5% Casualties,6% Casualties,6% Casualties,7% Casualties,8% Casualties,8% Casualties,4% Casualties,5% Casualties,6% Casualties,6% Casualties,7% Casualties,8% Casualties,9% Casualties,9% Casualties,10% Casualties,4% Casualties,5% Casualties,6% Casualties,7% Casualties,8% Casualties,9% Casualties,10% Casualties,10% Casualties,11% Casualties,5% Casualties,6% Casualties,7% Casualties,8% Casualties,9% Casualties,10% Casualties,11% Casualties,11% Casualties,12% Casualties,5% Casualties,6% Casualties,8% Casualties,9% Casualties,10% Casualties,11% Casualties,12% Casualties,12% Casualties,13% Casualties,6% Casualties,7% Casualties,8% Casualties,10% Casualties,11% Casualties,12% Casualties,13% Casualties,14% Casualties,14% Casualties,6% Casualties,7% Casualties,8% Casualties,10% Casualties,11% Casualties,12% Casualties,13% Casualties,14% Casualties,14% Casualties,6% Casualties,7% Casualties,8% Casualties,10% Casualties,11% Casualties,12% Casualties,13% Casualties,14% Casualties,14% Casualties,6% Casualties,8% Casualties,9% Casualties,11% Casualties,12% Casualties,13% Casualties,14% Casualties,15% Casualties,15% Casualties,7% Casualties,8% Casualties,9% Casualties,11% Casualties,12% Casualties,13% Casualties,14% Casualties,15% Casualties,16% Casualties,7% Casualties,8% Casualties,10% Casualties,11% Casualties,12% Casualties,13% Casualties,14% Casualties,15% Casualties,16% Casualties,7% Casualties,8% Casualties,9% Casualties,11% Casualties,12% Casualties,13% Casualties,14% Casualties,15% Casualties,16% Casualties,7% Casualties,8% Casualties,10% Casualties,11% Casualties,13% Casualties,13% Casualties,14% Casualties,15% Casualties,16% Casualties,7% Casualties,9% Casualties,10% Casualties,11% Casualties,12% Casualties,13% Casualties,15% Casualties,15% Casualties,16% Casualties,7% Casualties,8% Casualties,10% Casualties,11% Casualties,12% Casualties,14% Casualties,15% Casualties,15% Casualties,16% Casualties,7% Casualties,9% Casualties,10% Casualties,12% Casualties,13% Casualties,14% Casualties,15% Casualties,16% Casualties,16% Casualties,7% Casualties,9% Casualties,10% Casualties,12% Casualties,13% Casualties,14% Casualties,15% Casualties,16% Casualties,16% Casualties,8% Casualties,9% Casualties,11% Casualties,12% Casualties,13% Casualties,14% Casualties,15% Casualties,16% Casualties,17% Casualties,8% Casualties,9% Casualties,11% Casualties,12% Casualties,13% Casualties,14% Casualties,15% Casualties,16% Casualties,16% Casualties,8% Casualties,9% Casualties,11% Casualties,12% Casualties,13% Casualties,14% Casualties,15% Casualties,16% Casualties,16% Casualties,8% Casualties,10% Casualties,11% Casualties,12% Casualties,14% Casualties,15% Casualties,15% Casualties,16% Casualties,17% Casualties,8% Casualties,10% Casualties,11% Casualties,12% Casualties,14% Casualties,14% Casualties,15% Casualties,16% Casualties,17% Casualties,8% Casualties,10% Casualties,11% Casualties,13% Casualties,14% Casualties,15% Casualties,16% Casualties,16% Casualties,17% Casualties,8% Casualties,10% Casualties,11% Casualties,13% Casualties,14% Casualties,15% Casualties,16% Casualties,16% Casualties,17% Casualties
300 CV // 20 RT,2% Casualties,3% Casualties,3% Casualties,4% Casualties,4% Casualties,5% Casualties,5% Casualties,6% Casualties,6% Casualties,3% Casualties,4% Casualties,5% Casualties,5% Casualties,6% Casualties,7% Casualties,8% Casualties,8% Casualties,9% Casualties,4% Casualties,5% Casualties,6% Casualties,7% Casualties,8% Casualties,9% Casualties,10% Casualties,11% Casualties,11% Casualties,5% Casualties,6% Casualties,7% Casualties,8% Casualties,9% Casualties,10% Casualties,11% Casualties,12% Casualties,12% Casualties,5% Casualties,6% Casualties,8% Casualties,9% Casualties,10% Casualties,11% Casualties,12% Casualties,13% Casualties,14% Casualties,6% Casualties,7% Casualties,8% Casualties,10% Casualties,11% Casualties,12% Casualties,13% Casualties,14% Casualties,15% Casualties,6% Casualties,8% Casualties,9% Casualties,11% Casualties,12% Casualties,13% Casualties,14% Casualties,16% Casualties,16% Casualties,7% Casualties,8% Casualties,9% Casualties,11% Casualties,12% Casualties,13% Casualties,14% Casualties,15% Casualties,16% Casualties,6% Casualties,8% Casualties,9% Casualties,11% Casualties,12% Casualties,13% Casualties,14% Casualties,16% Casualties,16% Casualties,7% Casualties,8% Casualties,10% Casualties,12% Casualties,13% Casualties,15% Casualties,16% Casualties,17% Casualties,18% Casualties,7% Casualties,9% Casualties,10% Casualties,12% Casualties,13% Casualties,14% Casualties,16% Casualties,17% Casualties,18% Casualties,7% Casualties,9% Casualties,11% Casualties,12% Casualties,14% Casualties,15% Casualties,16% Casualties,17% Casualties,19% Casualties,7% Casualties,9% Casualties,11% Casualties,12% Casualties,14% Casualties,15% Casualties,16% Casualties,18% Casualties,18% Casualties,8% Casualties,9% Casualties,11% Casualties,13% Casualties,14% Casualties,15% Casualties,17% Casualties,18% Casualties,19% Casualties,8% Casualties,9% Casualties,11% Casualties,13% Casualties,14% Casualties,16% Casualties,17% Casualties,18% Casualties,19% Casualties,8% Casualties,10% Casualties,11% Casualties,13% Casualties,15% Casualties,16% Casualties,17% Casualties,18% Casualties,19% Casualties,8% Casualties,10% Casualties,12% Casualties,13% Casualties,15% Casualties,16% Casualties,17% Casualties,18% Casualties,19% Casualties,8% Casualties,10% Casualties,12% Casualties,13% Casualties,15% Casualties,16% Casualties,17% Casualties,18% Casualties,19% Casualties,8% Casualties,11% Casualties,12% Casualties,14% Casualties,15% Casualties,17% Casualties,18% Casualties,19% Casualties,20% Casualties,8% Casualties,10% Casualties,12% Casualties,14% Casualties,15% Casualties,17% Casualties,18% Casualties,19% Casualties,20% Casualties,9% Casualties,10% Casualties,12% Casualties,14% Casualties,15% Casualties,17% Casualties,18% Casualties,19% Casualties,20% Casualties,9% Casualties,11% Casualties,13% Casualties,14% Casualties,16% Casualties,17% Casualties,18% Casualties,19% Casualties,20% Casualties,9% Casualties,11% Casualties,13% Casualties,14% Casualties,16% Casualties,17% Casualties,18% Casualties,19% Casualties,20% Casualties,9% Casualties,11% Casualties,13% Casualties,15% Casualties,16% Casualties,18% Casualties,19% Casualties,20% Casualties,21% Casualties,9% Casualties,11% Casualties,13% Casualties,15% Casualties,16% Casualties,18% Casualties,19% Casualties,20% Casualties,20% Casualties
300 CV // 10 RT,2% Casualties,3% Casualties,3% Casualties,4% Casualties,4% Casualties,5% Casualties,5% Casualties,6% Casualties,7% Casualties,3% Casualties,4% Casualties,5% Casualties,6% Casualties,7% Casualties,7% Casualties,8% Casualties,9% Casualties,10% Casualties,4% Casualties,5% Casualties,6% Casualties,8% Casualties,9% Casualties,10% Casualties,11% Casualties,12% Casualties,13% Casualties,5% Casualties,6% Casualties,7% Casualties,9% Casualties,10% Casualties,11% Casualties,12% Casualties,13% Casualties,14% Casualties,5% Casualties,7% Casualties,8% Casualties,10% Casualties,11% Casualties,12% Casualties,13% Casualties,15% Casualties,16% Casualties,6% Casualties,7% Casualties,9% Casualties,11% Casualties,12% Casualties,14% Casualties,15% Casualties,16% Casualties,18% Casualties,7% Casualties,9% Casualties,10% Casualties,12% Casualties,14% Casualties,15% Casualties,16% Casualties,18% Casualties,19% Casualties,7% Casualties,9% Casualties,10% Casualties,12% Casualties,13% Casualties,15% Casualties,17% Casualties,18% Casualties,19% Casualties,7% Casualties,9% Casualties,10% Casualties,12% Casualties,13% Casualties,15% Casualties,17% Casualties,18% Casualties,19% Casualties,8% Casualties,9% Casualties,11% Casualties,13% Casualties,15% Casualties,17% Casualties,18% Casualties,20% Casualties,21% Casualties,8% Casualties,9% Casualties,12% Casualties,13% Casualties,15% Casualties,17% Casualties,18% Casualties,20% Casualties,21% Casualties,8% Casualties,10% Casualties,12% Casualties,14% Casualties,16% Casualties,17% Casualties,19% Casualties,20% Casualties,22% Casualties,8% Casualties,10% Casualties,12% Casualties,14% Casualties,16% Casualties,17% Casualties,19% Casualties,20% Casualties,22% Casualties,9% Casualties,10% Casualties,12% Casualties,15% Casualties,16% Casualties,18% Casualties,20% Casualties,21% Casualties,22% Casualties,8% Casualties,10% Casualties,13% Casualties,15% Casualties,16% Casualties,18% Casualties,20% Casualties,21% Casualties,22% Casualties,9% Casualties,11% Casualties,12% Casualties,14% Casualties,17% Casualties,18% Casualties,20% Casualties,21% Casualties,23% Casualties,9% Casualties,11% Casualties,13% Casualties,15% Casualties,17% Casualties,19% Casualties,20% Casualties,22% Casualties,23% Casualties,9% Casualties,11% Casualties,13% Casualties,15% Casualties,17% Casualties,19% Casualties,20% Casualties,22% Casualties,23% Casualties,10% Casualties,12% Casualties,14% Casualties,16% Casualties,18% Casualties,20% Casualties,21% Casualties,23% Casualties,24% Casualties,9% Casualties,12% Casualties,14% Casualties,16% Casualties,18% Casualties,20% Casualties,21% Casualties,22% Casualties,24% Casualties,9% Casualties,12% Casualties,14% Casualties,16% Casualties,18% Casualties,20% Casualties,21% Casualties,22% Casualties,24% Casualties,10% Casualties,12% Casualties,15% Casualties,17% Casualties,19% Casualties,20% Casualties,22% Casualties,23% Casualties,24% Casualties,10% Casualties,12% Casualties,14% Casualties,17% Casualties,19% Casualties,20% Casualties,22% Casualties,23% Casualties,24% Casualties,11% Casualties,13% Casualties,15% Casualties,17% Casualties,19% Casualties,21% Casualties,22% Casualties,24% Casualties,25% Casualties,10% Casualties,13% Casualties,15% Casualties,17% Casualties,19% Casualties,21% Casualties,22% Casualties,24% Casualties,25% Casualties
300 CV // 0 RT,2% Casualties,3% Casualties,3% Casualties,4% Casualties,5% Casualties,5% Casualties,6% Casualties,7% Casualties,7% Casualties,4% Casualties,4% Casualties,5% Casualties,6% Casualties,7% Casualties,8% Casualties,9% Casualties,10% Casualties,11% Casualties,5% Casualties,6% Casualties,7% Casualties,8% Casualties,9% Casualties,11% Casualties,12% Casualties,13% Casualties,14% Casualties,5% Casualties,6% Casualties,8% Casualties,9% Casualties,11% Casualties,12% Casualties,14% Casualties,15% Casualties,16% Casualties,6% Casualties,7% Casualties,9% Casualties,11% Casualties,12% Casualties,14% Casualties,15% Casualties,17% Casualties,18% Casualties,7% Casualties,8% Casualties,10% Casualties,12% Casualties,14% Casualties,16% Casualties,17% Casualties,19% Casualties,20% Casualties,8% Casualties,9% Casualties,11% Casualties,13% Casualties,15% Casualties,17% Casualties,19% Casualties,21% Casualties,23% Casualties,8% Casualties,9% Casualties,11% Casualties,13% Casualties,15% Casualties,17% Casualties,19% Casualties,21% Casualties,22% Casualties,7% Casualties,9% Casualties,11% Casualties,14% Casualties,15% Casualties,17% Casualties,19% Casualties,21% Casualties,22% Casualties,8% Casualties,10% Casualties,12% Casualties,15% Casualties,17% Casualties,19% Casualties,21% Casualties,23% Casualties,25% Casualties,8% Casualties,10% Casualties,13% Casualties,15% Casualties,17% Casualties,19% Casualties,21% Casualties,23% Casualties,25% Casualties,9% Casualties,11% Casualties,13% Casualties,16% Casualties,18% Casualties,20% Casualties,22% Casualties,24% Casualties,25% Casualties,9% Casualties,11% Casualties,13% Casualties,16% Casualties,18% Casualties,20% Casualties,22% Casualties,24% Casualties,26% Casualties,9% Casualties,12% Casualties,14% Casualties,17% Casualties,19% Casualties,21% Casualties,23% Casualties,25% Casualties,27% Casualties,9% Casualties,12% Casualties,14% Casualties,17% Casualties,19% Casualties,21% Casualties,23% Casualties,25% Casualties,27% Casualties,9% Casualties,12% Casualties,14% Casualties,17% Casualties,19% Casualties,21% Casualties,23% Casualties,25% Casualties,27% Casualties,10% Casualties,12% Casualties,15% Casualties,17% Casualties,20% Casualties,22% Casualties,24% Casualties,26% Casualties,28% Casualties,10% Casualties,12% Casualties,15% Casualties,18% Casualties,20% Casualties,22% Casualties,24% Casualties,26% Casualties,28% Casualties,11% Casualties,13% Casualties,16% Casualties,19% Casualties,21% Casualties,23% Casualties,25% Casualties,27% Casualties,29% Casualties,11% Casualties,13% Casualties,16% Casualties,19% Casualties,21% Casualties,23% Casualties,25% Casualties,27% Casualties,29% Casualties,11% Casualties,13% Casualties,16% Casualties,19% Casualties,21% Casualties,23% Casualties,25% Casualties,27% Casualties,29% Casualties,11% Casualties,14% Casualties,17% Casualties,19% Casualties,22% Casualties,24% Casualties,26% Casualties,28% Casualties,29% Casualties,11% Casualties,14% Casualties,17% Casualties,20% Casualties,22% Casualties,24% Casualties,26% Casualties,27% Casualties,29% Casualties,12% Casualties,15% Casualties,18% Casualties,20% Casualties,23% Casualties,25% Casualties,27% Casualties,28% Casualties,30% Casualties,12% Casualties,15% Casualties,18% Casualties,20% Casualties,23% Casualties,25% Casualties,27% Casualties,29% Casualties,30% Casualties
325 CV // 80 RT,2% Casualties,2% Casualties,2% Casualties,3% Casualties,3% Casualties,3% Casualties,4% Casualties,4% Casualties,4% Casualties,2% Casualties,3% Casualties,3% Casualties,3% Casualties,4% Casualties,4% Casualties,4% Casualties,5% Casualties,5% Casualties,3% Casualties,3% Casualties,4% Casualties,4% Casualties,5% Casualties,5% Casualties,5% Casualties,5% Casualties,6% Casualties,3% Casualties,4% Casualties,4% Casualties,5% Casualties,5% Casualties,5% Casualties,6% Casualties,6% Casualties,6% Casualties,4% Casualties,4% Casualties,5% Casualties,5% Casualties,5% Casualties,6% Casualties,6% Casualties,6% Casualties,6% Casualties,4% Casualties,4% Casualties,5% Casualties,5% Casualties,6% Casualties,6% Casualties,7% Casualties,7% Casualties,7% Casualties,4% Casualties,5% Casualties,5% Casualties,6% Casualties,6% Casualties,7% Casualties,7% Casualties,7% Casualties,7% Casualties,5% Casualties,5% Casualties,6% Casualties,6% Casualties,7% Casualties,7% Casualties,7% Casualties,8% Casualties,8% Casualties,5% Casualties,5% Casualties,6% Casualties,6% Casualties,7% Casualties,7% Casualties,8% Casualties,8% Casualties,8% Casualties,5% Casualties,5% Casualties,6% Casualties,6% Casualties,7% Casualties,7% Casualties,7% Casualties,8% Casualties,8% Casualties,5% Casualties,5% Casualties,6% Casualties,7% Casualties,7% Casualties,7% Casualties,8% Casualties,8% Casualties,8% Casualties,5% Casualties,5% Casualties,6% Casualties,7% Casualties,7% Casualties,8% Casualties,8% Casualties,8% Casualties,8% Casualties,5% Casualties,6% Casualties,6% Casualties,7% Casualties,7% Casualties,7% Casualties,8% Casualties,8% Casualties,8% Casualties,5% Casualties,6% Casualties,6% Casualties,7% Casualties,7% Casualties,8% Casualties,8% Casualties,8% Casualties,8% Casualties,5% Casualties,6% Casualties,6% Casualties,7% Casualties,7% Casualties,7% Casualties,8% Casualties,8% Casualties,8% Casualties,5% Casualties,6% Casualties,6% Casualties,7% Casualties,7% Casualties,7% Casualties,8% Casualties,8% Casualties,8% Casualties,5% Casualties,6% Casualties,6% Casualties,7% Casualties,7% Casualties,8% Casualties,8% Casualties,8% Casualties,8% Casualties,5% Casualties,6% Casualties,6% Casualties,7% Casualties,7% Casualties,8% Casualties,8% Casualties,8% Casualties,8% Casualties,5% Casualties,6% Casualties,6% Casualties,7% Casualties,7% Casualties,8% Casualties,8% Casualties,8% Casualties,8% Casualties,5% Casualties,6% Casualties,6% Casualties,7% Casualties,7% Casualties,8% Casualties,8% Casualties,8% Casualties,8% Casualties,5% Casualties,6% Casualties,6% Casualties,7% Casualties,7% Casualties,8% Casualties,8% Casualties,8% Casualties,8% Casualties,5% Casualties,6% Casualties,6% Casualties,7% Casualties,7% Casualties,8% Casualties,8% Casualties,8% Casualties,8% Casualties,5% Casualties,6% Casualties,6% Casualties,7% Casualties,7% Casualties,8% Casualties,8% Casualties,8% Casualties,8% Casualties,5% Casualties,6% Casualties,6% Casualties,7% Casualties,7% Casualties,8% Casualties,8% Casualties,8% Casualties,8% Casualties,5% Casualties,6% Casualties,6% Casualties,7% Casualties,7% Casualties,8% Casualties,8% Casualties,8% Casualties,8% Casualties
325 CV // 70 RT,2% Casualties,2% Casualties,2% Casualties,3% Casualties,3% Casualties,3% Casualties,4% Casualties,4% Casualties,4% Casualties,3% Casualties,3% Casualties,3% Casualties,4% Casualties,4% Casualties,4% Casualties,5% Casualties,5% Casualties,5% Casualties,3% Casualties,4% Casualties,4% Casualties,5% Casualties,5% Casualties,5% Casualties,6% Casualties,6% Casualties,6% Casualties,3% Casualties,4% Casualties,5% Casualties,5% Casualties,5% Casualties,6% Casualties,6% Casualties,7% Casualties,7% Casualties,4% Casualties,4% Casualties,5% Casualties,5% Casualties,6% Casualties,6% Casualties,7% Casualties,7% Casualties,7% Casualties,4% Casualties,5% Casualties,5% Casualties,6% Casualties,6% Casualties,7% Casualties,7% Casualties,8% Casualties,8% Casualties,4% Casualties,5% Casualties,6% Casualties,6% Casualties,7% Casualties,7% Casualties,8% Casualties,8% Casualties,8% Casualties,5% Casualties,6% Casualties,6% Casualties,7% Casualties,7% Casualties,8% Casualties,8% Casualties,9% Casualties,9% Casualties,5% Casualties,6% Casualties,6% Casualties,7% Casualties,7% Casualties,8% Casualties,8% Casualties,9% Casualties,9% Casualties,5% Casualties,6% Casualties,6% Casualties,7% Casualties,7% Casualties,8% Casualties,8% Casualties,9% Casualties,9% Casualties,5% Casualties,6% Casualties,7% Casualties,7% Casualties,8% Casualties,8% Casualties,9% Casualties,9% Casualties,9% Casualties,5% Casualties,6% Casualties,7% Casualties,7% Casualties,8% Casualties,8% Casualties,9% Casualties,9% Casualties,9% Casualties,5% Casualties,6% Casualties,7% Casualties,7% Casualties,8% Casualties,8% Casualties,9% Casualties,9% Casualties,9% Casualties,5% Casualties,6% Casualties,7% Casualties,7% Casualties,8% Casualties,8% Casualties,9% Casualties,9% Casualties,9% Casualties,5% Casualties,6% Casualties,7% Casualties,7% Casualties,8% Casualties,8% Casualties,9% Casualties,9% Casualties,9% Casualties,5% Casualties,6% Casualties,7% Casualties,7% Casualties,8% Casualties,8% Casualties,9% Casualties,9% Casualties,9% Casualties,5% Casualties,6% Casualties,7% Casualties,7% Casualties,8% Casualties,8% Casualties,9% Casualties,9% Casualties,9% Casualties,5% Casualties,6% Casualties,7% Casualties,7% Casualties,8% Casualties,9% Casualties,9% Casualties,9% Casualties,9% Casualties,5% Casualties,6% Casualties,7% Casualties,8% Casualties,8% Casualties,8% Casualties,9% Casualties,9% Casualties,9% Casualties,5% Casualties,6% Casualties,7% Casualties,8% Casualties,8% Casualties,9% Casualties,9% Casualties,9% Casualties,9% Casualties,5% Casualties,6% Casualties,7% Casualties,8% Casualties,8% Casualties,9% Casualties,9% Casualties,9% Casualties,9% Casualties,6% Casualties,6% Casualties,7% Casualties,8% Casualties,8% Casualties,9% Casualties,9% Casualties,9% Casualties,9% Casualties,6% Casualties,6% Casualties,7% Casualties,8% Casualties,8% Casualties,8% Casualties,9% Casualties,9% Casualties,9% Casualties,6% Casualties,6% Casualties,7% Casualties,8% Casualties,8% Casualties,9% Casualties,9% Casualties,9% Casualties,9% Casualties,6% Casualties,6% Casualties,7% Casualties,8% Casualties,8% Casualties,9% Casualties,9% Casualties,9% Casualties,9% Casualties
325 CV // 60 RT,2% Casualties,2% Casualties,2% Casualties,3% Casualties,3% Casualties,4% Casualties,4% Casualties,4% Casualties,5% Casualties,3% Casualties,3% Casualties,3% Casualties,4% Casualties,4% Casualties,5% Casualties,5% Casualties,5% Casualties,6% Casualties,3% Casualties,4% Casualties,4% Casualties,5% Casualties,5% Casualties,6% Casualties,6% Casualties,7% Casualties,7% Casualties,4% Casualties,4% Casualties,5% Casualties,5% Casualties,6% Casualties,6% Casualties,7% Casualties,7% Casualties,8% Casualties,4% Casualties,5% Casualties,5% Casualties,6% Casualties,6% Casualties,7% Casualties,7% Casualties,8% Casualties,8% Casualties,4% Casualties,5% Casualties,6% Casualties,6% Casualties,7% Casualties,8% Casualties,8% Casualties,8% Casualties,9% Casualties,5% Casualties,5% Casualties,6% Casualties,7% Casualties,8% Casualties,8% Casualties,8% Casualties,9% Casualties,9% Casualties,5% Casualties,6% Casualties,7% Casualties,7% Casualties,8% Casualties,9% Casualties,9% Casualties,10% Casualties,10% Casualties,5% Casualties,6% Casualties,7% Casualties,7% Casualties,8% Casualties,9% Casualties,9% Casualties,10% Casualties,10% Casualties,5% Casualties,6% Casualties,7% Casualties,8% Casualties,8% Casualties,9% Casualties,9% Casualties,10% Casualties,10% Casualties,5% Casualties,6% Casualties,7% Casualties,8% Casualties,9% Casualties,9% Casualties,10% Casualties,10% Casualties,10% Casualties,5% Casualties,6% Casualties,7% Casualties,8% Casualties,9% Casualties,9% Casualties,10% Casualties,10% Casualties,10% Casualties,5% Casualties,6% Casualties,7% Casualties,8% Casualties,9% Casualties,9% Casualties,10% Casualties,10% Casualties,11% Casualties,6% Casualties,6% Casualties,7% Casualties,8% Casualties,9% Casualties,9% Casualties,10% Casualties,10% Casualties,11% Casualties,6% Casualties,7% Casualties,7% Casualties,8% Casualties,9% Casualties,9% Casualties,10% Casualties,10% Casualties,10% Casualties,6% Casualties,7% Casualties,8% Casualties,8% Casualties,9% Casualties,9% Casualties,10% Casualties,10% Casualties,11% Casualties,6% Casualties,7% Casualties,7% Casualties,8% Casualties,9% Casualties,9% Casualties,10% Casualties,10% Casualties,11% Casualties,6% Casualties,7% Casualties,8% Casualties,8% Casualties,9% Casualties,9% Casualties,10% Casualties,10% Casualties,11% Casualties,6% Casualties,7% Casualties,8% Casualties,8% Casualties,9% Casualties,9% Casualties,10% Casualties,10% Casualties,11% Casualties,6% Casualties,7% Casualties,8% Casualties,8% Casualties,9% Casualties,9% Casualties,10% Casualties,10% Casualties,11% Casualties,6% Casualties,7% Casualties,8% Casualties,8% Casualties,9% Casualties,10% Casualties,10% Casualties,10% Casualties,11% Casualties,6% Casualties,7% Casualties,8% Casualties,8% Casualties,9% Casualties,10% Casualties,10% Casualties,10% Casualties,11% Casualties,6% Casualties,7% Casualties,8% Casualties,8% Casualties,9% Casualties,10% Casualties,10% Casualties,10% Casualties,11% Casualties,6% Casualties,7% Casualties,8% Casualties,9% Casualties,9% Casualties,10% Casualties,10% Casualties,10% Casualties,11% Casualties,6% Casualties,7% Casualties,8% Casualties,9% Casualties,9% Casualties,10% Casualties,10% Casualties,10% Casualties,11% Casualties
325 CV // 50 RT,2% Casualties,2% Casualties,3% Casualties,3% Casualties,3% Casualties,4% Casualties,4% Casualties,4% Casualties,5% Casualties,3% Casualties,3% Casualties,4% Casualties,4% Casualties,5% Casualties,5% Casualties,5% Casualties,6% Casualties,6% Casualties,3% Casualties,4% Casualties,4% Casualties,5% Casualties,6% Casualties,6% Casualties,7% Casualties,7% Casualties,8% Casualties,4% Casualties,4% Casualties,5% Casualties,6% Casualties,6% Casualties,7% Casualties,7% Casualties,8% Casualties,8% Casualties,4% Casualties,5% Casualties,5% Casualties,6% Casualties,7% Casualties,7% Casualties,8% Casualties,9% Casualties,9% Casualties,4% Casualties,5% Casualties,6% Casualties,7% Casualties,8% Casualties,8% Casualties,9% Casualties,9% Casualties,10% Casualties,5% Casualties,6% Casualties,7% Casualties,7% Casualties,8% Casualties,9% Casualties,9% Casualties,10% Casualties,10% Casualties,5% Casualties,6% Casualties,7% Casualties,8% Casualties,9% Casualties,10% Casualties,10% Casualties,11% Casualties,11% Casualties,5% Casualties,6% Casualties,7% Casualties,8% Casualties,9% Casualties,10% Casualties,10% Casualties,11% Casualties,11% Casualties,5% Casualties,6% Casualties,7% Casualties,8% Casualties,9% Casualties,10% Casualties,10% Casualties,11% Casualties,11% Casualties,6% Casualties,7% Casualties,8% Casualties,9% Casualties,10% Casualties,10% Casualties,11% Casualties,11% Casualties,12% Casualties,6% Casualties,7% Casualties,8% Casualties,9% Casualties,9% Casualties,10% Casualties,11% Casualties,11% Casualties,12% Casualties,6% Casualties,7% Casualties,8% Casualties,9% Casualties,10% Casualties,10% Casualties,11% Casualties,12% Casualties,12% Casualties,6% Casualties,7% Casualties,8% Casualties,9% Casualties,10% Casualties,10% Casualties,11% Casualties,12% Casualties,12% Casualties,6% Casualties,7% Casualties,8% Casualties,9% Casualties,10% Casualties,10% Casualties,11% Casualties,12% Casualties,12% Casualties,6% Casualties,7% Casualties,8% Casualties,9% Casualties,10% Casualties,10% Casualties,11% Casualties,12% Casualties,12% Casualties,6% Casualties,7% Casualties,8% Casualties,9% Casualties,10% Casualties,11% Casualties,11% Casualties,12% Casualties,12% Casualties,6% Casualties,7% Casualties,8% Casualties,9% Casualties,10% Casualties,11% Casualties,11% Casualties,12% Casualties,12% Casualties,6% Casualties,7% Casualties,8% Casualties,9% Casualties,10% Casualties,11% Casualties,11% Casualties,12% Casualties,12% Casualties,6% Casualties,7% Casualties,8% Casualties,9% Casualties,10% Casualties,11% Casualties,11% Casualties,12% Casualties,12% Casualties,6% Casualties,8% Casualties,8% Casualties,9% Casualties,10% Casualties,11% Casualties,11% Casualties,12% Casualties,12% Casualties,6% Casualties,7% Casualties,8% Casualties,9% Casualties,10% Casualties,11% Casualties,11% Casualties,12% Casualties,12% Casualties,6% Casualties,8% Casualties,9% Casualties,9% Casualties,10% Casualties,11% Casualties,11% Casualties,12% Casualties,12% Casualties,7% Casualties,8% Casualties,9% Casualties,10% Casualties,10% Casualties,11% Casualties,11% Casualties,12% Casualties,12% Casualties,7% Casualties,8% Casualties,9% Casualties,10% Casualties,10% Casualties,11% Casualties,11% Casualties,12% Casualties,12% Casualties
325 CV // 40 RT,2% Casualties,2% Casualties,3% Casualties,3% Casualties,3% Casualties,4% Casualties,4% Casualties,5% Casualties,5% Casualties,3% Casualties,3% Casualties,4% Casualties,4% Casualties,5% Casualties,5% Casualties,6% Casualties,6% Casualties,7% Casualties,3% Casualties,4% Casualties,5% Casualties,5% Casualties,6% Casualties,7% Casualties,7% Casualties,8% Casualties,8% Casualties,4% Casualties,5% Casualties,5% Casualties,6% Casualties,7% Casualties,7% Casualties,8% Casualties,9% Casualties,9% Casualties,4% Casualties,5% Casualties,6% Casualties,7% Casualties,8% Casualties,8% Casualties,9% Casualties,9% Casualties,10% Casualties,5% Casualties,5% Casualties,6% Casualties,7% Casualties,8% Casualties,9% Casualties,10% Casualties,10% Casualties,11% Casualties,5% Casualties,6% Casualties,7% Casualties,8% Casualties,9% Casualties,10% Casualties,10% Casualties,11% Casualties,12% Casualties,6% Casualties,7% Casualties,8% Casualties,9% Casualties,10% Casualties,11% Casualties,11% Casualties,12% Casualties,13% Casualties,6% Casualties,7% Casualties,8% Casualties,9% Casualties,10% Casualties,11% Casualties,11% Casualties,12% Casualties,13% Casualties,6% Casualties,7% Casualties,8% Casualties,9% Casualties,10% Casualties,11% Casualties,11% Casualties,12% Casualties,13% Casualties,6% Casualties,7% Casualties,8% Casualties,10% Casualties,11% Casualties,11% Casualties,12% Casualties,13% Casualties,13% Casualties,6% Casualties,7% Casualties,8% Casualties,9% Casualties,10% Casualties,11% Casualties,12% Casualties,13% Casualties,14% Casualties,6% Casualties,8% Casualties,9% Casualties,10% Casualties,11% Casualties,11% Casualties,12% Casualties,13% Casualties,13% Casualties,6% Casualties,8% Casualties,9% Casualties,10% Casualties,11% Casualties,12% Casualties,12% Casualties,13% Casualties,14% Casualties,6% Casualties,7% Casualties,9% Casualties,10% Casualties,11% Casualties,12% Casualties,12% Casualties,13% Casualties,14% Casualties,6% Casualties,8% Casualties,9% Casualties,10% Casualties,11% Casualties,12% Casualties,13% Casualties,13% Casualties,14% Casualties,7% Casualties,8% Casualties,9% Casualties,10% Casualties,11% Casualties,12% Casualties,13% Casualties,13% Casualties,14% Casualties,7% Casualties,8% Casualties,9% Casualties,10% Casualties,11% Casualties,12% Casualties,13% Casualties,13% Casualties,14% Casualties,7% Casualties,8% Casualties,9% Casualties,10% Casualties,11% Casualties,12% Casualties,13% Casualties,13% Casualties,14% Casualties,7% Casualties,8% Casualties,9% Casualties,10% Casualties,11% Casualties,12% Casualties,13% Casualties,14% Casualties,14% Casualties,7% Casualties,8% Casualties,10% Casualties,11% Casualties,11% Casualties,12% Casualties,13% Casualties,14% Casualties,14% Casualties,7% Casualties,8% Casualties,10% Casualties,10% Casualties,11% Casualties,12% Casualties,13% Casualties,14% Casualties,14% Casualties,7% Casualties,8% Casualties,9% Casualties,10% Casualties,12% Casualties,12% Casualties,13% Casualties,14% Casualties,14% Casualties,7% Casualties,9% Casualties,10% Casualties,11% Casualties,12% Casualties,13% Casualties,13% Casualties,14% Casualties,14% Casualties,7% Casualties,9% Casualties,10% Casualties,11% Casualties,12% Casualties,13% Casualties,13% Casualties,14% Casualties,14% Casualties
325 CV // 30 RT,2% Casualties,2% Casualties,3% Casualties,3% Casualties,4% Casualties,4% Casualties,4% Casualties,5% Casualties,5% Casualties,3% Casualties,3% Casualties,4% Casualties,4% Casualties,5% Casualties,6% Casualties,6% Casualties,7% Casualties,7% Casualties,4% Casualties,4% Casualties,5% Casualties,6% Casualties,7% Casualties,7% Casualties,8% Casualties,8% Casualties,9% Casualties,4% Casualties,5% Casualties,6% Casualties,7% Casualties,7% Casualties,8% Casualties,9% Casualties,10% Casualties,10% Casualties,4% Casualties,5% Casualties,6% Casualties,7% Casualties,8% Casualties,9% Casualties,10% Casualties,10% Casualties,11% Casualties,5% Casualties,6% Casualties,7% Casualties,8% Casualties,9% Casualties,10% Casualties,11% Casualties,11% Casualties,12% Casualties,5% Casualties,6% Casualties,8% Casualties,9% Casualties,10% Casualties,11% Casualties,12% Casualties,12% Casualties,13% Casualties,6% Casualties,7% Casualties,8% Casualties,10% Casualties,11% Casualties,12% Casualties,13% Casualties,13% Casualties,14% Casualties,6% Casualties,7% Casualties,8% Casualties,10% Casualties,11% Casualties,12% Casualties,13% Casualties,14% Casualties,14% Casualties,6% Casualties,7% Casualties,9% Casualties,10% Casualties,11% Casualties,12% Casualties,13% Casualties,14% Casualties,14% Casualties,7% Casualties,8% Casualties,9% Casualties,10% Casualties,12% Casualties,13% Casualties,14% Casualties,15% Casualties,16% Casualties,6% Casualties,8% Casualties,9% Casualties,10% Casualties,12% Casualties,13% Casualties,14% Casualties,15% Casualties,15% Casualties,7% Casualties,8% Casualties,10% Casualties,11% Casualties,12% Casualties,13% Casualties,14% Casualties,15% Casualties,16% Casualties,7% Casualties,8% Casualties,10% Casualties,11% Casualties,12% Casualties,13% Casualties,14% Casualties,15% Casualties,16% Casualties,7% Casualties,8% Casualties,10% Casualties,11% Casualties,12% Casualties,13% Casualties,14% Casualties,15% Casualties,16% Casualties,7% Casualties,8% Casualties,10% Casualties,11% Casualties,12% Casualties,14% Casualties,14% Casualties,15% Casualties,16% Casualties,7% Casualties,9% Casualties,10% Casualties,11% Casualties,13% Casualties,13% Casualties,14% Casualties,15% Casualties,16% Casualties,7% Casualties,9% Casualties,10% Casualties,12% Casualties,13% Casualties,14% Casualties,15% Casualties,16% Casualties,16% Casualties,7% Casualties,9% Casualties,10% Casualties,12% Casualties,13% Casualties,14% Casualties,15% Casualties,16% Casualties,16% Casualties,7% Casualties,9% Casualties,10% Casualties,12% Casualties,13% Casualties,14% Casualties,15% Casualties,16% Casualties,16% Casualties,8% Casualties,9% Casualties,11% Casualties,12% Casualties,13% Casualties,14% Casualties,15% Casualties,16% Casualties,17% Casualties,8% Casualties,9% Casualties,11% Casualties,12% Casualties,13% Casualties,14% Casualties,15% Casualties,16% Casualties,17% Casualties,8% Casualties,9% Casualties,11% Casualties,12% Casualties,13% Casualties,14% Casualties,15% Casualties,16% Casualties,17% Casualties,8% Casualties,10% Casualties,11% Casualties,12% Casualties,13% Casualties,15% Casualties,15% Casualties,16% Casualties,17% Casualties,8% Casualties,10% Casualties,11% Casualties,12% Casualties,14% Casualties,15% Casualties,15% Casualties,16% Casualties,17% Casualties
325 CV // 20 RT,2% Casualties,2% Casualties,3% Casualties,3% Casualties,4% Casualties,4% Casualties,5% Casualties,5% Casualties,6% Casualties,3% Casualties,3% Casualties,4% Casualties,5% Casualties,5% Casualties,6% Casualties,7% Casualties,7% Casualties,8% Casualties,4% Casualties,4% Casualties,5% Casualties,6% Casualties,7% Casualties,8% Casualties,9% Casualties,9% Casualties,10% Casualties,4% Casualties,5% Casualties,6% Casualties,7% Casualties,8% Casualties,9% Casualties,10% Casualties,10% Casualties,11% Casualties,5% Casualties,6% Casualties,7% Casualties,8% Casualties,9% Casualties,10% Casualties,11% Casualties,12% Casualties,12% Casualties,5% Casualties,6% Casualties,7% Casualties,9% Casualties,10% Casualties,11% Casualties,12% Casualties,13% Casualties,14% Casualties,6% Casualties,7% Casualties,8% Casualties,10% Casualties,11% Casualties,12% Casualties,13% Casualties,14% Casualties,15% Casualties,6% Casualties,8% Casualties,9% Casualties,11% Casualties,12% Casualties,13% Casualties,14% Casualties,15% Casualties,16% Casualties,6% Casualties,8% Casualties,9% Casualties,11% Casualties,12% Casualties,13% Casualties,15% Casualties,16% Casualties,17% Casualties,6% Casualties,8% Casualties,9% Casualties,11% Casualties,12% Casualties,13% Casualties,14% Casualties,16% Casualties,17% Casualties,7% Casualties,9% Casualties,10% Casualties,12% Casualties,13% Casualties,15% Casualties,16% Casualties,17% Casualties,18% Casualties,7% Casualties,9% Casualties,10% Casualties,12% Casualties,13% Casualties,15% Casualties,16% Casualties,17% Casualties,18% Casualties,7% Casualties,9% Casualties,11% Casualties,12% Casualties,14% Casualties,15% Casualties,16% Casualties,17% Casualties,19% Casualties,7% Casualties,9% Casualties,11% Casualties,12% Casualties,14% Casualties,15% Casualties,16% Casualties,17% Casualties,18% Casualties,7% Casualties,9% Casualties,11% Casualties,12% Casualties,14% Casualties,15% Casualties,16% Casualties,17% Casualties,19% Casualties,8% Casualties,9% Casualties,11% Casualties,13% Casualties,14% Casualties,16% Casualties,17% Casualties,18% Casualties,19% Casualties,8% Casualties,9% Casualties,11% Casualties,13% Casualties,14% Casualties,16% Casualties,17% Casualties,18% Casualties,19% Casualties,8% Casualties,10% Casualties,12% Casualties,13% Casualties,15% Casualties,16% Casualties,17% Casualties,18% Casualties,19% Casualties,8% Casualties,10% Casualties,11% Casualties,13% Casualties,15% Casualties,16% Casualties,17% Casualties,18% Casualties,19% Casualties,8% Casualties,10% Casualties,12% Casualties,13% Casualties,15% Casualties,16% Casualties,17% Casualties,18% Casualties,19% Casualties,8% Casualties,11% Casualties,12% Casualties,14% Casualties,15% Casualties,16% Casualties,18% Casualties,19% Casualties,20% Casualties,8% Casualties,11% Casualties,12% Casualties,14% Casualties,15% Casualties,17% Casualties,18% Casualties,19% Casualties,20% Casualties,9% Casualties,10% Casualties,12% Casualties,14% Casualties,15% Casualties,17% Casualties,18% Casualties,19% Casualties,20% Casualties,9% Casualties,11% Casualties,13% Casualties,14% Casualties,16% Casualties,17% Casualties,18% Casualties,19% Casualties,20% Casualties,9% Casualties,11% Casualties,13% Casualties,15% Casualties,16% Casualties,17% Casualties,18% Casualties,19% Casualties,20% Casualties
325 CV // 10 RT,2% Casualties,2% Casualties,3% Casualties,3% Casualties,4% Casualties,4% Casualties,5% Casualties,5% Casualties,6% Casualties,3% Casualties,4% Casualties,4% Casualties,5% Casualties,6% Casualties,7% Casualties,7% Casualties,8% Casualties,9% Casualties,4% Casualties,5% Casualties,6% Casualties,7% Casualties,8% Casualties,9% Casualties,9% Casualties,10% Casualties,11% Casualties,4% Casualties,5% Casualties,6% Casualties,8% Casualties,9% Casualties,10% Casualties,11% Casualties,12% Casualties,13% Casualties,5% Casualties,6% Casualties,8% Casualties,8% Casualties,10% Casualties,11% Casualties,12% Casualties,13% Casualties,14% Casualties,5% Casualties,7% Casualties,8% Casualties,10% Casualties,11% Casualties,12% Casualties,13% Casualties,15% Casualties,16% Casualties,6% Casualties,7% Casualties,9% Casualties,10% Casualties,12% Casualties,14% Casualties,15% Casualties,16% Casualties,17% Casualties,7% Casualties,9% Casualties,10% Casualties,12% Casualties,14% Casualties,15% Casualties,17% Casualties,18% Casualties,19% Casualties,7% Casualties,9% Casualties,10% Casualties,12% Casualties,14% Casualties,15% Casualties,17% Casualties,18% Casualties,19% Casualties,7% Casualties,9% Casualties,10% Casualties,12% Casualties,14% Casualties,15% Casualties,17% Casualties,18% Casualties,19% Casualties,8% Casualties,9% Casualties,12% Casualties,13% Casualties,15% Casualties,17% Casualties,18% Casualties,20% Casualties,21% Casualties,8% Casualties,9% Casualties,11% Casualties,13% Casualties,15% Casualties,17% Casualties,18% Casualties,20% Casualties,21% Casualties,8% Casualties,10% Casualties,12% Casualties,14% Casualties,16% Casualties,17% Casualties,19% Casualties,20% Casualties,22% Casualties,8% Casualties,10% Casualties,12% Casualties,14% Casualties,16% Casualties,17% Casualties,19% Casualties,20% Casualties,22% Casualties,8% Casualties,10% Casualties,12% Casualties,14% Casualties,16% Casualties,17% Casualties,19% Casualties,21% Casualties,22% Casualties,8% Casualties,11% Casualties,12% Casualties,15% Casualties,16% Casualties,18% Casualties,20% Casualties,21% Casualties,22% Casualties,8% Casualties,11% Casualties,13% Casualties,14% Casualties,16% Casualties,18% Casualties,20% Casualties,21% Casualties,22% Casualties,9% Casualties,11% Casualties,14% Casualties,15% Casualties,17% Casualties,19% Casualties,20% Casualties,22% Casualties,23% Casualties,9% Casualties,11% Casualties,13% Casualties,15% Casualties,17% Casualties,19% Casualties,21% Casualties,22% Casualties,23% Casualties,9% Casualties,11% Casualties,13% Casualties,15% Casualties,17% Casualties,19% Casualties,21% Casualties,22% Casualties,23% Casualties,9% Casualties,11% Casualties,14% Casualties,16% Casualties,18% Casualties,20% Casualties,21% Casualties,22% Casualties,24% Casualties,9% Casualties,12% Casualties,14% Casualties,16% Casualties,18% Casualties,20% Casualties,21% Casualties,22% Casualties,24% Casualties,10% Casualties,12% Casualties,14% Casualties,16% Casualties,18% Casualties,20% Casualties,21% Casualties,23% Casualties,24% Casualties,10% Casualties,12% Casualties,15% Casualties,17% Casualties,19% Casualties,20% Casualties,22% Casualties,23% Casualties,24% Casualties,10% Casualties,12% Casualties,15% Casualties,17% Casualties,19% Casualties,20% Casualties,22% Casualties,23% Casualties,24% Casualties
325 CV // 0 RT,2% Casualties,2% Casualties,3% Casualties,3% Casualties,4% Casualties,5% Casualties,5% Casualties,6% Casualties,6% Casualties,3% Casualties,4% Casualties,5% Casualties,5% Casualties,6% Casualties,7% Casualties,8% Casualties,9% Casualties,10% Casualties,4% Casualties,5% Casualties,6% Casualties,7% Casualties,8% Casualties,9% Casualties,10% Casualties,12% Casualties,13% Casualties,5% Casualties,6% Casualties,7% Casualties,8% Casualties,9% Casualties,11% Casualties,12% Casualties,13% Casualties,14% Casualties,5% Casualties,6% Casualties,8% Casualties,9% Casualties,11% Casualties,12% Casualties,13% Casualties,15% Casualties,16% Casualties,6% Casualties,7% Casualties,9% Casualties,11% Casualties,12% Casualties,14% Casualties,15% Casualties,17% Casualties,18% Casualties,7% Casualties,8% Casualties,10% Casualties,12% Casualties,14% Casualties,15% Casualties,17% Casualties,19% Casualties,20% Casualties,7% Casualties,9% Casualties,11% Casualties,13% Casualties,15% Casualties,17% Casualties,19% Casualties,21% Casualties,22% Casualties,8% Casualties,9% Casualties,11% Casualties,13% Casualties,15% Casualties,17% Casualties,19% Casualties,21% Casualties,22% Casualties,7% Casualties,9% Casualties,11% Casualties,13% Casualties,15% Casualties,17% Casualties,19% Casualties,21% Casualties,22% Casualties,8% Casualties,10% Casualties,13% Casualties,15% Casualties,17% Casualties,19% Casualties,21% Casualties,23% Casualties,25% Casualties,8% Casualties,10% Casualties,13% Casualties,15% Casualties,17% Casualties,19% Casualties,21% Casualties,23% Casualties,24% Casualties,9% Casualties,11% Casualties,13% Casualties,16% Casualties,18% Casualties,20% Casualties,22% Casualties,24% Casualties,26% Casualties,9% Casualties,11% Casualties,13% Casualties,16% Casualties,18% Casualties,20% Casualties,22% Casualties,24% Casualties,26% Casualties,9% Casualties,11% Casualties,13% Casualties,16% Casualties,18% Casualties,20% Casualties,22% Casualties,24% Casualties,26% Casualties,9% Casualties,12% Casualties,14% Casualties,17% Casualties,19% Casualties,21% Casualties,23% Casualties,25% Casualties,27% Casualties,9% Casualties,12% Casualties,14% Casualties,17% Casualties,19% Casualties,21% Casualties,23% Casualties,25% Casualties,27% Casualties,10% Casualties,12% Casualties,15% Casualties,18% Casualties,20% Casualties,22% Casualties,24% Casualties,26% Casualties,28% Casualties,10% Casualties,12% Casualties,15% Casualties,18% Casualties,20% Casualties,22% Casualties,24% Casualties,26% Casualties,28% Casualties,10% Casualties,12% Casualties,15% Casualties,18% Casualties,20% Casualties,22% Casualties,24% Casualties,26% Casualties,28% Casualties,11% Casualties,13% Casualties,16% Casualties,18% Casualties,21% Casualties,23% Casualties,25% Casualties,27% Casualties,29% Casualties,11% Casualties,13% Casualties,16% Casualties,19% Casualties,21% Casualties,23% Casualties,25% Casualties,27% Casualties,29% Casualties,11% Casualties,13% Casualties,16% Casualties,19% Casualties,21% Casualties,23% Casualties,25% Casualties,27% Casualties,29% Casualties,11% Casualties,14% Casualties,17% Casualties,20% Casualties,22% Casualties,24% Casualties,26% Casualties,28% Casualties,29% Casualties,12% Casualties,14% Casualties,17% Casualties,20% Casualties,22% Casualties,24% Casualties,26% Casualties,28% Casualties,29% Casualties
350 CV // 80 RT,2% Casualties,2% Casualties,2% Casualties,3% Casualties,3% Casualties,3% Casualties,3% Casualties,4% Casualties,4% Casualties,2% Casualties,3% Casualties,3% Casualties,3% Casualties,3% Casualties,4% Casualties,4% Casualties,4% Casualties,4% Casualties,3% Casualties,3% Casualties,3% Casualties,4% Casualties,4% Casualties,5% Casualties,5% Casualties,5% Casualties,5% Casualties,3% Casualties,4% Casualties,4% Casualties,5% Casualties,5% Casualties,5% Casualties,6% Casualties,6% Casualties,6% Casualties,4% Casualties,4% Casualties,5% Casualties,5% Casualties,5% Casualties,6% Casualties,6% Casualties,6% Casualties,7% Casualties,4% Casualties,4% Casualties,5% Casualties,5% Casualties,6% Casualties,6% Casualties,7% Casualties,7% Casualties,7% Casualties,4% Casualties,5% Casualties,5% Casualties,6% Casualties,6% Casualties,7% Casualties,7% Casualties,7% Casualties,7% Casualties,4% Casualties,5% Casualties,5% Casualties,6% Casualties,6% Casualties,7% Casualties,7% Casualties,7% Casualties,7% Casualties,5% Casualties,5% Casualties,6% Casualties,6% Casualties,7% Casualties,7% Casualties,7% Casualties,8% Casualties,8% Casualties,5% Casualties,5% Casualties,6% Casualties,6% Casualties,7% Casualties,7% Casualties,7% Casualties,8% Casualties,8% Casualties,5% Casualties,5% Casualties,6% Casualties,6% Casualties,7% Casualties,7% Casualties,7% Casualties,8% Casualties,8% Casualties,5% Casualties,5% Casualties,6% Casualties,7% Casualties,7% Casualties,7% Casualties,8% Casualties,8% Casualties,8% Casualties,5% Casualties,5% Casualties,6% Casualties,7% Casualties,7% Casualties,7% Casualties,8% Casualties,8% Casualties,8% Casualties,5% Casualties,6% Casualties,6% Casualties,7% Casualties,7% Casualties,7% Casualties,8% Casualties,8% Casualties,8% Casualties,5% Casualties,6% Casualties,6% Casualties,7% Casualties,7% Casualties,8% Casualties,8% Casualties,8% Casualties,8% Casualties,5% Casualties,6% Casualties,6% Casualties,7% Casualties,7% Casualties,7% Casualties,8% Casualties,8% Casualties,8% Casualties,5% Casualties,6% Casualties,6% Casualties,7% Casualties,7% Casualties,8% Casualties,8% Casualties,8% Casualties,8% Casualties,5% Casualties,6% Casualties,6% Casualties,7% Casualties,7% Casualties,8% Casualties,8% Casualties,8% Casualties,8% Casualties,5% Casualties,6% Casualties,6% Casualties,7% Casualties,7% Casualties,8% Casualties,8% Casualties,8% Casualties,8% Casualties,5% Casualties,6% Casualties,6% Casualties,7% Casualties,7% Casualties,8% Casualties,8% Casualties,8% Casualties,8% Casualties,5% Casualties,6% Casualties,6% Casualties,7% Casualties,7% Casualties,8% Casualties,8% Casualties,8% Casualties,8% Casualties,5% Casualties,6% Casualties,6% Casualties,7% Casualties,7% Casualties,8% Casualties,8% Casualties,8% Casualties,8% Casualties,5% Casualties,6% Casualties,6% Casualties,7% Casualties,7% Casualties,8% Casualties,8% Casualties,8% Casualties,8% Casualties,5% Casualties,6% Casualties,6% Casualties,7% Casualties,7% Casualties,7% Casualties,8% Casualties,8% Casualties,8% Casualties,5% Casualties,6% Casualties,6% Casualties,7% Casualties,7% Casualties,8% Casualties,8% Casualties,8% Casualties,8% Casualties
350 CV // 70 RT,2% Casualties,2% Casualties,2% Casualties,3% Casualties,3% Casualties,3% Casualties,4% Casualties,4% Casualties,4% Casualties,2% Casualties,3% Casualties,3% Casualties,3% Casualties,4% Casualties,4% Casualties,4% Casualties,5% Casualties,5% Casualties,3% Casualties,3% Casualties,4% Casualties,4% Casualties,5% Casualties,5% Casualties,5% Casualties,6% Casualties,6% Casualties,3% Casualties,4% Casualties,4% Casualties,5% Casualties,5% Casualties,6% Casualties,6% Casualties,7% Casualties,7% Casualties,4% Casualties,4% Casualties,5% Casualties,5% Casualties,6% Casualties,6% Casualties,7% Casualties,7% Casualties,7% Casualties,4% Casualties,5% Casualties,5% Casualties,6% Casualties,6% Casualties,7% Casualties,7% Casualties,8% Casualties,8% Casualties,4% Casualties,5% Casualties,6% Casualties,6% Casualties,7% Casualties,7% Casualties,8% Casualties,8% Casualties,8% Casualties,4% Casualties,5% Casualties,6% Casualties,6% Casualties,7% Casualties,7% Casualties,8% Casualties,8% Casualties,8% Casualties,5% Casualties,6% Casualties,6% Casualties,7% Casualties,7% Casualties,8% Casualties,8% Casualties,9% Casualties,9% Casualties,5% Casualties,6% Casualties,6% Casualties,7% Casualties,7% Casualties,8% Casualties,8% Casualties,9% Casualties,9% Casualties,5% Casualties,6% Casualties,6% Casualties,7% Casualties,7% Casualties,8% Casualties,8% Casualties,9% Casualties,9% Casualties,5% Casualties,6% Casualties,7% Casualties,7% Casualties,8% Casualties,8% Casualties,9% Casualties,9% Casualties,9% Casualties,5% Casualties,6% Casualties,7% Casualties,7% Casualties,8% Casualties,8% Casualties,9% Casualties,9% Casualties,9% Casualties,5% Casualties,6% Casualties,7% Casualties,7% Casualties,8% Casualties,8% Casualties,9% Casualties,9% Casualties,9% Casualties,5% Casualties,6% Casualties,7% Casualties,7% Casualties,8% Casualties,8% Casualties,9% Casualties,9% Casualties,9% Casualties,5% Casualties,6% Casualties,7% Casualties,7% Casualties,8% Casualties,8% Casualties,9% Casualties,9% Casualties,9% Casualties,5% Casualties,6% Casualties,7% Casualties,7% Casualties,8% Casualties,9% Casualties,9% Casualties,9% Casualties,9% Casualties,5% Casualties,6% Casualties,7% Casualties,7% Casualties,8% Casualties,8% Casualties,9% Casualties,9% Casualties,9% Casualties,5% Casualties,6% Casualties,7% Casualties,8% Casualties,8% Casualties,8% Casualties,9% Casualties,9% Casualties,9% Casualties,5% Casualties,6% Casualties,7% Casualties,8% Casualties,8% Casualties,9% Casualties,9% Casualties,9% Casualties,9% Casualties,5% Casualties,6% Casualties,7% Casualties,8% Casualties,8% Casualties,9% Casualties,9% Casualties,9% Casualties,9% Casualties,5% Casualties,6% Casualties,7% Casualties,8% Casualties,8% Casualties,8% Casualties,9% Casualties,9% Casualties,9% Casualties,5% Casualties,6% Casualties,7% Casualties,8% Casualties,8% Casualties,9% Casualties,9% Casualties,9% Casualties,9% Casualties,5% Casualties,6% Casualties,7% Casualties,8% Casualties,8% Casualties,9% Casualties,9% Casualties,9% Casualties,9% Casualties,5% Casualties,6% Casualties,7% Casualties,8% Casualties,8% Casualties,8% Casualties,9% Casualties,9% Casualties,9% Casualties
350 CV // 60 RT,2% Casualties,2% Casualties,2% Casualties,3% Casualties,3% Casualties,4% Casualties,4% Casualties,4% Casualties,4% Casualties,2% Casualties,3% Casualties,3% Casualties,4% Casualties,4% Casualties,4% Casualties,5% Casualties,5% Casualties,5% Casualties,3% Casualties,3% Casualties,4% Casualties,4% Casualties,5% Casualties,5% Casualties,6% Casualties,6% Casualties,6% Casualties,4% Casualties,4% Casualties,5% Casualties,5% Casualties,6% Casualties,6% Casualties,7% Casualties,7% Casualties,8% Casualties,4% Casualties,5% Casualties,5% Casualties,6% Casualties,6% Casualties,7% Casualties,7% Casualties,8% Casualties,8% Casualties,4% Casualties,5% Casualties,6% Casualties,6% Casualties,7% Casualties,8% Casualties,8% Casualties,8% Casualties,9% Casualties,5% Casualties,5% Casualties,6% Casualties,7% Casualties,7% Casualties,8% Casualties,8% Casualties,9% Casualties,9% Casualties,5% Casualties,5% Casualties,6% Casualties,7% Casualties,8% Casualties,8% Casualties,9% Casualties,9% Casualties,9% Casualties,5% Casualties,6% Casualties,7% Casualties,7% Casualties,8% Casualties,9% Casualties,9% Casualties,10% Casualties,10% Casualties,5% Casualties,6% Casualties,7% Casualties,8% Casualties,8% Casualties,9% Casualties,9% Casualties,10% Casualties,10% Casualties,5% Casualties,6% Casualties,7% Casualties,7% Casualties,8% Casualties,9% Casualties,9% Casualties,10% Casualties,10% Casualties,5% Casualties,6% Casualties,7% Casualties,8% Casualties,9% Casualties,9% Casualties,10% Casualties,10% Casualties,11% Casualties,5% Casualties,6% Casualties,7% Casualties,8% Casualties,9% Casualties,9% Casualties,10% Casualties,10% Casualties,11% Casualties,5% Casualties,6% Casualties,7% Casualties,8% Casualties,9% Casualties,9% Casualties,10% Casualties,10% Casualties,11% Casualties,5% Casualties,6% Casualties,7% Casualties,8% Casualties,9% Casualties,9% Casualties,10% Casualties,10% Casualties,11% Casualties,6% Casualties,6% Casualties,7% Casualties,8% Casualties,9% Casualties,9% Casualties,10% Casualties,10% Casualties,11% Casualties,6% Casualties,7% Casualties,7% Casualties,8% Casualties,9% Casualties,9% Casualties,10% Casualties,10% Casualties,11% Casualties,6% Casualties,7% Casualties,7% Casualties,8% Casualties,9% Casualties,9% Casualties,10% Casualties,10% Casualties,11% Casualties,6% Casualties,7% Casualties,7% Casualties,8% Casualties,9% Casualties,9% Casualties,10% Casualties,10% Casualties,11% Casualties,6% Casualties,7% Casualties,8% Casualties,8% Casualties,9% Casualties,9% Casualties,10% Casualties,10% Casualties,11% Casualties,6% Casualties,7% Casualties,8% Casualties,8% Casualties,9% Casualties,10% Casualties,10% Casualties,10% Casualties,11% Casualties,6% Casualties,7% Casualties,8% Casualties,8% Casualties,9% Casualties,10% Casualties,10% Casualties,10% Casualties,11% Casualties,6% Casualties,7% Casualties,8% Casualties,8% Casualties,9% Casualties,10% Casualties,10% Casualties,10% Casualties,11% Casualties,6% Casualties,7% Casualties,8% Casualties,9% Casualties,9% Casualties,9% Casualties,10% Casualties,10% Casualties,11% Casualties,6% Casualties,7% Casualties,8% Casualties,8% Casualties,9% Casualties,10% Casualties,10% Casualties,10% Casualties,11% Casualties
350 CV // 50 RT,2% Casualties,2% Casualties,2% Casualties,3% Casualties,3% Casualties,4% Casualties,4% Casualties,4% Casualties,5% Casualties,2% Casualties,3% Casualties,3% Casualties,4% Casualties,4% Casualties,4% Casualties,5% Casualties,5% Casualties,6% Casualties,3% Casualties,4% Casualties,4% Casualties,5% Casualties,5% Casualties,6% Casualties,6% Casualties,7% Casualties,7% Casualties,4% Casualties,4% Casualties,5% Casualties,6% Casualties,6% Casualties,7% Casualties,7% Casualties,8% Casualties,8% Casualties,4% Casualties,5% Casualties,6% Casualties,6% Casualties,7% Casualties,8% Casualties,8% Casualties,9% Casualties,9% Casualties,4% Casualties,5% Casualties,6% Casualties,7% Casualties,7% Casualties,8% Casualties,9% Casualties,9% Casualties,10% Casualties,5% Casualties,6% Casualties,7% Casualties,7% Casualties,8% Casualties,9% Casualties,9% Casualties,10% Casualties,10% Casualties,5% Casualties,6% Casualties,7% Casualties,7% Casualties,8% Casualties,9% Casualties,9% Casualties,10% Casualties,11% Casualties,5% Casualties,6% Casualties,7% Casualties,8% Casualties,9% Casualties,10% Casualties,10% Casualties,11% Casualties,11% Casualties,5% Casualties,6% Casualties,7% Casualties,8% Casualties,9% Casualties,10% Casualties,10% Casualties,11% Casualties,11% Casualties,5% Casualties,6% Casualties,7% Casualties,8% Casualties,9% Casualties,10% Casualties,10% Casualties,11% Casualties,11% Casualties,6% Casualties,7% Casualties,8% Casualties,9% Casualties,10% Casualties,10% Casualties,11% Casualties,12% Casualties,12% Casualties,6% Casualties,7% Casualties,8% Casualties,9% Casualties,9% Casualties,10% Casualties,11% Casualties,11% Casualties,12% Casualties,6% Casualties,7% Casualties,8% Casualties,9% Casualties,10% Casualties,10% Casualties,11% Casualties,11% Casualties,12% Casualties,6% Casualties,7% Casualties,8% Casualties,9% Casualties,10% Casualties,10% Casualties,11% Casualties,12% Casualties,12% Casualties,6% Casualties,7% Casualties,8% Casualties,9% Casualties,10% Casualties,10% Casualties,11% Casualties,12% Casualties,12% Casualties,6% Casualties,7% Casualties,8% Casualties,9% Casualties,10% Casualties,11% Casualties,11% Casualties,12% Casualties,12% Casualties,6% Casualties,7% Casualties,8% Casualties,9% Casualties,10% Casualties,11% Casualties,11% Casualties,12% Casualties,12% Casualties,6% Casualties,7% Casualties,8% Casualties,9% Casualties,10% Casualties,11% Casualties,11% Casualties,12% Casualties,12% Casualties,6% Casualties,7% Casualties,8% Casualties,9% Casualties,10% Casualties,11% Casualties,11% Casualties,12% Casualties,12% Casualties,6% Casualties,7% Casualties,8% Casualties,9% Casualties,10% Casualties,11% Casualties,11% Casualties,12% Casualties,12% Casualties,6% Casualties,7% Casualties,8% Casualties,9% Casualties,10% Casualties,11% Casualties,11% Casualties,12% Casualties,12% Casualties,6% Casualties,8% Casualties,9% Casualties,10% Casualties,10% Casualties,11% Casualties,11% Casualties,12% Casualties,12% Casualties,6% Casualties,8% Casualties,9% Casualties,9% Casualties,10% Casualties,11% Casualties,11% Casualties,12% Casualties,12% Casualties,6% Casualties,8% Casualties,8% Casualties,9% Casualties,10% Casualties,11% Casualties,11% Casualties,12% Casualties,12% Casualties
350 CV // 40 RT,2% Casualties,2% Casualties,2% Casualties,3% Casualties,3% Casualties,4% Casualties,4% Casualties,5% Casualties,5% Casualties,2% Casualties,3% Casualties,3% Casualties,4% Casualties,4% Casualties,5% Casualties,5% Casualties,6% Casualties,6% Casualties,3% Casualties,4% Casualties,4% Casualties,5% Casualties,5% Casualties,6% Casualties,7% Casualties,7% Casualties,8% Casualties,4% Casualties,5% Casualties,5% Casualties,6% Casualties,7% Casualties,7% Casualties,8% Casualties,9% Casualties,9% Casualties,4% Casualties,5% Casualties,6% Casualties,7% Casualties,7% Casualties,8% Casualties,9% Casualties,9% Casualties,10% Casualties,5% Casualties,6% Casualties,6% Casualties,7% Casualties,8% Casualties,9% Casualties,10% Casualties,10% Casualties,11% Casualties,5% Casualties,6% Casualties,7% Casualties,8% Casualties,9% Casualties,10% Casualties,10% Casualties,11% Casualties,12% Casualties,5% Casualties,6% Casualties,7% Casualties,8% Casualties,9% Casualties,10% Casualties,11% Casualties,11% Casualties,12% Casualties,6% Casualties,7% Casualties,8% Casualties,9% Casualties,10% Casualties,11% Casualties,11% Casualties,12% Casualties,13% Casualties,6% Casualties,7% Casualties,8% Casualties,9% Casualties,10% Casualties,11% Casualties,11% Casualties,12% Casualties,13% Casualties,6% Casualties,7% Casualties,8% Casualties,9% Casualties,10% Casualties,11% Casualties,11% Casualties,12% Casualties,13% Casualties,6% Casualties,7% Casualties,8% Casualties,9% Casualties,10% Casualties,11% Casualties,12% Casualties,13% Casualties,13% Casualties,6% Casualties,7% Casualties,8% Casualties,9% Casualties,10% Casualties,11% Casualties,12% Casualties,13% Casualties,13% Casualties,6% Casualties,7% Casualties,9% Casualties,10% Casualties,11% Casualties,12% Casualties,13% Casualties,13% Casualties,14% Casualties,6% Casualties,8% Casualties,9% Casualties,10% Casualties,11% Casualties,12% Casualties,12% Casualties,13% Casualties,14% Casualties,6% Casualties,8% Casualties,9% Casualties,10% Casualties,11% Casualties,12% Casualties,13% Casualties,13% Casualties,14% Casualties,6% Casualties,8% Casualties,9% Casualties,10% Casualties,11% Casualties,12% Casualties,13% Casualties,13% Casualties,14% Casualties,6% Casualties,8% Casualties,9% Casualties,10% Casualties,11% Casualties,12% Casualties,13% Casualties,13% Casualties,14% Casualties,6% Casualties,8% Casualties,9% Casualties,10% Casualties,11% Casualties,12% Casualties,13% Casualties,13% Casualties,14% Casualties,7% Casualties,8% Casualties,9% Casualties,10% Casualties,11% Casualties,12% Casualties,13% Casualties,13% Casualties,14% Casualties,7% Casualties,8% Casualties,9% Casualties,10% Casualties,11% Casualties,12% Casualties,13% Casualties,13% Casualties,14% Casualties,7% Casualties,8% Casualties,9% Casualties,10% Casualties,11% Casualties,12% Casualties,13% Casualties,13% Casualties,14% Casualties,7% Casualties,8% Casualties,9% Casualties,11% Casualties,12% Casualties,12% Casualties,13% Casualties,14% Casualties,14% Casualties,7% Casualties,8% Casualties,10% Casualties,11% Casualties,12% Casualties,12% Casualties,13% Casualties,14% Casualties,14% Casualties,7% Casualties,8% Casualties,9% Casualties,11% Casualties,12% Casualties,12% Casualties,13% Casualties,14% Casualties,14% Casualties
350 CV // 30 RT,2% Casualties,2% Casualties,2% Casualties,3% Casualties,3% Casualties,4% Casualties,4% Casualties,5% Casualties,5% Casualties,3% Casualties,3% Casualties,4% Casualties,4% Casualties,4% Casualties,5% Casualties,6% Casualties,6% Casualties,6% Casualties,3% Casualties,4% Casualties,4% Casualties,5% Casualties,6% Casualties,6% Casualties,7% Casualties,7% Casualties,8% Casualties,4% Casualties,5% Casualties,6% Casualties,6% Casualties,7% Casualties,8% Casualties,9% Casualties,10% Casualties,10% Casualties,4% Casualties,5% Casualties,6% Casualties,7% Casualties,8% Casualties,9% Casualties,10% Casualties,10% Casualties,11% Casualties,5% Casualties,6% Casualties,7% Casualties,8% Casualties,9% Casualties,10% Casualties,11% Casualties,11% Casualties,12% Casualties,5% Casualties,7% Casualties,8% Casualties,9% Casualties,10% Casualties,11% Casualties,12% Casualties,12% Casualties,13% Casualties,5% Casualties,6% Casualties,8% Casualties,9% Casualties,10% Casualties,11% Casualties,12% Casualties,13% Casualties,13% Casualties,6% Casualties,7% Casualties,8% Casualties,10% Casualties,11% Casualties,12% Casualties,13% Casualties,13% Casualties,14% Casualties,6% Casualties,7% Casualties,8% Casualties,10% Casualties,11% Casualties,12% Casualties,13% Casualties,14% Casualties,14% Casualties,6% Casualties,7% Casualties,8% Casualties,10% Casualties,11% Casualties,12% Casualties,13% Casualties,14% Casualties,14% Casualties,7% Casualties,8% Casualties,9% Casualties,10% Casualties,12% Casualties,13% Casualties,14% Casualties,15% Casualties,15% Casualties,6% Casualties,8% Casualties,9% Casualties,10% Casualties,12% Casualties,13% Casualties,14% Casualties,15% Casualties,15% Casualties,7% Casualties,8% Casualties,9% Casualties,11% Casualties,12% Casualties,13% Casualties,14% Casualties,15% Casualties,16% Casualties,7% Casualties,8% Casualties,10% Casualties,11% Casualties,12% Casualties,13% Casualties,14% Casualties,15% Casualties,16% Casualties,7% Casualties,8% Casualties,10% Casualties,11% Casualties,12% Casualties,13% Casualties,14% Casualties,15% Casualties,15% Casualties,7% Casualties,9% Casualties,10% Casualties,11% Casualties,12% Casualties,13% Casualties,15% Casualties,15% Casualties,16% Casualties,7% Casualties,9% Casualties,10% Casualties,11% Casualties,13% Casualties,14% Casualties,14% Casualties,15% Casualties,16% Casualties,7% Casualties,9% Casualties,10% Casualties,11% Casualties,12% Casualties,13% Casualties,14% Casualties,15% Casualties,16% Casualties,7% Casualties,9% Casualties,10% Casualties,11% Casualties,13% Casualties,14% Casualties,15% Casualties,16% Casualties,16% Casualties,8% Casualties,9% Casualties,10% Casualties,12% Casualties,13% Casualties,14% Casualties,15% Casualties,16% Casualties,16% Casualties,7% Casualties,9% Casualties,10% Casualties,12% Casualties,13% Casualties,14% Casualties,15% Casualties,16% Casualties,16% Casualties,8% Casualties,9% Casualties,11% Casualties,12% Casualties,13% Casualties,14% Casualties,15% Casualties,16% Casualties,17% Casualties,8% Casualties,9% Casualties,11% Casualties,12% Casualties,13% Casualties,14% Casualties,15% Casualties,16% Casualties,17% Casualties,8% Casualties,9% Casualties,11% Casualties,12% Casualties,13% Casualties,14% Casualties,15% Casualties,16% Casualties,17% Casualties
350 CV // 20 RT,2% Casualties,2% Casualties,3% Casualties,3% Casualties,4% Casualties,4% Casualties,5% Casualties,5% Casualties,5% Casualties,3% Casualties,3% Casualties,4% Casualties,4% Casualties,5% Casualties,5% Casualties,6% Casualties,6% Casualties,7% Casualties,3% Casualties,4% Casualties,5% Casualties,5% Casualties,6% Casualties,7% Casualties,8% Casualties,8% Casualties,9% Casualties,4% Casualties,5% Casualties,6% Casualties,7% Casualties,8% Casualties,9% Casualties,10% Casualties,10% Casualties,11% Casualties,5% Casualties,6% Casualties,7% Casualties,8% Casualties,9% Casualties,10% Casualties,11% Casualties,12% Casualties,13% Casualties,5% Casualties,6% Casualties,7% Casualties,9% Casualties,10% Casualties,11% Casualties,12% Casualties,13% Casualties,14% Casualties,6% Casualties,7% Casualties,8% Casualties,10% Casualties,11% Casualties,12% Casualties,13% Casualties,14% Casualties,15% Casualties,6% Casualties,7% Casualties,8% Casualties,10% Casualties,11% Casualties,12% Casualties,13% Casualties,14% Casualties,15% Casualties,7% Casualties,8% Casualties,9% Casualties,11% Casualties,12% Casualties,13% Casualties,14% Casualties,15% Casualties,16% Casualties,7% Casualties,8% Casualties,9% Casualties,11% Casualties,12% Casualties,13% Casualties,14% Casualties,16% Casualties,16% Casualties,6% Casualties,8% Casualties,9% Casualties,11% Casualties,12% Casualties,13% Casualties,14% Casualties,16% Casualties,16% Casualties,7% Casualties,8% Casualties,10% Casualties,12% Casualties,13% Casualties,15% Casualties,16% Casualties,17% Casualties,18% Casualties,7% Casualties,9% Casualties,10% Casualties,12% Casualties,13% Casualties,14% Casualties,16% Casualties,17% Casualties,18% Casualties,7% Casualties,9% Casualties,11% Casualties,12% Casualties,14% Casualties,15% Casualties,16% Casualties,17% Casualties,18% Casualties,7% Casualties,9% Casualties,11% Casualties,12% Casualties,14% Casualties,15% Casualties,16% Casualties,17% Casualties,18% Casualties,7% Casualties,9% Casualties,11% Casualties,12% Casualties,14% Casualties,15% Casualties,16% Casualties,17% Casualties,18% Casualties,8% Casualties,10% Casualties,11% Casualties,13% Casualties,14% Casualties,16% Casualties,17% Casualties,18% Casualties,19% Casualties,8% Casualties,10% Casualties,11% Casualties,13% Casualties,14% Casualties,16% Casualties,17% Casualties,18% Casualties,19% Casualties,8% Casualties,10% Casualties,11% Casualties,13% Casualties,14% Casualties,15% Casualties,17% Casualties,18% Casualties,19% Casualties,8% Casualties,10% Casualties,12% Casualties,13% Casualties,15% Casualties,16% Casualties,17% Casualties,18% Casualties,19% Casualties,8% Casualties,10% Casualties,12% Casualties,13% Casualties,15% Casualties,16% Casualties,17% Casualties,18% Casualties,19% Casualties,8% Casualties,10% Casualties,12% Casualties,13% Casualties,15% Casualties,16% Casualties,17% Casualties,18% Casualties,19% Casualties,8% Casualties,10% Casualties,12% Casualties,14% Casualties,16% Casualties,17% Casualties,18% Casualties,19% Casualties,20% Casualties,8% Casualties,10% Casualties,12% Casualties,14% Casualties,15% Casualties,17% Casualties,18% Casualties,19% Casualties,20% Casualties,9% Casualties,10% Casualties,12% Casualties,14% Casualties,15% Casualties,17% Casualties,18% Casualties,19% Casualties,20% Casualties
350 CV // 10 RT,2% Casualties,2% Casualties,3% Casualties,3% Casualties,4% Casualties,4% Casualties,5% Casualties,5% Casualties,6% Casualties,3% Casualties,3% Casualties,4% Casualties,4% Casualties,5% Casualties,6% Casualties,6% Casualties,7% Casualties,8% Casualties,3% Casualties,4% Casualties,5% Casualties,6% Casualties,7% Casualties,8% Casualties,8% Casualties,9% Casualties,10% Casualties,4% Casualties,5% Casualties,6% Casualties,8% Casualties,9% Casualties,10% Casualties,11% Casualties,12% Casualties,13% Casualties,5% Casualties,6% Casualties,7% Casualties,9% Casualties,10% Casualties,11% Casualties,12% Casualties,13% Casualties,14% Casualties,6% Casualties,7% Casualties,8% Casualties,10% Casualties,11% Casualties,12% Casualties,13% Casualties,15% Casualties,16% Casualties,6% Casualties,8% Casualties,9% Casualties,11% Casualties,12% Casualties,14% Casualties,15% Casualties,16% Casualties,17% Casualties,6% Casualties,8% Casualties,9% Casualties,11% Casualties,12% Casualties,14% Casualties,15% Casualties,16% Casualties,18% Casualties,7% Casualties,9% Casualties,10% Casualties,12% Casualties,14% Casualties,15% Casualties,17% Casualties,18% Casualties,19% Casualties,7% Casualties,9% Casualties,10% Casualties,12% Casualties,14% Casualties,15% Casualties,17% Casualties,18% Casualties,19% Casualties,7% Casualties,9% Casualties,10% Casualties,12% Casualties,13% Casualties,15% Casualties,16% Casualties,18% Casualties,19% Casualties,8% Casualties,10% Casualties,11% Casualties,13% Casualties,15% Casualties,16% Casualties,18% Casualties,20% Casualties,21% Casualties,8% Casualties,9% Casualties,11% Casualties,13% Casualties,15% Casualties,17% Casualties,18% Casualties,19% Casualties,21% Casualties,8% Casualties,10% Casualties,12% Casualties,14% Casualties,16% Casualties,17% Casualties,19% Casualties,21% Casualties,22% Casualties,8% Casualties,10% Casualties,12% Casualties,14% Casualties,16% Casualties,17% Casualties,19% Casualties,21% Casualties,22% Casualties,8% Casualties,10% Casualties,12% Casualties,14% Casualties,15% Casualties,17% Casualties,19% Casualties,20% Casualties,22% Casualties,8% Casualties,10% Casualties,13% Casualties,14% Casualties,16% Casualties,18% Casualties,20% Casualties,21% Casualties,22% Casualties,8% Casualties,10% Casualties,13% Casualties,15% Casualties,16% Casualties,18% Casualties,20% Casualties,21% Casualties,22% Casualties,8% Casualties,11% Casualties,13% Casualties,15% Casualties,16% Casualties,18% Casualties,20% Casualties,21% Casualties,22% Casualties,9% Casualties,11% Casualties,13% Casualties,15% Casualties,17% Casualties,19% Casualties,20% Casualties,22% Casualties,23% Casualties,9% Casualties,11% Casualties,13% Casualties,15% Casualties,17% Casualties,19% Casualties,20% Casualties,22% Casualties,23% Casualties,9% Casualties,11% Casualties,13% Casualties,15% Casualties,17% Casualties,19% Casualties,20% Casualties,22% Casualties,23% Casualties,9% Casualties,12% Casualties,14% Casualties,16% Casualties,18% Casualties,20% Casualties,21% Casualties,23% Casualties,24% Casualties,10% Casualties,12% Casualties,14% Casualties,16% Casualties,18% Casualties,20% Casualties,21% Casualties,23% Casualties,24% Casualties,10% Casualties,12% Casualties,14% Casualties,16% Casualties,18% Casualties,20% Casualties,21% Casualties,23% Casualties,24% Casualties
350 CV // 0 RT,2% Casualties,2% Casualties,3% Casualties,3% Casualties,4% Casualties,4% Casualties,5% Casualties,5% Casualties,6% Casualties,3% Casualties,3% Casualties,4% Casualties,5% Casualties,5% Casualties,6% Casualties,7% Casualties,8% Casualties,8% Casualties,4% Casualties,4% Casualties,5% Casualties,6% Casualties,7% Casualties,8% Casualties,9% Casualties,10% Casualties,11% Casualties,5% Casualties,6% Casualties,7% Casualties,8% Casualties,9% Casualties,11% Casualties,12% Casualties,13% Casualties,14% Casualties,5% Casualties,6% Casualties,8% Casualties,9% Casualties,11% Casualties,12% Casualties,14% Casualties,15% Casualties,16% Casualties,6% Casualties,7% Casualties,9% Casualties,11% Casualties,12% Casualties,14% Casualties,15% Casualties,17% Casualties,18% Casualties,7% Casualties,8% Casualties,10% Casualties,12% Casualties,14% Casualties,15% Casualties,17% Casualties,19% Casualties,20% Casualties,6% Casualties,8% Casualties,10% Casualties,12% Casualties,14% Casualties,15% Casualties,17% Casualties,18% Casualties,20% Casualties,8% Casualties,9% Casualties,11% Casualties,13% Casualties,15% Casualties,17% Casualties,19% Casualties,21% Casualties,23% Casualties,7% Casualties,9% Casualties,12% Casualties,13% Casualties,15% Casualties,17% Casualties,19% Casualties,21% Casualties,22% Casualties,8% Casualties,9% Casualties,12% Casualties,13% Casualties,15% Casualties,17% Casualties,19% Casualties,21% Casualties,23% Casualties,8% Casualties,10% Casualties,12% Casualties,15% Casualties,17% Casualties,19% Casualties,21% Casualties,23% Casualties,25% Casualties,8% Casualties,10% Casualties,13% Casualties,15% Casualties,17% Casualties,19% Casualties,21% Casualties,23% Casualties,24% Casualties,9% Casualties,11% Casualties,13% Casualties,16% Casualties,18% Casualties,20% Casualties,22% Casualties,24% Casualties,26% Casualties,9% Casualties,11% Casualties,13% Casualties,16% Casualties,18% Casualties,20% Casualties,22% Casualties,24% Casualties,26% Casualties,9% Casualties,11% Casualties,13% Casualties,16% Casualties,18% Casualties,20% Casualties,22% Casualties,24% Casualties,26% Casualties,9% Casualties,12% Casualties,14% Casualties,17% Casualties,19% Casualties,21% Casualties,23% Casualties,25% Casualties,26% Casualties,9% Casualties,12% Casualties,14% Casualties,17% Casualties,19% Casualties,21% Casualties,23% Casualties,25% Casualties,27% Casualties,9% Casualties,12% Casualties,14% Casualties,17% Casualties,19% Casualties,21% Casualties,23% Casualties,25% Casualties,27% Casualties,10% Casualties,13% Casualties,15% Casualties,18% Casualties,20% Casualties,22% Casualties,24% Casualties,26% Casualties,28% Casualties,10% Casualties,13% Casualties,15% Casualties,17% Casualties,20% Casualties,22% Casualties,24% Casualties,26% Casualties,28% Casualties,10% Casualties,12% Casualties,15% Casualties,18% Casualties,20% Casualties,22% Casualties,24% Casualties,26% Casualties,28% Casualties,10% Casualties,13% Casualties,16% Casualties,18% Casualties,21% Casualties,23% Casualties,25% Casualties,27% Casualties,29% Casualties,11% Casualties,13% Casualties,16% Casualties,19% Casualties,21% Casualties,23% Casualties,25% Casualties,27% Casualties,28% Casualties,11% Casualties,13% Casualties,16% Casualties,18% Casualties,21% Casualties,23% Casualties,25% Casualties,27% Casualties,28% Casualties
375 CV // 80 RT,1% Casualties,2% Casualties,2% Casualties,3% Casualties,3% Casualties,3% Casualties,3% Casualties,4% Casualties,4% Casualties,2% Casualties,2% Casualties,2% Casualties,3% Casualties,3% Casualties,3% Casualties,4% Casualties,4% Casualties,4% Casualties,2% Casualties,3% Casualties,3% Casualties,3% Casualties,4% Casualties,4% Casualties,4% Casualties,5% Casualties,5% Casualties,3% Casualties,3% Casualties,4% Casualties,4% Casualties,5% Casualties,5% Casualties,5% Casualties,5% Casualties,6% Casualties,3% Casualties,4% Casualties,4% Casualties,5% Casualties,5% Casualties,5% Casualties,6% Casualties,6% Casualties,6% Casualties,4% Casualties,4% Casualties,5% Casualties,5% Casualties,5% Casualties,6% Casualties,6% Casualties,6% Casualties,7% Casualties,4% Casualties,4% Casualties,5% Casualties,5% Casualties,6% Casualties,6% Casualties,7% Casualties,7% Casualties,7% Casualties,4% Casualties,5% Casualties,5% Casualties,6% Casualties,6% Casualties,7% Casualties,7% Casualties,7% Casualties,7% Casualties,4% Casualties,5% Casualties,5% Casualties,6% Casualties,6% Casualties,7% Casualties,7% Casualties,7% Casualties,7% Casualties,5% Casualties,5% Casualties,6% Casualties,6% Casualties,7% Casualties,7% Casualties,7% Casualties,8% Casualties,8% Casualties,5% Casualties,5% Casualties,6% Casualties,6% Casualties,7% Casualties,7% Casualties,7% Casualties,8% Casualties,8% Casualties,5% Casualties,5% Casualties,6% Casualties,6% Casualties,7% Casualties,7% Casualties,7% Casualties,8% Casualties,8% Casualties,5% Casualties,5% Casualties,6% Casualties,7% Casualties,7% Casualties,7% Casualties,8% Casualties,8% Casualties,8% Casualties,5% Casualties,5% Casualties,6% Casualties,7% Casualties,7% Casualties,7% Casualties,8% Casualties,8% Casualties,8% Casualties,5% Casualties,5% Casualties,6% Casualties,7% Casualties,7% Casualties,7% Casualties,8% Casualties,8% Casualties,8% Casualties,5% Casualties,6% Casualties,6% Casualties,7% Casualties,7% Casualties,8% Casualties,8% Casualties,8% Casualties,8% Casualties,5% Casualties,6% Casualties,6% Casualties,7% Casualties,7% Casualties,7% Casualties,8% Casualties,8% Casualties,8% Casualties,5% Casualties,6% Casualties,6% Casualties,7% Casualties,7% Casualties,7% Casualties,8% Casualties,8% Casualties,8% Casualties,5% Casualties,6% Casualties,6% Casualties,7% Casualties,7% Casualties,8% Casualties,8% Casualties,8% Casualties,8% Casualties,5% Casualties,6% Casualties,6% Casualties,7% Casualties,7% Casualties,7% Casualties,8% Casualties,8% Casualties,8% Casualties,5% Casualties,6% Casualties,6% Casualties,7% Casualties,7% Casualties,8% Casualties,8% Casualties,8% Casualties,8% Casualties,5% Casualties,6% Casualties,6% Casualties,7% Casualties,7% Casualties,8% Casualties,8% Casualties,8% Casualties,8% Casualties,5% Casualties,6% Casualties,6% Casualties,7% Casualties,7% Casualties,8% Casualties,8% Casualties,8% Casualties,8% Casualties,5% Casualties,6% Casualties,6% Casualties,7% Casualties,7% Casualties,8% Casualties,8% Casualties,8% Casualties,8% Casualties,5% Casualties,6% Casualties,6% Casualties,7% Casualties,7% Casualties,8% Casualties,8% Casualties,8% Casualties,8% Casualties
375 CV // 70 RT,1% Casualties,2% Casualties,2% Casualties,3% Casualties,3% Casualties,3% Casualties,4% Casualties,4% Casualties,4% Casualties,2% Casualties,2% Casualties,3% Casualties,3% Casualties,3% Casualties,4% Casualties,4% Casualties,4% Casualties,4% Casualties,3% Casualties,3% Casualties,3% Casualties,4% Casualties,4% Casualties,4% Casualties,5% Casualties,5% Casualties,5% Casualties,3% Casualties,4% Casualties,4% Casualties,5% Casualties,5% Casualties,5% Casualties,6% Casualties,6% Casualties,6% Casualties,3% Casualties,4% Casualties,4% Casualties,5% Casualties,5% Casualties,6% Casualties,6% Casualties,7% Casualties,7% Casualties,4% Casualties,4% Casualties,5% Casualties,5% Casualties,6% Casualties,6% Casualties,7% Casualties,7% Casualties,7% Casualties,4% Casualties,5% Casualties,5% Casualties,6% Casualties,6% Casualties,7% Casualties,7% Casualties,8% Casualties,8% Casualties,4% Casualties,5% Casualties,6% Casualties,6% Casualties,7% Casualties,7% Casualties,8% Casualties,8% Casualties,8% Casualties,4% Casualties,5% Casualties,6% Casualties,6% Casualties,7% Casualties,7% Casualties,8% Casualties,8% Casualties,8% Casualties,5% Casualties,6% Casualties,6% Casualties,7% Casualties,7% Casualties,8% Casualties,8% Casualties,9% Casualties,9% Casualties,5% Casualties,6% Casualties,6% Casualties,7% Casualties,7% Casualties,8% Casualties,8% Casualties,9% Casualties,9% Casualties,5% Casualties,6% Casualties,6% Casualties,7% Casualties,7% Casualties,8% Casualties,8% Casualties,9% Casualties,9% Casualties,5% Casualties,6% Casualties,7% Casualties,7% Casualties,8% Casualties,8% Casualties,9% Casualties,9% Casualties,9% Casualties,5% Casualties,6% Casualties,7% Casualties,7% Casualties,8% Casualties,8% Casualties,9% Casualties,9% Casualties,9% Casualties,5% Casualties,6% Casualties,7% Casualties,7% Casualties,8% Casualties,8% Casualties,9% Casualties,9% Casualties,9% Casualties,5% Casualties,6% Casualties,7% Casualties,7% Casualties,8% Casualties,8% Casualties,9% Casualties,9% Casualties,9% Casualties,5% Casualties,6% Casualties,7% Casualties,7% Casualties,8% Casualties,8% Casualties,9% Casualties,9% Casualties,9% Casualties,5% Casualties,6% Casualties,7% Casualties,7% Casualties,8% Casualties,8% Casualties,9% Casualties,9% Casualties,9% Casualties,5% Casualties,6% Casualties,7% Casualties,7% Casualties,8% Casualties,9% Casualties,9% Casualties,9% Casualties,9% Casualties,5% Casualties,6% Casualties,7% Casualties,7% Casualties,8% Casualties,8% Casualties,9% Casualties,9% Casualties,9% Casualties,5% Casualties,6% Casualties,7% Casualties,8% Casualties,8% Casualties,8% Casualties,9% Casualties,9% Casualties,9% Casualties,5% Casualties,6% Casualties,7% Casualties,8% Casualties,8% Casualties,9% Casualties,9% Casualties,9% Casualties,9% Casualties,5% Casualties,6% Casualties,7% Casualties,8% Casualties,8% Casualties,8% Casualties,9% Casualties,9% Casualties,9% Casualties,5% Casualties,6% Casualties,7% Casualties,8% Casualties,8% Casualties,8% Casualties,9% Casualties,9% Casualties,9% Casualties,6% Casualties,6% Casualties,7% Casualties,8% Casualties,8% Casualties,9% Casualties,9% Casualties,9% Casualties,9% Casualties
375 CV // 60 RT,1% Casualties,2% Casualties,2% Casualties,3% Casualties,3% Casualties,3% Casualties,4% Casualties,4% Casualties,4% Casualties,2% Casualties,2% Casualties,3% Casualties,3% Casualties,3% Casualties,4% Casualties,4% Casualties,4% Casualties,5% Casualties,3% Casualties,3% Casualties,3% Casualties,4% Casualties,4% Casualties,5% Casualties,5% Casualties,5% Casualties,6% Casualties,3% Casualties,4% Casualties,4% Casualties,5% Casualties,5% Casualties,6% Casualties,6% Casualties,7% Casualties,7% Casualties,4% Casualties,4% Casualties,5% Casualties,5% Casualties,6% Casualties,6% Casualties,7% Casualties,7% Casualties,8% Casualties,4% Casualties,5% Casualties,5% Casualties,6% Casualties,6% Casualties,7% Casualties,7% Casualties,8% Casualties,8% Casualties,4% Casualties,5% Casualties,6% Casualties,6% Casualties,7% Casualties,7% Casualties,8% Casualties,8% Casualties,9% Casualties,5% Casualties,5% Casualties,6% Casualties,7% Casualties,7% Casualties,8% Casualties,9% Casualties,9% Casualties,9% Casualties,5% Casualties,5% Casualties,6% Casualties,7% Casualties,7% Casualties,8% Casualties,9% Casualties,9% Casualties,9% Casualties,5% Casualties,6% Casualties,7% Casualties,8% Casualties,8% Casualties,9% Casualties,9% Casualties,10% Casualties,10% Casualties,5% Casualties,6% Casualties,7% Casualties,7% Casualties,8% Casualties,9% Casualties,9% Casualties,10% Casualties,10% Casualties,5% Casualties,6% Casualties,7% Casualties,7% Casualties,8% Casualties,9% Casualties,9% Casualties,10% Casualties,10% Casualties,5% Casualties,6% Casualties,7% Casualties,8% Casualties,9% Casualties,9% Casualties,10% Casualties,10% Casualties,11% Casualties,5% Casualties,6% Casualties,7% Casualties,8% Casualties,9% Casualties,9% Casualties,10% Casualties,10% Casualties,11% Casualties,5% Casualties,6% Casualties,7% Casualties,8% Casualties,9% Casualties,9% Casualties,10% Casualties,10% Casualties,11% Casualties,5% Casualties,6% Casualties,7% Casualties,8% Casualties,9% Casualties,9% Casualties,10% Casualties,10% Casualties,11% Casualties,5% Casualties,6% Casualties,7% Casualties,8% Casualties,9% Casualties,9% Casualties,10% Casualties,10% Casualties,10% Casualties,6% Casualties,6% Casualties,7% Casualties,8% Casualties,9% Casualties,9% Casualties,10% Casualties,10% Casualties,11% Casualties,6% Casualties,7% Casualties,7% Casualties,8% Casualties,9% Casualties,10% Casualties,10% Casualties,10% Casualties,11% Casualties,6% Casualties,7% Casualties,7% Casualties,8% Casualties,9% Casualties,10% Casualties,10% Casualties,10% Casualties,11% Casualties,6% Casualties,7% Casualties,8% Casualties,8% Casualties,9% Casualties,9% Casualties,10% Casualties,10% Casualties,11% Casualties,6% Casualties,7% Casualties,8% Casualties,8% Casualties,9% Casualties,10% Casualties,10% Casualties,10% Casualties,11% Casualties,6% Casualties,7% Casualties,8% Casualties,8% Casualties,9% Casualties,9% Casualties,10% Casualties,10% Casualties,11% Casualties,6% Casualties,7% Casualties,8% Casualties,8% Casualties,9% Casualties,10% Casualties,10% Casualties,10% Casualties,11% Casualties,6% Casualties,7% Casualties,8% Casualties,8% Casualties,9% Casualties,10% Casualties,10% Casualties,10% Casualties,11% Casualties
375 CV // 50 RT,1% Casualties,2% Casualties,2% Casualties,3% Casualties,3% Casualties,4% Casualties,4% Casualties,4% Casualties,5% Casualties,2% Casualties,2% Casualties,3% Casualties,3% Casualties,4% Casualties,4% Casualties,4% Casualties,5% Casualties,5% Casualties,3% Casualties,3% Casualties,4% Casualties,4% Casualties,5% Casualties,5% Casualties,5% Casualties,6% Casualties,6% Casualties,3% Casualties,4% Casualties,4% Casualties,5% Casualties,6% Casualties,6% Casualties,7% Casualties,7% Casualties,8% Casualties,4% Casualties,4% Casualties,5% Casualties,6% Casualties,6% Casualties,7% Casualties,7% Casualties,8% Casualties,8% Casualties,4% Casualties,5% Casualties,6% Casualties,6% Casualties,7% Casualties,8% Casualties,8% Casualties,9% Casualties,9% Casualties,4% Casualties,5% Casualties,6% Casualties,7% Casualties,8% Casualties,8% Casualties,9% Casualties,9% Casualties,10% Casualties,5% Casualties,6% Casualties,7% Casualties,7% Casualties,8% Casualties,9% Casualties,9% Casualties,10% Casualties,10% Casualties,5% Casualties,6% Casualties,7% Casualties,7% Casualties,8% Casualties,9% Casualties,9% Casualties,10% Casualties,10% Casualties,5% Casualties,6% Casualties,7% Casualties,8% Casualties,9% Casualties,10% Casualties,10% Casualties,11% Casualties,11% Casualties,5% Casualties,6% Casualties,7% Casualties,8% Casualties,9% Casualties,10% Casualties,10% Casualties,11% Casualties,11% Casualties,5% Casualties,6% Casualties,7% Casualties,8% Casualties,9% Casualties,10% Casualties,10% Casualties,11% Casualties,11% Casualties,6% Casualties,7% Casualties,8% Casualties,9% Casualties,9% Casualties,10% Casualties,11% Casualties,11% Casualties,12% Casualties,6% Casualties,7% Casualties,8% Casualties,9% Casualties,9% Casualties,10% Casualties,11% Casualties,11% Casualties,12% Casualties,6% Casualties,7% Casualties,8% Casualties,9% Casualties,9% Casualties,10% Casualties,11% Casualties,12% Casualties,12% Casualties,6% Casualties,7% Casualties,8% Casualties,9% Casualties,10% Casualties,10% Casualties,11% Casualties,12% Casualties,12% Casualties,6% Casualties,7% Casualties,8% Casualties,9% Casualties,10% Casualties,10% Casualties,11% Casualties,11% Casualties,12% Casualties,6% Casualties,7% Casualties,8% Casualties,9% Casualties,10% Casualties,10% Casualties,11% Casualties,12% Casualties,12% Casualties,6% Casualties,7% Casualties,8% Casualties,9% Casualties,10% Casualties,11% Casualties,11% Casualties,12% Casualties,12% Casualties,6% Casualties,7% Casualties,8% Casualties,9% Casualties,10% Casualties,11% Casualties,11% Casualties,12% Casualties,12% Casualties,6% Casualties,7% Casualties,8% Casualties,9% Casualties,10% Casualties,11% Casualties,11% Casualties,12% Casualties,12% Casualties,6% Casualties,7% Casualties,8% Casualties,9% Casualties,10% Casualties,11% Casualties,11% Casualties,12% Casualties,12% Casualties,6% Casualties,7% Casualties,8% Casualties,9% Casualties,10% Casualties,11% Casualties,11% Casualties,12% Casualties,12% Casualties,6% Casualties,7% Casualties,8% Casualties,9% Casualties,10% Casualties,11% Casualties,11% Casualties,12% Casualties,12% Casualties,6% Casualties,7% Casualties,9% Casualties,9% Casualties,10% Casualties,11% Casualties,11% Casualties,12% Casualties,12% Casualties
375 CV // 40 RT,2% Casualties,2% Casualties,2% Casualties,3% Casualties,3% Casualties,4% Casualties,4% Casualties,4% Casualties,5% Casualties,2% Casualties,2% Casualties,3% Casualties,3% Casualties,4% Casualties,4% Casualties,5% Casualties,5% Casualties,5% Casualties,3% Casualties,3% Casualties,4% Casualties,4% Casualties,5% Casualties,5% Casualties,6% Casualties,6% Casualties,7% Casualties,3% Casualties,4% Casualties,5% Casualties,5% Casualties,6% Casualties,7% Casualties,7% Casualties,8% Casualties,8% Casualties,4% Casualties,5% Casualties,5% Casualties,6% Casualties,7% Casualties,7% Casualties,8% Casualties,9% Casualties,9% Casualties,4% Casualties,5% Casualties,6% Casualties,7% Casualties,7% Casualties,8% Casualties,9% Casualties,9% Casualties,10% Casualties,5% Casualties,6% Casualties,6% Casualties,7% Casualties,8% Casualties,9% Casualties,9% Casualties,10% Casualties,11% Casualties,5% Casualties,6% Casualties,7% Casualties,8% Casualties,9% Casualties,10% Casualties,10% Casualties,11% Casualties,12% Casualties,5% Casualties,6% Casualties,7% Casualties,8% Casualties,9% Casualties,10% Casualties,10% Casualties,11% Casualties,12% Casualties,6% Casualties,7% Casualties,8% Casualties,9% Casualties,10% Casualties,11% Casualties,11% Casualties,12% Casualties,13% Casualties,6% Casualties,7% Casualties,8% Casualties,9% Casualties,10% Casualties,11% Casualties,11% Casualties,12% Casualties,13% Casualties,6% Casualties,7% Casualties,8% Casualties,9% Casualties,10% Casualties,11% Casualties,11% Casualties,12% Casualties,13% Casualties,6% Casualties,7% Casualties,8% Casualties,9% Casualties,10% Casualties,11% Casualties,12% Casualties,13% Casualties,13% Casualties,6% Casualties,7% Casualties,8% Casualties,9% Casualties,10% Casualties,11% Casualties,12% Casualties,13% Casualties,13% Casualties,6% Casualties,7% Casualties,8% Casualties,9% Casualties,10% Casualties,11% Casualties,12% Casualties,13% Casualties,13% Casualties,6% Casualties,7% Casualties,9% Casualties,10% Casualties,11% Casualties,12% Casualties,12% Casualties,13% Casualties,14% Casualties,6% Casualties,8% Casualties,9% Casualties,10% Casualties,11% Casualties,12% Casualties,12% Casualties,13% Casualties,14% Casualties,6% Casualties,7% Casualties,9% Casualties,10% Casualties,11% Casualties,12% Casualties,12% Casualties,13% Casualties,14% Casualties,7% Casualties,8% Casualties,9% Casualties,10% Casualties,11% Casualties,12% Casualties,13% Casualties,13% Casualties,14% Casualties,6% Casualties,8% Casualties,9% Casualties,10% Casualties,11% Casualties,12% Casualties,13% Casualties,13% Casualties,14% Casualties,7% Casualties,8% Casualties,9% Casualties,10% Casualties,11% Casualties,12% Casualties,13% Casualties,13% Casualties,14% Casualties,7% Casualties,8% Casualties,9% Casualties,10% Casualties,11% Casualties,12% Casualties,13% Casualties,13% Casualties,14% Casualties,7% Casualties,8% Casualties,9% Casualties,10% Casualties,11% Casualties,12% Casualties,13% Casualties,13% Casualties,14% Casualties,7% Casualties,8% Casualties,9% Casualties,10% Casualties,11% Casualties,12% Casualties,13% Casualties,13% Casualties,14% Casualties,7% Casualties,8% Casualties,9% Casualties,10% Casualties,12% Casualties,12% Casualties,13% Casualties,14% Casualties,14% Casualties
375 CV // 30 RT,2% Casualties,2% Casualties,2% Casualties,3% Casualties,3% Casualties,4% Casualties,4% Casualties,4% Casualties,5% Casualties,2% Casualties,2% Casualties,3% Casualties,3% Casualties,4% Casualties,4% Casualties,5% Casualties,5% Casualties,6% Casualties,3% Casualties,3% Casualties,4% Casualties,5% Casualties,5% Casualties,6% Casualties,6% Casualties,7% Casualties,7% Casualties,4% Casualties,4% Casualties,5% Casualties,6% Casualties,6% Casualties,7% Casualties,8% Casualties,9% Casualties,9% Casualties,4% Casualties,5% Casualties,6% Casualties,6% Casualties,7% Casualties,8% Casualties,9% Casualties,9% Casualties,10% Casualties,5% Casualties,5% Casualties,6% Casualties,7% Casualties,8% Casualties,9% Casualties,10% Casualties,10% Casualties,11% Casualties,5% Casualties,6% Casualties,7% Casualties,8% Casualties,9% Casualties,10% Casualties,11% Casualties,11% Casualties,12% Casualties,5% Casualties,6% Casualties,8% Casualties,9% Casualties,10% Casualties,11% Casualties,12% Casualties,12% Casualties,13% Casualties,5% Casualties,6% Casualties,8% Casualties,9% Casualties,10% Casualties,11% Casualties,12% Casualties,13% Casualties,13% Casualties,6% Casualties,7% Casualties,8% Casualties,10% Casualties,11% Casualties,12% Casualties,13% Casualties,14% Casualties,14% Casualties,6% Casualties,7% Casualties,8% Casualties,10% Casualties,11% Casualties,12% Casualties,13% Casualties,14% Casualties,14% Casualties,6% Casualties,7% Casualties,9% Casualties,10% Casualties,11% Casualties,12% Casualties,13% Casualties,13% Casualties,14% Casualties,6% Casualties,8% Casualties,9% Casualties,10% Casualties,12% Casualties,13% Casualties,14% Casualties,15% Casualties,15% Casualties,7% Casualties,8% Casualties,9% Casualties,11% Casualties,12% Casualties,13% Casualties,14% Casualties,15% Casualties,15% Casualties,7% Casualties,8% Casualties,9% Casualties,10% Casualties,12% Casualties,13% Casualties,14% Casualties,15% Casualties,15% Casualties,7% Casualties,8% Casualties,10% Casualties,11% Casualties,12% Casualties,13% Casualties,14% Casualties,15% Casualties,16% Casualties,7% Casualties,8% Casualties,10% Casualties,11% Casualties,12% Casualties,13% Casualties,14% Casualties,15% Casualties,16% Casualties,7% Casualties,8% Casualties,10% Casualties,11% Casualties,12% Casualties,13% Casualties,14% Casualties,15% Casualties,16% Casualties,7% Casualties,8% Casualties,10% Casualties,11% Casualties,12% Casualties,13% Casualties,14% Casualties,15% Casualties,16% Casualties,7% Casualties,9% Casualties,10% Casualties,11% Casualties,12% Casualties,14% Casualties,14% Casualties,15% Casualties,16% Casualties,7% Casualties,9% Casualties,10% Casualties,12% Casualties,13% Casualties,14% Casualties,15% Casualties,16% Casualties,17% Casualties,7% Casualties,9% Casualties,10% Casualties,12% Casualties,13% Casualties,14% Casualties,15% Casualties,16% Casualties,16% Casualties,7% Casualties,9% Casualties,10% Casualties,12% Casualties,13% Casualties,14% Casualties,15% Casualties,16% Casualties,16% Casualties,7% Casualties,9% Casualties,10% Casualties,12% Casualties,13% Casualties,14% Casualties,15% Casualties,16% Casualties,16% Casualties,8% Casualties,9% Casualties,11% Casualties,12% Casualties,13% Casualties,14% Casualties,15% Casualties,16% Casualties,17% Casualties
375 CV // 20 RT,2% Casualties,2% Casualties,2% Casualties,3% Casualties,3% Casualties,4% Casualties,4% Casualties,5% Casualties,5% Casualties,2% Casualties,2% Casualties,3% Casualties,4% Casualties,4% Casualties,5% Casualties,5% Casualties,6% Casualties,6% Casualties,3% Casualties,3% Casualties,4% Casualties,5% Casualties,5% Casualties,6% Casualties,7% Casualties,7% Casualties,8% Casualties,4% Casualties,4% Casualties,5% Casualties,6% Casualties,7% Casualties,8% Casualties,9% Casualties,9% Casualties,10% Casualties,4% Casualties,5% Casualties,6% Casualties,7% Casualties,8% Casualties,9% Casualties,10% Casualties,10% Casualties,11% Casualties,5% Casualties,6% Casualties,7% Casualties,8% Casualties,9% Casualties,10% Casualties,11% Casualties,12% Casualties,13% Casualties,5% Casualties,6% Casualties,7% Casualties,9% Casualties,10% Casualties,11% Casualties,12% Casualties,13% Casualties,14% Casualties,6% Casualties,7% Casualties,8% Casualties,10% Casualties,11% Casualties,12% Casualties,13% Casualties,14% Casualties,15% Casualties,6% Casualties,7% Casualties,8% Casualties,10% Casualties,11% Casualties,12% Casualties,13% Casualties,14% Casualties,15% Casualties,6% Casualties,8% Casualties,9% Casualties,11% Casualties,12% Casualties,13% Casualties,15% Casualties,15% Casualties,17% Casualties,6% Casualties,8% Casualties,9% Casualties,11% Casualties,12% Casualties,13% Casualties,15% Casualties,15% Casualties,16% Casualties,7% Casualties,8% Casualties,9% Casualties,11% Casualties,12% Casualties,13% Casualties,14% Casualties,15% Casualties,17% Casualties,7% Casualties,8% Casualties,10% Casualties,12% Casualties,13% Casualties,14% Casualties,16% Casualties,17% Casualties,18% Casualties,7% Casualties,9% Casualties,10% Casualties,12% Casualties,13% Casualties,14% Casualties,16% Casualties,17% Casualties,18% Casualties,7% Casualties,9% Casualties,10% Casualties,12% Casualties,13% Casualties,15% Casualties,16% Casualties,17% Casualties,18% Casualties,7% Casualties,9% Casualties,11% Casualties,12% Casualties,14% Casualties,15% Casualties,16% Casualties,17% Casualties,18% Casualties,8% Casualties,9% Casualties,11% Casualties,12% Casualties,14% Casualties,15% Casualties,16% Casualties,18% Casualties,18% Casualties,7% Casualties,9% Casualties,11% Casualties,12% Casualties,14% Casualties,15% Casualties,16% Casualties,17% Casualties,18% Casualties,8% Casualties,9% Casualties,11% Casualties,13% Casualties,14% Casualties,16% Casualties,17% Casualties,18% Casualties,19% Casualties,8% Casualties,9% Casualties,11% Casualties,13% Casualties,14% Casualties,15% Casualties,17% Casualties,18% Casualties,19% Casualties,8% Casualties,10% Casualties,12% Casualties,13% Casualties,15% Casualties,16% Casualties,17% Casualties,18% Casualties,19% Casualties,8% Casualties,10% Casualties,12% Casualties,13% Casualties,15% Casualties,16% Casualties,17% Casualties,18% Casualties,20% Casualties,8% Casualties,10% Casualties,11% Casualties,13% Casualties,15% Casualties,16% Casualties,17% Casualties,18% Casualties,19% Casualties,8% Casualties,10% Casualties,12% Casualties,13% Casualties,15% Casualties,16% Casualties,17% Casualties,19% Casualties,19% Casualties,8% Casualties,10% Casualties,12% Casualties,14% Casualties,15% Casualties,17% Casualties,18% Casualties,19% Casualties,20% Casualties
375 CV // 10 RT,2% Casualties,2% Casualties,3% Casualties,3% Casualties,3% Casualties,4% Casualties,4% Casualties,5% Casualties,5% Casualties,2% Casualties,3% Casualties,3% Casualties,4% Casualties,4% Casualties,5% Casualties,5% Casualties,6% Casualties,7% Casualties,3% Casualties,4% Casualties,4% Casualties,5% Casualties,6% Casualties,7% Casualties,7% Casualties,8% Casualties,9% Casualties,4% Casualties,5% Casualties,6% Casualties,7% Casualties,8% Casualties,8% Casualties,10% Casualties,10% Casualties,11% Casualties,4% Casualties,5% Casualties,6% Casualties,8% Casualties,9% Casualties,10% Casualties,11% Casualties,12% Casualties,13% Casualties,5% Casualties,6% Casualties,7% Casualties,8% Casualties,10% Casualties,11% Casualties,12% Casualties,13% Casualties,14% Casualties,5% Casualties,7% Casualties,8% Casualties,10% Casualties,11% Casualties,12% Casualties,14% Casualties,15% Casualties,16% Casualties,6% Casualties,8% Casualties,9% Casualties,11% Casualties,12% Casualties,14% Casualties,15% Casualties,16% Casualties,18% Casualties,6% Casualties,8% Casualties,9% Casualties,11% Casualties,12% Casualties,14% Casualties,15% Casualties,16% Casualties,17% Casualties,7% Casualties,8% Casualties,10% Casualties,12% Casualties,14% Casualties,15% Casualties,17% Casualties,18% Casualties,19% Casualties,7% Casualties,9% Casualties,10% Casualties,12% Casualties,14% Casualties,15% Casualties,16% Casualties,18% Casualties,19% Casualties,7% Casualties,9% Casualties,10% Casualties,12% Casualties,14% Casualties,15% Casualties,17% Casualties,18% Casualties,19% Casualties,8% Casualties,9% Casualties,11% Casualties,13% Casualties,15% Casualties,17% Casualties,18% Casualties,20% Casualties,21% Casualties,8% Casualties,9% Casualties,11% Casualties,13% Casualties,15% Casualties,16% Casualties,18% Casualties,20% Casualties,21% Casualties,8% Casualties,9% Casualties,11% Casualties,13% Casualties,15% Casualties,17% Casualties,18% Casualties,20% Casualties,21% Casualties,8% Casualties,10% Casualties,12% Casualties,14% Casualties,16% Casualties,18% Casualties,19% Casualties,20% Casualties,22% Casualties,8% Casualties,10% Casualties,12% Casualties,14% Casualties,16% Casualties,17% Casualties,19% Casualties,20% Casualties,22% Casualties,8% Casualties,10% Casualties,12% Casualties,14% Casualties,15% Casualties,18% Casualties,19% Casualties,20% Casualties,22% Casualties,8% Casualties,11% Casualties,12% Casualties,15% Casualties,16% Casualties,18% Casualties,20% Casualties,21% Casualties,22% Casualties,9% Casualties,10% Casualties,13% Casualties,15% Casualties,16% Casualties,18% Casualties,20% Casualties,21% Casualties,22% Casualties,9% Casualties,11% Casualties,13% Casualties,15% Casualties,17% Casualties,19% Casualties,20% Casualties,22% Casualties,23% Casualties,9% Casualties,11% Casualties,13% Casualties,15% Casualties,17% Casualties,19% Casualties,21% Casualties,22% Casualties,23% Casualties,9% Casualties,11% Casualties,13% Casualties,15% Casualties,17% Casualties,19% Casualties,21% Casualties,22% Casualties,23% Casualties,9% Casualties,11% Casualties,13% Casualties,15% Casualties,17% Casualties,19% Casualties,20% Casualties,22% Casualties,23% Casualties,9% Casualties,12% Casualties,14% Casualties,16% Casualties,18% Casualties,20% Casualties,21% Casualties,23% Casualties,24% Casualties
375 CV // 0 RT,2% Casualties,2% Casualties,3% Casualties,3% Casualties,4% Casualties,4% Casualties,5% Casualties,5% Casualties,6% Casualties,2% Casualties,3% Casualties,3% Casualties,4% Casualties,5% Casualties,5% Casualties,6% Casualties,6% Casualties,7% Casualties,3% Casualties,4% Casualties,5% Casualties,5% Casualties,6% Casualties,7% Casualties,8% Casualties,9% Casualties,10% Casualties,4% Casualties,5% Casualties,6% Casualties,7% Casualties,8% Casualties,9% Casualties,10% Casualties,11% Casualties,12% Casualties,5% Casualties,6% Casualties,7% Casualties,8% Casualties,9% Casualties,11% Casualties,12% Casualties,13% Casualties,14% Casualties,5% Casualties,7% Casualties,8% Casualties,9% Casualties,11% Casualties,12% Casualties,14% Casualties,15% Casualties,16% Casualties,6% Casualties,7% Casualties,9% Casualties,11% Casualties,12% Casualties,14% Casualties,15% Casualties,17% Casualties,18% Casualties,7% Casualties,8% Casualties,10% Casualties,12% Casualties,13% Casualties,15% Casualties,17% Casualties,19% Casualties,20% Casualties,7% Casualties,8% Casualties,10% Casualties,12% Casualties,14% Casualties,15% Casualties,17% Casualties,19% Casualties,20% Casualties,7% Casualties,9% Casualties,11% Casualties,13% Casualties,15% Casualties,17% Casualties,19% Casualties,20% Casualties,22% Casualties,8% Casualties,9% Casualties,12% Casualties,13% Casualties,15% Casualties,17% Casualties,19% Casualties,21% Casualties,23% Casualties,7% Casualties,9% Casualties,11% Casualties,13% Casualties,15% Casualties,17% Casualties,19% Casualties,21% Casualties,22% Casualties,8% Casualties,11% Casualties,13% Casualties,15% Casualties,17% Casualties,19% Casualties,21% Casualties,23% Casualties,24% Casualties,8% Casualties,10% Casualties,13% Casualties,15% Casualties,17% Casualties,19% Casualties,21% Casualties,23% Casualties,25% Casualties,8% Casualties,11% Casualties,12% Casualties,15% Casualties,17% Casualties,19% Casualties,21% Casualties,23% Casualties,25% Casualties,9% Casualties,11% Casualties,14% Casualties,16% Casualties,18% Casualties,20% Casualties,22% Casualties,24% Casualties,26% Casualties,9% Casualties,11% Casualties,13% Casualties,16% Casualties,18% Casualties,20% Casualties,22% Casualties,24% Casualties,26% Casualties,9% Casualties,11% Casualties,14% Casualties,16% Casualties,18% Casualties,20% Casualties,22% Casualties,24% Casualties,26% Casualties,9% Casualties,12% Casualties,14% Casualties,17% Casualties,19% Casualties,21% Casualties,23% Casualties,25% Casualties,27% Casualties,9% Casualties,12% Casualties,14% Casualties,17% Casualties,19% Casualties,21% Casualties,23% Casualties,25% Casualties,27% Casualties,10% Casualties,12% Casualties,15% Casualties,18% Casualties,20% Casualties,22% Casualties,24% Casualties,26% Casualties,27% Casualties,10% Casualties,13% Casualties,15% Casualties,18% Casualties,20% Casualties,22% Casualties,24% Casualties,26% Casualties,28% Casualties,10% Casualties,13% Casualties,15% Casualties,18% Casualties,20% Casualties,22% Casualties,24% Casualties,26% Casualties,28% Casualties,10% Casualties,13% Casualties,15% Casualties,18% Casualties,20% Casualties,22% Casualties,24% Casualties,26% Casualties,28% Casualties,11% Casualties,13% Casualties,16% Casualties,18% Casualties,21% Casualties,23% Casualties,25% Casualties,27% Casualties,29% Casualties
400 CV // 80 RT,1% Casualties,2% Casualties,2% Casualties,2% Casualties,3% Casualties,3% Casualties,3% Casualties,4% Casualties,4% Casualties,2% Casualties,2% Casualties,2% Casualties,3% Casualties,3% Casualties,3% Casualties,3% Casualties,4% Casualties,4% Casualties,2% Casualties,3% Casualties,3% Casualties,3% Casualties,3% Casualties,4% Casualties,4% Casualties,4% Casualties,4% Casualties,3% Casualties,3% Casualties,3% Casualties,4% Casualties,4% Casualties,4% Casualties,5% Casualties,5% Casualties,5% Casualties,3% Casualties,4% Casualties,4% Casualties,5% Casualties,5% Casualties,5% Casualties,6% Casualties,6% Casualties,6% Casualties,4% Casualties,4% Casualties,5% Casualties,5% Casualties,5% Casualties,6% Casualties,6% Casualties,6% Casualties,7% Casualties,4% Casualties,4% Casualties,5% Casualties,5% Casualties,5% Casualties,6% Casualties,6% Casualties,6% Casualties,7% Casualties,4% Casualties,4% Casualties,5% Casualties,5% Casualties,6% Casualties,6% Casualties,6% Casualties,7% Casualties,7% Casualties,4% Casualties,5% Casualties,5% Casualties,6% Casualties,6% Casualties,7% Casualties,7% Casualties,7% Casualties,7% Casualties,4% Casualties,5% Casualties,5% Casualties,6% Casualties,6% Casualties,7% Casualties,7% Casualties,7% Casualties,7% Casualties,5% Casualties,5% Casualties,6% Casualties,6% Casualties,7% Casualties,7% Casualties,7% Casualties,8% Casualties,8% Casualties,5% Casualties,5% Casualties,6% Casualties,6% Casualties,7% Casualties,7% Casualties,7% Casualties,8% Casualties,8% Casualties,5% Casualties,5% Casualties,6% Casualties,6% Casualties,7% Casualties,7% Casualties,7% Casualties,8% Casualties,8% Casualties,5% Casualties,5% Casualties,6% Casualties,7% Casualties,7% Casualties,7% Casualties,8% Casualties,8% Casualties,8% Casualties,5% Casualties,5% Casualties,6% Casualties,7% Casualties,7% Casualties,7% Casualties,8% Casualties,8% Casualties,8% Casualties,5% Casualties,5% Casualties,6% Casualties,7% Casualties,7% Casualties,7% Casualties,8% Casualties,8% Casualties,8% Casualties,5% Casualties,5% Casualties,6% Casualties,7% Casualties,7% Casualties,7% Casualties,8% Casualties,8% Casualties,8% Casualties,5% Casualties,6% Casualties,6% Casualties,7% Casualties,7% Casualties,7% Casualties,8% Casualties,8% Casualties,8% Casualties,5% Casualties,6% Casualties,6% Casualties,7% Casualties,7% Casualties,8% Casualties,8% Casualties,8% Casualties,8% Casualties,5% Casualties,6% Casualties,6% Casualties,7% Casualties,7% Casualties,8% Casualties,8% Casualties,8% Casualties,8% Casualties,5% Casualties,6% Casualties,6% Casualties,7% Casualties,7% Casualties,8% Casualties,8% Casualties,8% Casualties,8% Casualties,5% Casualties,6% Casualties,6% Casualties,7% Casualties,7% Casualties,8% Casualties,8% Casualties,8% Casualties,8% Casualties,5% Casualties,6% Casualties,6% Casualties,7% Casualties,7% Casualties,8% Casualties,8% Casualties,8% Casualties,8% Casualties,5% Casualties,6% Casualties,6% Casualties,7% Casualties,7% Casualties,8% Casualties,8% Casualties,8% Casualties,8% Casualties,5% Casualties,6% Casualties,6% Casualties,7% Casualties,7% Casualties,8% Casualties,8% Casualties,8% Casualties,8% Casualties
400 CV // 70 RT,1% Casualties,2% Casualties,2% Casualties,3% Casualties,3% Casualties,3% Casualties,3% Casualties,4% Casualties,4% Casualties,2% Casualties,2% Casualties,2% Casualties,3% Casualties,3% Casualties,3% Casualties,4% Casualties,4% Casualties,4% Casualties,2% Casualties,3% Casualties,3% Casualties,3% Casualties,4% Casualties,4% Casualties,4% Casualties,5% Casualties,5% Casualties,3% Casualties,3% Casualties,4% Casualties,4% Casualties,4% Casualties,5% Casualties,5% Casualties,6% Casualties,6% Casualties,3% Casualties,4% Casualties,5% Casualties,5% Casualties,5% Casualties,6% Casualties,6% Casualties,7% Casualties,7% Casualties,4% Casualties,4% Casualties,5% Casualties,5% Casualties,6% Casualties,6% Casualties,7% Casualties,7% Casualties,7% Casualties,4% Casualties,4% Casualties,5% Casualties,5% Casualties,6% Casualties,6% Casualties,7% Casualties,7% Casualties,7% Casualties,4% Casualties,5% Casualties,5% Casualties,6% Casualties,6% Casualties,7% Casualties,7% Casualties,7% Casualties,8% Casualties,4% Casualties,5% Casualties,6% Casualties,6% Casualties,7% Casualties,7% Casualties,8% Casualties,8% Casualties,8% Casualties,4% Casualties,5% Casualties,6% Casualties,6% Casualties,7% Casualties,7% Casualties,8% Casualties,8% Casualties,8% Casualties,5% Casualties,6% Casualties,6% Casualties,7% Casualties,7% Casualties,8% Casualties,8% Casualties,9% Casualties,9% Casualties,5% Casualties,6% Casualties,6% Casualties,7% Casualties,7% Casualties,8% Casualties,8% Casualties,9% Casualties,9% Casualties,5% Casualties,6% Casualties,6% Casualties,7% Casualties,7% Casualties,8% Casualties,8% Casualties,9% Casualties,9% Casualties,5% Casualties,6% Casualties,7% Casualties,7% Casualties,8% Casualties,8% Casualties,9% Casualties,9% Casualties,9% Casualties,5% Casualties,6% Casualties,7% Casualties,7% Casualties,8% Casualties,8% Casualties,9% Casualties,9% Casualties,9% Casualties,5% Casualties,6% Casualties,7% Casualties,7% Casualties,8% Casualties,8% Casualties,9% Casualties,9% Casualties,9% Casualties,5% Casualties,6% Casualties,7% Casualties,7% Casualties,8% Casualties,8% Casualties,9% Casualties,9% Casualties,9% Casualties,5% Casualties,6% Casualties,7% Casualties,7% Casualties,8% Casualties,8% Casualties,9% Casualties,9% Casualties,9% Casualties,5% Casualties,6% Casualties,7% Casualties,7% Casualties,8% Casualties,8% Casualties,9% Casualties,9% Casualties,9% Casualties,5% Casualties,6% Casualties,7% Casualties,7% Casualties,8% Casualties,8% Casualties,9% Casualties,9% Casualties,9% Casualties,5% Casualties,6% Casualties,7% Casualties,8% Casualties,8% Casualties,8% Casualties,9% Casualties,9% Casualties,9% Casualties,5% Casualties,6% Casualties,7% Casualties,7% Casualties,8% Casualties,8% Casualties,9% Casualties,9% Casualties,9% Casualties,5% Casualties,6% Casualties,7% Casualties,8% Casualties,8% Casualties,8% Casualties,9% Casualties,9% Casualties,9% Casualties,5% Casualties,6% Casualties,7% Casualties,7% Casualties,8% Casualties,8% Casualties,9% Casualties,9% Casualties,9% Casualties,5% Casualties,6% Casualties,7% Casualties,8% Casualties,8% Casualties,9% Casualties,9% Casualties,9% Casualties,9% Casualties
400 CV // 60 RT,1% Casualties,2% Casualties,2% Casualties,3% Casualties,3% Casualties,3% Casualties,4% Casualties,4% Casualties,4% Casualties,2% Casualties,2% Casualties,2% Casualties,3% Casualties,3% Casualties,4% Casualties,4% Casualties,4% Casualties,4% Casualties,2% Casualties,3% Casualties,3% Casualties,3% Casualties,4% Casualties,4% Casualties,5% Casualties,5% Casualties,5% Casualties,3% Casualties,3% Casualties,4% Casualties,4% Casualties,5% Casualties,5% Casualties,6% Casualties,6% Casualties,6% Casualties,4% Casualties,4% Casualties,5% Casualties,5% Casualties,6% Casualties,6% Casualties,7% Casualties,7% Casualties,8% Casualties,4% Casualties,5% Casualties,5% Casualties,6% Casualties,6% Casualties,7% Casualties,7% Casualties,8% Casualties,8% Casualties,4% Casualties,4% Casualties,5% Casualties,6% Casualties,6% Casualties,7% Casualties,7% Casualties,8% Casualties,8% Casualties,4% Casualties,5% Casualties,6% Casualties,6% Casualties,7% Casualties,8% Casualties,8% Casualties,8% Casualties,9% Casualties,5% Casualties,5% Casualties,6% Casualties,7% Casualties,7% Casualties,8% Casualties,9% Casualties,9% Casualties,9% Casualties,5% Casualties,5% Casualties,6% Casualties,7% Casualties,7% Casualties,8% Casualties,9% Casualties,9% Casualties,9% Casualties,5% Casualties,6% Casualties,7% Casualties,8% Casualties,8% Casualties,9% Casualties,9% Casualties,10% Casualties,10% Casualties,5% Casualties,6% Casualties,7% Casualties,7% Casualties,8% Casualties,9% Casualties,9% Casualties,10% Casualties,10% Casualties,5% Casualties,6% Casualties,7% Casualties,7% Casualties,8% Casualties,9% Casualties,9% Casualties,10% Casualties,10% Casualties,5% Casualties,6% Casualties,7% Casualties,8% Casualties,9% Casualties,9% Casualties,10% Casualties,10% Casualties,11% Casualties,5% Casualties,6% Casualties,7% Casualties,8% Casualties,9% Casualties,9% Casualties,10% Casualties,10% Casualties,11% Casualties,5% Casualties,6% Casualties,7% Casualties,8% Casualties,9% Casualties,9% Casualties,10% Casualties,10% Casualties,10% Casualties,6% Casualties,6% Casualties,7% Casualties,8% Casualties,9% Casualties,9% Casualties,10% Casualties,10% Casualties,11% Casualties,5% Casualties,6% Casualties,7% Casualties,8% Casualties,9% Casualties,9% Casualties,10% Casualties,10% Casualties,11% Casualties,5% Casualties,6% Casualties,7% Casualties,8% Casualties,9% Casualties,9% Casualties,10% Casualties,10% Casualties,11% Casualties,6% Casualties,7% Casualties,7% Casualties,8% Casualties,9% Casualties,9% Casualties,10% Casualties,10% Casualties,11% Casualties,6% Casualties,7% Casualties,7% Casualties,8% Casualties,9% Casualties,9% Casualties,10% Casualties,10% Casualties,11% Casualties,6% Casualties,7% Casualties,7% Casualties,8% Casualties,9% Casualties,9% Casualties,10% Casualties,10% Casualties,11% Casualties,6% Casualties,7% Casualties,8% Casualties,8% Casualties,9% Casualties,10% Casualties,10% Casualties,10% Casualties,11% Casualties,6% Casualties,7% Casualties,8% Casualties,8% Casualties,9% Casualties,10% Casualties,10% Casualties,10% Casualties,11% Casualties,6% Casualties,7% Casualties,8% Casualties,8% Casualties,9% Casualties,9% Casualties,10% Casualties,10% Casualties,11% Casualties
400 CV // 50 RT,1% Casualties,2% Casualties,2% Casualties,3% Casualties,3% Casualties,3% Casualties,4% Casualties,4% Casualties,4% Casualties,2% Casualties,2% Casualties,3% Casualties,3% Casualties,3% Casualties,4% Casualties,4% Casualties,4% Casualties,5% Casualties,2% Casualties,3% Casualties,3% Casualties,4% Casualties,4% Casualties,5% Casualties,5% Casualties,5% Casualties,6% Casualties,3% Casualties,3% Casualties,4% Casualties,5% Casualties,5% Casualties,6% Casualties,6% Casualties,7% Casualties,7% Casualties,4% Casualties,4% Casualties,5% Casualties,6% Casualties,6% Casualties,7% Casualties,7% Casualties,8% Casualties,8% Casualties,4% Casualties,5% Casualties,6% Casualties,6% Casualties,7% Casualties,7% Casualties,8% Casualties,9% Casualties,9% Casualties,4% Casualties,5% Casualties,6% Casualties,6% Casualties,7% Casualties,8% Casualties,8% Casualties,9% Casualties,9% Casualties,4% Casualties,5% Casualties,6% Casualties,7% Casualties,7% Casualties,8% Casualties,9% Casualties,9% Casualties,10% Casualties,5% Casualties,6% Casualties,7% Casualties,7% Casualties,8% Casualties,9% Casualties,9% Casualties,10% Casualties,10% Casualties,5% Casualties,6% Casualties,7% Casualties,7% Casualties,8% Casualties,9% Casualties,9% Casualties,10% Casualties,10% Casualties,5% Casualties,6% Casualties,7% Casualties,8% Casualties,9% Casualties,10% Casualties,10% Casualties,11% Casualties,11% Casualties,5% Casualties,6% Casualties,7% Casualties,8% Casualties,9% Casualties,10% Casualties,10% Casualties,11% Casualties,11% Casualties,5% Casualties,6% Casualties,7% Casualties,8% Casualties,9% Casualties,10% Casualties,10% Casualties,11% Casualties,11% Casualties,6% Casualties,7% Casualties,8% Casualties,9% Casualties,9% Casualties,10% Casualties,11% Casualties,11% Casualties,12% Casualties,6% Casualties,7% Casualties,8% Casualties,9% Casualties,9% Casualties,10% Casualties,11% Casualties,11% Casualties,12% Casualties,6% Casualties,7% Casualties,8% Casualties,9% Casualties,10% Casualties,10% Casualties,11% Casualties,11% Casualties,12% Casualties,6% Casualties,7% Casualties,8% Casualties,9% Casualties,10% Casualties,10% Casualties,11% Casualties,11% Casualties,12% Casualties,6% Casualties,7% Casualties,8% Casualties,9% Casualties,10% Casualties,10% Casualties,11% Casualties,12% Casualties,12% Casualties,6% Casualties,7% Casualties,8% Casualties,9% Casualties,10% Casualties,10% Casualties,11% Casualties,11% Casualties,12% Casualties,6% Casualties,7% Casualties,8% Casualties,9% Casualties,10% Casualties,11% Casualties,11% Casualties,12% Casualties,12% Casualties,6% Casualties,7% Casualties,8% Casualties,9% Casualties,10% Casualties,11% Casualties,11% Casualties,12% Casualties,12% Casualties,6% Casualties,7% Casualties,8% Casualties,9% Casualties,10% Casualties,10% Casualties,11% Casualties,12% Casualties,12% Casualties,6% Casualties,7% Casualties,8% Casualties,9% Casualties,10% Casualties,11% Casualties,11% Casualties,12% Casualties,12% Casualties,6% Casualties,7% Casualties,8% Casualties,9% Casualties,10% Casualties,11% Casualties,11% Casualties,12% Casualties,12% Casualties,6% Casualties,7% Casualties,8% Casualties,9% Casualties,10% Casualties,11% Casualties,11% Casualties,12% Casualties,12% Casualties
400 CV // 40 RT,1% Casualties,2% Casualties,2% Casualties,3% Casualties,3% Casualties,4% Casualties,4% Casualties,4% Casualties,4% Casualties,2% Casualties,2% Casualties,3% Casualties,3% Casualties,4% Casualties,4% Casualties,4% Casualties,5% Casualties,5% Casualties,2% Casualties,3% Casualties,3% Casualties,4% Casualties,4% Casualties,5% Casualties,5% Casualties,6% Casualties,6% Casualties,3% Casualties,4% Casualties,4% Casualties,5% Casualties,5% Casualties,6% Casualties,6% Casualties,7% Casualties,7% Casualties,4% Casualties,5% Casualties,5% Casualties,6% Casualties,7% Casualties,7% Casualties,8% Casualties,9% Casualties,9% Casualties,4% Casualties,5% Casualties,6% Casualties,7% Casualties,7% Casualties,8% Casualties,9% Casualties,9% Casualties,10% Casualties,4% Casualties,5% Casualties,6% Casualties,7% Casualties,8% Casualties,8% Casualties,9% Casualties,10% Casualties,10% Casualties,5% Casualties,5% Casualties,6% Casualties,7% Casualties,8% Casualties,9% Casualties,10% Casualties,10% Casualties,11% Casualties,5% Casualties,6% Casualties,7% Casualties,8% Casualties,9% Casualties,10% Casualties,10% Casualties,11% Casualties,12% Casualties,5% Casualties,6% Casualties,7% Casualties,8% Casualties,9% Casualties,10% Casualties,10% Casualties,11% Casualties,12% Casualties,6% Casualties,7% Casualties,8% Casualties,9% Casualties,10% Casualties,11% Casualties,11% Casualties,12% Casualties,13% Casualties,6% Casualties,7% Casualties,8% Casualties,9% Casualties,10% Casualties,11% Casualties,11% Casualties,12% Casualties,13% Casualties,6% Casualties,7% Casualties,8% Casualties,9% Casualties,10% Casualties,11% Casualties,11% Casualties,12% Casualties,13% Casualties,6% Casualties,7% Casualties,8% Casualties,9% Casualties,10% Casualties,11% Casualties,12% Casualties,13% Casualties,13% Casualties,6% Casualties,7% Casualties,8% Casualties,9% Casualties,11% Casualties,11% Casualties,12% Casualties,13% Casualties,13% Casualties,6% Casualties,7% Casualties,8% Casualties,9% Casualties,10% Casualties,11% Casualties,12% Casualties,13% Casualties,13% Casualties,6% Casualties,8% Casualties,9% Casualties,10% Casualties,11% Casualties,12% Casualties,12% Casualties,13% Casualties,14% Casualties,6% Casualties,8% Casualties,9% Casualties,10% Casualties,11% Casualties,12% Casualties,12% Casualties,13% Casualties,14% Casualties,6% Casualties,8% Casualties,9% Casualties,10% Casualties,11% Casualties,12% Casualties,12% Casualties,13% Casualties,14% Casualties,7% Casualties,8% Casualties,9% Casualties,10% Casualties,11% Casualties,12% Casualties,13% Casualties,13% Casualties,14% Casualties,6% Casualties,8% Casualties,9% Casualties,10% Casualties,11% Casualties,12% Casualties,13% Casualties,13% Casualties,14% Casualties,6% Casualties,8% Casualties,9% Casualties,10% Casualties,11% Casualties,12% Casualties,13% Casualties,13% Casualties,14% Casualties,7% Casualties,8% Casualties,9% Casualties,10% Casualties,11% Casualties,12% Casualties,13% Casualties,13% Casualties,14% Casualties,7% Casualties,8% Casualties,9% Casualties,10% Casualties,11% Casualties,12% Casualties,13% Casualties,14% Casualties,14% Casualties,7% Casualties,8% Casualties,9% Casualties,10% Casualties,11% Casualties,12% Casualties,13% Casualties,13% Casualties,14% Casualties
400 CV // 30 RT,1% Casualties,2% Casualties,2% Casualties,3% Casualties,3% Casualties,4% Casualties,4% Casualties,4% Casualties,5% Casualties,2% Casualties,2% Casualties,3% Casualties,3% Casualties,4% Casualties,4% Casualties,4% Casualties,5% Casualties,5% Casualties,3% Casualties,3% Casualties,3% Casualties,4% Casualties,4% Casualties,5% Casualties,6% Casualties,6% Casualties,6% Casualties,3% Casualties,4% Casualties,4% Casualties,5% Casualties,6% Casualties,6% Casualties,7% Casualties,8% Casualties,8% Casualties,4% Casualties,5% Casualties,6% Casualties,7% Casualties,7% Casualties,8% Casualties,9% Casualties,10% Casualties,10% Casualties,4% Casualties,5% Casualties,6% Casualties,7% Casualties,8% Casualties,9% Casualties,10% Casualties,10% Casualties,11% Casualties,4% Casualties,5% Casualties,6% Casualties,7% Casualties,8% Casualties,9% Casualties,10% Casualties,10% Casualties,11% Casualties,5% Casualties,6% Casualties,7% Casualties,8% Casualties,9% Casualties,10% Casualties,11% Casualties,11% Casualties,12% Casualties,5% Casualties,6% Casualties,8% Casualties,9% Casualties,10% Casualties,11% Casualties,12% Casualties,12% Casualties,13% Casualties,5% Casualties,6% Casualties,8% Casualties,9% Casualties,10% Casualties,11% Casualties,12% Casualties,12% Casualties,13% Casualties,6% Casualties,7% Casualties,9% Casualties,10% Casualties,11% Casualties,12% Casualties,13% Casualties,14% Casualties,14% Casualties,6% Casualties,7% Casualties,8% Casualties,10% Casualties,11% Casualties,12% Casualties,13% Casualties,13% Casualties,14% Casualties,6% Casualties,7% Casualties,8% Casualties,10% Casualties,11% Casualties,12% Casualties,13% Casualties,14% Casualties,14% Casualties,6% Casualties,8% Casualties,9% Casualties,11% Casualties,12% Casualties,13% Casualties,14% Casualties,15% Casualties,16% Casualties,7% Casualties,8% Casualties,9% Casualties,11% Casualties,12% Casualties,13% Casualties,14% Casualties,15% Casualties,15% Casualties,6% Casualties,8% Casualties,9% Casualties,10% Casualties,12% Casualties,13% Casualties,14% Casualties,15% Casualties,15% Casualties,7% Casualties,8% Casualties,9% Casualties,11% Casualties,12% Casualties,13% Casualties,14% Casualties,15% Casualties,16% Casualties,7% Casualties,8% Casualties,9% Casualties,11% Casualties,12% Casualties,13% Casualties,14% Casualties,15% Casualties,16% Casualties,7% Casualties,8% Casualties,10% Casualties,11% Casualties,12% Casualties,13% Casualties,14% Casualties,15% Casualties,16% Casualties,7% Casualties,8% Casualties,10% Casualties,11% Casualties,12% Casualties,13% Casualties,14% Casualties,16% Casualties,16% Casualties,7% Casualties,8% Casualties,10% Casualties,11% Casualties,12% Casualties,13% Casualties,14% Casualties,15% Casualties,16% Casualties,7% Casualties,9% Casualties,10% Casualties,11% Casualties,13% Casualties,14% Casualties,15% Casualties,15% Casualties,16% Casualties,8% Casualties,9% Casualties,10% Casualties,12% Casualties,13% Casualties,14% Casualties,15% Casualties,16% Casualties,16% Casualties,7% Casualties,9% Casualties,10% Casualties,12% Casualties,13% Casualties,14% Casualties,15% Casualties,16% Casualties,16% Casualties,7% Casualties,9% Casualties,10% Casualties,12% Casualties,13% Casualties,14% Casualties,15% Casualties,16% Casualties,16% Casualties
400 CV // 20 RT,2% Casualties,2% Casualties,2% Casualties,3% Casualties,3% Casualties,4% Casualties,4% Casualties,4% Casualties,5% Casualties,2% Casualties,2% Casualties,3% Casualties,3% Casualties,4% Casualties,4% Casualties,5% Casualties,5% Casualties,6% Casualties,3% Casualties,3% Casualties,4% Casualties,4% Casualties,5% Casualties,5% Casualties,6% Casualties,6% Casualties,7% Casualties,3% Casualties,4% Casualties,5% Casualties,5% Casualties,6% Casualties,7% Casualties,8% Casualties,8% Casualties,9% Casualties,4% Casualties,5% Casualties,6% Casualties,7% Casualties,8% Casualties,9% Casualties,10% Casualties,10% Casualties,11% Casualties,5% Casualties,6% Casualties,7% Casualties,8% Casualties,9% Casualties,10% Casualties,11% Casualties,11% Casualties,12% Casualties,5% Casualties,6% Casualties,7% Casualties,8% Casualties,9% Casualties,10% Casualties,11% Casualties,12% Casualties,13% Casualties,5% Casualties,6% Casualties,7% Casualties,9% Casualties,10% Casualties,11% Casualties,12% Casualties,13% Casualties,14% Casualties,6% Casualties,7% Casualties,8% Casualties,10% Casualties,11% Casualties,12% Casualties,13% Casualties,14% Casualties,15% Casualties,6% Casualties,7% Casualties,8% Casualties,10% Casualties,11% Casualties,12% Casualties,13% Casualties,14% Casualties,15% Casualties,7% Casualties,8% Casualties,9% Casualties,11% Casualties,12% Casualties,13% Casualties,14% Casualties,16% Casualties,16% Casualties,7% Casualties,8% Casualties,9% Casualties,11% Casualties,12% Casualties,13% Casualties,14% Casualties,15% Casualties,16% Casualties,6% Casualties,8% Casualties,9% Casualties,11% Casualties,12% Casualties,13% Casualties,14% Casualties,15% Casualties,17% Casualties,7% Casualties,8% Casualties,10% Casualties,12% Casualties,13% Casualties,14% Casualties,16% Casualties,17% Casualties,18% Casualties,7% Casualties,8% Casualties,10% Casualties,12% Casualties,13% Casualties,15% Casualties,16% Casualties,17% Casualties,18% Casualties,7% Casualties,9% Casualties,10% Casualties,12% Casualties,13% Casualties,14% Casualties,16% Casualties,17% Casualties,18% Casualties,7% Casualties,9% Casualties,11% Casualties,12% Casualties,14% Casualties,15% Casualties,16% Casualties,18% Casualties,18% Casualties,7% Casualties,9% Casualties,11% Casualties,12% Casualties,14% Casualties,15% Casualties,16% Casualties,17% Casualties,18% Casualties,7% Casualties,9% Casualties,11% Casualties,12% Casualties,14% Casualties,15% Casualties,16% Casualties,17% Casualties,18% Casualties,8% Casualties,9% Casualties,11% Casualties,13% Casualties,14% Casualties,16% Casualties,17% Casualties,18% Casualties,19% Casualties,8% Casualties,9% Casualties,11% Casualties,13% Casualties,14% Casualties,15% Casualties,17% Casualties,18% Casualties,19% Casualties,8% Casualties,9% Casualties,11% Casualties,13% Casualties,14% Casualties,16% Casualties,17% Casualties,18% Casualties,19% Casualties,8% Casualties,10% Casualties,12% Casualties,13% Casualties,15% Casualties,16% Casualties,17% Casualties,18% Casualties,19% Casualties,8% Casualties,10% Casualties,12% Casualties,13% Casualties,15% Casualties,16% Casualties,17% Casualties,18% Casualties,19% Casualties,8% Casualties,10% Casualties,12% Casualties,13% Casualties,15% Casualties,16% Casualties,17% Casualties,18% Casualties,19% Casualties
400 CV // 10 RT,1% Casualties,2% Casualties,2% Casualties,3% Casualties,3% Casualties,4% Casualties,4% Casualties,5% Casualties,5% Casualties,2% Casualties,2% Casualties,3% Casualties,3% Casualties,4% Casualties,4% Casualties,5% Casualties,5% Casualties,6% Casualties,3% Casualties,3% Casualties,4% Casualties,4% Casualties,5% Casualties,6% Casualties,6% Casualties,7% Casualties,8% Casualties,3% Casualties,4% Casualties,5% Casualties,6% Casualties,7% Casualties,7% Casualties,8% Casualties,9% Casualties,10% Casualties,4% Casualties,5% Casualties,6% Casualties,8% Casualties,9% Casualties,10% Casualties,11% Casualties,12% Casualties,13% Casualties,5% Casualties,6% Casualties,7% Casualties,8% Casualties,10% Casualties,11% Casualties,12% Casualties,13% Casualties,14% Casualties,5% Casualties,6% Casualties,7% Casualties,9% Casualties,10% Casualties,11% Casualties,12% Casualties,13% Casualties,14% Casualties,5% Casualties,7% Casualties,8% Casualties,9% Casualties,11% Casualties,12% Casualties,13% Casualties,15% Casualties,16% Casualties,6% Casualties,8% Casualties,9% Casualties,11% Casualties,12% Casualties,13% Casualties,15% Casualties,16% Casualties,17% Casualties,6% Casualties,8% Casualties,9% Casualties,11% Casualties,12% Casualties,13% Casualties,15% Casualties,16% Casualties,17% Casualties,7% Casualties,9% Casualties,10% Casualties,12% Casualties,14% Casualties,15% Casualties,16% Casualties,18% Casualties,19% Casualties,7% Casualties,9% Casualties,10% Casualties,12% Casualties,14% Casualties,15% Casualties,16% Casualties,18% Casualties,19% Casualties,7% Casualties,9% Casualties,10% Casualties,12% Casualties,14% Casualties,15% Casualties,17% Casualties,18% Casualties,19% Casualties,8% Casualties,10% Casualties,11% Casualties,13% Casualties,15% Casualties,17% Casualties,18% Casualties,20% Casualties,21% Casualties,8% Casualties,9% Casualties,12% Casualties,13% Casualties,15% Casualties,17% Casualties,18% Casualties,20% Casualties,21% Casualties,8% Casualties,9% Casualties,11% Casualties,13% Casualties,15% Casualties,17% Casualties,18% Casualties,20% Casualties,21% Casualties,8% Casualties,10% Casualties,12% Casualties,14% Casualties,16% Casualties,17% Casualties,19% Casualties,20% Casualties,22% Casualties,8% Casualties,10% Casualties,12% Casualties,14% Casualties,16% Casualties,17% Casualties,19% Casualties,20% Casualties,22% Casualties,8% Casualties,10% Casualties,12% Casualties,14% Casualties,16% Casualties,17% Casualties,19% Casualties,20% Casualties,22% Casualties,9% Casualties,11% Casualties,13% Casualties,15% Casualties,17% Casualties,18% Casualties,20% Casualties,21% Casualties,22% Casualties,8% Casualties,10% Casualties,13% Casualties,15% Casualties,17% Casualties,18% Casualties,20% Casualties,21% Casualties,23% Casualties,8% Casualties,11% Casualties,12% Casualties,14% Casualties,16% Casualties,18% Casualties,20% Casualties,21% Casualties,22% Casualties,9% Casualties,11% Casualties,13% Casualties,15% Casualties,17% Casualties,19% Casualties,20% Casualties,22% Casualties,23% Casualties,9% Casualties,11% Casualties,13% Casualties,15% Casualties,17% Casualties,19% Casualties,20% Casualties,22% Casualties,23% Casualties,9% Casualties,11% Casualties,13% Casualties,15% Casualties,17% Casualties,19% Casualties,20% Casualties,21% Casualties,23% Casualties
400 CV // 0 RT,1% Casualties,2% Casualties,2% Casualties,3% Casualties,3% Casualties,4% Casualties,4% Casualties,5% Casualties,5% Casualties,2% Casualties,2% Casualties,3% Casualties,3% Casualties,4% Casualties,5% Casualties,5% Casualties,6% Casualties,6% Casualties,3% Casualties,3% Casualties,4% Casualties,5% Casualties,5% Casualties,6% Casualties,7% Casualties,8% Casualties,8% Casualties,4% Casualties,4% Casualties,5% Casualties,6% Casualties,7% Casualties,8% Casualties,9% Casualties,10% Casualties,11% Casualties,5% Casualties,6% Casualties,7% Casualties,8% Casualties,9% Casualties,11% Casualties,12% Casualties,13% Casualties,14% Casualties,5% Casualties,6% Casualties,8% Casualties,9% Casualties,11% Casualties,12% Casualties,13% Casualties,15% Casualties,16% Casualties,5% Casualties,7% Casualties,8% Casualties,9% Casualties,10% Casualties,12% Casualties,14% Casualties,15% Casualties,16% Casualties,6% Casualties,7% Casualties,9% Casualties,11% Casualties,12% Casualties,14% Casualties,15% Casualties,17% Casualties,18% Casualties,7% Casualties,8% Casualties,10% Casualties,12% Casualties,14% Casualties,16% Casualties,17% Casualties,19% Casualties,20% Casualties,7% Casualties,8% Casualties,10% Casualties,12% Casualties,13% Casualties,15% Casualties,17% Casualties,18% Casualties,20% Casualties,7% Casualties,9% Casualties,11% Casualties,13% Casualties,15% Casualties,17% Casualties,19% Casualties,21% Casualties,22% Casualties,8% Casualties,9% Casualties,11% Casualties,14% Casualties,15% Casualties,17% Casualties,19% Casualties,21% Casualties,23% Casualties,7% Casualties,9% Casualties,11% Casualties,13% Casualties,15% Casualties,17% Casualties,19% Casualties,21% Casualties,23% Casualties,8% Casualties,11% Casualties,13% Casualties,15% Casualties,17% Casualties,19% Casualties,21% Casualties,23% Casualties,24% Casualties,8% Casualties,10% Casualties,13% Casualties,15% Casualties,17% Casualties,19% Casualties,21% Casualties,23% Casualties,25% Casualties,8% Casualties,10% Casualties,13% Casualties,15% Casualties,17% Casualties,19% Casualties,21% Casualties,23% Casualties,25% Casualties,9% Casualties,11% Casualties,13% Casualties,16% Casualties,18% Casualties,20% Casualties,22% Casualties,24% Casualties,26% Casualties,9% Casualties,11% Casualties,13% Casualties,15% Casualties,18% Casualties,20% Casualties,22% Casualties,24% Casualties,26% Casualties,9% Casualties,11% Casualties,13% Casualties,16% Casualties,18% Casualties,20% Casualties,22% Casualties,24% Casualties,26% Casualties,9% Casualties,12% Casualties,14% Casualties,17% Casualties,19% Casualties,21% Casualties,23% Casualties,25% Casualties,27% Casualties,9% Casualties,12% Casualties,14% Casualties,17% Casualties,19% Casualties,21% Casualties,23% Casualties,25% Casualties,27% Casualties,9% Casualties,12% Casualties,14% Casualties,17% Casualties,19% Casualties,21% Casualties,23% Casualties,25% Casualties,27% Casualties,10% Casualties,12% Casualties,15% Casualties,18% Casualties,20% Casualties,22% Casualties,24% Casualties,26% Casualties,28% Casualties,10% Casualties,12% Casualties,15% Casualties,17% Casualties,20% Casualties,22% Casualties,24% Casualties,26% Casualties,28% Casualties,10% Casualties,12% Casualties,15% Casualties,18% Casualties,20% Casualties,22% Casualties,24% Casualties,26% Casualties,27% Casualties
425 CV // 80 RT,1% Casualties,2% Casualties,2% Casualties,2% Casualties,3% Casualties,3% Casualties,3% Casualties,3% Casualties,4% Casualties,2% Casualties,2% Casualties,2% Casualties,3% Casualties,3% Casualties,3% Casualties,3% Casualties,4% Casualties,4% Casualties,2% Casualties,2% Casualties,2% Casualties,3% Casualties,3% Casualties,3% Casualties,4% Casualties,4% Casualties,4% Casualties,2% Casualties,3% Casualties,3% Casualties,4% Casualties,4% Casualties,4% Casualties,4% Casualties,5% Casualties,5% Casualties,3% Casualties,3% Casualties,4% Casualties,4% Casualties,5% Casualties,5% Casualties,5% Casualties,5% Casualties,6% Casualties,3% Casualties,4% Casualties,4% Casualties,5% Casualties,5% Casualties,5% Casualties,6% Casualties,6% Casualties,6% Casualties,4% Casualties,4% Casualties,5% Casualties,5% Casualties,5% Casualties,6% Casualties,6% Casualties,6% Casualties,7% Casualties,4% Casualties,4% Casualties,5% Casualties,5% Casualties,6% Casualties,6% Casualties,7% Casualties,7% Casualties,7% Casualties,4% Casualties,4% Casualties,5% Casualties,5% Casualties,6% Casualties,6% Casualties,6% Casualties,7% Casualties,7% Casualties,4% Casualties,5% Casualties,5% Casualties,6% Casualties,6% Casualties,7% Casualties,7% Casualties,7% Casualties,7% Casualties,4% Casualties,5% Casualties,5% Casualties,6% Casualties,6% Casualties,7% Casualties,7% Casualties,7% Casualties,7% Casualties,5% Casualties,5% Casualties,6% Casualties,6% Casualties,7% Casualties,7% Casualties,7% Casualties,8% Casualties,8% Casualties,5% Casualties,5% Casualties,6% Casualties,6% Casualties,7% Casualties,7% Casualties,7% Casualties,8% Casualties,8% Casualties,5% Casualties,5% Casualties,6% Casualties,6% Casualties,7% Casualties,7% Casualties,7% Casualties,8% Casualties,8% Casualties,5% Casualties,5% Casualties,6% Casualties,7% Casualties,7% Casualties,7% Casualties,8% Casualties,8% Casualties,8% Casualties,5% Casualties,5% Casualties,6% Casualties,7% Casualties,7% Casualties,8% Casualties,8% Casualties,8% Casualties,8% Casualties,5% Casualties,5% Casualties,6% Casualties,7% Casualties,7% Casualties,7% Casualties,8% Casualties,8% Casualties,8% Casualties,5% Casualties,6% Casualties,6% Casualties,7% Casualties,7% Casualties,8% Casualties,8% Casualties,8% Casualties,8% Casualties,5% Casualties,5% Casualties,6% Casualties,7% Casualties,7% Casualties,7% Casualties,8% Casualties,8% Casualties,8% Casualties,5% Casualties,6% Casualties,6% Casualties,7% Casualties,7% Casualties,7% Casualties,8% Casualties,8% Casualties,8% Casualties,5% Casualties,6% Casualties,6% Casualties,7% Casualties,7% Casualties,8% Casualties,8% Casualties,8% Casualties,8% Casualties,5% Casualties,6% Casualties,6% Casualties,7% Casualties,7% Casualties,7% Casualties,8% Casualties,8% Casualties,8% Casualties,5% Casualties,6% Casualties,6% Casualties,7% Casualties,7% Casualties,8% Casualties,8% Casualties,8% Casualties,8% Casualties,5% Casualties,6% Casualties,6% Casualties,7% Casualties,7% Casualties,8% Casualties,8% Casualties,8% Casualties,8% Casualties,5% Casualties,6% Casualties,6% Casualties,7% Casualties,7% Casualties,8% Casualties,8% Casualties,8% Casualties,8% Casualties
425 CV // 70 RT,1% Casualties,2% Casualties,2% Casualties,2% Casualties,3% Casualties,3% Casualties,3% Casualties,4% Casualties,4% Casualties,2% Casualties,2% Casualties,2% Casualties,3% Casualties,3% Casualties,3% Casualties,4% Casualties,4% Casualties,4% Casualties,2% Casualties,2% Casualties,3% Casualties,3% Casualties,3% Casualties,4% Casualties,4% Casualties,4% Casualties,4% Casualties,3% Casualties,3% Casualties,3% Casualties,4% Casualties,4% Casualties,4% Casualties,5% Casualties,5% Casualties,5% Casualties,3% Casualties,4% Casualties,4% Casualties,5% Casualties,5% Casualties,5% Casualties,6% Casualties,6% Casualties,6% Casualties,3% Casualties,4% Casualties,5% Casualties,5% Casualties,5% Casualties,6% Casualties,6% Casualties,7% Casualties,7% Casualties,4% Casualties,4% Casualties,5% Casualties,5% Casualties,6% Casualties,6% Casualties,7% Casualties,7% Casualties,7% Casualties,4% Casualties,5% Casualties,5% Casualties,6% Casualties,6% Casualties,7% Casualties,7% Casualties,8% Casualties,8% Casualties,4% Casualties,5% Casualties,5% Casualties,6% Casualties,6% Casualties,7% Casualties,7% Casualties,8% Casualties,8% Casualties,4% Casualties,5% Casualties,6% Casualties,6% Casualties,7% Casualties,7% Casualties,8% Casualties,8% Casualties,8% Casualties,4% Casualties,5% Casualties,6% Casualties,6% Casualties,7% Casualties,7% Casualties,8% Casualties,8% Casualties,8% Casualties,5% Casualties,6% Casualties,6% Casualties,7% Casualties,8% Casualties,8% Casualties,8% Casualties,9% Casualties,9% Casualties,5% Casualties,6% Casualties,6% Casualties,7% Casualties,7% Casualties,8% Casualties,8% Casualties,9% Casualties,9% Casualties,5% Casualties,6% Casualties,6% Casualties,7% Casualties,8% Casualties,8% Casualties,8% Casualties,9% Casualties,9% Casualties,5% Casualties,6% Casualties,7% Casualties,7% Casualties,8% Casualties,8% Casualties,9% Casualties,9% Casualties,9% Casualties,5% Casualties,6% Casualties,7% Casualties,7% Casualties,8% Casualties,8% Casualties,9% Casualties,9% Casualties,9% Casualties,5% Casualties,6% Casualties,7% Casualties,7% Casualties,8% Casualties,8% Casualties,9% Casualties,9% Casualties,9% Casualties,5% Casualties,6% Casualties,7% Casualties,7% Casualties,8% Casualties,8% Casualties,9% Casualties,9% Casualties,9% Casualties,5% Casualties,6% Casualties,7% Casualties,7% Casualties,8% Casualties,8% Casualties,9% Casualties,9% Casualties,9% Casualties,5% Casualties,6% Casualties,7% Casualties,7% Casualties,8% Casualties,8% Casualties,9% Casualties,9% Casualties,9% Casualties,5% Casualties,6% Casualties,7% Casualties,7% Casualties,8% Casualties,9% Casualties,9% Casualties,9% Casualties,9% Casualties,5% Casualties,6% Casualties,7% Casualties,8% Casualties,8% Casualties,8% Casualties,9% Casualties,9% Casualties,9% Casualties,5% Casualties,6% Casualties,7% Casualties,7% Casualties,8% Casualties,8% Casualties,9% Casualties,9% Casualties,9% Casualties,5% Casualties,6% Casualties,7% Casualties,7% Casualties,8% Casualties,8% Casualties,9% Casualties,9% Casualties,9% Casualties,5% Casualties,6% Casualties,7% Casualties,8% Casualties,8% Casualties,8% Casualties,9% Casualties,9% Casualties,9% Casualties
425 CV // 60 RT,1% Casualties,2% Casualties,2% Casualties,2% Casualties,3% Casualties,3% Casualties,3% Casualties,4% Casualties,4% Casualties,2% Casualties,2% Casualties,2% Casualties,3% Casualties,3% Casualties,4% Casualties,4% Casualties,4% Casualties,4% Casualties,2% Casualties,2% Casualties,3% Casualties,3% Casualties,3% Casualties,4% Casualties,4% Casualties,4% Casualties,5% Casualties,3% Casualties,3% Casualties,3% Casualties,4% Casualties,4% Casualties,5% Casualties,5% Casualties,5% Casualties,6% Casualties,3% Casualties,4% Casualties,4% Casualties,5% Casualties,5% Casualties,6% Casualties,6% Casualties,7% Casualties,7% Casualties,4% Casualties,4% Casualties,5% Casualties,5% Casualties,6% Casualties,6% Casualties,7% Casualties,7% Casualties,8% Casualties,4% Casualties,5% Casualties,5% Casualties,6% Casualties,6% Casualties,7% Casualties,7% Casualties,8% Casualties,8% Casualties,4% Casualties,5% Casualties,6% Casualties,6% Casualties,7% Casualties,7% Casualties,8% Casualties,8% Casualties,9% Casualties,4% Casualties,5% Casualties,6% Casualties,6% Casualties,7% Casualties,7% Casualties,8% Casualties,8% Casualties,9% Casualties,5% Casualties,5% Casualties,6% Casualties,7% Casualties,7% Casualties,8% Casualties,9% Casualties,9% Casualties,9% Casualties,5% Casualties,5% Casualties,6% Casualties,7% Casualties,7% Casualties,8% Casualties,9% Casualties,9% Casualties,9% Casualties,5% Casualties,6% Casualties,7% Casualties,7% Casualties,8% Casualties,9% Casualties,9% Casualties,10% Casualties,10% Casualties,5% Casualties,6% Casualties,7% Casualties,7% Casualties,8% Casualties,9% Casualties,9% Casualties,10% Casualties,10% Casualties,5% Casualties,6% Casualties,7% Casualties,7% Casualties,8% Casualties,9% Casualties,9% Casualties,10% Casualties,10% Casualties,5% Casualties,6% Casualties,7% Casualties,8% Casualties,9% Casualties,9% Casualties,10% Casualties,10% Casualties,11% Casualties,5% Casualties,6% Casualties,7% Casualties,8% Casualties,9% Casualties,9% Casualties,10% Casualties,10% Casualties,11% Casualties,5% Casualties,6% Casualties,7% Casualties,8% Casualties,9% Casualties,9% Casualties,10% Casualties,10% Casualties,10% Casualties,5% Casualties,6% Casualties,7% Casualties,8% Casualties,9% Casualties,9% Casualties,10% Casualties,10% Casualties,11% Casualties,5% Casualties,6% Casualties,7% Casualties,8% Casualties,9% Casualties,9% Casualties,10% Casualties,10% Casualties,11% Casualties,6% Casualties,6% Casualties,7% Casualties,8% Casualties,9% Casualties,9% Casualties,10% Casualties,10% Casualties,11% Casualties,6% Casualties,7% Casualties,7% Casualties,8% Casualties,9% Casualties,9% Casualties,10% Casualties,10% Casualties,11% Casualties,6% Casualties,7% Casualties,7% Casualties,8% Casualties,9% Casualties,9% Casualties,10% Casualties,10% Casualties,11% Casualties,6% Casualties,7% Casualties,7% Casualties,8% Casualties,9% Casualties,9% Casualties,10% Casualties,10% Casualties,11% Casualties,6% Casualties,7% Casualties,7% Casualties,8% Casualties,9% Casualties,9% Casualties,10% Casualties,10% Casualties,11% Casualties,6% Casualties,7% Casualties,8% Casualties,8% Casualties,9% Casualties,10% Casualties,10% Casualties,10% Casualties,11% Casualties
425 CV // 50 RT,1% Casualties,2% Casualties,2% Casualties,2% Casualties,3% Casualties,3% Casualties,4% Casualties,4% Casualties,4% Casualties,2% Casualties,2% Casualties,3% Casualties,3% Casualties,3% Casualties,4% Casualties,4% Casualties,4% Casualties,5% Casualties,2% Casualties,2% Casualties,3% Casualties,3% Casualties,4% Casualties,4% Casualties,4% Casualties,5% Casualties,5% Casualties,3% Casualties,3% Casualties,4% Casualties,4% Casualties,5% Casualties,5% Casualties,5% Casualties,6% Casualties,6% Casualties,3% Casualties,4% Casualties,4% Casualties,5% Casualties,6% Casualties,6% Casualties,7% Casualties,7% Casualties,8% Casualties,4% Casualties,4% Casualties,5% Casualties,6% Casualties,6% Casualties,7% Casualties,7% Casualties,8% Casualties,8% Casualties,4% Casualties,5% Casualties,6% Casualties,6% Casualties,7% Casualties,8% Casualties,8% Casualties,9% Casualties,9% Casualties,4% Casualties,5% Casualties,6% Casualties,7% Casualties,7% Casualties,8% Casualties,9% Casualties,9% Casualties,10% Casualties,4% Casualties,5% Casualties,6% Casualties,7% Casualties,7% Casualties,8% Casualties,9% Casualties,9% Casualties,10% Casualties,5% Casualties,6% Casualties,7% Casualties,7% Casualties,8% Casualties,9% Casualties,9% Casualties,10% Casualties,10% Casualties,5% Casualties,6% Casualties,7% Casualties,7% Casualties,8% Casualties,9% Casualties,9% Casualties,10% Casualties,10% Casualties,5% Casualties,6% Casualties,7% Casualties,8% Casualties,9% Casualties,9% Casualties,10% Casualties,11% Casualties,11% Casualties,5% Casualties,6% Casualties,7% Casualties,8% Casualties,9% Casualties,10% Casualties,10% Casualties,11% Casualties,11% Casualties,5% Casualties,6% Casualties,7% Casualties,8% Casualties,9% Casualties,10% Casualties,10% Casualties,11% Casualties,11% Casualties,6% Casualties,7% Casualties,8% Casualties,9% Casualties,9% Casualties,10% Casualties,11% Casualties,11% Casualties,12% Casualties,6% Casualties,7% Casualties,8% Casualties,9% Casualties,9% Casualties,10% Casualties,11% Casualties,11% Casualties,12% Casualties,6% Casualties,7% Casualties,8% Casualties,9% Casualties,9% Casualties,10% Casualties,11% Casualties,11% Casualties,12% Casualties,6% Casualties,7% Casualties,8% Casualties,9% Casualties,10% Casualties,10% Casualties,11% Casualties,11% Casualties,12% Casualties,6% Casualties,7% Casualties,8% Casualties,9% Casualties,10% Casualties,10% Casualties,11% Casualties,11% Casualties,12% Casualties,6% Casualties,7% Casualties,8% Casualties,9% Casualties,10% Casualties,10% Casualties,11% Casualties,12% Casualties,12% Casualties,6% Casualties,7% Casualties,8% Casualties,9% Casualties,10% Casualties,11% Casualties,11% Casualties,12% Casualties,12% Casualties,6% Casualties,7% Casualties,8% Casualties,9% Casualties,10% Casualties,10% Casualties,11% Casualties,12% Casualties,12% Casualties,6% Casualties,7% Casualties,8% Casualties,9% Casualties,10% Casualties,11% Casualties,11% Casualties,12% Casualties,12% Casualties,6% Casualties,7% Casualties,8% Casualties,9% Casualties,10% Casualties,11% Casualties,11% Casualties,12% Casualties,12% Casualties,6% Casualties,7% Casualties,8% Casualties,9% Casualties,10% Casualties,11% Casualties,11% Casualties,12% Casualties,12% Casualties
425 CV // 40 RT,1% Casualties,2% Casualties,2% Casualties,2% Casualties,3% Casualties,3% Casualties,4% Casualties,4% Casualties,4% Casualties,2% Casualties,2% Casualties,3% Casualties,3% Casualties,3% Casualties,4% Casualties,4% Casualties,5% Casualties,5% Casualties,2% Casualties,2% Casualties,3% Casualties,3% Casualties,4% Casualties,4% Casualties,5% Casualties,5% Casualties,5% Casualties,3% Casualties,3% Casualties,4% Casualties,4% Casualties,5% Casualties,5% Casualties,6% Casualties,6% Casualties,7% Casualties,3% Casualties,4% Casualties,5% Casualties,5% Casualties,6% Casualties,7% Casualties,7% Casualties,8% Casualties,8% Casualties,4% Casualties,5% Casualties,5% Casualties,6% Casualties,7% Casualties,7% Casualties,8% Casualties,9% Casualties,9% Casualties,4% Casualties,5% Casualties,6% Casualties,7% Casualties,7% Casualties,8% Casualties,9% Casualties,9% Casualties,10% Casualties,5% Casualties,5% Casualties,6% Casualties,7% Casualties,8% Casualties,9% Casualties,10% Casualties,10% Casualties,11% Casualties,5% Casualties,6% Casualties,6% Casualties,7% Casualties,8% Casualties,9% Casualties,10% Casualties,10% Casualties,11% Casualties,5% Casualties,6% Casualties,7% Casualties,8% Casualties,9% Casualties,10% Casualties,10% Casualties,11% Casualties,12% Casualties,5% Casualties,6% Casualties,7% Casualties,8% Casualties,9% Casualties,10% Casualties,10% Casualties,11% Casualties,12% Casualties,6% Casualties,7% Casualties,8% Casualties,9% Casualties,10% Casualties,11% Casualties,11% Casualties,12% Casualties,13% Casualties,6% Casualties,7% Casualties,8% Casualties,9% Casualties,10% Casualties,11% Casualties,11% Casualties,12% Casualties,13% Casualties,6% Casualties,7% Casualties,8% Casualties,9% Casualties,10% Casualties,11% Casualties,11% Casualties,12% Casualties,13% Casualties,6% Casualties,7% Casualties,8% Casualties,9% Casualties,10% Casualties,11% Casualties,12% Casualties,13% Casualties,14% Casualties,6% Casualties,7% Casualties,8% Casualties,9% Casualties,11% Casualties,11% Casualties,12% Casualties,13% Casualties,14% Casualties,6% Casualties,7% Casualties,8% Casualties,9% Casualties,10% Casualties,11% Casualties,12% Casualties,13% Casualties,13% Casualties,6% Casualties,8% Casualties,9% Casualties,10% Casualties,11% Casualties,12% Casualties,12% Casualties,13% Casualties,14% Casualties,6% Casualties,8% Casualties,9% Casualties,10% Casualties,11% Casualties,12% Casualties,12% Casualties,13% Casualties,14% Casualties,6% Casualties,8% Casualties,9% Casualties,10% Casualties,11% Casualties,12% Casualties,12% Casualties,13% Casualties,14% Casualties,7% Casualties,8% Casualties,9% Casualties,10% Casualties,11% Casualties,12% Casualties,13% Casualties,13% Casualties,14% Casualties,6% Casualties,8% Casualties,9% Casualties,10% Casualties,11% Casualties,12% Casualties,13% Casualties,13% Casualties,14% Casualties,7% Casualties,8% Casualties,9% Casualties,10% Casualties,11% Casualties,12% Casualties,13% Casualties,13% Casualties,14% Casualties,6% Casualties,8% Casualties,9% Casualties,10% Casualties,11% Casualties,12% Casualties,13% Casualties,13% Casualties,14% Casualties,7% Casualties,8% Casualties,9% Casualties,10% Casualties,11% Casualties,12% Casualties,13% Casualties,13% Casualties,14% Casualties
425 CV // 30 RT,1% Casualties,2% Casualties,2% Casualties,2% Casualties,3% Casualties,3% Casualties,4% Casualties,4% Casualties,4% Casualties,2% Casualties,2% Casualties,3% Casualties,3% Casualties,4% Casualties,4% Casualties,4% Casualties,5% Casualties,5% Casualties,2% Casualties,2% Casualties,3% Casualties,3% Casualties,4% Casualties,4% Casualties,5% Casualties,5% Casualties,6% Casualties,3% Casualties,3% Casualties,4% Casualties,5% Casualties,5% Casualties,6% Casualties,6% Casualties,7% Casualties,7% Casualties,4% Casualties,4% Casualties,5% Casualties,6% Casualties,6% Casualties,7% Casualties,8% Casualties,9% Casualties,9% Casualties,4% Casualties,5% Casualties,6% Casualties,6% Casualties,7% Casualties,8% Casualties,9% Casualties,9% Casualties,10% Casualties,4% Casualties,5% Casualties,6% Casualties,7% Casualties,8% Casualties,9% Casualties,10% Casualties,10% Casualties,11% Casualties,5% Casualties,6% Casualties,7% Casualties,8% Casualties,9% Casualties,10% Casualties,10% Casualties,11% Casualties,12% Casualties,5% Casualties,6% Casualties,7% Casualties,8% Casualties,9% Casualties,10% Casualties,11% Casualties,11% Casualties,12% Casualties,5% Casualties,6% Casualties,8% Casualties,9% Casualties,10% Casualties,11% Casualties,12% Casualties,12% Casualties,13% Casualties,5% Casualties,7% Casualties,8% Casualties,9% Casualties,10% Casualties,11% Casualties,12% Casualties,12% Casualties,13% Casualties,6% Casualties,7% Casualties,9% Casualties,10% Casualties,11% Casualties,12% Casualties,13% Casualties,14% Casualties,14% Casualties,6% Casualties,7% Casualties,8% Casualties,10% Casualties,11% Casualties,12% Casualties,13% Casualties,13% Casualties,14% Casualties,6% Casualties,7% Casualties,9% Casualties,10% Casualties,11% Casualties,12% Casualties,13% Casualties,13% Casualties,14% Casualties,7% Casualties,8% Casualties,9% Casualties,10% Casualties,12% Casualties,13% Casualties,14% Casualties,15% Casualties,15% Casualties,7% Casualties,8% Casualties,9% Casualties,11% Casualties,12% Casualties,13% Casualties,14% Casualties,15% Casualties,15% Casualties,6% Casualties,8% Casualties,9% Casualties,10% Casualties,12% Casualties,13% Casualties,14% Casualties,15% Casualties,15% Casualties,7% Casualties,8% Casualties,10% Casualties,11% Casualties,12% Casualties,13% Casualties,14% Casualties,15% Casualties,16% Casualties,7% Casualties,8% Casualties,9% Casualties,11% Casualties,12% Casualties,13% Casualties,14% Casualties,15% Casualties,16% Casualties,7% Casualties,8% Casualties,10% Casualties,11% Casualties,12% Casualties,13% Casualties,14% Casualties,15% Casualties,16% Casualties,7% Casualties,9% Casualties,10% Casualties,11% Casualties,13% Casualties,14% Casualties,14% Casualties,15% Casualties,16% Casualties,7% Casualties,8% Casualties,10% Casualties,11% Casualties,12% Casualties,14% Casualties,14% Casualties,15% Casualties,16% Casualties,7% Casualties,8% Casualties,10% Casualties,11% Casualties,13% Casualties,14% Casualties,15% Casualties,15% Casualties,16% Casualties,7% Casualties,9% Casualties,10% Casualties,11% Casualties,13% Casualties,14% Casualties,15% Casualties,15% Casualties,16% Casualties,7% Casualties,9% Casualties,10% Casualties,12% Casualties,13% Casualties,14% Casualties,15% Casualties,16% Casualties,16% Casualties
425 CV // 20 RT,1% Casualties,2% Casualties,2% Casualties,3% Casualties,3% Casualties,3% Casualties,4% Casualties,4% Casualties,4% Casualties,2% Casualties,2% Casualties,3% Casualties,3% Casualties,4% Casualties,4% Casualties,5% Casualties,5% Casualties,6% Casualties,2% Casualties,2% Casualties,3% Casualties,4% Casualties,4% Casualties,5% Casualties,5% Casualties,6% Casualties,6% Casualties,3% Casualties,4% Casualties,4% Casualties,5% Casualties,5% Casualties,6% Casualties,7% Casualties,7% Casualties,8% Casualties,4% Casualties,4% Casualties,5% Casualties,6% Casualties,7% Casualties,8% Casualties,9% Casualties,9% Casualties,10% Casualties,4% Casualties,5% Casualties,6% Casualties,7% Casualties,8% Casualties,9% Casualties,10% Casualties,10% Casualties,11% Casualties,5% Casualties,6% Casualties,7% Casualties,8% Casualties,9% Casualties,10% Casualties,11% Casualties,12% Casualties,13% Casualties,5% Casualties,6% Casualties,7% Casualties,8% Casualties,10% Casualties,11% Casualties,12% Casualties,13% Casualties,14% Casualties,5% Casualties,6% Casualties,8% Casualties,9% Casualties,10% Casualties,11% Casualties,12% Casualties,13% Casualties,14% Casualties,6% Casualties,7% Casualties,8% Casualties,10% Casualties,11% Casualties,12% Casualties,13% Casualties,14% Casualties,15% Casualties,6% Casualties,7% Casualties,8% Casualties,10% Casualties,11% Casualties,12% Casualties,13% Casualties,14% Casualties,15% Casualties,6% Casualties,8% Casualties,9% Casualties,11% Casualties,12% Casualties,13% Casualties,14% Casualties,16% Casualties,17% Casualties,6% Casualties,8% Casualties,9% Casualties,11% Casualties,12% Casualties,13% Casualties,15% Casualties,16% Casualties,16% Casualties,7% Casualties,8% Casualties,9% Casualties,11% Casualties,12% Casualties,13% Casualties,14% Casualties,16% Casualties,17% Casualties,7% Casualties,9% Casualties,10% Casualties,12% Casualties,13% Casualties,14% Casualties,16% Casualties,17% Casualties,18% Casualties,7% Casualties,9% Casualties,10% Casualties,12% Casualties,13% Casualties,14% Casualties,16% Casualties,17% Casualties,18% Casualties,7% Casualties,9% Casualties,10% Casualties,12% Casualties,13% Casualties,15% Casualties,16% Casualties,17% Casualties,18% Casualties,7% Casualties,9% Casualties,11% Casualties,12% Casualties,14% Casualties,15% Casualties,16% Casualties,17% Casualties,18% Casualties,7% Casualties,9% Casualties,10% Casualties,12% Casualties,14% Casualties,15% Casualties,16% Casualties,17% Casualties,18% Casualties,7% Casualties,9% Casualties,11% Casualties,12% Casualties,14% Casualties,15% Casualties,16% Casualties,18% Casualties,18% Casualties,8% Casualties,9% Casualties,11% Casualties,13% Casualties,14% Casualties,16% Casualties,17% Casualties,18% Casualties,19% Casualties,8% Casualties,9% Casualties,11% Casualties,13% Casualties,14% Casualties,16% Casualties,17% Casualties,18% Casualties,19% Casualties,8% Casualties,9% Casualties,11% Casualties,13% Casualties,14% Casualties,16% Casualties,17% Casualties,18% Casualties,19% Casualties,8% Casualties,9% Casualties,11% Casualties,13% Casualties,14% Casualties,16% Casualties,17% Casualties,18% Casualties,19% Casualties,8% Casualties,10% Casualties,12% Casualties,13% Casualties,15% Casualties,16% Casualties,17% Casualties,18% Casualties,19% Casualties
425 CV // 10 RT,1% Casualties,2% Casualties,2% Casualties,3% Casualties,3% Casualties,3% Casualties,4% Casualties,4% Casualties,5% Casualties,2% Casualties,2% Casualties,3% Casualties,3% Casualties,4% Casualties,4% Casualties,5% Casualties,5% Casualties,6% Casualties,2% Casualties,3% Casualties,3% Casualties,4% Casualties,4% Casualties,5% Casualties,5% Casualties,6% Casualties,7% Casualties,3% Casualties,4% Casualties,4% Casualties,5% Casualties,6% Casualties,7% Casualties,7% Casualties,8% Casualties,9% Casualties,4% Casualties,5% Casualties,6% Casualties,7% Casualties,8% Casualties,8% Casualties,9% Casualties,10% Casualties,11% Casualties,4% Casualties,5% Casualties,7% Casualties,8% Casualties,8% Casualties,10% Casualties,11% Casualties,12% Casualties,13% Casualties,5% Casualties,6% Casualties,7% Casualties,8% Casualties,10% Casualties,11% Casualties,12% Casualties,13% Casualties,14% Casualties,5% Casualties,7% Casualties,8% Casualties,10% Casualties,11% Casualties,12% Casualties,13% Casualties,15% Casualties,16% Casualties,5% Casualties,7% Casualties,8% Casualties,9% Casualties,11% Casualties,12% Casualties,14% Casualties,15% Casualties,16% Casualties,6% Casualties,8% Casualties,9% Casualties,11% Casualties,12% Casualties,14% Casualties,15% Casualties,16% Casualties,17% Casualties,6% Casualties,8% Casualties,9% Casualties,11% Casualties,12% Casualties,14% Casualties,15% Casualties,16% Casualties,17% Casualties,7% Casualties,9% Casualties,10% Casualties,12% Casualties,14% Casualties,15% Casualties,16% Casualties,18% Casualties,19% Casualties,7% Casualties,8% Casualties,10% Casualties,12% Casualties,14% Casualties,15% Casualties,16% Casualties,18% Casualties,19% Casualties,7% Casualties,9% Casualties,10% Casualties,12% Casualties,14% Casualties,15% Casualties,17% Casualties,18% Casualties,19% Casualties,8% Casualties,9% Casualties,11% Casualties,13% Casualties,15% Casualties,16% Casualties,18% Casualties,20% Casualties,21% Casualties,8% Casualties,9% Casualties,11% Casualties,13% Casualties,15% Casualties,17% Casualties,18% Casualties,20% Casualties,21% Casualties,8% Casualties,10% Casualties,11% Casualties,13% Casualties,15% Casualties,17% Casualties,18% Casualties,20% Casualties,21% Casualties,8% Casualties,10% Casualties,12% Casualties,14% Casualties,16% Casualties,17% Casualties,19% Casualties,20% Casualties,22% Casualties,8% Casualties,10% Casualties,12% Casualties,14% Casualties,16% Casualties,17% Casualties,19% Casualties,20% Casualties,22% Casualties,8% Casualties,10% Casualties,12% Casualties,14% Casualties,16% Casualties,17% Casualties,19% Casualties,20% Casualties,22% Casualties,8% Casualties,10% Casualties,13% Casualties,15% Casualties,17% Casualties,18% Casualties,20% Casualties,21% Casualties,22% Casualties,8% Casualties,11% Casualties,12% Casualties,15% Casualties,16% Casualties,18% Casualties,20% Casualties,21% Casualties,23% Casualties,8% Casualties,11% Casualties,12% Casualties,15% Casualties,17% Casualties,18% Casualties,20% Casualties,21% Casualties,23% Casualties,9% Casualties,11% Casualties,12% Casualties,15% Casualties,16% Casualties,18% Casualties,20% Casualties,21% Casualties,22% Casualties,9% Casualties,11% Casualties,13% Casualties,15% Casualties,17% Casualties,19% Casualties,21% Casualties,22% Casualties,23% Casualties
425 CV // 0 RT,1% Casualties,2% Casualties,2% Casualties,3% Casualties,3% Casualties,3% Casualties,4% Casualties,4% Casualties,5% Casualties,2% Casualties,2% Casualties,3% Casualties,3% Casualties,4% Casualties,5% Casualties,5% Casualties,6% Casualties,6% Casualties,2% Casualties,3% Casualties,3% Casualties,4% Casualties,5% Casualties,5% Casualties,6% Casualties,6% Casualties,7% Casualties,3% Casualties,4% Casualties,5% Casualties,5% Casualties,6% Casualties,7% Casualties,8% Casualties,9% Casualties,10% Casualties,4% Casualties,5% Casualties,6% Casualties,7% Casualties,8% Casualties,9% Casualties,10% Casualties,12% Casualties,13% Casualties,5% Casualties,6% Casualties,7% Casualties,8% Casualties,9% Casualties,11% Casualties,12% Casualties,13% Casualties,14% Casualties,5% Casualties,7% Casualties,8% Casualties,9% Casualties,11% Casualties,12% Casualties,13% Casualties,15% Casualties,16% Casualties,6% Casualties,7% Casualties,9% Casualties,10% Casualties,12% Casualties,14% Casualties,15% Casualties,17% Casualties,18% Casualties,6% Casualties,7% Casualties,9% Casualties,10% Casualties,12% Casualties,14% Casualties,15% Casualties,17% Casualties,18% Casualties,7% Casualties,8% Casualties,10% Casualties,12% Casualties,14% Casualties,15% Casualties,17% Casualties,19% Casualties,20% Casualties,6% Casualties,8% Casualties,10% Casualties,12% Casualties,14% Casualties,15% Casualties,17% Casualties,19% Casualties,20% Casualties,7% Casualties,9% Casualties,11% Casualties,13% Casualties,15% Casualties,17% Casualties,19% Casualties,21% Casualties,23% Casualties,7% Casualties,9% Casualties,11% Casualties,13% Casualties,16% Casualties,17% Casualties,19% Casualties,21% Casualties,22% Casualties,7% Casualties,9% Casualties,11% Casualties,13% Casualties,15% Casualties,18% Casualties,19% Casualties,20% Casualties,22% Casualties,8% Casualties,11% Casualties,13% Casualties,15% Casualties,17% Casualties,19% Casualties,21% Casualties,23% Casualties,25% Casualties,8% Casualties,10% Casualties,13% Casualties,15% Casualties,17% Casualties,19% Casualties,21% Casualties,23% Casualties,25% Casualties,8% Casualties,10% Casualties,13% Casualties,15% Casualties,17% Casualties,19% Casualties,21% Casualties,23% Casualties,25% Casualties,9% Casualties,11% Casualties,13% Casualties,16% Casualties,18% Casualties,20% Casualties,22% Casualties,24% Casualties,26% Casualties,9% Casualties,11% Casualties,13% Casualties,16% Casualties,18% Casualties,20% Casualties,22% Casualties,24% Casualties,26% Casualties,9% Casualties,11% Casualties,13% Casualties,16% Casualties,18% Casualties,20% Casualties,22% Casualties,24% Casualties,26% Casualties,9% Casualties,12% Casualties,14% Casualties,16% Casualties,19% Casualties,21% Casualties,23% Casualties,25% Casualties,27% Casualties,9% Casualties,12% Casualties,14% Casualties,17% Casualties,19% Casualties,21% Casualties,23% Casualties,25% Casualties,27% Casualties,9% Casualties,12% Casualties,14% Casualties,17% Casualties,19% Casualties,21% Casualties,23% Casualties,25% Casualties,27% Casualties,9% Casualties,12% Casualties,14% Casualties,17% Casualties,19% Casualties,21% Casualties,23% Casualties,25% Casualties,27% Casualties,10% Casualties,13% Casualties,15% Casualties,17% Casualties,20% Casualties,22% Casualties,24% Casualties,26% Casualties,28% Casualties
450 CV // 80 RT,1% Casualties,2% Casualties,2% Casualties,2% Casualties,3% Casualties,3% Casualties,3% Casualties,3% Casualties,3% Casualties,1% Casualties,2% Casualties,2% Casualties,3% Casualties,3% Casualties,3% Casualties,3% Casualties,4% Casualties,4% Casualties,2% Casualties,2% Casualties,2% Casualties,3% Casualties,3% Casualties,3% Casualties,4% Casualties,4% Casualties,4% Casualties,2% Casualties,3% Casualties,3% Casualties,3% Casualties,4% Casualties,4% Casualties,4% Casualties,5% Casualties,5% Casualties,3% Casualties,3% Casualties,3% Casualties,4% Casualties,4% Casualties,5% Casualties,5% Casualties,5% Casualties,5% Casualties,3% Casualties,4% Casualties,4% Casualties,5% Casualties,5% Casualties,5% Casualties,6% Casualties,6% Casualties,6% Casualties,4% Casualties,4% Casualties,5% Casualties,5% Casualties,5% Casualties,6% Casualties,6% Casualties,6% Casualties,6% Casualties,4% Casualties,4% Casualties,5% Casualties,5% Casualties,5% Casualties,6% Casualties,6% Casualties,6% Casualties,6% Casualties,4% Casualties,4% Casualties,5% Casualties,5% Casualties,6% Casualties,6% Casualties,6% Casualties,7% Casualties,7% Casualties,4% Casualties,5% Casualties,5% Casualties,6% Casualties,6% Casualties,7% Casualties,7% Casualties,7% Casualties,7% Casualties,4% Casualties,5% Casualties,5% Casualties,6% Casualties,6% Casualties,7% Casualties,7% Casualties,7% Casualties,7% Casualties,5% Casualties,5% Casualties,6% Casualties,6% Casualties,7% Casualties,7% Casualties,7% Casualties,8% Casualties,8% Casualties,5% Casualties,5% Casualties,6% Casualties,6% Casualties,7% Casualties,7% Casualties,7% Casualties,8% Casualties,8% Casualties,5% Casualties,5% Casualties,6% Casualties,6% Casualties,7% Casualties,7% Casualties,7% Casualties,8% Casualties,8% Casualties,5% Casualties,5% Casualties,6% Casualties,6% Casualties,7% Casualties,7% Casualties,7% Casualties,8% Casualties,8% Casualties,5% Casualties,5% Casualties,6% Casualties,7% Casualties,7% Casualties,7% Casualties,8% Casualties,8% Casualties,8% Casualties,5% Casualties,5% Casualties,6% Casualties,7% Casualties,7% Casualties,7% Casualties,8% Casualties,8% Casualties,8% Casualties,5% Casualties,5% Casualties,6% Casualties,7% Casualties,7% Casualties,7% Casualties,8% Casualties,8% Casualties,8% Casualties,5% Casualties,6% Casualties,6% Casualties,7% Casualties,7% Casualties,8% Casualties,8% Casualties,8% Casualties,8% Casualties,5% Casualties,6% Casualties,6% Casualties,7% Casualties,7% Casualties,7% Casualties,8% Casualties,8% Casualties,8% Casualties,5% Casualties,5% Casualties,6% Casualties,7% Casualties,7% Casualties,7% Casualties,8% Casualties,8% Casualties,8% Casualties,5% Casualties,6% Casualties,6% Casualties,7% Casualties,7% Casualties,8% Casualties,8% Casualties,8% Casualties,8% Casualties,5% Casualties,6% Casualties,6% Casualties,7% Casualties,7% Casualties,7% Casualties,8% Casualties,8% Casualties,8% Casualties,5% Casualties,6% Casualties,6% Casualties,7% Casualties,7% Casualties,8% Casualties,8% Casualties,8% Casualties,8% Casualties,5% Casualties,6% Casualties,6% Casualties,7% Casualties,7% Casualties,8% Casualties,8% Casualties,8% Casualties,8% Casualties
450 CV // 70 RT,1% Casualties,2% Casualties,2% Casualties,2% Casualties,3% Casualties,3% Casualties,3% Casualties,3% Casualties,4% Casualties,2% Casualties,2% Casualties,2% Casualties,3% Casualties,3% Casualties,3% Casualties,4% Casualties,4% Casualties,4% Casualties,2% Casualties,2% Casualties,3% Casualties,3% Casualties,3% Casualties,4% Casualties,4% Casualties,4% Casualties,4% Casualties,3% Casualties,3% Casualties,3% Casualties,4% Casualties,4% Casualties,4% Casualties,5% Casualties,5% Casualties,5% Casualties,3% Casualties,3% Casualties,4% Casualties,4% Casualties,5% Casualties,5% Casualties,5% Casualties,6% Casualties,6% Casualties,3% Casualties,4% Casualties,5% Casualties,5% Casualties,5% Casualties,6% Casualties,6% Casualties,7% Casualties,7% Casualties,4% Casualties,4% Casualties,5% Casualties,5% Casualties,6% Casualties,6% Casualties,7% Casualties,7% Casualties,7% Casualties,4% Casualties,4% Casualties,5% Casualties,5% Casualties,6% Casualties,6% Casualties,7% Casualties,7% Casualties,7% Casualties,4% Casualties,5% Casualties,5% Casualties,6% Casualties,6% Casualties,7% Casualties,7% Casualties,7% Casualties,8% Casualties,4% Casualties,5% Casualties,6% Casualties,6% Casualties,7% Casualties,7% Casualties,8% Casualties,8% Casualties,8% Casualties,4% Casualties,5% Casualties,6% Casualties,6% Casualties,7% Casualties,7% Casualties,8% Casualties,8% Casualties,8% Casualties,5% Casualties,6% Casualties,6% Casualties,7% Casualties,7% Casualties,8% Casualties,8% Casualties,9% Casualties,9% Casualties,5% Casualties,5% Casualties,6% Casualties,7% Casualties,7% Casualties,8% Casualties,8% Casualties,9% Casualties,9% Casualties,5% Casualties,6% Casualties,6% Casualties,7% Casualties,7% Casualties,8% Casualties,8% Casualties,9% Casualties,9% Casualties,5% Casualties,6% Casualties,6% Casualties,7% Casualties,7% Casualties,8% Casualties,8% Casualties,9% Casualties,9% Casualties,5% Casualties,6% Casualties,7% Casualties,7% Casualties,8% Casualties,8% Casualties,9% Casualties,9% Casualties,9% Casualties,5% Casualties,6% Casualties,7% Casualties,7% Casualties,8% Casualties,8% Casualties,9% Casualties,9% Casualties,9% Casualties,5% Casualties,6% Casualties,7% Casualties,7% Casualties,8% Casualties,8% Casualties,9% Casualties,9% Casualties,9% Casualties,5% Casualties,6% Casualties,7% Casualties,7% Casualties,8% Casualties,8% Casualties,9% Casualties,9% Casualties,9% Casualties,5% Casualties,6% Casualties,7% Casualties,7% Casualties,8% Casualties,8% Casualties,9% Casualties,9% Casualties,9% Casualties,5% Casualties,6% Casualties,7% Casualties,7% Casualties,8% Casualties,8% Casualties,9% Casualties,9% Casualties,9% Casualties,5% Casualties,6% Casualties,7% Casualties,7% Casualties,8% Casualties,8% Casualties,9% Casualties,9% Casualties,9% Casualties,5% Casualties,6% Casualties,7% Casualties,7% Casualties,8% Casualties,8% Casualties,9% Casualties,9% Casualties,9% Casualties,5% Casualties,6% Casualties,7% Casualties,7% Casualties,8% Casualties,8% Casualties,9% Casualties,9% Casualties,9% Casualties,5% Casualties,6% Casualties,7% Casualties,7% Casualties,8% Casualties,8% Casualties,9% Casualties,9% Casualties,9% Casualties
450 CV // 60 RT,1% Casualties,2% Casualties,2% Casualties,2% Casualties,3% Casualties,3% Casualties,3% Casualties,4% Casualties,4% Casualties,2% Casualties,2% Casualties,2% Casualties,3% Casualties,3% Casualties,3% Casualties,4% Casualties,4% Casualties,4% Casualties,2% Casualties,2% Casualties,3% Casualties,3% Casualties,3% Casualties,4% Casualties,4% Casualties,4% Casualties,5% Casualties,3% Casualties,3% Casualties,3% Casualties,4% Casualties,4% Casualties,5% Casualties,5% Casualties,5% Casualties,6% Casualties,3% Casualties,3% Casualties,4% Casualties,4% Casualties,5% Casualties,5% Casualties,6% Casualties,6% Casualties,6% Casualties,4% Casualties,4% Casualties,5% Casualties,5% Casualties,6% Casualties,6% Casualties,7% Casualties,7% Casualties,8% Casualties,4% Casualties,5% Casualties,5% Casualties,6% Casualties,6% Casualties,7% Casualties,7% Casualties,8% Casualties,8% Casualties,4% Casualties,5% Casualties,5% Casualties,6% Casualties,6% Casualties,7% Casualties,7% Casualties,8% Casualties,8% Casualties,4% Casualties,5% Casualties,6% Casualties,6% Casualties,7% Casualties,7% Casualties,8% Casualties,8% Casualties,9% Casualties,5% Casualties,5% Casualties,6% Casualties,7% Casualties,7% Casualties,8% Casualties,9% Casualties,9% Casualties,9% Casualties,5% Casualties,5% Casualties,6% Casualties,7% Casualties,8% Casualties,8% Casualties,8% Casualties,9% Casualties,9% Casualties,5% Casualties,6% Casualties,7% Casualties,8% Casualties,8% Casualties,9% Casualties,9% Casualties,10% Casualties,10% Casualties,5% Casualties,6% Casualties,7% Casualties,8% Casualties,8% Casualties,9% Casualties,9% Casualties,10% Casualties,10% Casualties,5% Casualties,6% Casualties,7% Casualties,8% Casualties,8% Casualties,9% Casualties,9% Casualties,10% Casualties,10% Casualties,5% Casualties,6% Casualties,7% Casualties,8% Casualties,8% Casualties,9% Casualties,9% Casualties,10% Casualties,10% Casualties,5% Casualties,6% Casualties,7% Casualties,8% Casualties,9% Casualties,9% Casualties,10% Casualties,10% Casualties,11% Casualties,5% Casualties,6% Casualties,7% Casualties,8% Casualties,9% Casualties,9% Casualties,10% Casualties,10% Casualties,10% Casualties,5% Casualties,6% Casualties,7% Casualties,8% Casualties,9% Casualties,9% Casualties,10% Casualties,10% Casualties,11% Casualties,5% Casualties,6% Casualties,7% Casualties,8% Casualties,9% Casualties,9% Casualties,10% Casualties,10% Casualties,11% Casualties,5% Casualties,6% Casualties,7% Casualties,8% Casualties,9% Casualties,9% Casualties,10% Casualties,10% Casualties,11% Casualties,5% Casualties,6% Casualties,7% Casualties,8% Casualties,9% Casualties,9% Casualties,10% Casualties,10% Casualties,11% Casualties,5% Casualties,6% Casualties,7% Casualties,8% Casualties,9% Casualties,9% Casualties,10% Casualties,10% Casualties,11% Casualties,6% Casualties,7% Casualties,7% Casualties,8% Casualties,9% Casualties,9% Casualties,10% Casualties,10% Casualties,11% Casualties,6% Casualties,7% Casualties,7% Casualties,8% Casualties,9% Casualties,9% Casualties,10% Casualties,10% Casualties,11% Casualties,6% Casualties,7% Casualties,7% Casualties,8% Casualties,9% Casualties,9% Casualties,10% Casualties,10% Casualties,11% Casualties
450 CV // 50 RT,1% Casualties,2% Casualties,2% Casualties,2% Casualties,3% Casualties,3% Casualties,3% Casualties,4% Casualties,4% Casualties,2% Casualties,2% Casualties,2% Casualties,3% Casualties,3% Casualties,4% Casualties,4% Casualties,4% Casualties,5% Casualties,2% Casualties,2% Casualties,3% Casualties,3% Casualties,4% Casualties,4% Casualties,4% Casualties,5% Casualties,5% Casualties,3% Casualties,3% Casualties,4% Casualties,4% Casualties,5% Casualties,5% Casualties,6% Casualties,6% Casualties,6% Casualties,3% Casualties,3% Casualties,4% Casualties,5% Casualties,5% Casualties,6% Casualties,6% Casualties,6% Casualties,7% Casualties,4% Casualties,4% Casualties,5% Casualties,6% Casualties,6% Casualties,7% Casualties,7% Casualties,8% Casualties,8% Casualties,4% Casualties,5% Casualties,6% Casualties,6% Casualties,7% Casualties,8% Casualties,8% Casualties,9% Casualties,9% Casualties,4% Casualties,5% Casualties,5% Casualties,6% Casualties,7% Casualties,8% Casualties,8% Casualties,9% Casualties,9% Casualties,4% Casualties,5% Casualties,6% Casualties,7% Casualties,8% Casualties,8% Casualties,9% Casualties,9% Casualties,10% Casualties,5% Casualties,6% Casualties,6% Casualties,7% Casualties,8% Casualties,9% Casualties,9% Casualties,10% Casualties,10% Casualties,5% Casualties,6% Casualties,7% Casualties,7% Casualties,8% Casualties,9% Casualties,9% Casualties,10% Casualties,10% Casualties,5% Casualties,6% Casualties,7% Casualties,8% Casualties,9% Casualties,10% Casualties,10% Casualties,11% Casualties,11% Casualties,5% Casualties,6% Casualties,7% Casualties,8% Casualties,9% Casualties,10% Casualties,10% Casualties,11% Casualties,11% Casualties,5% Casualties,6% Casualties,7% Casualties,8% Casualties,9% Casualties,10% Casualties,10% Casualties,11% Casualties,11% Casualties,5% Casualties,6% Casualties,7% Casualties,8% Casualties,9% Casualties,10% Casualties,10% Casualties,11% Casualties,11% Casualties,6% Casualties,7% Casualties,8% Casualties,9% Casualties,10% Casualties,10% Casualties,11% Casualties,11% Casualties,12% Casualties,6% Casualties,7% Casualties,8% Casualties,9% Casualties,9% Casualties,10% Casualties,11% Casualties,11% Casualties,12% Casualties,6% Casualties,7% Casualties,8% Casualties,9% Casualties,9% Casualties,10% Casualties,11% Casualties,11% Casualties,12% Casualties,6% Casualties,7% Casualties,8% Casualties,9% Casualties,10% Casualties,10% Casualties,11% Casualties,11% Casualties,12% Casualties,6% Casualties,7% Casualties,8% Casualties,9% Casualties,10% Casualties,10% Casualties,11% Casualties,12% Casualties,12% Casualties,6% Casualties,7% Casualties,8% Casualties,9% Casualties,10% Casualties,10% Casualties,11% Casualties,11% Casualties,12% Casualties,6% Casualties,7% Casualties,8% Casualties,9% Casualties,10% Casualties,10% Casualties,11% Casualties,12% Casualties,12% Casualties,6% Casualties,7% Casualties,8% Casualties,9% Casualties,10% Casualties,11% Casualties,11% Casualties,12% Casualties,12% Casualties,6% Casualties,7% Casualties,8% Casualties,9% Casualties,10% Casualties,11% Casualties,11% Casualties,12% Casualties,12% Casualties,6% Casualties,7% Casualties,8% Casualties,9% Casualties,10% Casualties,11% Casualties,11% Casualties,12% Casualties,12% Casualties
450 CV // 40 RT,1% Casualties,2% Casualties,2% Casualties,2% Casualties,3% Casualties,3% Casualties,3% Casualties,4% Casualties,4% Casualties,2% Casualties,2% Casualties,2% Casualties,3% Casualties,3% Casualties,4% Casualties,4% Casualties,4% Casualties,5% Casualties,2% Casualties,2% Casualties,3% Casualties,3% Casualties,4% Casualties,4% Casualties,5% Casualties,5% Casualties,5% Casualties,3% Casualties,3% Casualties,4% Casualties,4% Casualties,5% Casualties,5% Casualties,6% Casualties,6% Casualties,7% Casualties,3% Casualties,4% Casualties,4% Casualties,5% Casualties,5% Casualties,6% Casualties,6% Casualties,7% Casualties,8% Casualties,4% Casualties,5% Casualties,5% Casualties,6% Casualties,7% Casualties,7% Casualties,8% Casualties,9% Casualties,9% Casualties,4% Casualties,5% Casualties,6% Casualties,7% Casualties,7% Casualties,8% Casualties,9% Casualties,9% Casualties,10% Casualties,4% Casualties,5% Casualties,6% Casualties,7% Casualties,7% Casualties,8% Casualties,9% Casualties,9% Casualties,10% Casualties,5% Casualties,6% Casualties,6% Casualties,7% Casualties,8% Casualties,9% Casualties,10% Casualties,10% Casualties,11% Casualties,5% Casualties,6% Casualties,7% Casualties,8% Casualties,9% Casualties,10% Casualties,10% Casualties,11% Casualties,12% Casualties,5% Casualties,6% Casualties,7% Casualties,8% Casualties,9% Casualties,10% Casualties,10% Casualties,11% Casualties,12% Casualties,6% Casualties,7% Casualties,8% Casualties,9% Casualties,10% Casualties,10% Casualties,11% Casualties,12% Casualties,13% Casualties,6% Casualties,7% Casualties,8% Casualties,9% Casualties,10% Casualties,11% Casualties,11% Casualties,12% Casualties,13% Casualties,6% Casualties,7% Casualties,8% Casualties,9% Casualties,10% Casualties,11% Casualties,11% Casualties,12% Casualties,13% Casualties,6% Casualties,7% Casualties,8% Casualties,9% Casualties,10% Casualties,11% Casualties,11% Casualties,12% Casualties,12% Casualties,6% Casualties,7% Casualties,8% Casualties,9% Casualties,11% Casualties,11% Casualties,12% Casualties,13% Casualties,13% Casualties,6% Casualties,7% Casualties,8% Casualties,9% Casualties,10% Casualties,11% Casualties,12% Casualties,13% Casualties,14% Casualties,6% Casualties,7% Casualties,8% Casualties,9% Casualties,10% Casualties,11% Casualties,12% Casualties,13% Casualties,13% Casualties,6% Casualties,8% Casualties,9% Casualties,10% Casualties,11% Casualties,12% Casualties,12% Casualties,13% Casualties,14% Casualties,6% Casualties,7% Casualties,9% Casualties,10% Casualties,11% Casualties,12% Casualties,12% Casualties,13% Casualties,14% Casualties,6% Casualties,7% Casualties,9% Casualties,10% Casualties,11% Casualties,12% Casualties,12% Casualties,13% Casualties,14% Casualties,6% Casualties,7% Casualties,9% Casualties,10% Casualties,11% Casualties,12% Casualties,12% Casualties,13% Casualties,14% Casualties,6% Casualties,8% Casualties,9% Casualties,10% Casualties,11% Casualties,12% Casualties,13% Casualties,13% Casualties,14% Casualties,7% Casualties,8% Casualties,9% Casualties,10% Casualties,11% Casualties,12% Casualties,13% Casualties,13% Casualties,14% Casualties,7% Casualties,8% Casualties,9% Casualties,10% Casualties,11% Casualties,12% Casualties,13% Casualties,13% Casualties,14% Casualties
450 CV // 30 RT,1% Casualties,2% Casualties,2% Casualties,2% Casualties,3% Casualties,3% Casualties,3% Casualties,4% Casualties,4% Casualties,2% Casualties,2% Casualties,2% Casualties,3% Casualties,3% Casualties,4% Casualties,4% Casualties,5% Casualties,5% Casualties,2% Casualties,2% Casualties,3% Casualties,3% Casualties,4% Casualties,4% Casualties,5% Casualties,5% Casualties,6% Casualties,3% Casualties,3% Casualties,4% Casualties,5% Casualties,5% Casualties,6% Casualties,6% Casualties,7% Casualties,7% Casualties,3% Casualties,4% Casualties,4% Casualties,5% Casualties,6% Casualties,6% Casualties,7% Casualties,8% Casualties,8% Casualties,4% Casualties,5% Casualties,6% Casualties,6% Casualties,7% Casualties,8% Casualties,9% Casualties,9% Casualties,10% Casualties,4% Casualties,5% Casualties,6% Casualties,7% Casualties,8% Casualties,9% Casualties,10% Casualties,10% Casualties,11% Casualties,4% Casualties,5% Casualties,6% Casualties,7% Casualties,8% Casualties,9% Casualties,10% Casualties,10% Casualties,11% Casualties,5% Casualties,6% Casualties,7% Casualties,8% Casualties,9% Casualties,10% Casualties,11% Casualties,11% Casualties,12% Casualties,5% Casualties,6% Casualties,8% Casualties,9% Casualties,10% Casualties,11% Casualties,12% Casualties,13% Casualties,13% Casualties,5% Casualties,7% Casualties,8% Casualties,9% Casualties,10% Casualties,11% Casualties,12% Casualties,13% Casualties,13% Casualties,6% Casualties,7% Casualties,8% Casualties,10% Casualties,11% Casualties,12% Casualties,13% Casualties,13% Casualties,14% Casualties,6% Casualties,7% Casualties,8% Casualties,10% Casualties,11% Casualties,12% Casualties,13% Casualties,14% Casualties,14% Casualties,6% Casualties,7% Casualties,8% Casualties,10% Casualties,11% Casualties,12% Casualties,13% Casualties,14% Casualties,14% Casualties,6% Casualties,7% Casualties,8% Casualties,10% Casualties,11% Casualties,12% Casualties,13% Casualties,14% Casualties,14% Casualties,6% Casualties,8% Casualties,9% Casualties,10% Casualties,12% Casualties,13% Casualties,14% Casualties,15% Casualties,16% Casualties,6% Casualties,8% Casualties,9% Casualties,10% Casualties,12% Casualties,13% Casualties,14% Casualties,15% Casualties,15% Casualties,6% Casualties,8% Casualties,9% Casualties,11% Casualties,12% Casualties,13% Casualties,14% Casualties,14% Casualties,15% Casualties,7% Casualties,8% Casualties,10% Casualties,11% Casualties,12% Casualties,13% Casualties,14% Casualties,15% Casualties,16% Casualties,7% Casualties,8% Casualties,10% Casualties,11% Casualties,12% Casualties,13% Casualties,14% Casualties,15% Casualties,16% Casualties,7% Casualties,8% Casualties,10% Casualties,11% Casualties,12% Casualties,13% Casualties,14% Casualties,15% Casualties,16% Casualties,7% Casualties,8% Casualties,10% Casualties,11% Casualties,12% Casualties,13% Casualties,14% Casualties,15% Casualties,16% Casualties,7% Casualties,9% Casualties,10% Casualties,11% Casualties,12% Casualties,13% Casualties,15% Casualties,15% Casualties,16% Casualties,7% Casualties,8% Casualties,10% Casualties,11% Casualties,12% Casualties,14% Casualties,14% Casualties,15% Casualties,16% Casualties,7% Casualties,9% Casualties,10% Casualties,11% Casualties,12% Casualties,14% Casualties,15% Casualties,15% Casualties,16% Casualties
450 CV // 20 RT,1% Casualties,2% Casualties,2% Casualties,2% Casualties,3% Casualties,3% Casualties,4% Casualties,4% Casualties,4% Casualties,2% Casualties,2% Casualties,3% Casualties,3% Casualties,4% Casualties,4% Casualties,4% Casualties,5% Casualties,5% Casualties,2% Casualties,2% Casualties,3% Casualties,4% Casualties,4% Casualties,5% Casualties,5% Casualties,6% Casualties,6% Casualties,3% Casualties,4% Casualties,4% Casualties,5% Casualties,5% Casualties,6% Casualties,7% Casualties,7% Casualties,8% Casualties,3% Casualties,4% Casualties,5% Casualties,5% Casualties,6% Casualties,7% Casualties,8% Casualties,8% Casualties,9% Casualties,4% Casualties,5% Casualties,6% Casualties,7% Casualties,8% Casualties,9% Casualties,10% Casualties,10% Casualties,11% Casualties,5% Casualties,6% Casualties,7% Casualties,8% Casualties,9% Casualties,10% Casualties,11% Casualties,12% Casualties,13% Casualties,5% Casualties,6% Casualties,7% Casualties,8% Casualties,9% Casualties,10% Casualties,11% Casualties,12% Casualties,13% Casualties,5% Casualties,6% Casualties,7% Casualties,9% Casualties,10% Casualties,11% Casualties,12% Casualties,13% Casualties,14% Casualties,6% Casualties,7% Casualties,8% Casualties,10% Casualties,11% Casualties,12% Casualties,13% Casualties,14% Casualties,15% Casualties,6% Casualties,7% Casualties,8% Casualties,10% Casualties,11% Casualties,12% Casualties,13% Casualties,14% Casualties,15% Casualties,6% Casualties,8% Casualties,9% Casualties,11% Casualties,12% Casualties,13% Casualties,14% Casualties,15% Casualties,17% Casualties,6% Casualties,8% Casualties,9% Casualties,11% Casualties,12% Casualties,13% Casualties,14% Casualties,15% Casualties,16% Casualties,6% Casualties,8% Casualties,9% Casualties,11% Casualties,12% Casualties,13% Casualties,14% Casualties,16% Casualties,16% Casualties,7% Casualties,8% Casualties,9% Casualties,11% Casualties,12% Casualties,13% Casualties,15% Casualties,16% Casualties,17% Casualties,7% Casualties,9% Casualties,10% Casualties,12% Casualties,13% Casualties,14% Casualties,16% Casualties,17% Casualties,18% Casualties,7% Casualties,9% Casualties,10% Casualties,12% Casualties,13% Casualties,14% Casualties,16% Casualties,17% Casualties,18% Casualties,7% Casualties,9% Casualties,10% Casualties,12% Casualties,13% Casualties,15% Casualties,16% Casualties,17% Casualties,18% Casualties,7% Casualties,9% Casualties,11% Casualties,12% Casualties,14% Casualties,15% Casualties,16% Casualties,17% Casualties,18% Casualties,7% Casualties,9% Casualties,11% Casualties,12% Casualties,14% Casualties,15% Casualties,16% Casualties,17% Casualties,19% Casualties,7% Casualties,9% Casualties,11% Casualties,12% Casualties,14% Casualties,15% Casualties,16% Casualties,17% Casualties,19% Casualties,7% Casualties,9% Casualties,11% Casualties,12% Casualties,14% Casualties,15% Casualties,16% Casualties,18% Casualties,19% Casualties,8% Casualties,9% Casualties,11% Casualties,13% Casualties,14% Casualties,16% Casualties,17% Casualties,18% Casualties,19% Casualties,8% Casualties,10% Casualties,11% Casualties,13% Casualties,14% Casualties,16% Casualties,17% Casualties,18% Casualties,19% Casualties,8% Casualties,9% Casualties,11% Casualties,13% Casualties,14% Casualties,16% Casualties,17% Casualties,18% Casualties,19% Casualties
450 CV // 10 RT,1% Casualties,2% Casualties,2% Casualties,2% Casualties,3% Casualties,3% Casualties,4% Casualties,4% Casualties,4% Casualties,2% Casualties,2% Casualties,3% Casualties,3% Casualties,4% Casualties,4% Casualties,5% Casualties,5% Casualties,6% Casualties,2% Casualties,3% Casualties,3% Casualties,4% Casualties,4% Casualties,5% Casualties,5% Casualties,6% Casualties,7% Casualties,3% Casualties,4% Casualties,4% Casualties,5% Casualties,6% Casualties,6% Casualties,7% Casualties,8% Casualties,9% Casualties,3% Casualties,4% Casualties,5% Casualties,6% Casualties,7% Casualties,8% Casualties,8% Casualties,9% Casualties,10% Casualties,4% Casualties,5% Casualties,6% Casualties,8% Casualties,9% Casualties,10% Casualties,11% Casualties,12% Casualties,13% Casualties,5% Casualties,6% Casualties,7% Casualties,8% Casualties,10% Casualties,11% Casualties,12% Casualties,13% Casualties,14% Casualties,5% Casualties,6% Casualties,7% Casualties,9% Casualties,10% Casualties,11% Casualties,12% Casualties,13% Casualties,14% Casualties,6% Casualties,7% Casualties,8% Casualties,10% Casualties,11% Casualties,12% Casualties,14% Casualties,15% Casualties,16% Casualties,6% Casualties,8% Casualties,9% Casualties,11% Casualties,12% Casualties,14% Casualties,15% Casualties,16% Casualties,17% Casualties,6% Casualties,8% Casualties,9% Casualties,11% Casualties,12% Casualties,14% Casualties,15% Casualties,16% Casualties,17% Casualties,7% Casualties,9% Casualties,10% Casualties,12% Casualties,13% Casualties,15% Casualties,17% Casualties,18% Casualties,19% Casualties,7% Casualties,9% Casualties,10% Casualties,12% Casualties,13% Casualties,15% Casualties,17% Casualties,18% Casualties,19% Casualties,7% Casualties,9% Casualties,10% Casualties,12% Casualties,14% Casualties,15% Casualties,16% Casualties,18% Casualties,19% Casualties,7% Casualties,9% Casualties,10% Casualties,12% Casualties,14% Casualties,15% Casualties,16% Casualties,18% Casualties,19% Casualties,8% Casualties,9% Casualties,11% Casualties,13% Casualties,15% Casualties,17% Casualties,18% Casualties,20% Casualties,21% Casualties,8% Casualties,9% Casualties,11% Casualties,13% Casualties,15% Casualties,17% Casualties,18% Casualties,20% Casualties,21% Casualties,8% Casualties,9% Casualties,11% Casualties,13% Casualties,15% Casualties,16% Casualties,18% Casualties,20% Casualties,21% Casualties,8% Casualties,10% Casualties,12% Casualties,14% Casualties,16% Casualties,17% Casualties,19% Casualties,20% Casualties,22% Casualties,8% Casualties,10% Casualties,12% Casualties,14% Casualties,16% Casualties,17% Casualties,19% Casualties,21% Casualties,22% Casualties,8% Casualties,10% Casualties,12% Casualties,14% Casualties,16% Casualties,17% Casualties,19% Casualties,21% Casualties,22% Casualties,8% Casualties,10% Casualties,12% Casualties,14% Casualties,16% Casualties,17% Casualties,19% Casualties,20% Casualties,22% Casualties,8% Casualties,10% Casualties,13% Casualties,15% Casualties,16% Casualties,18% Casualties,20% Casualties,21% Casualties,23% Casualties,8% Casualties,11% Casualties,13% Casualties,15% Casualties,17% Casualties,18% Casualties,20% Casualties,21% Casualties,22% Casualties,8% Casualties,11% Casualties,13% Casualties,14% Casualties,16% Casualties,18% Casualties,20% Casualties,21% Casualties,23% Casualties
450 CV // 0 RT,1% Casualties,2% Casualties,2% Casualties,2% Casualties,3% Casualties,3% Casualties,4% Casualties,4% Casualties,4% Casualties,2% Casualties,2% Casualties,3% Casualties,3% Casualties,4% Casualties,4% Casualties,5% Casualties,5% Casualties,6% Casualties,2% Casualties,3% Casualties,3% Casualties,4% Casualties,5% Casualties,5% Casualties,6% Casualties,6% Casualties,7% Casualties,3% Casualties,4% Casualties,5% Casualties,5% Casualties,6% Casualties,7% Casualties,8% Casualties,9% Casualties,10% Casualties,4% Casualties,4% Casualties,5% Casualties,6% Casualties,7% Casualties,8% Casualties,9% Casualties,10% Casualties,11% Casualties,5% Casualties,6% Casualties,7% Casualties,8% Casualties,9% Casualties,10% Casualties,12% Casualties,13% Casualties,14% Casualties,5% Casualties,6% Casualties,8% Casualties,9% Casualties,11% Casualties,12% Casualties,14% Casualties,15% Casualties,16% Casualties,5% Casualties,7% Casualties,8% Casualties,9% Casualties,11% Casualties,12% Casualties,14% Casualties,15% Casualties,16% Casualties,6% Casualties,7% Casualties,9% Casualties,10% Casualties,12% Casualties,14% Casualties,15% Casualties,17% Casualties,18% Casualties,7% Casualties,8% Casualties,10% Casualties,12% Casualties,14% Casualties,15% Casualties,17% Casualties,19% Casualties,20% Casualties,7% Casualties,8% Casualties,10% Casualties,12% Casualties,14% Casualties,16% Casualties,17% Casualties,19% Casualties,20% Casualties,8% Casualties,9% Casualties,11% Casualties,13% Casualties,15% Casualties,17% Casualties,19% Casualties,21% Casualties,22% Casualties,7% Casualties,9% Casualties,11% Casualties,13% Casualties,15% Casualties,17% Casualties,19% Casualties,21% Casualties,23% Casualties,7% Casualties,9% Casualties,11% Casualties,13% Casualties,15% Casualties,17% Casualties,19% Casualties,21% Casualties,22% Casualties,8% Casualties,9% Casualties,11% Casualties,13% Casualties,15% Casualties,17% Casualties,19% Casualties,21% Casualties,22% Casualties,8% Casualties,10% Casualties,13% Casualties,15% Casualties,17% Casualties,19% Casualties,21% Casualties,23% Casualties,25% Casualties,8% Casualties,10% Casualties,13% Casualties,15% Casualties,17% Casualties,19% Casualties,21% Casualties,23% Casualties,25% Casualties,8% Casualties,10% Casualties,13% Casualties,15% Casualties,17% Casualties,19% Casualties,21% Casualties,23% Casualties,25% Casualties,9% Casualties,11% Casualties,13% Casualties,16% Casualties,18% Casualties,20% Casualties,22% Casualties,24% Casualties,26% Casualties,9% Casualties,11% Casualties,13% Casualties,16% Casualties,18% Casualties,20% Casualties,22% Casualties,24% Casualties,26% Casualties,9% Casualties,11% Casualties,13% Casualties,16% Casualties,18% Casualties,20% Casualties,22% Casualties,24% Casualties,26% Casualties,9% Casualties,11% Casualties,13% Casualties,16% Casualties,18% Casualties,20% Casualties,22% Casualties,24% Casualties,25% Casualties,9% Casualties,12% Casualties,14% Casualties,17% Casualties,19% Casualties,22% Casualties,23% Casualties,25% Casualties,27% Casualties,9% Casualties,12% Casualties,14% Casualties,16% Casualties,19% Casualties,21% Casualties,23% Casualties,25% Casualties,27% Casualties,9% Casualties,12% Casualties,14% Casualties,17% Casualties,19% Casualties,21% Casualties,23% Casualties,25% Casualties,27% Casualties
475 CV // 80 RT,1% Casualties,2% Casualties,2% Casualties,2% Casualties,2% Casualties,3% Casualties,3% Casualties,3% Casualties,3% Casualties,1% Casualties,2% Casualties,2% Casualties,2% Casualties,3% Casualties,3% Casualties,3% Casualties,3% Casualties,4% Casualties,2% Casualties,2% Casualties,2% Casualties,3% Casualties,3% Casualties,3% Casualties,4% Casualties,4% Casualties,4% Casualties,2% Casualties,3% Casualties,3% Casualties,3% Casualties,3% Casualties,4% Casualties,4% Casualties,4% Casualties,4% Casualties,3% Casualties,3% Casualties,3% Casualties,4% Casualties,4% Casualties,4% Casualties,5% Casualties,5% Casualties,5% Casualties,3% Casualties,3% Casualties,4% Casualties,4% Casualties,5% Casualties,5% Casualties,5% Casualties,5% Casualties,6% Casualties,3% Casualties,4% Casualties,4% Casualties,5% Casualties,5% Casualties,5% Casualties,6% Casualties,6% Casualties,6% Casualties,4% Casualties,4% Casualties,5% Casualties,5% Casualties,5% Casualties,6% Casualties,6% Casualties,6% Casualties,6% Casualties,4% Casualties,4% Casualties,5% Casualties,5% Casualties,6% Casualties,6% Casualties,6% Casualties,7% Casualties,7% Casualties,4% Casualties,4% Casualties,5% Casualties,5% Casualties,6% Casualties,6% Casualties,6% Casualties,7% Casualties,7% Casualties,4% Casualties,5% Casualties,5% Casualties,6% Casualties,6% Casualties,7% Casualties,7% Casualties,7% Casualties,7% Casualties,4% Casualties,5% Casualties,5% Casualties,6% Casualties,6% Casualties,7% Casualties,7% Casualties,7% Casualties,7% Casualties,5% Casualties,5% Casualties,6% Casualties,6% Casualties,7% Casualties,7% Casualties,7% Casualties,8% Casualties,8% Casualties,5% Casualties,5% Casualties,6% Casualties,6% Casualties,7% Casualties,7% Casualties,7% Casualties,8% Casualties,8% Casualties,5% Casualties,5% Casualties,6% Casualties,6% Casualties,7% Casualties,7% Casualties,7% Casualties,8% Casualties,8% Casualties,5% Casualties,5% Casualties,6% Casualties,6% Casualties,7% Casualties,7% Casualties,7% Casualties,8% Casualties,8% Casualties,5% Casualties,5% Casualties,6% Casualties,7% Casualties,7% Casualties,7% Casualties,8% Casualties,8% Casualties,8% Casualties,5% Casualties,5% Casualties,6% Casualties,7% Casualties,7% Casualties,7% Casualties,8% Casualties,8% Casualties,8% Casualties,5% Casualties,5% Casualties,6% Casualties,7% Casualties,7% Casualties,7% Casualties,8% Casualties,8% Casualties,8% Casualties,5% Casualties,6% Casualties,6% Casualties,7% Casualties,7% Casualties,8% Casualties,8% Casualties,8% Casualties,8% Casualties,5% Casualties,6% Casualties,6% Casualties,7% Casualties,7% Casualties,7% Casualties,8% Casualties,8% Casualties,8% Casualties,5% Casualties,6% Casualties,6% Casualties,7% Casualties,7% Casualties,7% Casualties,8% Casualties,8% Casualties,8% Casualties,5% Casualties,6% Casualties,6% Casualties,7% Casualties,7% Casualties,7% Casualties,8% Casualties,8% Casualties,8% Casualties,5% Casualties,6% Casualties,6% Casualties,7% Casualties,7% Casualties,7% Casualties,8% Casualties,8% Casualties,8% Casualties,5% Casualties,6% Casualties,6% Casualties,7% Casualties,7% Casualties,8% Casualties,8% Casualties,8% Casualties,8% Casualties
475 CV // 70 RT,1% Casualties,2% Casualties,2% Casualties,2% Casualties,3% Casualties,3% Casualties,3% Casualties,3% Casualties,4% Casualties,1% Casualties,2% Casualties,2% Casualties,3% Casualties,3% Casualties,3% Casualties,3% Casualties,4% Casualties,4% Casualties,2% Casualties,2% Casualties,2% Casualties,3% Casualties,3% Casualties,3% Casualties,4% Casualties,4% Casualties,4% Casualties,2% Casualties,3% Casualties,3% Casualties,3% Casualties,4% Casualties,4% Casualties,4% Casualties,5% Casualties,5% Casualties,3% Casualties,3% Casualties,4% Casualties,4% Casualties,4% Casualties,5% Casualties,5% Casualties,6% Casualties,6% Casualties,3% Casualties,4% Casualties,4% Casualties,5% Casualties,5% Casualties,5% Casualties,6% Casualties,6% Casualties,6% Casualties,3% Casualties,4% Casualties,5% Casualties,5% Casualties,5% Casualties,6% Casualties,6% Casualties,7% Casualties,7% Casualties,4% Casualties,4% Casualties,5% Casualties,5% Casualties,6% Casualties,6% Casualties,7% Casualties,7% Casualties,7% Casualties,4% Casualties,5% Casualties,5% Casualties,6% Casualties,6% Casualties,7% Casualties,7% Casualties,8% Casualties,8% Casualties,4% Casualties,5% Casualties,5% Casualties,6% Casualties,6% Casualties,7% Casualties,7% Casualties,7% Casualties,8% Casualties,4% Casualties,5% Casualties,6% Casualties,6% Casualties,7% Casualties,7% Casualties,8% Casualties,8% Casualties,8% Casualties,4% Casualties,5% Casualties,6% Casualties,6% Casualties,7% Casualties,7% Casualties,8% Casualties,8% Casualties,8% Casualties,5% Casualties,5% Casualties,6% Casualties,7% Casualties,7% Casualties,8% Casualties,8% Casualties,9% Casualties,9% Casualties,5% Casualties,6% Casualties,6% Casualties,7% Casualties,7% Casualties,8% Casualties,8% Casualties,9% Casualties,9% Casualties,5% Casualties,5% Casualties,6% Casualties,7% Casualties,7% Casualties,8% Casualties,8% Casualties,9% Casualties,9% Casualties,5% Casualties,6% Casualties,6% Casualties,7% Casualties,8% Casualties,8% Casualties,8% Casualties,9% Casualties,9% Casualties,5% Casualties,6% Casualties,7% Casualties,7% Casualties,8% Casualties,8% Casualties,9% Casualties,9% Casualties,9% Casualties,5% Casualties,6% Casualties,7% Casualties,7% Casualties,8% Casualties,8% Casualties,9% Casualties,9% Casualties,9% Casualties,5% Casualties,6% Casualties,7% Casualties,7% Casualties,8% Casualties,8% Casualties,9% Casualties,9% Casualties,9% Casualties,5% Casualties,6% Casualties,7% Casualties,7% Casualties,8% Casualties,8% Casualties,9% Casualties,9% Casualties,9% Casualties,5% Casualties,6% Casualties,7% Casualties,7% Casualties,8% Casualties,8% Casualties,9% Casualties,9% Casualties,9% Casualties,5% Casualties,6% Casualties,7% Casualties,7% Casualties,8% Casualties,8% Casualties,9% Casualties,9% Casualties,9% Casualties,5% Casualties,6% Casualties,7% Casualties,7% Casualties,8% Casualties,8% Casualties,9% Casualties,9% Casualties,9% Casualties,5% Casualties,6% Casualties,7% Casualties,7% Casualties,8% Casualties,8% Casualties,9% Casualties,9% Casualties,9% Casualties,5% Casualties,6% Casualties,7% Casualties,7% Casualties,8% Casualties,9% Casualties,9% Casualties,9% Casualties,9% Casualties
475 CV // 60 RT,1% Casualties,1% Casualties,2% Casualties,2% Casualties,3% Casualties,3% Casualties,3% Casualties,3% Casualties,4% Casualties,1% Casualties,2% Casualties,2% Casualties,3% Casualties,3% Casualties,3% Casualties,4% Casualties,4% Casualties,4% Casualties,2% Casualties,2% Casualties,3% Casualties,3% Casualties,3% Casualties,4% Casualties,4% Casualties,4% Casualties,5% Casualties,2% Casualties,3% Casualties,3% Casualties,4% Casualties,4% Casualties,4% Casualties,5% Casualties,5% Casualties,5% Casualties,3% Casualties,3% Casualties,4% Casualties,4% Casualties,5% Casualties,5% Casualties,6% Casualties,6% Casualties,6% Casualties,3% Casualties,4% Casualties,4% Casualties,5% Casualties,5% Casualties,6% Casualties,6% Casualties,7% Casualties,7% Casualties,4% Casualties,4% Casualties,5% Casualties,5% Casualties,6% Casualties,6% Casualties,7% Casualties,7% Casualties,8% Casualties,4% Casualties,5% Casualties,5% Casualties,6% Casualties,6% Casualties,7% Casualties,7% Casualties,8% Casualties,8% Casualties,4% Casualties,5% Casualties,6% Casualties,6% Casualties,7% Casualties,7% Casualties,8% Casualties,8% Casualties,9% Casualties,4% Casualties,5% Casualties,6% Casualties,6% Casualties,7% Casualties,8% Casualties,8% Casualties,8% Casualties,9% Casualties,5% Casualties,5% Casualties,6% Casualties,7% Casualties,7% Casualties,8% Casualties,8% Casualties,9% Casualties,9% Casualties,5% Casualties,5% Casualties,6% Casualties,7% Casualties,8% Casualties,8% Casualties,9% Casualties,9% Casualties,9% Casualties,5% Casualties,6% Casualties,7% Casualties,8% Casualties,8% Casualties,9% Casualties,9% Casualties,10% Casualties,10% Casualties,5% Casualties,6% Casualties,7% Casualties,7% Casualties,8% Casualties,9% Casualties,9% Casualties,10% Casualties,10% Casualties,5% Casualties,6% Casualties,7% Casualties,7% Casualties,8% Casualties,9% Casualties,9% Casualties,10% Casualties,10% Casualties,5% Casualties,6% Casualties,7% Casualties,8% Casualties,8% Casualties,9% Casualties,9% Casualties,10% Casualties,10% Casualties,5% Casualties,6% Casualties,7% Casualties,8% Casualties,9% Casualties,9% Casualties,10% Casualties,10% Casualties,10% Casualties,5% Casualties,6% Casualties,7% Casualties,8% Casualties,9% Casualties,9% Casualties,10% Casualties,10% Casualties,11% Casualties,5% Casualties,6% Casualties,7% Casualties,8% Casualties,9% Casualties,9% Casualties,10% Casualties,10% Casualties,11% Casualties,6% Casualties,6% Casualties,7% Casualties,8% Casualties,9% Casualties,9% Casualties,10% Casualties,10% Casualties,11% Casualties,5% Casualties,6% Casualties,7% Casualties,8% Casualties,9% Casualties,9% Casualties,10% Casualties,10% Casualties,11% Casualties,5% Casualties,6% Casualties,7% Casualties,8% Casualties,9% Casualties,9% Casualties,10% Casualties,10% Casualties,11% Casualties,5% Casualties,6% Casualties,7% Casualties,8% Casualties,9% Casualties,9% Casualties,10% Casualties,10% Casualties,10% Casualties,6% Casualties,7% Casualties,7% Casualties,8% Casualties,9% Casualties,9% Casualties,10% Casualties,10% Casualties,11% Casualties,6% Casualties,7% Casualties,7% Casualties,8% Casualties,9% Casualties,9% Casualties,10% Casualties,10% Casualties,11% Casualties
475 CV // 50 RT,1% Casualties,1% Casualties,2% Casualties,2% Casualties,3% Casualties,3% Casualties,3% Casualties,4% Casualties,4% Casualties,1% Casualties,2% Casualties,2% Casualties,3% Casualties,3% Casualties,4% Casualties,4% Casualties,4% Casualties,4% Casualties,2% Casualties,2% Casualties,3% Casualties,3% Casualties,3% Casualties,4% Casualties,4% Casualties,5% Casualties,5% Casualties,2% Casualties,3% Casualties,3% Casualties,4% Casualties,4% Casualties,5% Casualties,5% Casualties,5% Casualties,6% Casualties,3% Casualties,3% Casualties,4% Casualties,5% Casualties,5% Casualties,6% Casualties,6% Casualties,6% Casualties,7% Casualties,3% Casualties,4% Casualties,4% Casualties,5% Casualties,6% Casualties,6% Casualties,7% Casualties,7% Casualties,8% Casualties,4% Casualties,4% Casualties,5% Casualties,6% Casualties,6% Casualties,7% Casualties,7% Casualties,8% Casualties,8% Casualties,4% Casualties,5% Casualties,6% Casualties,6% Casualties,7% Casualties,8% Casualties,8% Casualties,9% Casualties,9% Casualties,4% Casualties,5% Casualties,6% Casualties,7% Casualties,8% Casualties,8% Casualties,9% Casualties,9% Casualties,10% Casualties,4% Casualties,5% Casualties,6% Casualties,7% Casualties,7% Casualties,8% Casualties,9% Casualties,9% Casualties,10% Casualties,5% Casualties,6% Casualties,7% Casualties,7% Casualties,8% Casualties,9% Casualties,9% Casualties,10% Casualties,10% Casualties,5% Casualties,6% Casualties,7% Casualties,7% Casualties,8% Casualties,9% Casualties,9% Casualties,10% Casualties,10% Casualties,5% Casualties,6% Casualties,7% Casualties,8% Casualties,9% Casualties,10% Casualties,10% Casualties,11% Casualties,11% Casualties,5% Casualties,6% Casualties,7% Casualties,8% Casualties,9% Casualties,10% Casualties,10% Casualties,11% Casualties,11% Casualties,5% Casualties,6% Casualties,7% Casualties,8% Casualties,9% Casualties,10% Casualties,10% Casualties,11% Casualties,11% Casualties,5% Casualties,6% Casualties,7% Casualties,8% Casualties,9% Casualties,10% Casualties,10% Casualties,11% Casualties,11% Casualties,6% Casualties,7% Casualties,8% Casualties,9% Casualties,9% Casualties,10% Casualties,11% Casualties,11% Casualties,12% Casualties,6% Casualties,7% Casualties,8% Casualties,9% Casualties,10% Casualties,10% Casualties,11% Casualties,11% Casualties,12% Casualties,6% Casualties,7% Casualties,8% Casualties,9% Casualties,10% Casualties,10% Casualties,11% Casualties,11% Casualties,12% Casualties,6% Casualties,7% Casualties,8% Casualties,9% Casualties,10% Casualties,10% Casualties,11% Casualties,11% Casualties,12% Casualties,6% Casualties,7% Casualties,8% Casualties,9% Casualties,10% Casualties,10% Casualties,11% Casualties,12% Casualties,12% Casualties,6% Casualties,7% Casualties,8% Casualties,9% Casualties,10% Casualties,10% Casualties,11% Casualties,12% Casualties,12% Casualties,6% Casualties,7% Casualties,8% Casualties,9% Casualties,10% Casualties,10% Casualties,11% Casualties,12% Casualties,12% Casualties,6% Casualties,7% Casualties,8% Casualties,9% Casualties,10% Casualties,11% Casualties,11% Casualties,12% Casualties,12% Casualties,6% Casualties,7% Casualties,8% Casualties,9% Casualties,10% Casualties,11% Casualties,11% Casualties,12% Casualties,12% Casualties
475 CV // 40 RT,1% Casualties,2% Casualties,2% Casualties,2% Casualties,3% Casualties,3% Casualties,3% Casualties,4% Casualties,4% Casualties,2% Casualties,2% Casualties,2% Casualties,3% Casualties,3% Casualties,4% Casualties,4% Casualties,4% Casualties,5% Casualties,2% Casualties,2% Casualties,3% Casualties,3% Casualties,4% Casualties,4% Casualties,4% Casualties,5% Casualties,5% Casualties,3% Casualties,3% Casualties,3% Casualties,4% Casualties,4% Casualties,5% Casualties,5% Casualties,6% Casualties,6% Casualties,3% Casualties,4% Casualties,4% Casualties,5% Casualties,5% Casualties,6% Casualties,7% Casualties,7% Casualties,7% Casualties,3% Casualties,4% Casualties,5% Casualties,5% Casualties,6% Casualties,7% Casualties,7% Casualties,8% Casualties,8% Casualties,4% Casualties,5% Casualties,5% Casualties,6% Casualties,7% Casualties,7% Casualties,8% Casualties,9% Casualties,9% Casualties,4% Casualties,5% Casualties,6% Casualties,7% Casualties,7% Casualties,8% Casualties,9% Casualties,9% Casualties,10% Casualties,5% Casualties,5% Casualties,6% Casualties,7% Casualties,8% Casualties,9% Casualties,10% Casualties,10% Casualties,11% Casualties,5% Casualties,5% Casualties,6% Casualties,7% Casualties,8% Casualties,9% Casualties,10% Casualties,10% Casualties,11% Casualties,5% Casualties,6% Casualties,7% Casualties,8% Casualties,9% Casualties,10% Casualties,10% Casualties,11% Casualties,12% Casualties,5% Casualties,6% Casualties,7% Casualties,8% Casualties,9% Casualties,10% Casualties,10% Casualties,11% Casualties,12% Casualties,6% Casualties,7% Casualties,8% Casualties,9% Casualties,10% Casualties,11% Casualties,11% Casualties,12% Casualties,13% Casualties,6% Casualties,7% Casualties,8% Casualties,9% Casualties,10% Casualties,11% Casualties,11% Casualties,12% Casualties,13% Casualties,6% Casualties,7% Casualties,8% Casualties,9% Casualties,10% Casualties,11% Casualties,11% Casualties,12% Casualties,13% Casualties,6% Casualties,7% Casualties,8% Casualties,9% Casualties,10% Casualties,11% Casualties,11% Casualties,12% Casualties,13% Casualties,6% Casualties,7% Casualties,8% Casualties,9% Casualties,10% Casualties,11% Casualties,12% Casualties,13% Casualties,14% Casualties,6% Casualties,7% Casualties,8% Casualties,10% Casualties,11% Casualties,11% Casualties,12% Casualties,13% Casualties,13% Casualties,6% Casualties,7% Casualties,8% Casualties,9% Casualties,11% Casualties,11% Casualties,12% Casualties,13% Casualties,13% Casualties,6% Casualties,7% Casualties,9% Casualties,10% Casualties,11% Casualties,12% Casualties,12% Casualties,13% Casualties,14% Casualties,6% Casualties,8% Casualties,9% Casualties,10% Casualties,11% Casualties,12% Casualties,12% Casualties,13% Casualties,14% Casualties,6% Casualties,7% Casualties,9% Casualties,10% Casualties,11% Casualties,12% Casualties,12% Casualties,13% Casualties,14% Casualties,6% Casualties,7% Casualties,9% Casualties,10% Casualties,11% Casualties,12% Casualties,12% Casualties,13% Casualties,14% Casualties,6% Casualties,8% Casualties,9% Casualties,10% Casualties,11% Casualties,12% Casualties,13% Casualties,13% Casualties,14% Casualties,7% Casualties,8% Casualties,9% Casualties,10% Casualties,11% Casualties,12% Casualties,13% Casualties,13% Casualties,14% Casualties
475 CV // 30 RT,1% Casualties,2% Casualties,2% Casualties,2% Casualties,3% Casualties,3% Casualties,3% Casualties,4% Casualties,4% Casualties,2% Casualties,2% Casualties,2% Casualties,3% Casualties,3% Casualties,4% Casualties,4% Casualties,4% Casualties,5% Casualties,2% Casualties,2% Casualties,3% Casualties,3% Casualties,4% Casualties,4% Casualties,5% Casualties,5% Casualties,5% Casualties,3% Casualties,3% Casualties,3% Casualties,4% Casualties,5% Casualties,5% Casualties,6% Casualties,6% Casualties,6% Casualties,3% Casualties,4% Casualties,4% Casualties,5% Casualties,6% Casualties,6% Casualties,7% Casualties,8% Casualties,8% Casualties,4% Casualties,4% Casualties,5% Casualties,6% Casualties,6% Casualties,7% Casualties,8% Casualties,9% Casualties,9% Casualties,4% Casualties,5% Casualties,6% Casualties,7% Casualties,7% Casualties,8% Casualties,9% Casualties,9% Casualties,10% Casualties,4% Casualties,5% Casualties,6% Casualties,7% Casualties,8% Casualties,9% Casualties,10% Casualties,10% Casualties,11% Casualties,5% Casualties,6% Casualties,7% Casualties,8% Casualties,9% Casualties,10% Casualties,11% Casualties,11% Casualties,12% Casualties,5% Casualties,6% Casualties,7% Casualties,8% Casualties,9% Casualties,10% Casualties,11% Casualties,11% Casualties,12% Casualties,5% Casualties,7% Casualties,8% Casualties,9% Casualties,10% Casualties,11% Casualties,12% Casualties,12% Casualties,13% Casualties,5% Casualties,6% Casualties,8% Casualties,9% Casualties,10% Casualties,11% Casualties,12% Casualties,13% Casualties,13% Casualties,6% Casualties,7% Casualties,9% Casualties,9% Casualties,11% Casualties,12% Casualties,13% Casualties,14% Casualties,14% Casualties,6% Casualties,7% Casualties,9% Casualties,10% Casualties,11% Casualties,12% Casualties,13% Casualties,14% Casualties,14% Casualties,6% Casualties,7% Casualties,8% Casualties,10% Casualties,11% Casualties,12% Casualties,13% Casualties,13% Casualties,14% Casualties,6% Casualties,7% Casualties,9% Casualties,10% Casualties,11% Casualties,12% Casualties,13% Casualties,14% Casualties,14% Casualties,6% Casualties,8% Casualties,9% Casualties,10% Casualties,12% Casualties,13% Casualties,14% Casualties,15% Casualties,16% Casualties,6% Casualties,8% Casualties,9% Casualties,11% Casualties,12% Casualties,13% Casualties,14% Casualties,15% Casualties,15% Casualties,6% Casualties,8% Casualties,9% Casualties,11% Casualties,11% Casualties,13% Casualties,14% Casualties,15% Casualties,15% Casualties,7% Casualties,8% Casualties,10% Casualties,11% Casualties,12% Casualties,13% Casualties,14% Casualties,15% Casualties,16% Casualties,7% Casualties,8% Casualties,9% Casualties,11% Casualties,12% Casualties,13% Casualties,14% Casualties,15% Casualties,16% Casualties,7% Casualties,8% Casualties,9% Casualties,11% Casualties,12% Casualties,13% Casualties,14% Casualties,15% Casualties,16% Casualties,7% Casualties,8% Casualties,10% Casualties,11% Casualties,12% Casualties,13% Casualties,14% Casualties,15% Casualties,16% Casualties,7% Casualties,9% Casualties,10% Casualties,11% Casualties,12% Casualties,14% Casualties,15% Casualties,15% Casualties,16% Casualties,7% Casualties,9% Casualties,10% Casualties,11% Casualties,13% Casualties,13% Casualties,15% Casualties,15% Casualties,16% Casualties
475 CV // 20 RT,1% Casualties,2% Casualties,2% Casualties,2% Casualties,3% Casualties,3% Casualties,3% Casualties,4% Casualties,4% Casualties,2% Casualties,2% Casualties,2% Casualties,3% Casualties,3% Casualties,4% Casualties,4% Casualties,5% Casualties,5% Casualties,2% Casualties,2% Casualties,3% Casualties,3% Casualties,4% Casualties,4% Casualties,5% Casualties,5% Casualties,6% Casualties,3% Casualties,3% Casualties,4% Casualties,4% Casualties,5% Casualties,5% Casualties,6% Casualties,6% Casualties,7% Casualties,3% Casualties,4% Casualties,5% Casualties,5% Casualties,6% Casualties,7% Casualties,8% Casualties,8% Casualties,9% Casualties,4% Casualties,4% Casualties,5% Casualties,6% Casualties,7% Casualties,8% Casualties,9% Casualties,9% Casualties,10% Casualties,4% Casualties,5% Casualties,6% Casualties,7% Casualties,8% Casualties,9% Casualties,10% Casualties,11% Casualties,11% Casualties,5% Casualties,6% Casualties,7% Casualties,8% Casualties,9% Casualties,10% Casualties,11% Casualties,12% Casualties,12% Casualties,5% Casualties,6% Casualties,7% Casualties,9% Casualties,10% Casualties,11% Casualties,12% Casualties,13% Casualties,14% Casualties,5% Casualties,6% Casualties,8% Casualties,9% Casualties,10% Casualties,11% Casualties,12% Casualties,13% Casualties,14% Casualties,6% Casualties,7% Casualties,8% Casualties,10% Casualties,11% Casualties,12% Casualties,13% Casualties,14% Casualties,15% Casualties,6% Casualties,7% Casualties,8% Casualties,10% Casualties,11% Casualties,12% Casualties,13% Casualties,14% Casualties,15% Casualties,6% Casualties,8% Casualties,9% Casualties,11% Casualties,12% Casualties,13% Casualties,15% Casualties,16% Casualties,16% Casualties,6% Casualties,8% Casualties,10% Casualties,11% Casualties,12% Casualties,13% Casualties,15% Casualties,16% Casualties,17% Casualties,6% Casualties,8% Casualties,9% Casualties,11% Casualties,12% Casualties,13% Casualties,14% Casualties,16% Casualties,17% Casualties,6% Casualties,8% Casualties,9% Casualties,11% Casualties,12% Casualties,13% Casualties,15% Casualties,16% Casualties,17% Casualties,7% Casualties,9% Casualties,10% Casualties,12% Casualties,13% Casualties,15% Casualties,16% Casualties,17% Casualties,18% Casualties,7% Casualties,8% Casualties,10% Casualties,12% Casualties,13% Casualties,14% Casualties,16% Casualties,17% Casualties,18% Casualties,7% Casualties,9% Casualties,10% Casualties,12% Casualties,13% Casualties,14% Casualties,16% Casualties,17% Casualties,18% Casualties,7% Casualties,9% Casualties,11% Casualties,12% Casualties,14% Casualties,15% Casualties,16% Casualties,18% Casualties,18% Casualties,7% Casualties,9% Casualties,11% Casualties,12% Casualties,14% Casualties,15% Casualties,16% Casualties,17% Casualties,18% Casualties,7% Casualties,9% Casualties,11% Casualties,12% Casualties,14% Casualties,15% Casualties,16% Casualties,17% Casualties,18% Casualties,7% Casualties,9% Casualties,11% Casualties,12% Casualties,14% Casualties,15% Casualties,16% Casualties,17% Casualties,18% Casualties,8% Casualties,10% Casualties,11% Casualties,13% Casualties,14% Casualties,16% Casualties,17% Casualties,18% Casualties,19% Casualties,8% Casualties,9% Casualties,11% Casualties,13% Casualties,14% Casualties,16% Casualties,17% Casualties,18% Casualties,19% Casualties
475 CV // 10 RT,1% Casualties,2% Casualties,2% Casualties,2% Casualties,3% Casualties,3% Casualties,3% Casualties,4% Casualties,4% Casualties,2% Casualties,2% Casualties,2% Casualties,3% Casualties,3% Casualties,4% Casualties,4% Casualties,5% Casualties,5% Casualties,2% Casualties,2% Casualties,3% Casualties,4% Casualties,4% Casualties,5% Casualties,5% Casualties,6% Casualties,6% Casualties,3% Casualties,3% Casualties,4% Casualties,4% Casualties,5% Casualties,6% Casualties,6% Casualties,7% Casualties,8% Casualties,3% Casualties,4% Casualties,5% Casualties,6% Casualties,7% Casualties,7% Casualties,8% Casualties,9% Casualties,10% Casualties,4% Casualties,5% Casualties,6% Casualties,7% Casualties,8% Casualties,9% Casualties,10% Casualties,10% Casualties,11% Casualties,4% Casualties,5% Casualties,7% Casualties,8% Casualties,9% Casualties,10% Casualties,11% Casualties,12% Casualties,13% Casualties,5% Casualties,6% Casualties,7% Casualties,9% Casualties,10% Casualties,11% Casualties,12% Casualties,13% Casualties,14% Casualties,5% Casualties,7% Casualties,8% Casualties,9% Casualties,11% Casualties,12% Casualties,13% Casualties,15% Casualties,16% Casualties,5% Casualties,7% Casualties,8% Casualties,9% Casualties,11% Casualties,12% Casualties,14% Casualties,14% Casualties,16% Casualties,6% Casualties,8% Casualties,9% Casualties,11% Casualties,12% Casualties,14% Casualties,15% Casualties,16% Casualties,18% Casualties,6% Casualties,8% Casualties,9% Casualties,11% Casualties,12% Casualties,14% Casualties,15% Casualties,16% Casualties,18% Casualties,7% Casualties,9% Casualties,10% Casualties,12% Casualties,14% Casualties,15% Casualties,16% Casualties,18% Casualties,19% Casualties,7% Casualties,9% Casualties,10% Casualties,12% Casualties,14% Casualties,15% Casualties,17% Casualties,18% Casualties,19% Casualties,7% Casualties,9% Casualties,10% Casualties,12% Casualties,14% Casualties,15% Casualties,17% Casualties,18% Casualties,19% Casualties,7% Casualties,9% Casualties,10% Casualties,12% Casualties,14% Casualties,15% Casualties,17% Casualties,18% Casualties,20% Casualties,8% Casualties,9% Casualties,11% Casualties,13% Casualties,15% Casualties,17% Casualties,18% Casualties,20% Casualties,21% Casualties,8% Casualties,9% Casualties,11% Casualties,13% Casualties,15% Casualties,17% Casualties,18% Casualties,20% Casualties,21% Casualties,8% Casualties,10% Casualties,11% Casualties,13% Casualties,15% Casualties,17% Casualties,18% Casualties,20% Casualties,21% Casualties,8% Casualties,10% Casualties,12% Casualties,14% Casualties,16% Casualties,17% Casualties,19% Casualties,20% Casualties,22% Casualties,8% Casualties,10% Casualties,12% Casualties,14% Casualties,16% Casualties,17% Casualties,19% Casualties,20% Casualties,22% Casualties,8% Casualties,10% Casualties,12% Casualties,14% Casualties,16% Casualties,17% Casualties,19% Casualties,20% Casualties,22% Casualties,8% Casualties,10% Casualties,12% Casualties,14% Casualties,16% Casualties,17% Casualties,19% Casualties,20% Casualties,22% Casualties,8% Casualties,11% Casualties,12% Casualties,15% Casualties,16% Casualties,18% Casualties,20% Casualties,21% Casualties,22% Casualties,8% Casualties,11% Casualties,13% Casualties,15% Casualties,17% Casualties,18% Casualties,20% Casualties,21% Casualties,23% Casualties
475 CV // 0 RT,1% Casualties,2% Casualties,2% Casualties,2% Casualties,3% Casualties,3% Casualties,3% Casualties,4% Casualties,4% Casualties,2% Casualties,2% Casualties,3% Casualties,3% Casualties,4% Casualties,4% Casualties,5% Casualties,5% Casualties,6% Casualties,2% Casualties,2% Casualties,3% Casualties,4% Casualties,4% Casualties,5% Casualties,5% Casualties,6% Casualties,7% Casualties,3% Casualties,3% Casualties,4% Casualties,5% Casualties,5% Casualties,6% Casualties,7% Casualties,8% Casualties,8% Casualties,4% Casualties,4% Casualties,5% Casualties,6% Casualties,7% Casualties,8% Casualties,9% Casualties,10% Casualties,11% Casualties,4% Casualties,5% Casualties,6% Casualties,7% Casualties,8% Casualties,9% Casualties,10% Casualties,11% Casualties,13% Casualties,5% Casualties,6% Casualties,7% Casualties,8% Casualties,9% Casualties,11% Casualties,12% Casualties,13% Casualties,14% Casualties,5% Casualties,7% Casualties,8% Casualties,9% Casualties,11% Casualties,12% Casualties,14% Casualties,15% Casualties,16% Casualties,6% Casualties,8% Casualties,9% Casualties,10% Casualties,12% Casualties,14% Casualties,15% Casualties,17% Casualties,18% Casualties,6% Casualties,7% Casualties,9% Casualties,10% Casualties,12% Casualties,14% Casualties,15% Casualties,17% Casualties,18% Casualties,7% Casualties,8% Casualties,10% Casualties,12% Casualties,14% Casualties,15% Casualties,17% Casualties,19% Casualties,20% Casualties,7% Casualties,8% Casualties,10% Casualties,12% Casualties,14% Casualties,15% Casualties,17% Casualties,19% Casualties,20% Casualties,7% Casualties,9% Casualties,11% Casualties,13% Casualties,15% Casualties,17% Casualties,19% Casualties,21% Casualties,22% Casualties,7% Casualties,9% Casualties,11% Casualties,13% Casualties,15% Casualties,17% Casualties,19% Casualties,21% Casualties,22% Casualties,7% Casualties,9% Casualties,11% Casualties,13% Casualties,15% Casualties,17% Casualties,19% Casualties,21% Casualties,23% Casualties,7% Casualties,9% Casualties,11% Casualties,14% Casualties,15% Casualties,17% Casualties,19% Casualties,21% Casualties,22% Casualties,8% Casualties,10% Casualties,13% Casualties,15% Casualties,17% Casualties,19% Casualties,21% Casualties,23% Casualties,25% Casualties,8% Casualties,10% Casualties,13% Casualties,15% Casualties,17% Casualties,19% Casualties,21% Casualties,23% Casualties,25% Casualties,8% Casualties,10% Casualties,13% Casualties,15% Casualties,17% Casualties,19% Casualties,21% Casualties,23% Casualties,25% Casualties,9% Casualties,11% Casualties,13% Casualties,16% Casualties,18% Casualties,20% Casualties,22% Casualties,24% Casualties,26% Casualties,9% Casualties,11% Casualties,14% Casualties,16% Casualties,18% Casualties,20% Casualties,22% Casualties,24% Casualties,26% Casualties,9% Casualties,11% Casualties,13% Casualties,16% Casualties,18% Casualties,20% Casualties,22% Casualties,24% Casualties,25% Casualties,9% Casualties,11% Casualties,13% Casualties,16% Casualties,18% Casualties,20% Casualties,22% Casualties,24% Casualties,26% Casualties,9% Casualties,12% Casualties,14% Casualties,16% Casualties,19% Casualties,21% Casualties,23% Casualties,25% Casualties,27% Casualties,9% Casualties,12% Casualties,14% Casualties,17% Casualties,19% Casualties,21% Casualties,23% Casualties,25% Casualties,27% Casualties
500 CV // 80 RT,1% Casualties,1% Casualties,2% Casualties,2% Casualties,2% Casualties,3% Casualties,3% Casualties,3% Casualties,3% Casualties,1% Casualties,2% Casualties,2% Casualties,2% Casualties,3% Casualties,3% Casualties,3% Casualties,3% Casualties,4% Casualties,2% Casualties,2% Casualties,2% Casualties,3% Casualties,3% Casualties,3% Casualties,3% Casualties,4% Casualties,4% Casualties,2% Casualties,2% Casualties,2% Casualties,3% Casualties,3% Casualties,3% Casualties,4% Casualties,4% Casualties,4% Casualties,2% Casualties,3% Casualties,3% Casualties,4% Casualties,4% Casualties,4% Casualties,4% Casualties,5% Casualties,5% Casualties,3% Casualties,3% Casualties,3% Casualties,4% Casualties,4% Casualties,4% Casualties,5% Casualties,5% Casualties,5% Casualties,3% Casualties,4% Casualties,4% Casualties,5% Casualties,5% Casualties,5% Casualties,6% Casualties,6% Casualties,6% Casualties,3% Casualties,4% Casualties,4% Casualties,5% Casualties,5% Casualties,5% Casualties,6% Casualties,6% Casualties,6% Casualties,4% Casualties,4% Casualties,5% Casualties,5% Casualties,5% Casualties,6% Casualties,6% Casualties,6% Casualties,7% Casualties,4% Casualties,4% Casualties,5% Casualties,5% Casualties,6% Casualties,6% Casualties,6% Casualties,7% Casualties,7% Casualties,4% Casualties,4% Casualties,5% Casualties,5% Casualties,6% Casualties,6% Casualties,6% Casualties,7% Casualties,7% Casualties,4% Casualties,5% Casualties,5% Casualties,6% Casualties,6% Casualties,7% Casualties,7% Casualties,7% Casualties,7% Casualties,4% Casualties,5% Casualties,5% Casualties,6% Casualties,6% Casualties,7% Casualties,7% Casualties,7% Casualties,7% Casualties,5% Casualties,5% Casualties,6% Casualties,6% Casualties,7% Casualties,7% Casualties,8% Casualties,8% Casualties,8% Casualties,5% Casualties,5% Casualties,6% Casualties,6% Casualties,7% Casualties,7% Casualties,7% Casualties,8% Casualties,8% Casualties,5% Casualties,5% Casualties,6% Casualties,6% Casualties,7% Casualties,7% Casualties,7% Casualties,8% Casualties,8% Casualties,5% Casualties,5% Casualties,6% Casualties,6% Casualties,7% Casualties,7% Casualties,7% Casualties,8% Casualties,8% Casualties,5% Casualties,5% Casualties,6% Casualties,7% Casualties,7% Casualties,7% Casualties,8% Casualties,8% Casualties,8% Casualties,5% Casualties,5% Casualties,6% Casualties,7% Casualties,7% Casualties,7% Casualties,8% Casualties,8% Casualties,8% Casualties,5% Casualties,6% Casualties,6% Casualties,7% Casualties,7% Casualties,7% Casualties,8% Casualties,8% Casualties,8% Casualties,5% Casualties,5% Casualties,6% Casualties,7% Casualties,7% Casualties,7% Casualties,8% Casualties,8% Casualties,8% Casualties,5% Casualties,6% Casualties,6% Casualties,7% Casualties,7% Casualties,8% Casualties,8% Casualties,8% Casualties,8% Casualties,5% Casualties,6% Casualties,6% Casualties,7% Casualties,7% Casualties,7% Casualties,8% Casualties,8% Casualties,8% Casualties,5% Casualties,6% Casualties,6% Casualties,7% Casualties,7% Casualties,7% Casualties,8% Casualties,8% Casualties,8% Casualties,5% Casualties,6% Casualties,6% Casualties,7% Casualties,7% Casualties,8% Casualties,8% Casualties,8% Casualties,8% Casualties
500 CV // 70 RT,1% Casualties,1% Casualties,2% Casualties,2% Casualties,2% Casualties,3% Casualties,3% Casualties,3% Casualties,4% Casualties,1% Casualties,2% Casualties,2% Casualties,2% Casualties,3% Casualties,3% Casualties,3% Casualties,4% Casualties,4% Casualties,2% Casualties,2% Casualties,2% Casualties,3% Casualties,3% Casualties,3% Casualties,4% Casualties,4% Casualties,4% Casualties,2% Casualties,2% Casualties,3% Casualties,3% Casualties,3% Casualties,4% Casualties,4% Casualties,4% Casualties,4% Casualties,3% Casualties,3% Casualties,3% Casualties,4% Casualties,4% Casualties,4% Casualties,5% Casualties,5% Casualties,5% Casualties,3% Casualties,3% Casualties,4% Casualties,4% Casualties,4% Casualties,5% Casualties,5% Casualties,6% Casualties,6% Casualties,3% Casualties,4% Casualties,5% Casualties,5% Casualties,5% Casualties,6% Casualties,6% Casualties,7% Casualties,7% Casualties,3% Casualties,4% Casualties,5% Casualties,5% Casualties,5% Casualties,6% Casualties,6% Casualties,7% Casualties,7% Casualties,4% Casualties,4% Casualties,5% Casualties,5% Casualties,6% Casualties,6% Casualties,7% Casualties,7% Casualties,7% Casualties,4% Casualties,5% Casualties,5% Casualties,6% Casualties,6% Casualties,7% Casualties,7% Casualties,8% Casualties,8% Casualties,4% Casualties,5% Casualties,5% Casualties,6% Casualties,6% Casualties,7% Casualties,7% Casualties,8% Casualties,8% Casualties,4% Casualties,5% Casualties,6% Casualties,6% Casualties,7% Casualties,7% Casualties,8% Casualties,8% Casualties,8% Casualties,4% Casualties,5% Casualties,6% Casualties,6% Casualties,7% Casualties,7% Casualties,8% Casualties,8% Casualties,8% Casualties,5% Casualties,6% Casualties,6% Casualties,7% Casualties,7% Casualties,8% Casualties,8% Casualties,9% Casualties,9% Casualties,5% Casualties,6% Casualties,6% Casualties,7% Casualties,7% Casualties,8% Casualties,8% Casualties,9% Casualties,9% Casualties,5% Casualties,6% Casualties,6% Casualties,7% Casualties,7% Casualties,8% Casualties,8% Casualties,9% Casualties,9% Casualties,5% Casualties,6% Casualties,6% Casualties,7% Casualties,8% Casualties,8% Casualties,8% Casualties,9% Casualties,9% Casualties,5% Casualties,6% Casualties,7% Casualties,7% Casualties,8% Casualties,8% Casualties,9% Casualties,9% Casualties,9% Casualties,5% Casualties,6% Casualties,7% Casualties,7% Casualties,8% Casualties,8% Casualties,9% Casualties,9% Casualties,9% Casualties,5% Casualties,6% Casualties,7% Casualties,7% Casualties,8% Casualties,8% Casualties,9% Casualties,9% Casualties,9% Casualties,5% Casualties,6% Casualties,7% Casualties,7% Casualties,8% Casualties,8% Casualties,9% Casualties,9% Casualties,9% Casualties,5% Casualties,6% Casualties,7% Casualties,7% Casualties,8% Casualties,8% Casualties,9% Casualties,9% Casualties,9% Casualties,5% Casualties,6% Casualties,7% Casualties,7% Casualties,8% Casualties,8% Casualties,9% Casualties,9% Casualties,9% Casualties,5% Casualties,6% Casualties,7% Casualties,7% Casualties,8% Casualties,8% Casualties,9% Casualties,9% Casualties,9% Casualties,5% Casualties,6% Casualties,7% Casualties,7% Casualties,8% Casualties,8% Casualties,9% Casualties,9% Casualties,9% Casualties
500 CV // 60 RT,1% Casualties,1% Casualties,2% Casualties,2% Casualties,2% Casualties,3% Casualties,3% Casualties,3% Casualties,4% Casualties,1% Casualties,2% Casualties,2% Casualties,3% Casualties,3% Casualties,3% Casualties,4% Casualties,4% Casualties,4% Casualties,2% Casualties,2% Casualties,2% Casualties,3% Casualties,3% Casualties,4% Casualties,4% Casualties,4% Casualties,4% Casualties,2% Casualties,2% Casualties,3% Casualties,3% Casualties,3% Casualties,4% Casualties,4% Casualties,4% Casualties,5% Casualties,3% Casualties,3% Casualties,3% Casualties,4% Casualties,4% Casualties,5% Casualties,5% Casualties,6% Casualties,6% Casualties,3% Casualties,3% Casualties,4% Casualties,4% Casualties,5% Casualties,5% Casualties,6% Casualties,6% Casualties,6% Casualties,4% Casualties,4% Casualties,5% Casualties,5% Casualties,6% Casualties,6% Casualties,7% Casualties,7% Casualties,8% Casualties,4% Casualties,4% Casualties,5% Casualties,5% Casualties,6% Casualties,6% Casualties,7% Casualties,7% Casualties,8% Casualties,4% Casualties,5% Casualties,5% Casualties,6% Casualties,6% Casualties,7% Casualties,7% Casualties,8% Casualties,8% Casualties,4% Casualties,5% Casualties,6% Casualties,6% Casualties,7% Casualties,8% Casualties,8% Casualties,8% Casualties,9% Casualties,4% Casualties,5% Casualties,6% Casualties,6% Casualties,7% Casualties,7% Casualties,8% Casualties,8% Casualties,9% Casualties,5% Casualties,5% Casualties,6% Casualties,7% Casualties,7% Casualties,8% Casualties,9% Casualties,9% Casualties,9% Casualties,5% Casualties,5% Casualties,6% Casualties,7% Casualties,8% Casualties,8% Casualties,9% Casualties,9% Casualties,9% Casualties,5% Casualties,6% Casualties,7% Casualties,8% Casualties,8% Casualties,9% Casualties,9% Casualties,10% Casualties,10% Casualties,5% Casualties,6% Casualties,7% Casualties,7% Casualties,8% Casualties,9% Casualties,9% Casualties,10% Casualties,10% Casualties,5% Casualties,6% Casualties,7% Casualties,7% Casualties,8% Casualties,9% Casualties,9% Casualties,10% Casualties,10% Casualties,5% Casualties,6% Casualties,7% Casualties,7% Casualties,8% Casualties,9% Casualties,9% Casualties,10% Casualties,10% Casualties,5% Casualties,6% Casualties,7% Casualties,8% Casualties,9% Casualties,9% Casualties,10% Casualties,10% Casualties,11% Casualties,5% Casualties,6% Casualties,7% Casualties,8% Casualties,9% Casualties,9% Casualties,10% Casualties,10% Casualties,11% Casualties,5% Casualties,6% Casualties,7% Casualties,8% Casualties,9% Casualties,9% Casualties,10% Casualties,10% Casualties,11% Casualties,5% Casualties,6% Casualties,7% Casualties,8% Casualties,9% Casualties,9% Casualties,10% Casualties,10% Casualties,11% Casualties,5% Casualties,7% Casualties,7% Casualties,8% Casualties,9% Casualties,9% Casualties,10% Casualties,10% Casualties,11% Casualties,5% Casualties,6% Casualties,7% Casualties,8% Casualties,9% Casualties,9% Casualties,10% Casualties,10% Casualties,11% Casualties,5% Casualties,6% Casualties,7% Casualties,8% Casualties,9% Casualties,9% Casualties,10% Casualties,10% Casualties,11% Casualties,5% Casualties,6% Casualties,7% Casualties,8% Casualties,9% Casualties,9% Casualties,10% Casualties,10% Casualties,11% Casualties
500 CV // 50 RT,1% Casualties,1% Casualties,2% Casualties,2% Casualties,2% Casualties,3% Casualties,3% Casualties,3% Casualties,4% Casualties,1% Casualties,2% Casualties,2% Casualties,3% Casualties,3% Casualties,3% Casualties,4% Casualties,4% Casualties,4% Casualties,2% Casualties,2% Casualties,2% Casualties,3% Casualties,3% Casualties,4% Casualties,4% Casualties,4% Casualties,5% Casualties,2% Casualties,2% Casualties,3% Casualties,3% Casualties,4% Casualties,4% Casualties,4% Casualties,5% Casualties,5% Casualties,3% Casualties,3% Casualties,4% Casualties,4% Casualties,5% Casualties,5% Casualties,5% Casualties,6% Casualties,6% Casualties,3% Casualties,3% Casualties,4% Casualties,5% Casualties,5% Casualties,6% Casualties,6% Casualties,7% Casualties,7% Casualties,4% Casualties,4% Casualties,5% Casualties,6% Casualties,6% Casualties,7% Casualties,7% Casualties,8% Casualties,8% Casualties,4% Casualties,4% Casualties,5% Casualties,6% Casualties,6% Casualties,7% Casualties,7% Casualties,8% Casualties,8% Casualties,4% Casualties,5% Casualties,6% Casualties,6% Casualties,7% Casualties,7% Casualties,8% Casualties,9% Casualties,9% Casualties,4% Casualties,5% Casualties,6% Casualties,7% Casualties,7% Casualties,8% Casualties,9% Casualties,9% Casualties,10% Casualties,4% Casualties,5% Casualties,6% Casualties,7% Casualties,7% Casualties,8% Casualties,9% Casualties,9% Casualties,10% Casualties,5% Casualties,6% Casualties,7% Casualties,7% Casualties,8% Casualties,9% Casualties,9% Casualties,10% Casualties,10% Casualties,5% Casualties,6% Casualties,6% Casualties,7% Casualties,8% Casualties,9% Casualties,9% Casualties,10% Casualties,10% Casualties,5% Casualties,6% Casualties,7% Casualties,8% Casualties,9% Casualties,10% Casualties,10% Casualties,11% Casualties,11% Casualties,5% Casualties,6% Casualties,7% Casualties,8% Casualties,9% Casualties,10% Casualties,10% Casualties,11% Casualties,11% Casualties,5% Casualties,6% Casualties,7% Casualties,8% Casualties,9% Casualties,10% Casualties,10% Casualties,11% Casualties,11% Casualties,5% Casualties,6% Casualties,7% Casualties,8% Casualties,9% Casualties,10% Casualties,10% Casualties,11% Casualties,11% Casualties,6% Casualties,7% Casualties,8% Casualties,9% Casualties,10% Casualties,10% Casualties,11% Casualties,11% Casualties,12% Casualties,6% Casualties,7% Casualties,8% Casualties,9% Casualties,9% Casualties,10% Casualties,11% Casualties,11% Casualties,12% Casualties,6% Casualties,7% Casualties,8% Casualties,9% Casualties,10% Casualties,10% Casualties,11% Casualties,11% Casualties,12% Casualties,6% Casualties,7% Casualties,8% Casualties,9% Casualties,9% Casualties,10% Casualties,11% Casualties,11% Casualties,12% Casualties,6% Casualties,7% Casualties,8% Casualties,9% Casualties,10% Casualties,10% Casualties,11% Casualties,12% Casualties,12% Casualties,6% Casualties,7% Casualties,8% Casualties,9% Casualties,10% Casualties,10% Casualties,11% Casualties,11% Casualties,12% Casualties,6% Casualties,7% Casualties,8% Casualties,9% Casualties,10% Casualties,10% Casualties,11% Casualties,11% Casualties,12% Casualties,6% Casualties,7% Casualties,8% Casualties,9% Casualties,10% Casualties,10% Casualties,11% Casualties,12% Casualties,12% Casualties
500 CV // 40 RT,1% Casualties,1% Casualties,2% Casualties,2% Casualties,3% Casualties,3% Casualties,3% Casualties,4% Casualties,4% Casualties,1% Casualties,2% Casualties,2% Casualties,3% Casualties,3% Casualties,3% Casualties,4% Casualties,4% Casualties,4% Casualties,2% Casualties,2% Casualties,3% Casualties,3% Casualties,4% Casualties,4% Casualties,4% Casualties,5% Casualties,5% Casualties,2% Casualties,2% Casualties,3% Casualties,3% Casualties,4% Casualties,4% Casualties,5% Casualties,5% Casualties,5% Casualties,3% Casualties,3% Casualties,4% Casualties,4% Casualties,5% Casualties,5% Casualties,6% Casualties,6% Casualties,7% Casualties,3% Casualties,4% Casualties,4% Casualties,5% Casualties,5% Casualties,6% Casualties,7% Casualties,7% Casualties,8% Casualties,4% Casualties,5% Casualties,5% Casualties,6% Casualties,7% Casualties,7% Casualties,8% Casualties,9% Casualties,9% Casualties,4% Casualties,5% Casualties,5% Casualties,6% Casualties,7% Casualties,7% Casualties,8% Casualties,9% Casualties,9% Casualties,4% Casualties,5% Casualties,6% Casualties,7% Casualties,7% Casualties,8% Casualties,9% Casualties,9% Casualties,10% Casualties,5% Casualties,5% Casualties,6% Casualties,7% Casualties,8% Casualties,9% Casualties,10% Casualties,10% Casualties,11% Casualties,5% Casualties,5% Casualties,6% Casualties,7% Casualties,8% Casualties,9% Casualties,10% Casualties,10% Casualties,11% Casualties,5% Casualties,6% Casualties,7% Casualties,8% Casualties,9% Casualties,10% Casualties,11% Casualties,11% Casualties,12% Casualties,5% Casualties,6% Casualties,7% Casualties,8% Casualties,9% Casualties,10% Casualties,10% Casualties,11% Casualties,12% Casualties,6% Casualties,7% Casualties,8% Casualties,9% Casualties,10% Casualties,11% Casualties,11% Casualties,12% Casualties,13% Casualties,6% Casualties,7% Casualties,8% Casualties,9% Casualties,10% Casualties,11% Casualties,11% Casualties,12% Casualties,13% Casualties,6% Casualties,7% Casualties,8% Casualties,9% Casualties,10% Casualties,11% Casualties,11% Casualties,12% Casualties,13% Casualties,6% Casualties,7% Casualties,8% Casualties,9% Casualties,10% Casualties,11% Casualties,11% Casualties,12% Casualties,13% Casualties,6% Casualties,7% Casualties,8% Casualties,9% Casualties,11% Casualties,11% Casualties,12% Casualties,13% Casualties,13% Casualties,6% Casualties,7% Casualties,8% Casualties,9% Casualties,11% Casualties,11% Casualties,12% Casualties,13% Casualties,13% Casualties,6% Casualties,7% Casualties,8% Casualties,9% Casualties,11% Casualties,11% Casualties,12% Casualties,13% Casualties,13% Casualties,6% Casualties,7% Casualties,8% Casualties,9% Casualties,10% Casualties,11% Casualties,12% Casualties,13% Casualties,13% Casualties,6% Casualties,7% Casualties,9% Casualties,10% Casualties,11% Casualties,12% Casualties,12% Casualties,13% Casualties,14% Casualties,6% Casualties,7% Casualties,9% Casualties,10% Casualties,11% Casualties,11% Casualties,12% Casualties,13% Casualties,14% Casualties,6% Casualties,7% Casualties,9% Casualties,10% Casualties,11% Casualties,12% Casualties,12% Casualties,13% Casualties,14% Casualties,6% Casualties,7% Casualties,9% Casualties,10% Casualties,11% Casualties,12% Casualties,12% Casualties,13% Casualties,14% Casualties
500 CV // 30 RT,1% Casualties,1% Casualties,2% Casualties,2% Casualties,2% Casualties,3% Casualties,3% Casualties,4% Casualties,4% Casualties,1% Casualties,2% Casualties,2% Casualties,3% Casualties,3% Casualties,4% Casualties,4% Casualties,4% Casualties,5% Casualties,2% Casualties,2% Casualties,3% Casualties,3% Casualties,4% Casualties,4% Casualties,4% Casualties,5% Casualties,5% Casualties,2% Casualties,2% Casualties,3% Casualties,3% Casualties,4% Casualties,4% Casualties,5% Casualties,5% Casualties,6% Casualties,3% Casualties,3% Casualties,4% Casualties,5% Casualties,5% Casualties,6% Casualties,6% Casualties,7% Casualties,7% Casualties,3% Casualties,4% Casualties,4% Casualties,5% Casualties,6% Casualties,6% Casualties,7% Casualties,8% Casualties,8% Casualties,4% Casualties,5% Casualties,6% Casualties,6% Casualties,7% Casualties,8% Casualties,9% Casualties,10% Casualties,10% Casualties,4% Casualties,5% Casualties,6% Casualties,7% Casualties,7% Casualties,8% Casualties,9% Casualties,10% Casualties,10% Casualties,4% Casualties,5% Casualties,6% Casualties,7% Casualties,8% Casualties,9% Casualties,10% Casualties,11% Casualties,11% Casualties,5% Casualties,6% Casualties,7% Casualties,8% Casualties,9% Casualties,10% Casualties,11% Casualties,11% Casualties,12% Casualties,5% Casualties,6% Casualties,7% Casualties,8% Casualties,9% Casualties,10% Casualties,11% Casualties,11% Casualties,12% Casualties,5% Casualties,6% Casualties,8% Casualties,9% Casualties,10% Casualties,11% Casualties,12% Casualties,13% Casualties,13% Casualties,5% Casualties,7% Casualties,8% Casualties,9% Casualties,10% Casualties,11% Casualties,12% Casualties,13% Casualties,13% Casualties,6% Casualties,7% Casualties,9% Casualties,10% Casualties,11% Casualties,12% Casualties,13% Casualties,13% Casualties,14% Casualties,6% Casualties,7% Casualties,8% Casualties,10% Casualties,11% Casualties,12% Casualties,13% Casualties,13% Casualties,14% Casualties,6% Casualties,7% Casualties,9% Casualties,10% Casualties,11% Casualties,12% Casualties,13% Casualties,13% Casualties,14% Casualties,6% Casualties,7% Casualties,8% Casualties,10% Casualties,11% Casualties,12% Casualties,13% Casualties,13% Casualties,14% Casualties,6% Casualties,8% Casualties,9% Casualties,10% Casualties,11% Casualties,13% Casualties,14% Casualties,15% Casualties,15% Casualties,7% Casualties,8% Casualties,9% Casualties,10% Casualties,12% Casualties,13% Casualties,14% Casualties,15% Casualties,15% Casualties,6% Casualties,8% Casualties,9% Casualties,10% Casualties,12% Casualties,13% Casualties,14% Casualties,15% Casualties,15% Casualties,7% Casualties,8% Casualties,9% Casualties,10% Casualties,12% Casualties,13% Casualties,14% Casualties,15% Casualties,15% Casualties,7% Casualties,8% Casualties,10% Casualties,11% Casualties,12% Casualties,13% Casualties,14% Casualties,15% Casualties,16% Casualties,7% Casualties,8% Casualties,10% Casualties,11% Casualties,12% Casualties,13% Casualties,14% Casualties,15% Casualties,16% Casualties,7% Casualties,8% Casualties,10% Casualties,11% Casualties,12% Casualties,13% Casualties,14% Casualties,15% Casualties,16% Casualties,7% Casualties,8% Casualties,10% Casualties,11% Casualties,12% Casualties,13% Casualties,14% Casualties,15% Casualties,16% Casualties
500 CV // 20 RT,1% Casualties,1% Casualties,2% Casualties,2% Casualties,3% Casualties,3% Casualties,3% Casualties,4% Casualties,4% Casualties,1% Casualties,2% Casualties,2% Casualties,3% Casualties,3% Casualties,4% Casualties,4% Casualties,4% Casualties,5% Casualties,2% Casualties,2% Casualties,3% Casualties,3% Casualties,4% Casualties,4% Casualties,5% Casualties,5% Casualties,6% Casualties,2% Casualties,2% Casualties,3% Casualties,4% Casualties,4% Casualties,5% Casualties,5% Casualties,6% Casualties,6% Casualties,3% Casualties,3% Casualties,4% Casualties,5% Casualties,5% Casualties,6% Casualties,7% Casualties,7% Casualties,8% Casualties,3% Casualties,4% Casualties,5% Casualties,6% Casualties,6% Casualties,7% Casualties,8% Casualties,8% Casualties,9% Casualties,4% Casualties,5% Casualties,6% Casualties,7% Casualties,8% Casualties,9% Casualties,10% Casualties,11% Casualties,11% Casualties,4% Casualties,5% Casualties,6% Casualties,7% Casualties,8% Casualties,9% Casualties,10% Casualties,11% Casualties,11% Casualties,5% Casualties,6% Casualties,7% Casualties,8% Casualties,9% Casualties,10% Casualties,11% Casualties,12% Casualties,12% Casualties,5% Casualties,6% Casualties,7% Casualties,9% Casualties,10% Casualties,11% Casualties,12% Casualties,13% Casualties,14% Casualties,5% Casualties,6% Casualties,7% Casualties,9% Casualties,10% Casualties,11% Casualties,12% Casualties,13% Casualties,14% Casualties,6% Casualties,7% Casualties,8% Casualties,10% Casualties,11% Casualties,12% Casualties,13% Casualties,14% Casualties,15% Casualties,6% Casualties,7% Casualties,8% Casualties,10% Casualties,11% Casualties,12% Casualties,13% Casualties,14% Casualties,15% Casualties,6% Casualties,8% Casualties,9% Casualties,11% Casualties,12% Casualties,14% Casualties,15% Casualties,16% Casualties,17% Casualties,6% Casualties,8% Casualties,9% Casualties,11% Casualties,12% Casualties,13% Casualties,14% Casualties,16% Casualties,16% Casualties,6% Casualties,8% Casualties,9% Casualties,11% Casualties,12% Casualties,13% Casualties,14% Casualties,16% Casualties,16% Casualties,6% Casualties,8% Casualties,9% Casualties,11% Casualties,12% Casualties,13% Casualties,14% Casualties,16% Casualties,16% Casualties,7% Casualties,9% Casualties,10% Casualties,12% Casualties,13% Casualties,15% Casualties,16% Casualties,17% Casualties,18% Casualties,7% Casualties,8% Casualties,10% Casualties,12% Casualties,13% Casualties,15% Casualties,16% Casualties,17% Casualties,18% Casualties,7% Casualties,8% Casualties,10% Casualties,12% Casualties,13% Casualties,14% Casualties,16% Casualties,17% Casualties,18% Casualties,7% Casualties,9% Casualties,10% Casualties,12% Casualties,13% Casualties,15% Casualties,16% Casualties,17% Casualties,18% Casualties,7% Casualties,9% Casualties,11% Casualties,12% Casualties,14% Casualties,15% Casualties,16% Casualties,17% Casualties,18% Casualties,7% Casualties,9% Casualties,10% Casualties,12% Casualties,14% Casualties,15% Casualties,16% Casualties,18% Casualties,18% Casualties,7% Casualties,9% Casualties,10% Casualties,12% Casualties,14% Casualties,15% Casualties,16% Casualties,17% Casualties,18% Casualties,7% Casualties,9% Casualties,11% Casualties,12% Casualties,14% Casualties,15% Casualties,16% Casualties,18% Casualties,18% Casualties
500 CV // 10 RT,1% Casualties,1% Casualties,2% Casualties,2% Casualties,3% Casualties,3% Casualties,3% Casualties,4% Casualties,4% Casualties,1% Casualties,2% Casualties,2% Casualties,3% Casualties,3% Casualties,4% Casualties,4% Casualties,5% Casualties,5% Casualties,2% Casualties,2% Casualties,3% Casualties,3% Casualties,4% Casualties,4% Casualties,5% Casualties,5% Casualties,6% Casualties,2% Casualties,3% Casualties,3% Casualties,4% Casualties,4% Casualties,5% Casualties,5% Casualties,6% Casualties,7% Casualties,3% Casualties,4% Casualties,4% Casualties,5% Casualties,6% Casualties,7% Casualties,7% Casualties,8% Casualties,9% Casualties,3% Casualties,4% Casualties,5% Casualties,6% Casualties,7% Casualties,7% Casualties,8% Casualties,9% Casualties,10% Casualties,4% Casualties,5% Casualties,7% Casualties,8% Casualties,9% Casualties,10% Casualties,11% Casualties,12% Casualties,13% Casualties,4% Casualties,5% Casualties,6% Casualties,7% Casualties,9% Casualties,10% Casualties,11% Casualties,12% Casualties,13% Casualties,5% Casualties,6% Casualties,7% Casualties,9% Casualties,10% Casualties,11% Casualties,12% Casualties,13% Casualties,14% Casualties,6% Casualties,7% Casualties,8% Casualties,9% Casualties,11% Casualties,12% Casualties,13% Casualties,15% Casualties,16% Casualties,5% Casualties,7% Casualties,8% Casualties,10% Casualties,11% Casualties,12% Casualties,13% Casualties,15% Casualties,16% Casualties,6% Casualties,8% Casualties,9% Casualties,11% Casualties,12% Casualties,14% Casualties,15% Casualties,16% Casualties,17% Casualties,6% Casualties,8% Casualties,9% Casualties,11% Casualties,12% Casualties,14% Casualties,15% Casualties,16% Casualties,18% Casualties,7% Casualties,9% Casualties,10% Casualties,12% Casualties,14% Casualties,15% Casualties,17% Casualties,18% Casualties,19% Casualties,7% Casualties,8% Casualties,10% Casualties,12% Casualties,14% Casualties,15% Casualties,17% Casualties,18% Casualties,19% Casualties,7% Casualties,8% Casualties,10% Casualties,12% Casualties,13% Casualties,15% Casualties,17% Casualties,18% Casualties,19% Casualties,7% Casualties,9% Casualties,10% Casualties,12% Casualties,13% Casualties,15% Casualties,16% Casualties,18% Casualties,19% Casualties,8% Casualties,9% Casualties,11% Casualties,13% Casualties,15% Casualties,16% Casualties,18% Casualties,20% Casualties,21% Casualties,8% Casualties,10% Casualties,11% Casualties,13% Casualties,15% Casualties,17% Casualties,18% Casualties,20% Casualties,21% Casualties,8% Casualties,9% Casualties,11% Casualties,13% Casualties,15% Casualties,16% Casualties,18% Casualties,20% Casualties,21% Casualties,8% Casualties,9% Casualties,11% Casualties,13% Casualties,15% Casualties,17% Casualties,18% Casualties,20% Casualties,21% Casualties,8% Casualties,10% Casualties,12% Casualties,14% Casualties,16% Casualties,17% Casualties,19% Casualties,21% Casualties,22% Casualties,8% Casualties,10% Casualties,12% Casualties,14% Casualties,16% Casualties,17% Casualties,19% Casualties,20% Casualties,22% Casualties,8% Casualties,10% Casualties,12% Casualties,14% Casualties,15% Casualties,17% Casualties,19% Casualties,20% Casualties,22% Casualties,8% Casualties,10% Casualties,12% Casualties,14% Casualties,16% Casualties,18% Casualties,19% Casualties,20% Casualties,22% Casualties
500 CV // 0 RT,1% Casualties,1% Casualties,2% Casualties,2% Casualties,3% Casualties,3% Casualties,3% Casualties,4% Casualties,4% Casualties,2% Casualties,2% Casualties,2% Casualties,3% Casualties,3% Casualties,4% Casualties,4% Casualties,5% Casualties,5% Casualties,2% Casualties,2% Casualties,3% Casualties,3% Casualties,4% Casualties,5% Casualties,5% Casualties,6% Casualties,6% Casualties,2% Casualties,3% Casualties,3% Casualties,4% Casualties,5% Casualties,5% Casualties,6% Casualties,7% Casualties,7% Casualties,3% Casualties,4% Casualties,5% Casualties,5% Casualties,6% Casualties,7% Casualties,8% Casualties,9% Casualties,9% Casualties,4% Casualties,4% Casualties,5% Casualties,6% Casualties,7% Casualties,8% Casualties,9% Casualties,10% Casualties,11% Casualties,5% Casualties,6% Casualties,7% Casualties,8% Casualties,9% Casualties,11% Casualties,12% Casualties,13% Casualties,14% Casualties,5% Casualties,6% Casualties,7% Casualties,8% Casualties,10% Casualties,11% Casualties,12% Casualties,13% Casualties,14% Casualties,5% Casualties,7% Casualties,8% Casualties,9% Casualties,11% Casualties,12% Casualties,13% Casualties,15% Casualties,16% Casualties,6% Casualties,7% Casualties,9% Casualties,11% Casualties,12% Casualties,14% Casualties,15% Casualties,17% Casualties,18% Casualties,6% Casualties,7% Casualties,9% Casualties,10% Casualties,12% Casualties,14% Casualties,15% Casualties,17% Casualties,18% Casualties,7% Casualties,8% Casualties,10% Casualties,12% Casualties,14% Casualties,15% Casualties,17% Casualties,19% Casualties,20% Casualties,7% Casualties,8% Casualties,10% Casualties,12% Casualties,14% Casualties,16% Casualties,17% Casualties,19% Casualties,20% Casualties,7% Casualties,9% Casualties,12% Casualties,13% Casualties,15% Casualties,17% Casualties,19% Casualties,21% Casualties,22% Casualties,7% Casualties,9% Casualties,11% Casualties,13% Casualties,15% Casualties,17% Casualties,19% Casualties,21% Casualties,22% Casualties,8% Casualties,10% Casualties,11% Casualties,13% Casualties,15% Casualties,17% Casualties,19% Casualties,21% Casualties,22% Casualties,8% Casualties,10% Casualties,11% Casualties,14% Casualties,15% Casualties,17% Casualties,19% Casualties,21% Casualties,23% Casualties,8% Casualties,10% Casualties,13% Casualties,15% Casualties,17% Casualties,19% Casualties,21% Casualties,23% Casualties,25% Casualties,8% Casualties,11% Casualties,12% Casualties,15% Casualties,17% Casualties,19% Casualties,21% Casualties,23% Casualties,25% Casualties,8% Casualties,10% Casualties,13% Casualties,15% Casualties,17% Casualties,19% Casualties,21% Casualties,23% Casualties,25% Casualties,8% Casualties,11% Casualties,13% Casualties,15% Casualties,17% Casualties,19% Casualties,21% Casualties,23% Casualties,25% Casualties,9% Casualties,11% Casualties,13% Casualties,15% Casualties,18% Casualties,20% Casualties,22% Casualties,24% Casualties,26% Casualties,9% Casualties,11% Casualties,14% Casualties,15% Casualties,18% Casualties,20% Casualties,22% Casualties,24% Casualties,26% Casualties,9% Casualties,11% Casualties,14% Casualties,16% Casualties,18% Casualties,20% Casualties,22% Casualties,24% Casualties,26% Casualties,9% Casualties,11% Casualties,14% Casualties,16% Casualties,18% Casualties,20% Casualties,22% Casualties,24% Casualties,26% Casualties
525 CV // 80 RT,1% Casualties,1% Casualties,2% Casualties,2% Casualties,2% Casualties,3% Casualties,3% Casualties,3% Casualties,3% Casualties,1% Casualties,2% Casualties,2% Casualties,2% Casualties,3% Casualties,3% Casualties,3% Casualties,3% Casualties,4% Casualties,2% Casualties,2% Casualties,2% Casualties,3% Casualties,3% Casualties,3% Casualties,3% Casualties,4% Casualties,4% Casualties,2% Casualties,2% Casualties,2% Casualties,3% Casualties,3% Casualties,3% Casualties,4% Casualties,4% Casualties,4% Casualties,2% Casualties,3% Casualties,3% Casualties,3% Casualties,3% Casualties,4% Casualties,4% Casualties,4% Casualties,4% Casualties,3% Casualties,3% Casualties,3% Casualties,4% Casualties,4% Casualties,4% Casualties,5% Casualties,5% Casualties,5% Casualties,3% Casualties,3% Casualties,4% Casualties,4% Casualties,5% Casualties,5% Casualties,5% Casualties,5% Casualties,6% Casualties,3% Casualties,4% Casualties,4% Casualties,5% Casualties,5% Casualties,5% Casualties,6% Casualties,6% Casualties,6% Casualties,4% Casualties,4% Casualties,5% Casualties,5% Casualties,5% Casualties,6% Casualties,6% Casualties,6% Casualties,6% Casualties,4% Casualties,4% Casualties,5% Casualties,5% Casualties,5% Casualties,6% Casualties,6% Casualties,6% Casualties,6% Casualties,4% Casualties,4% Casualties,5% Casualties,5% Casualties,6% Casualties,6% Casualties,6% Casualties,7% Casualties,7% Casualties,4% Casualties,5% Casualties,5% Casualties,6% Casualties,6% Casualties,7% Casualties,7% Casualties,7% Casualties,7% Casualties,4% Casualties,5% Casualties,5% Casualties,6% Casualties,6% Casualties,7% Casualties,7% Casualties,7% Casualties,7% Casualties,4% Casualties,5% Casualties,5% Casualties,6% Casualties,6% Casualties,7% Casualties,7% Casualties,7% Casualties,7% Casualties,5% Casualties,5% Casualties,6% Casualties,6% Casualties,7% Casualties,7% Casualties,7% Casualties,8% Casualties,8% Casualties,5% Casualties,5% Casualties,6% Casualties,6% Casualties,7% Casualties,7% Casualties,7% Casualties,8% Casualties,8% Casualties,5% Casualties,5% Casualties,6% Casualties,6% Casualties,7% Casualties,7% Casualties,7% Casualties,8% Casualties,8% Casualties,5% Casualties,5% Casualties,6% Casualties,6% Casualties,7% Casualties,7% Casualties,7% Casualties,8% Casualties,8% Casualties,5% Casualties,5% Casualties,6% Casualties,6% Casualties,7% Casualties,7% Casualties,7% Casualties,8% Casualties,8% Casualties,5% Casualties,5% Casualties,6% Casualties,7% Casualties,7% Casualties,7% Casualties,8% Casualties,8% Casualties,8% Casualties,5% Casualties,5% Casualties,6% Casualties,7% Casualties,7% Casualties,7% Casualties,8% Casualties,8% Casualties,8% Casualties,5% Casualties,5% Casualties,6% Casualties,7% Casualties,7% Casualties,8% Casualties,8% Casualties,8% Casualties,8% Casualties,5% Casualties,6% Casualties,6% Casualties,7% Casualties,7% Casualties,7% Casualties,8% Casualties,8% Casualties,8% Casualties,5% Casualties,6% Casualties,6% Casualties,7% Casualties,7% Casualties,8% Casualties,8% Casualties,8% Casualties,8% Casualties,5% Casualties,6% Casualties,6% Casualties,7% Casualties,7% Casualties,7% Casualties,8% Casualties,8% Casualties,8% Casualties
525 CV // 70 RT,1% Casualties,1% Casualties,2% Casualties,2% Casualties,2% Casualties,3% Casualties,3% Casualties,3% Casualties,3% Casualties,1% Casualties,2% Casualties,2% Casualties,2% Casualties,3% Casualties,3% Casualties,3% Casualties,4% Casualties,4% Casualties,2% Casualties,2% Casualties,2% Casualties,3% Casualties,3% Casualties,3% Casualties,4% Casualties,4% Casualties,4% Casualties,2% Casualties,2% Casualties,2% Casualties,3% Casualties,3% Casualties,4% Casualties,4% Casualties,4% Casualties,4% Casualties,2% Casualties,3% Casualties,3% Casualties,3% Casualties,4% Casualties,4% Casualties,4% Casualties,5% Casualties,5% Casualties,3% Casualties,3% Casualties,4% Casualties,4% Casualties,5% Casualties,5% Casualties,5% Casualties,6% Casualties,6% Casualties,3% Casualties,4% Casualties,4% Casualties,5% Casualties,5% Casualties,5% Casualties,6% Casualties,6% Casualties,6% Casualties,3% Casualties,4% Casualties,4% Casualties,5% Casualties,5% Casualties,6% Casualties,6% Casualties,7% Casualties,7% Casualties,4% Casualties,4% Casualties,5% Casualties,5% Casualties,6% Casualties,6% Casualties,7% Casualties,7% Casualties,7% Casualties,4% Casualties,4% Casualties,5% Casualties,5% Casualties,6% Casualties,6% Casualties,7% Casualties,7% Casualties,7% Casualties,4% Casualties,5% Casualties,5% Casualties,6% Casualties,6% Casualties,7% Casualties,7% Casualties,8% Casualties,8% Casualties,4% Casualties,5% Casualties,6% Casualties,6% Casualties,7% Casualties,7% Casualties,8% Casualties,8% Casualties,8% Casualties,4% Casualties,5% Casualties,6% Casualties,6% Casualties,7% Casualties,7% Casualties,8% Casualties,8% Casualties,8% Casualties,4% Casualties,5% Casualties,6% Casualties,6% Casualties,7% Casualties,7% Casualties,8% Casualties,8% Casualties,8% Casualties,5% Casualties,6% Casualties,6% Casualties,7% Casualties,7% Casualties,8% Casualties,8% Casualties,9% Casualties,9% Casualties,5% Casualties,6% Casualties,6% Casualties,7% Casualties,8% Casualties,8% Casualties,8% Casualties,9% Casualties,9% Casualties,5% Casualties,6% Casualties,6% Casualties,7% Casualties,7% Casualties,8% Casualties,8% Casualties,9% Casualties,9% Casualties,5% Casualties,6% Casualties,6% Casualties,7% Casualties,7% Casualties,8% Casualties,8% Casualties,9% Casualties,9% Casualties,5% Casualties,6% Casualties,6% Casualties,7% Casualties,8% Casualties,8% Casualties,8% Casualties,9% Casualties,9% Casualties,5% Casualties,6% Casualties,7% Casualties,7% Casualties,8% Casualties,8% Casualties,9% Casualties,9% Casualties,9% Casualties,5% Casualties,6% Casualties,7% Casualties,7% Casualties,8% Casualties,8% Casualties,9% Casualties,9% Casualties,9% Casualties,5% Casualties,6% Casualties,7% Casualties,7% Casualties,8% Casualties,8% Casualties,9% Casualties,9% Casualties,9% Casualties,5% Casualties,6% Casualties,7% Casualties,7% Casualties,8% Casualties,8% Casualties,9% Casualties,9% Casualties,9% Casualties,5% Casualties,6% Casualties,7% Casualties,7% Casualties,8% Casualties,8% Casualties,9% Casualties,9% Casualties,9% Casualties,5% Casualties,6% Casualties,7% Casualties,7% Casualties,8% Casualties,8% Casualties,9% Casualties,9% Casualties,9% Casualties
525 CV // 60 RT,1% Casualties,1% Casualties,2% Casualties,2% Casualties,2% Casualties,3% Casualties,3% Casualties,3% Casualties,3% Casualties,1% Casualties,2% Casualties,2% Casualties,2% Casualties,3% Casualties,3% Casualties,4% Casualties,4% Casualties,4% Casualties,2% Casualties,2% Casualties,2% Casualties,3% Casualties,3% Casualties,3% Casualties,4% Casualties,4% Casualties,4% Casualties,2% Casualties,2% Casualties,3% Casualties,3% Casualties,3% Casualties,4% Casualties,4% Casualties,4% Casualties,5% Casualties,2% Casualties,3% Casualties,3% Casualties,3% Casualties,4% Casualties,4% Casualties,5% Casualties,5% Casualties,5% Casualties,3% Casualties,3% Casualties,4% Casualties,4% Casualties,5% Casualties,5% Casualties,6% Casualties,6% Casualties,6% Casualties,3% Casualties,4% Casualties,4% Casualties,5% Casualties,5% Casualties,6% Casualties,6% Casualties,7% Casualties,7% Casualties,4% Casualties,4% Casualties,5% Casualties,5% Casualties,6% Casualties,6% Casualties,7% Casualties,7% Casualties,8% Casualties,4% Casualties,5% Casualties,5% Casualties,6% Casualties,6% Casualties,7% Casualties,7% Casualties,8% Casualties,8% Casualties,4% Casualties,5% Casualties,5% Casualties,6% Casualties,6% Casualties,7% Casualties,7% Casualties,8% Casualties,8% Casualties,4% Casualties,5% Casualties,6% Casualties,6% Casualties,7% Casualties,8% Casualties,8% Casualties,8% Casualties,9% Casualties,5% Casualties,5% Casualties,6% Casualties,7% Casualties,7% Casualties,8% Casualties,9% Casualties,9% Casualties,9% Casualties,5% Casualties,5% Casualties,6% Casualties,7% Casualties,8% Casualties,8% Casualties,9% Casualties,9% Casualties,9% Casualties,5% Casualties,5% Casualties,6% Casualties,7% Casualties,7% Casualties,8% Casualties,9% Casualties,9% Casualties,9% Casualties,5% Casualties,6% Casualties,7% Casualties,8% Casualties,8% Casualties,9% Casualties,9% Casualties,10% Casualties,10% Casualties,5% Casualties,6% Casualties,7% Casualties,7% Casualties,8% Casualties,9% Casualties,9% Casualties,10% Casualties,10% Casualties,5% Casualties,6% Casualties,7% Casualties,7% Casualties,8% Casualties,9% Casualties,9% Casualties,10% Casualties,10% Casualties,5% Casualties,6% Casualties,7% Casualties,7% Casualties,8% Casualties,9% Casualties,9% Casualties,10% Casualties,10% Casualties,5% Casualties,6% Casualties,7% Casualties,7% Casualties,8% Casualties,9% Casualties,9% Casualties,10% Casualties,10% Casualties,5% Casualties,6% Casualties,7% Casualties,8% Casualties,9% Casualties,9% Casualties,10% Casualties,10% Casualties,11% Casualties,5% Casualties,6% Casualties,7% Casualties,8% Casualties,9% Casualties,9% Casualties,10% Casualties,10% Casualties,11% Casualties,5% Casualties,6% Casualties,7% Casualties,8% Casualties,9% Casualties,9% Casualties,10% Casualties,10% Casualties,10% Casualties,5% Casualties,6% Casualties,7% Casualties,8% Casualties,9% Casualties,9% Casualties,10% Casualties,10% Casualties,11% Casualties,6% Casualties,6% Casualties,7% Casualties,8% Casualties,9% Casualties,9% Casualties,10% Casualties,10% Casualties,11% Casualties,5% Casualties,6% Casualties,7% Casualties,8% Casualties,9% Casualties,9% Casualties,10% Casualties,10% Casualties,11% Casualties
525 CV // 50 RT,1% Casualties,1% Casualties,2% Casualties,2% Casualties,2% Casualties,3% Casualties,3% Casualties,3% Casualties,3% Casualties,1% Casualties,2% Casualties,2% Casualties,2% Casualties,3% Casualties,3% Casualties,4% Casualties,4% Casualties,4% Casualties,2% Casualties,2% Casualties,2% Casualties,3% Casualties,3% Casualties,4% Casualties,4% Casualties,4% Casualties,5% Casualties,2% Casualties,2% Casualties,3% Casualties,3% Casualties,4% Casualties,4% Casualties,4% Casualties,5% Casualties,5% Casualties,2% Casualties,3% Casualties,3% Casualties,4% Casualties,4% Casualties,5% Casualties,5% Casualties,5% Casualties,6% Casualties,3% Casualties,4% Casualties,4% Casualties,5% Casualties,5% Casualties,6% Casualties,6% Casualties,7% Casualties,7% Casualties,3% Casualties,4% Casualties,4% Casualties,5% Casualties,6% Casualties,6% Casualties,7% Casualties,7% Casualties,8% Casualties,4% Casualties,4% Casualties,5% Casualties,6% Casualties,6% Casualties,7% Casualties,7% Casualties,8% Casualties,8% Casualties,4% Casualties,5% Casualties,6% Casualties,6% Casualties,7% Casualties,8% Casualties,8% Casualties,9% Casualties,9% Casualties,4% Casualties,5% Casualties,6% Casualties,6% Casualties,7% Casualties,7% Casualties,8% Casualties,9% Casualties,9% Casualties,4% Casualties,5% Casualties,6% Casualties,7% Casualties,7% Casualties,8% Casualties,9% Casualties,9% Casualties,10% Casualties,5% Casualties,6% Casualties,6% Casualties,7% Casualties,8% Casualties,9% Casualties,9% Casualties,10% Casualties,10% Casualties,5% Casualties,6% Casualties,7% Casualties,7% Casualties,8% Casualties,9% Casualties,9% Casualties,10% Casualties,10% Casualties,5% Casualties,6% Casualties,7% Casualties,7% Casualties,8% Casualties,9% Casualties,9% Casualties,10% Casualties,10% Casualties,5% Casualties,6% Casualties,7% Casualties,8% Casualties,9% Casualties,10% Casualties,10% Casualties,11% Casualties,11% Casualties,5% Casualties,6% Casualties,7% Casualties,8% Casualties,9% Casualties,10% Casualties,10% Casualties,11% Casualties,11% Casualties,5% Casualties,6% Casualties,7% Casualties,8% Casualties,9% Casualties,10% Casualties,10% Casualties,11% Casualties,11% Casualties,5% Casualties,6% Casualties,7% Casualties,8% Casualties,9% Casualties,10% Casualties,10% Casualties,11% Casualties,11% Casualties,5% Casualties,6% Casualties,7% Casualties,8% Casualties,9% Casualties,10% Casualties,10% Casualties,11% Casualties,11% Casualties,6% Casualties,7% Casualties,8% Casualties,9% Casualties,9% Casualties,10% Casualties,11% Casualties,11% Casualties,12% Casualties,6% Casualties,7% Casualties,8% Casualties,9% Casualties,9% Casualties,10% Casualties,11% Casualties,11% Casualties,12% Casualties,6% Casualties,7% Casualties,8% Casualties,9% Casualties,9% Casualties,10% Casualties,11% Casualties,11% Casualties,12% Casualties,6% Casualties,7% Casualties,8% Casualties,9% Casualties,10% Casualties,10% Casualties,11% Casualties,12% Casualties,12% Casualties,6% Casualties,7% Casualties,8% Casualties,9% Casualties,10% Casualties,10% Casualties,11% Casualties,12% Casualties,12% Casualties,6% Casualties,7% Casualties,8% Casualties,9% Casualties,10% Casualties,10% Casualties,11% Casualties,12% Casualties,12% Casualties
525 CV // 40 RT,1% Casualties,1% Casualties,2% Casualties,2% Casualties,2% Casualties,3% Casualties,3% Casualties,3% Casualties,3% Casualties,1% Casualties,2% Casualties,2% Casualties,3% Casualties,3% Casualties,3% Casualties,4% Casualties,4% Casualties,4% Casualties,2% Casualties,2% Casualties,2% Casualties,3% Casualties,3% Casualties,4% Casualties,4% Casualties,4% Casualties,5% Casualties,2% Casualties,2% Casualties,3% Casualties,3% Casualties,4% Casualties,4% Casualties,5% Casualties,5% Casualties,5% Casualties,2% Casualties,3% Casualties,3% Casualties,4% Casualties,4% Casualties,5% Casualties,5% Casualties,6% Casualties,6% Casualties,3% Casualties,4% Casualties,4% Casualties,5% Casualties,5% Casualties,6% Casualties,7% Casualties,7% Casualties,7% Casualties,3% Casualties,4% Casualties,5% Casualties,5% Casualties,6% Casualties,7% Casualties,7% Casualties,8% Casualties,8% Casualties,4% Casualties,5% Casualties,5% Casualties,6% Casualties,7% Casualties,7% Casualties,8% Casualties,9% Casualties,9% Casualties,4% Casualties,5% Casualties,6% Casualties,7% Casualties,7% Casualties,8% Casualties,9% Casualties,9% Casualties,10% Casualties,4% Casualties,5% Casualties,6% Casualties,7% Casualties,7% Casualties,8% Casualties,9% Casualties,9% Casualties,10% Casualties,5% Casualties,6% Casualties,6% Casualties,7% Casualties,8% Casualties,9% Casualties,10% Casualties,10% Casualties,11% Casualties,5% Casualties,6% Casualties,7% Casualties,8% Casualties,9% Casualties,10% Casualties,10% Casualties,11% Casualties,12% Casualties,5% Casualties,6% Casualties,7% Casualties,8% Casualties,9% Casualties,10% Casualties,10% Casualties,11% Casualties,12% Casualties,5% Casualties,6% Casualties,7% Casualties,8% Casualties,9% Casualties,10% Casualties,10% Casualties,11% Casualties,12% Casualties,6% Casualties,7% Casualties,8% Casualties,9% Casualties,10% Casualties,11% Casualties,11% Casualties,12% Casualties,13% Casualties,6% Casualties,7% Casualties,8% Casualties,9% Casualties,10% Casualties,11% Casualties,11% Casualties,12% Casualties,13% Casualties,6% Casualties,7% Casualties,8% Casualties,9% Casualties,10% Casualties,11% Casualties,11% Casualties,12% Casualties,13% Casualties,6% Casualties,7% Casualties,8% Casualties,9% Casualties,10% Casualties,11% Casualties,11% Casualties,12% Casualties,13% Casualties,6% Casualties,7% Casualties,8% Casualties,9% Casualties,10% Casualties,11% Casualties,11% Casualties,12% Casualties,13% Casualties,6% Casualties,7% Casualties,8% Casualties,9% Casualties,11% Casualties,11% Casualties,12% Casualties,13% Casualties,13% Casualties,6% Casualties,7% Casualties,8% Casualties,10% Casualties,10% Casualties,11% Casualties,12% Casualties,13% Casualties,13% Casualties,6% Casualties,7% Casualties,8% Casualties,9% Casualties,10% Casualties,11% Casualties,12% Casualties,13% Casualties,13% Casualties,6% Casualties,8% Casualties,9% Casualties,10% Casualties,11% Casualties,12% Casualties,12% Casualties,13% Casualties,14% Casualties,6% Casualties,7% Casualties,9% Casualties,10% Casualties,11% Casualties,12% Casualties,12% Casualties,13% Casualties,14% Casualties,6% Casualties,7% Casualties,9% Casualties,10% Casualties,11% Casualties,12% Casualties,12% Casualties,13% Casualties,14% Casualties
525 CV // 30 RT,1% Casualties,1% Casualties,2% Casualties,2% Casualties,2% Casualties,3% Casualties,3% Casualties,3% Casualties,4% Casualties,1% Casualties,2% Casualties,2% Casualties,3% Casualties,3% Casualties,3% Casualties,4% Casualties,4% Casualties,5% Casualties,2% Casualties,2% Casualties,2% Casualties,3% Casualties,3% Casualties,4% Casualties,4% Casualties,5% Casualties,5% Casualties,2% Casualties,2% Casualties,3% Casualties,3% Casualties,4% Casualties,4% Casualties,5% Casualties,5% Casualties,6% Casualties,3% Casualties,3% Casualties,4% Casualties,4% Casualties,5% Casualties,5% Casualties,6% Casualties,6% Casualties,6% Casualties,3% Casualties,4% Casualties,4% Casualties,5% Casualties,6% Casualties,6% Casualties,7% Casualties,8% Casualties,8% Casualties,4% Casualties,4% Casualties,5% Casualties,6% Casualties,7% Casualties,7% Casualties,8% Casualties,9% Casualties,9% Casualties,4% Casualties,5% Casualties,6% Casualties,6% Casualties,7% Casualties,8% Casualties,9% Casualties,10% Casualties,10% Casualties,4% Casualties,5% Casualties,6% Casualties,7% Casualties,8% Casualties,9% Casualties,10% Casualties,10% Casualties,11% Casualties,4% Casualties,5% Casualties,6% Casualties,7% Casualties,8% Casualties,9% Casualties,10% Casualties,10% Casualties,11% Casualties,5% Casualties,6% Casualties,7% Casualties,8% Casualties,9% Casualties,10% Casualties,11% Casualties,11% Casualties,12% Casualties,5% Casualties,7% Casualties,8% Casualties,9% Casualties,10% Casualties,11% Casualties,12% Casualties,13% Casualties,13% Casualties,5% Casualties,6% Casualties,8% Casualties,9% Casualties,10% Casualties,11% Casualties,12% Casualties,13% Casualties,13% Casualties,5% Casualties,6% Casualties,8% Casualties,9% Casualties,10% Casualties,11% Casualties,12% Casualties,12% Casualties,13% Casualties,6% Casualties,7% Casualties,8% Casualties,10% Casualties,11% Casualties,12% Casualties,13% Casualties,13% Casualties,14% Casualties,6% Casualties,7% Casualties,8% Casualties,10% Casualties,11% Casualties,12% Casualties,13% Casualties,13% Casualties,14% Casualties,6% Casualties,7% Casualties,9% Casualties,10% Casualties,11% Casualties,12% Casualties,13% Casualties,14% Casualties,14% Casualties,6% Casualties,7% Casualties,8% Casualties,10% Casualties,11% Casualties,12% Casualties,13% Casualties,14% Casualties,14% Casualties,6% Casualties,7% Casualties,8% Casualties,10% Casualties,11% Casualties,12% Casualties,13% Casualties,14% Casualties,14% Casualties,6% Casualties,8% Casualties,9% Casualties,10% Casualties,11% Casualties,13% Casualties,14% Casualties,15% Casualties,15% Casualties,6% Casualties,8% Casualties,9% Casualties,10% Casualties,12% Casualties,13% Casualties,14% Casualties,15% Casualties,15% Casualties,6% Casualties,8% Casualties,9% Casualties,11% Casualties,12% Casualties,13% Casualties,14% Casualties,15% Casualties,15% Casualties,7% Casualties,8% Casualties,10% Casualties,11% Casualties,12% Casualties,13% Casualties,14% Casualties,15% Casualties,16% Casualties,7% Casualties,8% Casualties,10% Casualties,11% Casualties,12% Casualties,13% Casualties,14% Casualties,15% Casualties,16% Casualties,7% Casualties,8% Casualties,10% Casualties,11% Casualties,12% Casualties,13% Casualties,14% Casualties,15% Casualties,16% Casualties
525 CV // 20 RT,1% Casualties,1% Casualties,2% Casualties,2% Casualties,2% Casualties,3% Casualties,3% Casualties,3% Casualties,4% Casualties,1% Casualties,2% Casualties,2% Casualties,3% Casualties,3% Casualties,3% Casualties,4% Casualties,4% Casualties,5% Casualties,2% Casualties,2% Casualties,3% Casualties,3% Casualties,4% Casualties,4% Casualties,4% Casualties,5% Casualties,5% Casualties,2% Casualties,2% Casualties,3% Casualties,4% Casualties,4% Casualties,5% Casualties,5% Casualties,6% Casualties,6% Casualties,3% Casualties,3% Casualties,4% Casualties,4% Casualties,5% Casualties,5% Casualties,6% Casualties,6% Casualties,7% Casualties,3% Casualties,4% Casualties,5% Casualties,5% Casualties,6% Casualties,7% Casualties,8% Casualties,8% Casualties,9% Casualties,4% Casualties,4% Casualties,5% Casualties,6% Casualties,7% Casualties,8% Casualties,9% Casualties,9% Casualties,10% Casualties,4% Casualties,5% Casualties,6% Casualties,7% Casualties,8% Casualties,9% Casualties,10% Casualties,10% Casualties,11% Casualties,5% Casualties,6% Casualties,7% Casualties,8% Casualties,9% Casualties,10% Casualties,11% Casualties,12% Casualties,12% Casualties,5% Casualties,6% Casualties,7% Casualties,8% Casualties,9% Casualties,10% Casualties,11% Casualties,12% Casualties,12% Casualties,5% Casualties,6% Casualties,7% Casualties,9% Casualties,10% Casualties,11% Casualties,12% Casualties,13% Casualties,14% Casualties,6% Casualties,7% Casualties,8% Casualties,10% Casualties,11% Casualties,12% Casualties,13% Casualties,14% Casualties,15% Casualties,6% Casualties,7% Casualties,8% Casualties,10% Casualties,11% Casualties,12% Casualties,13% Casualties,14% Casualties,15% Casualties,6% Casualties,7% Casualties,8% Casualties,10% Casualties,11% Casualties,12% Casualties,13% Casualties,14% Casualties,15% Casualties,7% Casualties,8% Casualties,9% Casualties,11% Casualties,12% Casualties,13% Casualties,14% Casualties,15% Casualties,16% Casualties,6% Casualties,8% Casualties,9% Casualties,11% Casualties,12% Casualties,13% Casualties,14% Casualties,16% Casualties,17% Casualties,6% Casualties,8% Casualties,9% Casualties,11% Casualties,12% Casualties,13% Casualties,14% Casualties,15% Casualties,16% Casualties,6% Casualties,8% Casualties,9% Casualties,11% Casualties,12% Casualties,13% Casualties,14% Casualties,16% Casualties,16% Casualties,6% Casualties,8% Casualties,9% Casualties,11% Casualties,12% Casualties,13% Casualties,14% Casualties,15% Casualties,17% Casualties,7% Casualties,9% Casualties,10% Casualties,12% Casualties,13% Casualties,14% Casualties,16% Casualties,17% Casualties,18% Casualties,7% Casualties,9% Casualties,10% Casualties,12% Casualties,13% Casualties,15% Casualties,16% Casualties,17% Casualties,18% Casualties,7% Casualties,9% Casualties,10% Casualties,12% Casualties,13% Casualties,14% Casualties,16% Casualties,17% Casualties,18% Casualties,7% Casualties,9% Casualties,11% Casualties,12% Casualties,14% Casualties,15% Casualties,16% Casualties,17% Casualties,19% Casualties,7% Casualties,9% Casualties,11% Casualties,12% Casualties,14% Casualties,15% Casualties,16% Casualties,17% Casualties,18% Casualties,7% Casualties,9% Casualties,11% Casualties,12% Casualties,13% Casualties,15% Casualties,16% Casualties,17% Casualties,18% Casualties
525 CV // 10 RT,1% Casualties,1% Casualties,2% Casualties,2% Casualties,2% Casualties,3% Casualties,3% Casualties,3% Casualties,4% Casualties,1% Casualties,2% Casualties,2% Casualties,3% Casualties,3% Casualties,4% Casualties,4% Casualties,4% Casualties,5% Casualties,2% Casualties,2% Casualties,3% Casualties,3% Casualties,4% Casualties,4% Casualties,5% Casualties,5% Casualties,6% Casualties,2% Casualties,3% Casualties,3% Casualties,4% Casualties,4% Casualties,5% Casualties,5% Casualties,6% Casualties,7% Casualties,3% Casualties,3% Casualties,4% Casualties,4% Casualties,5% Casualties,6% Casualties,6% Casualties,7% Casualties,8% Casualties,3% Casualties,4% Casualties,5% Casualties,6% Casualties,7% Casualties,8% Casualties,8% Casualties,9% Casualties,10% Casualties,4% Casualties,5% Casualties,6% Casualties,7% Casualties,8% Casualties,9% Casualties,9% Casualties,10% Casualties,11% Casualties,4% Casualties,5% Casualties,6% Casualties,8% Casualties,9% Casualties,10% Casualties,11% Casualties,12% Casualties,13% Casualties,5% Casualties,6% Casualties,7% Casualties,9% Casualties,10% Casualties,11% Casualties,12% Casualties,13% Casualties,14% Casualties,5% Casualties,6% Casualties,7% Casualties,8% Casualties,10% Casualties,11% Casualties,12% Casualties,13% Casualties,14% Casualties,6% Casualties,7% Casualties,8% Casualties,10% Casualties,11% Casualties,12% Casualties,13% Casualties,15% Casualties,16% Casualties,6% Casualties,8% Casualties,9% Casualties,10% Casualties,12% Casualties,13% Casualties,15% Casualties,16% Casualties,17% Casualties,6% Casualties,7% Casualties,9% Casualties,11% Casualties,12% Casualties,14% Casualties,15% Casualties,16% Casualties,17% Casualties,6% Casualties,8% Casualties,9% Casualties,11% Casualties,12% Casualties,13% Casualties,15% Casualties,16% Casualties,18% Casualties,7% Casualties,9% Casualties,10% Casualties,12% Casualties,13% Casualties,15% Casualties,17% Casualties,18% Casualties,19% Casualties,7% Casualties,9% Casualties,10% Casualties,12% Casualties,14% Casualties,15% Casualties,16% Casualties,18% Casualties,19% Casualties,7% Casualties,9% Casualties,10% Casualties,12% Casualties,14% Casualties,15% Casualties,16% Casualties,18% Casualties,19% Casualties,7% Casualties,9% Casualties,10% Casualties,12% Casualties,13% Casualties,15% Casualties,17% Casualties,18% Casualties,19% Casualties,7% Casualties,9% Casualties,10% Casualties,12% Casualties,14% Casualties,15% Casualties,16% Casualties,18% Casualties,19% Casualties,8% Casualties,9% Casualties,11% Casualties,13% Casualties,15% Casualties,17% Casualties,18% Casualties,20% Casualties,21% Casualties,8% Casualties,9% Casualties,11% Casualties,13% Casualties,15% Casualties,17% Casualties,18% Casualties,20% Casualties,21% Casualties,7% Casualties,10% Casualties,11% Casualties,13% Casualties,15% Casualties,17% Casualties,18% Casualties,20% Casualties,21% Casualties,8% Casualties,10% Casualties,12% Casualties,14% Casualties,15% Casualties,17% Casualties,19% Casualties,20% Casualties,22% Casualties,8% Casualties,10% Casualties,12% Casualties,14% Casualties,16% Casualties,17% Casualties,19% Casualties,20% Casualties,22% Casualties,8% Casualties,10% Casualties,12% Casualties,14% Casualties,16% Casualties,17% Casualties,19% Casualties,20% Casualties,22% Casualties
525 CV // 0 RT,1% Casualties,1% Casualties,2% Casualties,2% Casualties,2% Casualties,3% Casualties,3% Casualties,3% Casualties,4% Casualties,1% Casualties,2% Casualties,2% Casualties,3% Casualties,3% Casualties,4% Casualties,4% Casualties,5% Casualties,5% Casualties,2% Casualties,2% Casualties,3% Casualties,3% Casualties,4% Casualties,4% Casualties,5% Casualties,5% Casualties,6% Casualties,2% Casualties,3% Casualties,3% Casualties,4% Casualties,5% Casualties,5% Casualties,6% Casualties,6% Casualties,7% Casualties,3% Casualties,3% Casualties,4% Casualties,5% Casualties,5% Casualties,6% Casualties,7% Casualties,8% Casualties,8% Casualties,4% Casualties,4% Casualties,5% Casualties,6% Casualties,7% Casualties,8% Casualties,9% Casualties,10% Casualties,11% Casualties,4% Casualties,5% Casualties,6% Casualties,7% Casualties,8% Casualties,9% Casualties,10% Casualties,12% Casualties,13% Casualties,5% Casualties,6% Casualties,7% Casualties,8% Casualties,10% Casualties,11% Casualties,12% Casualties,13% Casualties,14% Casualties,5% Casualties,6% Casualties,8% Casualties,9% Casualties,11% Casualties,12% Casualties,14% Casualties,15% Casualties,16% Casualties,5% Casualties,6% Casualties,8% Casualties,9% Casualties,11% Casualties,12% Casualties,13% Casualties,15% Casualties,16% Casualties,6% Casualties,7% Casualties,9% Casualties,10% Casualties,12% Casualties,14% Casualties,15% Casualties,17% Casualties,18% Casualties,7% Casualties,8% Casualties,10% Casualties,12% Casualties,14% Casualties,15% Casualties,17% Casualties,19% Casualties,20% Casualties,7% Casualties,8% Casualties,10% Casualties,12% Casualties,14% Casualties,16% Casualties,17% Casualties,19% Casualties,20% Casualties,7% Casualties,8% Casualties,10% Casualties,12% Casualties,13% Casualties,15% Casualties,17% Casualties,19% Casualties,20% Casualties,7% Casualties,10% Casualties,12% Casualties,13% Casualties,15% Casualties,17% Casualties,19% Casualties,21% Casualties,22% Casualties,7% Casualties,9% Casualties,12% Casualties,13% Casualties,15% Casualties,17% Casualties,19% Casualties,21% Casualties,22% Casualties,8% Casualties,9% Casualties,11% Casualties,13% Casualties,15% Casualties,17% Casualties,19% Casualties,21% Casualties,22% Casualties,8% Casualties,9% Casualties,11% Casualties,13% Casualties,15% Casualties,17% Casualties,19% Casualties,21% Casualties,22% Casualties,7% Casualties,9% Casualties,11% Casualties,13% Casualties,15% Casualties,17% Casualties,19% Casualties,21% Casualties,23% Casualties,8% Casualties,11% Casualties,13% Casualties,15% Casualties,17% Casualties,19% Casualties,21% Casualties,23% Casualties,25% Casualties,8% Casualties,10% Casualties,12% Casualties,15% Casualties,17% Casualties,19% Casualties,21% Casualties,23% Casualties,25% Casualties,8% Casualties,10% Casualties,13% Casualties,15% Casualties,17% Casualties,19% Casualties,21% Casualties,23% Casualties,25% Casualties,9% Casualties,11% Casualties,13% Casualties,15% Casualties,18% Casualties,20% Casualties,22% Casualties,24% Casualties,26% Casualties,9% Casualties,11% Casualties,13% Casualties,16% Casualties,18% Casualties,20% Casualties,23% Casualties,24% Casualties,25% Casualties,9% Casualties,11% Casualties,13% Casualties,16% Casualties,18% Casualties,20% Casualties,22% Casualties,24% Casualties,26% Casualties
550 CV // 80 RT,1% Casualties,1% Casualties,2% Casualties,2% Casualties,2% Casualties,2% Casualties,3% Casualties,3% Casualties,3% Casualties,1% Casualties,2% Casualties,2% Casualties,2% Casualties,3% Casualties,3% Casualties,3% Casualties,3% Casualties,3% Casualties,1% Casualties,2% Casualties,2% Casualties,2% Casualties,3% Casualties,3% Casualties,3% Casualties,3% Casualties,4% Casualties,2% Casualties,2% Casualties,2% Casualties,3% Casualties,3% Casualties,3% Casualties,3% Casualties,4% Casualties,4% Casualties,2% Casualties,3% Casualties,3% Casualties,3% Casualties,3% Casualties,4% Casualties,4% Casualties,4% Casualties,4% Casualties,2% Casualties,3% Casualties,3% Casualties,3% Casualties,4% Casualties,4% Casualties,4% Casualties,5% Casualties,5% Casualties,3% Casualties,3% Casualties,3% Casualties,4% Casualties,4% Casualties,5% Casualties,5% Casualties,5% Casualties,5% Casualties,3% Casualties,4% Casualties,4% Casualties,5% Casualties,5% Casualties,5% Casualties,6% Casualties,6% Casualties,6% Casualties,3% Casualties,4% Casualties,4% Casualties,5% Casualties,5% Casualties,5% Casualties,6% Casualties,6% Casualties,6% Casualties,4% Casualties,4% Casualties,5% Casualties,5% Casualties,5% Casualties,6% Casualties,6% Casualties,6% Casualties,7% Casualties,4% Casualties,4% Casualties,5% Casualties,5% Casualties,6% Casualties,6% Casualties,7% Casualties,7% Casualties,7% Casualties,4% Casualties,4% Casualties,5% Casualties,5% Casualties,6% Casualties,6% Casualties,7% Casualties,7% Casualties,7% Casualties,4% Casualties,5% Casualties,5% Casualties,6% Casualties,6% Casualties,7% Casualties,7% Casualties,7% Casualties,7% Casualties,4% Casualties,5% Casualties,5% Casualties,6% Casualties,6% Casualties,7% Casualties,7% Casualties,7% Casualties,7% Casualties,4% Casualties,5% Casualties,5% Casualties,6% Casualties,6% Casualties,7% Casualties,7% Casualties,7% Casualties,7% Casualties,5% Casualties,5% Casualties,6% Casualties,6% Casualties,7% Casualties,7% Casualties,7% Casualties,8% Casualties,8% Casualties,5% Casualties,5% Casualties,6% Casualties,6% Casualties,7% Casualties,7% Casualties,7% Casualties,8% Casualties,8% Casualties,5% Casualties,5% Casualties,6% Casualties,6% Casualties,7% Casualties,7% Casualties,7% Casualties,8% Casualties,8% Casualties,5% Casualties,5% Casualties,6% Casualties,6% Casualties,7% Casualties,7% Casualties,7% Casualties,8% Casualties,8% Casualties,5% Casualties,5% Casualties,6% Casualties,6% Casualties,7% Casualties,7% Casualties,7% Casualties,8% Casualties,8% Casualties,5% Casualties,5% Casualties,6% Casualties,7% Casualties,7% Casualties,7% Casualties,8% Casualties,8% Casualties,8% Casualties,5% Casualties,5% Casualties,6% Casualties,6% Casualties,7% Casualties,7% Casualties,8% Casualties,8% Casualties,8% Casualties,5% Casualties,5% Casualties,6% Casualties,7% Casualties,7% Casualties,8% Casualties,8% Casualties,8% Casualties,8% Casualties,5% Casualties,6% Casualties,6% Casualties,7% Casualties,7% Casualties,7% Casualties,8% Casualties,8% Casualties,8% Casualties,5% Casualties,6% Casualties,6% Casualties,7% Casualties,7% Casualties,7% Casualties,8% Casualties,8% Casualties,8% Casualties
550 CV // 70 RT,1% Casualties,1% Casualties,2% Casualties,2% Casualties,2% Casualties,2% Casualties,3% Casualties,3% Casualties,3% Casualties,1% Casualties,2% Casualties,2% Casualties,2% Casualties,3% Casualties,3% Casualties,3% Casualties,3% Casualties,4% Casualties,1% Casualties,2% Casualties,2% Casualties,3% Casualties,3% Casualties,3% Casualties,4% Casualties,4% Casualties,4% Casualties,2% Casualties,2% Casualties,2% Casualties,3% Casualties,3% Casualties,4% Casualties,4% Casualties,4% Casualties,4% Casualties,2% Casualties,3% Casualties,3% Casualties,3% Casualties,4% Casualties,4% Casualties,4% Casualties,5% Casualties,5% Casualties,3% Casualties,3% Casualties,3% Casualties,4% Casualties,4% Casualties,4% Casualties,5% Casualties,5% Casualties,5% Casualties,3% Casualties,3% Casualties,4% Casualties,4% Casualties,4% Casualties,5% Casualties,5% Casualties,6% Casualties,6% Casualties,3% Casualties,4% Casualties,5% Casualties,5% Casualties,5% Casualties,6% Casualties,6% Casualties,6% Casualties,7% Casualties,3% Casualties,4% Casualties,5% Casualties,5% Casualties,5% Casualties,6% Casualties,6% Casualties,7% Casualties,7% Casualties,4% Casualties,4% Casualties,5% Casualties,5% Casualties,6% Casualties,6% Casualties,7% Casualties,7% Casualties,7% Casualties,4% Casualties,5% Casualties,5% Casualties,6% Casualties,6% Casualties,7% Casualties,7% Casualties,8% Casualties,8% Casualties,4% Casualties,5% Casualties,5% Casualties,6% Casualties,6% Casualties,7% Casualties,7% Casualties,8% Casualties,8% Casualties,4% Casualties,5% Casualties,6% Casualties,6% Casualties,7% Casualties,7% Casualties,8% Casualties,8% Casualties,8% Casualties,4% Casualties,5% Casualties,6% Casualties,6% Casualties,7% Casualties,7% Casualties,8% Casualties,8% Casualties,8% Casualties,4% Casualties,5% Casualties,6% Casualties,6% Casualties,7% Casualties,7% Casualties,8% Casualties,8% Casualties,8% Casualties,5% Casualties,6% Casualties,6% Casualties,7% Casualties,7% Casualties,8% Casualties,8% Casualties,9% Casualties,9% Casualties,5% Casualties,6% Casualties,6% Casualties,7% Casualties,7% Casualties,8% Casualties,8% Casualties,9% Casualties,9% Casualties,5% Casualties,6% Casualties,6% Casualties,7% Casualties,7% Casualties,8% Casualties,8% Casualties,9% Casualties,9% Casualties,5% Casualties,6% Casualties,6% Casualties,7% Casualties,7% Casualties,8% Casualties,8% Casualties,9% Casualties,9% Casualties,5% Casualties,6% Casualties,6% Casualties,7% Casualties,7% Casualties,8% Casualties,8% Casualties,9% Casualties,9% Casualties,5% Casualties,6% Casualties,7% Casualties,7% Casualties,8% Casualties,8% Casualties,9% Casualties,9% Casualties,9% Casualties,5% Casualties,6% Casualties,7% Casualties,7% Casualties,8% Casualties,8% Casualties,9% Casualties,9% Casualties,9% Casualties,5% Casualties,6% Casualties,7% Casualties,7% Casualties,8% Casualties,8% Casualties,9% Casualties,9% Casualties,9% Casualties,5% Casualties,6% Casualties,7% Casualties,7% Casualties,8% Casualties,8% Casualties,9% Casualties,9% Casualties,9% Casualties,5% Casualties,6% Casualties,7% Casualties,7% Casualties,8% Casualties,8% Casualties,9% Casualties,9% Casualties,9% Casualties
550 CV // 60 RT,1% Casualties,1% Casualties,2% Casualties,2% Casualties,2% Casualties,3% Casualties,3% Casualties,3% Casualties,3% Casualties,1% Casualties,2% Casualties,2% Casualties,2% Casualties,3% Casualties,3% Casualties,3% Casualties,4% Casualties,4% Casualties,1% Casualties,2% Casualties,2% Casualties,3% Casualties,3% Casualties,3% Casualties,4% Casualties,4% Casualties,4% Casualties,2% Casualties,2% Casualties,3% Casualties,3% Casualties,3% Casualties,4% Casualties,4% Casualties,4% Casualties,5% Casualties,2% Casualties,3% Casualties,3% Casualties,4% Casualties,4% Casualties,4% Casualties,5% Casualties,5% Casualties,5% Casualties,3% Casualties,3% Casualties,3% Casualties,4% Casualties,4% Casualties,5% Casualties,5% Casualties,5% Casualties,6% Casualties,3% Casualties,3% Casualties,4% Casualties,4% Casualties,5% Casualties,5% Casualties,6% Casualties,6% Casualties,6% Casualties,4% Casualties,4% Casualties,5% Casualties,5% Casualties,6% Casualties,6% Casualties,7% Casualties,7% Casualties,8% Casualties,4% Casualties,4% Casualties,5% Casualties,5% Casualties,6% Casualties,6% Casualties,7% Casualties,7% Casualties,8% Casualties,4% Casualties,5% Casualties,5% Casualties,6% Casualties,6% Casualties,7% Casualties,7% Casualties,8% Casualties,8% Casualties,4% Casualties,5% Casualties,6% Casualties,6% Casualties,7% Casualties,7% Casualties,8% Casualties,8% Casualties,9% Casualties,4% Casualties,5% Casualties,6% Casualties,6% Casualties,7% Casualties,7% Casualties,8% Casualties,8% Casualties,9% Casualties,5% Casualties,5% Casualties,6% Casualties,7% Casualties,8% Casualties,8% Casualties,9% Casualties,9% Casualties,9% Casualties,5% Casualties,5% Casualties,6% Casualties,7% Casualties,7% Casualties,8% Casualties,9% Casualties,9% Casualties,9% Casualties,5% Casualties,5% Casualties,6% Casualties,7% Casualties,7% Casualties,8% Casualties,9% Casualties,9% Casualties,9% Casualties,5% Casualties,6% Casualties,7% Casualties,8% Casualties,8% Casualties,9% Casualties,9% Casualties,10% Casualties,10% Casualties,5% Casualties,6% Casualties,7% Casualties,7% Casualties,8% Casualties,9% Casualties,9% Casualties,10% Casualties,10% Casualties,5% Casualties,6% Casualties,7% Casualties,8% Casualties,8% Casualties,9% Casualties,9% Casualties,10% Casualties,10% Casualties,5% Casualties,6% Casualties,7% Casualties,7% Casualties,8% Casualties,9% Casualties,9% Casualties,10% Casualties,10% Casualties,5% Casualties,6% Casualties,7% Casualties,8% Casualties,8% Casualties,9% Casualties,9% Casualties,10% Casualties,10% Casualties,5% Casualties,6% Casualties,7% Casualties,8% Casualties,9% Casualties,9% Casualties,10% Casualties,10% Casualties,11% Casualties,5% Casualties,6% Casualties,7% Casualties,8% Casualties,9% Casualties,9% Casualties,10% Casualties,10% Casualties,11% Casualties,5% Casualties,6% Casualties,7% Casualties,8% Casualties,9% Casualties,9% Casualties,10% Casualties,10% Casualties,10% Casualties,6% Casualties,6% Casualties,7% Casualties,8% Casualties,9% Casualties,9% Casualties,10% Casualties,10% Casualties,11% Casualties,5% Casualties,6% Casualties,7% Casualties,8% Casualties,9% Casualties,9% Casualties,10% Casualties,10% Casualties,11% Casualties
550 CV // 50 RT,1% Casualties,1% Casualties,2% Casualties,2% Casualties,2% Casualties,3% Casualties,3% Casualties,3% Casualties,3% Casualties,1% Casualties,2% Casualties,2% Casualties,2% Casualties,3% Casualties,3% Casualties,3% Casualties,4% Casualties,4% Casualties,2% Casualties,2% Casualties,2% Casualties,3% Casualties,3% Casualties,4% Casualties,4% Casualties,4% Casualties,4% Casualties,2% Casualties,2% Casualties,3% Casualties,3% Casualties,3% Casualties,4% Casualties,4% Casualties,5% Casualties,5% Casualties,2% Casualties,3% Casualties,3% Casualties,4% Casualties,4% Casualties,5% Casualties,5% Casualties,5% Casualties,6% Casualties,3% Casualties,3% Casualties,4% Casualties,4% Casualties,5% Casualties,5% Casualties,5% Casualties,6% Casualties,6% Casualties,3% Casualties,3% Casualties,4% Casualties,5% Casualties,5% Casualties,6% Casualties,6% Casualties,7% Casualties,7% Casualties,4% Casualties,4% Casualties,5% Casualties,6% Casualties,6% Casualties,7% Casualties,7% Casualties,8% Casualties,8% Casualties,4% Casualties,4% Casualties,5% Casualties,6% Casualties,6% Casualties,7% Casualties,7% Casualties,8% Casualties,8% Casualties,4% Casualties,5% Casualties,6% Casualties,6% Casualties,7% Casualties,7% Casualties,8% Casualties,9% Casualties,9% Casualties,4% Casualties,5% Casualties,6% Casualties,7% Casualties,8% Casualties,8% Casualties,9% Casualties,9% Casualties,10% Casualties,4% Casualties,5% Casualties,6% Casualties,7% Casualties,8% Casualties,8% Casualties,9% Casualties,9% Casualties,10% Casualties,5% Casualties,6% Casualties,7% Casualties,7% Casualties,8% Casualties,9% Casualties,9% Casualties,10% Casualties,11% Casualties,5% Casualties,6% Casualties,7% Casualties,7% Casualties,8% Casualties,9% Casualties,9% Casualties,10% Casualties,11% Casualties,5% Casualties,6% Casualties,7% Casualties,7% Casualties,8% Casualties,9% Casualties,9% Casualties,10% Casualties,10% Casualties,5% Casualties,6% Casualties,7% Casualties,8% Casualties,9% Casualties,10% Casualties,10% Casualties,11% Casualties,11% Casualties,5% Casualties,6% Casualties,7% Casualties,8% Casualties,9% Casualties,10% Casualties,10% Casualties,11% Casualties,11% Casualties,5% Casualties,6% Casualties,7% Casualties,8% Casualties,9% Casualties,10% Casualties,10% Casualties,11% Casualties,11% Casualties,5% Casualties,6% Casualties,7% Casualties,8% Casualties,9% Casualties,10% Casualties,10% Casualties,11% Casualties,11% Casualties,5% Casualties,6% Casualties,7% Casualties,8% Casualties,9% Casualties,10% Casualties,10% Casualties,11% Casualties,11% Casualties,6% Casualties,7% Casualties,8% Casualties,9% Casualties,9% Casualties,10% Casualties,11% Casualties,11% Casualties,12% Casualties,6% Casualties,7% Casualties,8% Casualties,9% Casualties,9% Casualties,10% Casualties,11% Casualties,11% Casualties,12% Casualties,6% Casualties,7% Casualties,8% Casualties,9% Casualties,9% Casualties,10% Casualties,11% Casualties,11% Casualties,12% Casualties,6% Casualties,7% Casualties,8% Casualties,9% Casualties,10% Casualties,10% Casualties,11% Casualties,11% Casualties,12% Casualties,6% Casualties,7% Casualties,8% Casualties,9% Casualties,10% Casualties,10% Casualties,11% Casualties,12% Casualties,12% Casualties
550 CV // 40 RT,1% Casualties,1% Casualties,2% Casualties,2% Casualties,2% Casualties,3% Casualties,3% Casualties,3% Casualties,3% Casualties,1% Casualties,2% Casualties,2% Casualties,2% Casualties,3% Casualties,3% Casualties,3% Casualties,4% Casualties,4% Casualties,1% Casualties,2% Casualties,2% Casualties,3% Casualties,3% Casualties,4% Casualties,4% Casualties,4% Casualties,5% Casualties,2% Casualties,2% Casualties,3% Casualties,3% Casualties,4% Casualties,4% Casualties,4% Casualties,5% Casualties,5% Casualties,3% Casualties,3% Casualties,3% Casualties,4% Casualties,4% Casualties,5% Casualties,5% Casualties,6% Casualties,6% Casualties,3% Casualties,3% Casualties,4% Casualties,4% Casualties,5% Casualties,5% Casualties,6% Casualties,6% Casualties,7% Casualties,3% Casualties,4% Casualties,4% Casualties,5% Casualties,5% Casualties,6% Casualties,6% Casualties,7% Casualties,8% Casualties,4% Casualties,5% Casualties,5% Casualties,6% Casualties,7% Casualties,7% Casualties,8% Casualties,9% Casualties,9% Casualties,4% Casualties,5% Casualties,5% Casualties,6% Casualties,7% Casualties,7% Casualties,8% Casualties,9% Casualties,9% Casualties,4% Casualties,5% Casualties,6% Casualties,7% Casualties,7% Casualties,8% Casualties,9% Casualties,9% Casualties,10% Casualties,5% Casualties,6% Casualties,6% Casualties,7% Casualties,8% Casualties,9% Casualties,10% Casualties,10% Casualties,11% Casualties,5% Casualties,6% Casualties,6% Casualties,7% Casualties,8% Casualties,9% Casualties,9% Casualties,10% Casualties,11% Casualties,5% Casualties,6% Casualties,7% Casualties,8% Casualties,9% Casualties,10% Casualties,10% Casualties,11% Casualties,12% Casualties,5% Casualties,6% Casualties,7% Casualties,8% Casualties,9% Casualties,10% Casualties,10% Casualties,11% Casualties,12% Casualties,5% Casualties,6% Casualties,7% Casualties,8% Casualties,9% Casualties,10% Casualties,10% Casualties,11% Casualties,12% Casualties,6% Casualties,7% Casualties,8% Casualties,9% Casualties,10% Casualties,11% Casualties,11% Casualties,12% Casualties,13% Casualties,6% Casualties,7% Casualties,8% Casualties,9% Casualties,10% Casualties,11% Casualties,11% Casualties,12% Casualties,13% Casualties,6% Casualties,7% Casualties,8% Casualties,9% Casualties,10% Casualties,11% Casualties,11% Casualties,12% Casualties,13% Casualties,6% Casualties,7% Casualties,8% Casualties,9% Casualties,10% Casualties,11% Casualties,11% Casualties,12% Casualties,13% Casualties,6% Casualties,7% Casualties,8% Casualties,9% Casualties,10% Casualties,11% Casualties,11% Casualties,12% Casualties,13% Casualties,6% Casualties,7% Casualties,8% Casualties,9% Casualties,10% Casualties,11% Casualties,12% Casualties,13% Casualties,13% Casualties,6% Casualties,7% Casualties,8% Casualties,9% Casualties,10% Casualties,11% Casualties,12% Casualties,13% Casualties,13% Casualties,6% Casualties,7% Casualties,8% Casualties,9% Casualties,10% Casualties,11% Casualties,12% Casualties,13% Casualties,13% Casualties,6% Casualties,7% Casualties,9% Casualties,10% Casualties,11% Casualties,12% Casualties,12% Casualties,13% Casualties,13% Casualties,6% Casualties,7% Casualties,9% Casualties,10% Casualties,11% Casualties,12% Casualties,13% Casualties,13% Casualties,14% Casualties
550 CV // 30 RT,1% Casualties,1% Casualties,2% Casualties,2% Casualties,2% Casualties,3% Casualties,3% Casualties,3% Casualties,3% Casualties,1% Casualties,2% Casualties,2% Casualties,2% Casualties,3% Casualties,3% Casualties,3% Casualties,4% Casualties,4% Casualties,2% Casualties,2% Casualties,2% Casualties,3% Casualties,3% Casualties,4% Casualties,4% Casualties,4% Casualties,5% Casualties,2% Casualties,2% Casualties,3% Casualties,3% Casualties,4% Casualties,4% Casualties,5% Casualties,5% Casualties,5% Casualties,3% Casualties,3% Casualties,3% Casualties,4% Casualties,5% Casualties,5% Casualties,6% Casualties,6% Casualties,6% Casualties,3% Casualties,3% Casualties,4% Casualties,5% Casualties,5% Casualties,6% Casualties,6% Casualties,7% Casualties,7% Casualties,3% Casualties,4% Casualties,4% Casualties,5% Casualties,6% Casualties,6% Casualties,7% Casualties,8% Casualties,8% Casualties,4% Casualties,5% Casualties,6% Casualties,6% Casualties,7% Casualties,8% Casualties,9% Casualties,9% Casualties,10% Casualties,4% Casualties,5% Casualties,6% Casualties,6% Casualties,7% Casualties,8% Casualties,9% Casualties,10% Casualties,10% Casualties,4% Casualties,5% Casualties,6% Casualties,7% Casualties,8% Casualties,9% Casualties,10% Casualties,10% Casualties,11% Casualties,5% Casualties,6% Casualties,7% Casualties,8% Casualties,9% Casualties,10% Casualties,11% Casualties,11% Casualties,12% Casualties,5% Casualties,6% Casualties,7% Casualties,8% Casualties,9% Casualties,10% Casualties,11% Casualties,11% Casualties,12% Casualties,5% Casualties,6% Casualties,8% Casualties,9% Casualties,10% Casualties,11% Casualties,12% Casualties,13% Casualties,13% Casualties,5% Casualties,6% Casualties,8% Casualties,9% Casualties,10% Casualties,11% Casualties,12% Casualties,12% Casualties,13% Casualties,5% Casualties,6% Casualties,7% Casualties,9% Casualties,10% Casualties,11% Casualties,12% Casualties,12% Casualties,13% Casualties,6% Casualties,7% Casualties,9% Casualties,10% Casualties,11% Casualties,12% Casualties,13% Casualties,14% Casualties,14% Casualties,6% Casualties,7% Casualties,8% Casualties,10% Casualties,11% Casualties,12% Casualties,13% Casualties,14% Casualties,14% Casualties,6% Casualties,7% Casualties,9% Casualties,10% Casualties,11% Casualties,12% Casualties,13% Casualties,14% Casualties,14% Casualties,6% Casualties,7% Casualties,9% Casualties,10% Casualties,11% Casualties,12% Casualties,13% Casualties,14% Casualties,14% Casualties,6% Casualties,7% Casualties,9% Casualties,10% Casualties,11% Casualties,12% Casualties,13% Casualties,14% Casualties,14% Casualties,6% Casualties,8% Casualties,9% Casualties,10% Casualties,12% Casualties,13% Casualties,14% Casualties,15% Casualties,15% Casualties,6% Casualties,8% Casualties,9% Casualties,11% Casualties,12% Casualties,13% Casualties,14% Casualties,15% Casualties,16% Casualties,6% Casualties,8% Casualties,9% Casualties,11% Casualties,12% Casualties,13% Casualties,14% Casualties,15% Casualties,15% Casualties,7% Casualties,8% Casualties,9% Casualties,11% Casualties,12% Casualties,13% Casualties,14% Casualties,15% Casualties,16% Casualties,7% Casualties,8% Casualties,10% Casualties,11% Casualties,12% Casualties,13% Casualties,14% Casualties,15% Casualties,16% Casualties
550 CV // 20 RT,1% Casualties,1% Casualties,2% Casualties,2% Casualties,2% Casualties,3% Casualties,3% Casualties,3% Casualties,3% Casualties,1% Casualties,2% Casualties,2% Casualties,2% Casualties,3% Casualties,3% Casualties,4% Casualties,4% Casualties,4% Casualties,2% Casualties,2% Casualties,2% Casualties,3% Casualties,3% Casualties,4% Casualties,4% Casualties,5% Casualties,5% Casualties,2% Casualties,2% Casualties,3% Casualties,3% Casualties,4% Casualties,4% Casualties,5% Casualties,5% Casualties,6% Casualties,3% Casualties,3% Casualties,4% Casualties,4% Casualties,5% Casualties,5% Casualties,6% Casualties,6% Casualties,7% Casualties,3% Casualties,3% Casualties,4% Casualties,5% Casualties,5% Casualties,6% Casualties,7% Casualties,7% Casualties,8% Casualties,3% Casualties,4% Casualties,5% Casualties,5% Casualties,6% Casualties,7% Casualties,8% Casualties,8% Casualties,9% Casualties,4% Casualties,5% Casualties,6% Casualties,7% Casualties,8% Casualties,9% Casualties,10% Casualties,11% Casualties,11% Casualties,4% Casualties,5% Casualties,6% Casualties,7% Casualties,8% Casualties,9% Casualties,10% Casualties,10% Casualties,11% Casualties,5% Casualties,6% Casualties,7% Casualties,8% Casualties,9% Casualties,10% Casualties,11% Casualties,12% Casualties,13% Casualties,5% Casualties,6% Casualties,7% Casualties,9% Casualties,10% Casualties,11% Casualties,12% Casualties,13% Casualties,14% Casualties,5% Casualties,6% Casualties,7% Casualties,9% Casualties,10% Casualties,11% Casualties,12% Casualties,13% Casualties,14% Casualties,6% Casualties,7% Casualties,8% Casualties,10% Casualties,11% Casualties,12% Casualties,13% Casualties,14% Casualties,15% Casualties,6% Casualties,7% Casualties,8% Casualties,10% Casualties,11% Casualties,12% Casualties,13% Casualties,14% Casualties,15% Casualties,6% Casualties,7% Casualties,8% Casualties,10% Casualties,11% Casualties,12% Casualties,13% Casualties,14% Casualties,15% Casualties,6% Casualties,8% Casualties,9% Casualties,11% Casualties,12% Casualties,13% Casualties,14% Casualties,15% Casualties,17% Casualties,7% Casualties,8% Casualties,9% Casualties,11% Casualties,12% Casualties,13% Casualties,14% Casualties,16% Casualties,17% Casualties,6% Casualties,8% Casualties,9% Casualties,11% Casualties,12% Casualties,13% Casualties,15% Casualties,15% Casualties,16% Casualties,6% Casualties,8% Casualties,9% Casualties,11% Casualties,12% Casualties,13% Casualties,14% Casualties,15% Casualties,17% Casualties,6% Casualties,8% Casualties,9% Casualties,11% Casualties,12% Casualties,13% Casualties,14% Casualties,16% Casualties,16% Casualties,7% Casualties,9% Casualties,10% Casualties,12% Casualties,13% Casualties,14% Casualties,16% Casualties,17% Casualties,18% Casualties,7% Casualties,9% Casualties,10% Casualties,12% Casualties,13% Casualties,14% Casualties,16% Casualties,17% Casualties,18% Casualties,7% Casualties,8% Casualties,10% Casualties,12% Casualties,13% Casualties,14% Casualties,16% Casualties,17% Casualties,18% Casualties,7% Casualties,9% Casualties,11% Casualties,12% Casualties,14% Casualties,15% Casualties,16% Casualties,17% Casualties,19% Casualties,7% Casualties,9% Casualties,11% Casualties,12% Casualties,14% Casualties,15% Casualties,16% Casualties,17% Casualties,18% Casualties
550 CV // 10 RT,1% Casualties,1% Casualties,2% Casualties,2% Casualties,2% Casualties,3% Casualties,3% Casualties,3% Casualties,3% Casualties,1% Casualties,2% Casualties,2% Casualties,2% Casualties,3% Casualties,3% Casualties,4% Casualties,4% Casualties,4% Casualties,2% Casualties,2% Casualties,2% Casualties,3% Casualties,3% Casualties,4% Casualties,4% Casualties,5% Casualties,5% Casualties,2% Casualties,2% Casualties,3% Casualties,4% Casualties,4% Casualties,5% Casualties,5% Casualties,6% Casualties,6% Casualties,3% Casualties,3% Casualties,4% Casualties,4% Casualties,5% Casualties,6% Casualties,6% Casualties,7% Casualties,8% Casualties,3% Casualties,4% Casualties,4% Casualties,5% Casualties,6% Casualties,7% Casualties,7% Casualties,8% Casualties,9% Casualties,3% Casualties,4% Casualties,5% Casualties,6% Casualties,7% Casualties,8% Casualties,8% Casualties,9% Casualties,10% Casualties,4% Casualties,5% Casualties,6% Casualties,8% Casualties,9% Casualties,10% Casualties,11% Casualties,12% Casualties,13% Casualties,4% Casualties,5% Casualties,6% Casualties,7% Casualties,9% Casualties,10% Casualties,11% Casualties,12% Casualties,13% Casualties,5% Casualties,6% Casualties,7% Casualties,8% Casualties,10% Casualties,11% Casualties,12% Casualties,13% Casualties,14% Casualties,5% Casualties,7% Casualties,8% Casualties,9% Casualties,11% Casualties,12% Casualties,13% Casualties,15% Casualties,16% Casualties,5% Casualties,7% Casualties,8% Casualties,10% Casualties,11% Casualties,12% Casualties,13% Casualties,15% Casualties,16% Casualties,6% Casualties,8% Casualties,9% Casualties,11% Casualties,12% Casualties,14% Casualties,15% Casualties,16% Casualties,18% Casualties,6% Casualties,8% Casualties,9% Casualties,11% Casualties,12% Casualties,14% Casualties,15% Casualties,16% Casualties,17% Casualties,6% Casualties,7% Casualties,9% Casualties,11% Casualties,12% Casualties,13% Casualties,15% Casualties,16% Casualties,17% Casualties,7% Casualties,8% Casualties,10% Casualties,12% Casualties,13% Casualties,15% Casualties,17% Casualties,18% Casualties,19% Casualties,7% Casualties,9% Casualties,10% Casualties,12% Casualties,14% Casualties,15% Casualties,17% Casualties,18% Casualties,19% Casualties,7% Casualties,8% Casualties,10% Casualties,12% Casualties,14% Casualties,15% Casualties,17% Casualties,18% Casualties,19% Casualties,7% Casualties,9% Casualties,10% Casualties,12% Casualties,13% Casualties,15% Casualties,17% Casualties,18% Casualties,19% Casualties,7% Casualties,8% Casualties,10% Casualties,12% Casualties,14% Casualties,15% Casualties,16% Casualties,18% Casualties,19% Casualties,8% Casualties,9% Casualties,11% Casualties,13% Casualties,15% Casualties,16% Casualties,18% Casualties,20% Casualties,21% Casualties,8% Casualties,9% Casualties,11% Casualties,13% Casualties,15% Casualties,16% Casualties,18% Casualties,20% Casualties,21% Casualties,7% Casualties,9% Casualties,11% Casualties,13% Casualties,15% Casualties,17% Casualties,18% Casualties,20% Casualties,21% Casualties,8% Casualties,10% Casualties,12% Casualties,14% Casualties,16% Casualties,17% Casualties,19% Casualties,20% Casualties,22% Casualties,8% Casualties,10% Casualties,12% Casualties,14% Casualties,16% Casualties,17% Casualties,19% Casualties,21% Casualties,22% Casualties
550 CV // 0 RT,1% Casualties,1% Casualties,2% Casualties,2% Casualties,2% Casualties,3% Casualties,3% Casualties,3% Casualties,3% Casualties,1% Casualties,2% Casualties,2% Casualties,2% Casualties,3% Casualties,3% Casualties,4% Casualties,4% Casualties,4% Casualties,2% Casualties,2% Casualties,3% Casualties,3% Casualties,4% Casualties,4% Casualties,5% Casualties,5% Casualties,6% Casualties,2% Casualties,2% Casualties,3% Casualties,4% Casualties,4% Casualties,5% Casualties,5% Casualties,6% Casualties,7% Casualties,3% Casualties,3% Casualties,4% Casualties,5% Casualties,5% Casualties,6% Casualties,7% Casualties,7% Casualties,8% Casualties,3% Casualties,4% Casualties,5% Casualties,5% Casualties,6% Casualties,7% Casualties,8% Casualties,9% Casualties,10% Casualties,4% Casualties,4% Casualties,5% Casualties,6% Casualties,7% Casualties,8% Casualties,9% Casualties,10% Casualties,11% Casualties,5% Casualties,6% Casualties,7% Casualties,8% Casualties,10% Casualties,11% Casualties,12% Casualties,13% Casualties,14% Casualties,5% Casualties,6% Casualties,7% Casualties,8% Casualties,10% Casualties,11% Casualties,12% Casualties,13% Casualties,15% Casualties,5% Casualties,6% Casualties,8% Casualties,9% Casualties,11% Casualties,12% Casualties,14% Casualties,15% Casualties,16% Casualties,6% Casualties,7% Casualties,9% Casualties,11% Casualties,12% Casualties,14% Casualties,15% Casualties,17% Casualties,18% Casualties,6% Casualties,7% Casualties,9% Casualties,10% Casualties,12% Casualties,14% Casualties,15% Casualties,17% Casualties,18% Casualties,7% Casualties,8% Casualties,10% Casualties,12% Casualties,14% Casualties,15% Casualties,17% Casualties,19% Casualties,20% Casualties,7% Casualties,8% Casualties,10% Casualties,12% Casualties,14% Casualties,15% Casualties,17% Casualties,19% Casualties,20% Casualties,7% Casualties,8% Casualties,10% Casualties,12% Casualties,14% Casualties,15% Casualties,17% Casualties,19% Casualties,20% Casualties,7% Casualties,9% Casualties,12% Casualties,13% Casualties,15% Casualties,17% Casualties,19% Casualties,21% Casualties,22% Casualties,8% Casualties,9% Casualties,11% Casualties,13% Casualties,15% Casualties,17% Casualties,19% Casualties,21% Casualties,23% Casualties,7% Casualties,9% Casualties,11% Casualties,13% Casualties,16% Casualties,17% Casualties,19% Casualties,21% Casualties,22% Casualties,8% Casualties,9% Casualties,11% Casualties,13% Casualties,15% Casualties,17% Casualties,19% Casualties,21% Casualties,22% Casualties,7% Casualties,9% Casualties,11% Casualties,14% Casualties,15% Casualties,17% Casualties,19% Casualties,21% Casualties,22% Casualties,8% Casualties,10% Casualties,13% Casualties,15% Casualties,17% Casualties,19% Casualties,21% Casualties,23% Casualties,24% Casualties,9% Casualties,10% Casualties,13% Casualties,15% Casualties,17% Casualties,19% Casualties,21% Casualties,23% Casualties,25% Casualties,8% Casualties,10% Casualties,13% Casualties,15% Casualties,17% Casualties,19% Casualties,21% Casualties,23% Casualties,25% Casualties,9% Casualties,11% Casualties,13% Casualties,15% Casualties,18% Casualties,20% Casualties,22% Casualties,24% Casualties,26% Casualties,9% Casualties,11% Casualties,13% Casualties,16% Casualties,18% Casualties,20% Casualties,22% Casualties,24% Casualties,26% Casualties
575 CV // 80 RT,1% Casualties,1% Casualties,2% Casualties,2% Casualties,2% Casualties,2% Casualties,3% Casualties,3% Casualties,3% Casualties,1% Casualties,2% Casualties,2% Casualties,2% Casualties,3% Casualties,3% Casualties,3% Casualties,3% Casualties,3% Casualties,1% Casualties,2% Casualties,2% Casualties,2% Casualties,3% Casualties,3% Casualties,3% Casualties,3% Casualties,4% Casualties,2% Casualties,2% Casualties,2% Casualties,3% Casualties,3% Casualties,3% Casualties,3% Casualties,4% Casualties,4% Casualties,2% Casualties,2% Casualties,2% Casualties,3% Casualties,3% Casualties,3% Casualties,4% Casualties,4% Casualties,4% Casualties,2% Casualties,3% Casualties,3% Casualties,3% Casualties,4% Casualties,4% Casualties,4% Casualties,5% Casualties,5% Casualties,3% Casualties,3% Casualties,3% Casualties,4% Casualties,4% Casualties,4% Casualties,5% Casualties,5% Casualties,5% Casualties,3% Casualties,3% Casualties,4% Casualties,4% Casualties,5% Casualties,5% Casualties,5% Casualties,5% Casualties,6% Casualties,3% Casualties,4% Casualties,4% Casualties,5% Casualties,5% Casualties,5% Casualties,6% Casualties,6% Casualties,6% Casualties,4% Casualties,4% Casualties,5% Casualties,5% Casualties,5% Casualties,6% Casualties,6% Casualties,6% Casualties,6% Casualties,4% Casualties,4% Casualties,5% Casualties,5% Casualties,5% Casualties,6% Casualties,6% Casualties,6% Casualties,6% Casualties,4% Casualties,4% Casualties,5% Casualties,5% Casualties,6% Casualties,6% Casualties,6% Casualties,7% Casualties,7% Casualties,4% Casualties,4% Casualties,5% Casualties,5% Casualties,6% Casualties,6% Casualties,6% Casualties,7% Casualties,7% Casualties,4% Casualties,5% Casualties,5% Casualties,6% Casualties,6% Casualties,7% Casualties,7% Casualties,7% Casualties,7% Casualties,4% Casualties,5% Casualties,5% Casualties,6% Casualties,6% Casualties,7% Casualties,7% Casualties,7% Casualties,7% Casualties,4% Casualties,5% Casualties,5% Casualties,6% Casualties,6% Casualties,7% Casualties,7% Casualties,7% Casualties,7% Casualties,5% Casualties,5% Casualties,6% Casualties,6% Casualties,7% Casualties,7% Casualties,8% Casualties,8% Casualties,8% Casualties,5% Casualties,5% Casualties,6% Casualties,6% Casualties,7% Casualties,7% Casualties,7% Casualties,8% Casualties,8% Casualties,5% Casualties,5% Casualties,6% Casualties,6% Casualties,7% Casualties,7% Casualties,7% Casualties,8% Casualties,8% Casualties,5% Casualties,5% Casualties,6% Casualties,6% Casualties,7% Casualties,7% Casualties,7% Casualties,8% Casualties,8% Casualties,5% Casualties,5% Casualties,6% Casualties,6% Casualties,7% Casualties,7% Casualties,7% Casualties,8% Casualties,8% Casualties,5% Casualties,5% Casualties,6% Casualties,7% Casualties,7% Casualties,7% Casualties,8% Casualties,8% Casualties,8% Casualties,5% Casualties,5% Casualties,6% Casualties,7% Casualties,7% Casualties,7% Casualties,8% Casualties,8% Casualties,8% Casualties,5% Casualties,5% Casualties,6% Casualties,7% Casualties,7% Casualties,7% Casualties,8% Casualties,8% Casualties,8% Casualties,5% Casualties,6% Casualties,6% Casualties,7% Casualties,7% Casualties,7% Casualties,8% Casualties,8% Casualties,8% Casualties
575 CV // 70 RT,1% Casualties,1% Casualties,2% Casualties,2% Casualties,2% Casualties,2% Casualties,3% Casualties,3% Casualties,3% Casualties,1% Casualties,2% Casualties,2% Casualties,2% Casualties,3% Casualties,3% Casualties,3% Casualties,3% Casualties,4% Casualties,1% Casualties,2% Casualties,2% Casualties,2% Casualties,3% Casualties,3% Casualties,3% Casualties,4% Casualties,4% Casualties,2% Casualties,2% Casualties,2% Casualties,3% Casualties,3% Casualties,3% Casualties,4% Casualties,4% Casualties,4% Casualties,2% Casualties,2% Casualties,3% Casualties,3% Casualties,3% Casualties,4% Casualties,4% Casualties,4% Casualties,4% Casualties,3% Casualties,3% Casualties,3% Casualties,4% Casualties,4% Casualties,4% Casualties,5% Casualties,5% Casualties,5% Casualties,3% Casualties,3% Casualties,4% Casualties,4% Casualties,5% Casualties,5% Casualties,5% Casualties,5% Casualties,6% Casualties,3% Casualties,4% Casualties,4% Casualties,4% Casualties,5% Casualties,5% Casualties,6% Casualties,6% Casualties,6% Casualties,3% Casualties,4% Casualties,5% Casualties,5% Casualties,5% Casualties,6% Casualties,6% Casualties,7% Casualties,7% Casualties,4% Casualties,4% Casualties,5% Casualties,5% Casualties,6% Casualties,6% Casualties,7% Casualties,7% Casualties,7% Casualties,4% Casualties,4% Casualties,5% Casualties,5% Casualties,6% Casualties,6% Casualties,7% Casualties,7% Casualties,7% Casualties,4% Casualties,5% Casualties,5% Casualties,6% Casualties,6% Casualties,7% Casualties,7% Casualties,8% Casualties,8% Casualties,4% Casualties,5% Casualties,5% Casualties,6% Casualties,6% Casualties,7% Casualties,7% Casualties,8% Casualties,8% Casualties,4% Casualties,5% Casualties,6% Casualties,6% Casualties,7% Casualties,7% Casualties,8% Casualties,8% Casualties,8% Casualties,4% Casualties,5% Casualties,6% Casualties,6% Casualties,7% Casualties,7% Casualties,8% Casualties,8% Casualties,8% Casualties,4% Casualties,5% Casualties,6% Casualties,6% Casualties,7% Casualties,7% Casualties,8% Casualties,8% Casualties,8% Casualties,5% Casualties,6% Casualties,6% Casualties,7% Casualties,7% Casualties,8% Casualties,8% Casualties,9% Casualties,9% Casualties,5% Casualties,6% Casualties,6% Casualties,7% Casualties,8% Casualties,8% Casualties,8% Casualties,9% Casualties,9% Casualties,5% Casualties,6% Casualties,6% Casualties,7% Casualties,7% Casualties,8% Casualties,8% Casualties,9% Casualties,9% Casualties,5% Casualties,6% Casualties,6% Casualties,7% Casualties,7% Casualties,8% Casualties,8% Casualties,9% Casualties,9% Casualties,5% Casualties,6% Casualties,6% Casualties,7% Casualties,7% Casualties,8% Casualties,8% Casualties,9% Casualties,9% Casualties,5% Casualties,6% Casualties,7% Casualties,7% Casualties,8% Casualties,8% Casualties,9% Casualties,9% Casualties,9% Casualties,5% Casualties,6% Casualties,7% Casualties,7% Casualties,8% Casualties,8% Casualties,9% Casualties,9% Casualties,9% Casualties,5% Casualties,6% Casualties,7% Casualties,7% Casualties,8% Casualties,8% Casualties,9% Casualties,9% Casualties,9% Casualties,5% Casualties,6% Casualties,7% Casualties,7% Casualties,8% Casualties,8% Casualties,9% Casualties,9% Casualties,9% Casualties
575 CV // 60 RT,1% Casualties,1% Casualties,2% Casualties,2% Casualties,2% Casualties,2% Casualties,3% Casualties,3% Casualties,3% Casualties,1% Casualties,2% Casualties,2% Casualties,2% Casualties,3% Casualties,3% Casualties,3% Casualties,4% Casualties,4% Casualties,1% Casualties,2% Casualties,2% Casualties,3% Casualties,3% Casualties,3% Casualties,4% Casualties,4% Casualties,4% Casualties,2% Casualties,2% Casualties,2% Casualties,3% Casualties,3% Casualties,4% Casualties,4% Casualties,4% Casualties,4% Casualties,2% Casualties,2% Casualties,3% Casualties,3% Casualties,3% Casualties,4% Casualties,4% Casualties,4% Casualties,5% Casualties,3% Casualties,3% Casualties,3% Casualties,4% Casualties,4% Casualties,5% Casualties,5% Casualties,5% Casualties,6% Casualties,3% Casualties,3% Casualties,4% Casualties,4% Casualties,5% Casualties,5% Casualties,6% Casualties,6% Casualties,6% Casualties,3% Casualties,4% Casualties,4% Casualties,5% Casualties,5% Casualties,6% Casualties,6% Casualties,7% Casualties,7% Casualties,4% Casualties,4% Casualties,5% Casualties,5% Casualties,6% Casualties,6% Casualties,7% Casualties,7% Casualties,8% Casualties,4% Casualties,5% Casualties,5% Casualties,6% Casualties,6% Casualties,7% Casualties,7% Casualties,8% Casualties,8% Casualties,4% Casualties,5% Casualties,5% Casualties,6% Casualties,6% Casualties,7% Casualties,7% Casualties,8% Casualties,8% Casualties,4% Casualties,5% Casualties,6% Casualties,6% Casualties,7% Casualties,8% Casualties,8% Casualties,8% Casualties,9% Casualties,4% Casualties,5% Casualties,6% Casualties,6% Casualties,7% Casualties,7% Casualties,8% Casualties,8% Casualties,9% Casualties,5% Casualties,5% Casualties,6% Casualties,7% Casualties,7% Casualties,8% Casualties,9% Casualties,9% Casualties,9% Casualties,5% Casualties,5% Casualties,6% Casualties,7% Casualties,7% Casualties,8% Casualties,8% Casualties,9% Casualties,9% Casualties,5% Casualties,5% Casualties,6% Casualties,7% Casualties,8% Casualties,8% Casualties,9% Casualties,9% Casualties,9% Casualties,5% Casualties,6% Casualties,7% Casualties,7% Casualties,8% Casualties,9% Casualties,9% Casualties,10% Casualties,10% Casualties,5% Casualties,6% Casualties,7% Casualties,8% Casualties,8% Casualties,9% Casualties,9% Casualties,10% Casualties,10% Casualties,5% Casualties,6% Casualties,7% Casualties,7% Casualties,8% Casualties,9% Casualties,9% Casualties,10% Casualties,10% Casualties,5% Casualties,6% Casualties,7% Casualties,8% Casualties,8% Casualties,9% Casualties,9% Casualties,10% Casualties,10% Casualties,5% Casualties,6% Casualties,7% Casualties,8% Casualties,8% Casualties,9% Casualties,9% Casualties,10% Casualties,10% Casualties,5% Casualties,6% Casualties,7% Casualties,8% Casualties,9% Casualties,9% Casualties,10% Casualties,10% Casualties,11% Casualties,5% Casualties,6% Casualties,7% Casualties,8% Casualties,9% Casualties,9% Casualties,10% Casualties,10% Casualties,11% Casualties,5% Casualties,6% Casualties,7% Casualties,8% Casualties,9% Casualties,9% Casualties,10% Casualties,10% Casualties,11% Casualties,5% Casualties,6% Casualties,7% Casualties,8% Casualties,9% Casualties,9% Casualties,10% Casualties,10% Casualties,10% Casualties
575 CV // 50 RT,1% Casualties,1% Casualties,2% Casualties,2% Casualties,2% Casualties,2% Casualties,3% Casualties,3% Casualties,3% Casualties,1% Casualties,2% Casualties,2% Casualties,2% Casualties,3% Casualties,3% Casualties,3% Casualties,4% Casualties,4% Casualties,1% Casualties,2% Casualties,2% Casualties,3% Casualties,3% Casualties,3% Casualties,4% Casualties,4% Casualties,4% Casualties,2% Casualties,2% Casualties,2% Casualties,3% Casualties,3% Casualties,4% Casualties,4% Casualties,4% Casualties,5% Casualties,2% Casualties,2% Casualties,3% Casualties,3% Casualties,4% Casualties,4% Casualties,4% Casualties,5% Casualties,5% Casualties,3% Casualties,3% Casualties,4% Casualties,4% Casualties,5% Casualties,5% Casualties,6% Casualties,6% Casualties,6% Casualties,3% Casualties,4% Casualties,4% Casualties,5% Casualties,5% Casualties,6% Casualties,6% Casualties,6% Casualties,7% Casualties,3% Casualties,4% Casualties,4% Casualties,5% Casualties,6% Casualties,6% Casualties,7% Casualties,7% Casualties,8% Casualties,4% Casualties,4% Casualties,5% Casualties,6% Casualties,6% Casualties,7% Casualties,7% Casualties,8% Casualties,8% Casualties,4% Casualties,5% Casualties,6% Casualties,6% Casualties,7% Casualties,8% Casualties,8% Casualties,9% Casualties,9% Casualties,4% Casualties,5% Casualties,6% Casualties,6% Casualties,7% Casualties,7% Casualties,8% Casualties,9% Casualties,9% Casualties,4% Casualties,5% Casualties,6% Casualties,7% Casualties,8% Casualties,8% Casualties,9% Casualties,9% Casualties,10% Casualties,4% Casualties,5% Casualties,6% Casualties,7% Casualties,7% Casualties,8% Casualties,9% Casualties,9% Casualties,10% Casualties,5% Casualties,6% Casualties,7% Casualties,7% Casualties,8% Casualties,9% Casualties,9% Casualties,10% Casualties,11% Casualties,5% Casualties,6% Casualties,7% Casualties,7% Casualties,8% Casualties,9% Casualties,9% Casualties,10% Casualties,10% Casualties,5% Casualties,6% Casualties,7% Casualties,7% Casualties,8% Casualties,9% Casualties,9% Casualties,10% Casualties,11% Casualties,5% Casualties,6% Casualties,7% Casualties,8% Casualties,9% Casualties,9% Casualties,10% Casualties,11% Casualties,11% Casualties,5% Casualties,6% Casualties,7% Casualties,8% Casualties,9% Casualties,10% Casualties,10% Casualties,11% Casualties,11% Casualties,5% Casualties,6% Casualties,7% Casualties,8% Casualties,9% Casualties,10% Casualties,10% Casualties,11% Casualties,11% Casualties,5% Casualties,6% Casualties,7% Casualties,8% Casualties,9% Casualties,9% Casualties,10% Casualties,11% Casualties,11% Casualties,5% Casualties,6% Casualties,7% Casualties,8% Casualties,9% Casualties,10% Casualties,10% Casualties,11% Casualties,11% Casualties,6% Casualties,7% Casualties,8% Casualties,9% Casualties,9% Casualties,10% Casualties,11% Casualties,11% Casualties,12% Casualties,6% Casualties,7% Casualties,8% Casualties,9% Casualties,9% Casualties,10% Casualties,11% Casualties,11% Casualties,12% Casualties,6% Casualties,7% Casualties,8% Casualties,9% Casualties,10% Casualties,10% Casualties,11% Casualties,11% Casualties,12% Casualties,6% Casualties,7% Casualties,8% Casualties,9% Casualties,10% Casualties,10% Casualties,11% Casualties,11% Casualties,12% Casualties
575 CV // 40 RT,1% Casualties,1% Casualties,2% Casualties,2% Casualties,2% Casualties,2% Casualties,3% Casualties,3% Casualties,3% Casualties,1% Casualties,2% Casualties,2% Casualties,2% Casualties,3% Casualties,3% Casualties,3% Casualties,4% Casualties,4% Casualties,1% Casualties,2% Casualties,2% Casualties,3% Casualties,3% Casualties,3% Casualties,4% Casualties,4% Casualties,4% Casualties,2% Casualties,2% Casualties,3% Casualties,3% Casualties,4% Casualties,4% Casualties,4% Casualties,5% Casualties,5% Casualties,2% Casualties,2% Casualties,3% Casualties,3% Casualties,4% Casualties,4% Casualties,5% Casualties,5% Casualties,5% Casualties,3% Casualties,3% Casualties,4% Casualties,4% Casualties,5% Casualties,5% Casualties,6% Casualties,6% Casualties,7% Casualties,3% Casualties,4% Casualties,4% Casualties,5% Casualties,5% Casualties,6% Casualties,6% Casualties,7% Casualties,7% Casualties,3% Casualties,4% Casualties,5% Casualties,5% Casualties,6% Casualties,7% Casualties,7% Casualties,8% Casualties,8% Casualties,4% Casualties,5% Casualties,5% Casualties,6% Casualties,7% Casualties,7% Casualties,8% Casualties,9% Casualties,9% Casualties,4% Casualties,5% Casualties,6% Casualties,7% Casualties,7% Casualties,8% Casualties,9% Casualties,9% Casualties,10% Casualties,4% Casualties,5% Casualties,6% Casualties,7% Casualties,7% Casualties,8% Casualties,9% Casualties,9% Casualties,10% Casualties,5% Casualties,5% Casualties,6% Casualties,7% Casualties,8% Casualties,9% Casualties,10% Casualties,10% Casualties,11% Casualties,5% Casualties,6% Casualties,6% Casualties,7% Casualties,8% Casualties,9% Casualties,10% Casualties,10% Casualties,11% Casualties,5% Casualties,6% Casualties,7% Casualties,8% Casualties,9% Casualties,10% Casualties,10% Casualties,11% Casualties,12% Casualties,5% Casualties,6% Casualties,7% Casualties,8% Casualties,9% Casualties,10% Casualties,10% Casualties,11% Casualties,12% Casualties,5% Casualties,6% Casualties,7% Casualties,8% Casualties,9% Casualties,10% Casualties,11% Casualties,11% Casualties,12% Casualties,6% Casualties,7% Casualties,8% Casualties,9% Casualties,10% Casualties,10% Casualties,11% Casualties,12% Casualties,13% Casualties,6% Casualties,7% Casualties,8% Casualties,9% Casualties,10% Casualties,11% Casualties,11% Casualties,12% Casualties,13% Casualties,6% Casualties,7% Casualties,8% Casualties,9% Casualties,10% Casualties,11% Casualties,11% Casualties,12% Casualties,13% Casualties,6% Casualties,7% Casualties,8% Casualties,9% Casualties,10% Casualties,10% Casualties,11% Casualties,12% Casualties,13% Casualties,6% Casualties,7% Casualties,8% Casualties,9% Casualties,10% Casualties,10% Casualties,11% Casualties,12% Casualties,12% Casualties,6% Casualties,7% Casualties,8% Casualties,10% Casualties,10% Casualties,11% Casualties,12% Casualties,13% Casualties,14% Casualties,6% Casualties,7% Casualties,8% Casualties,10% Casualties,10% Casualties,11% Casualties,12% Casualties,13% Casualties,14% Casualties,6% Casualties,7% Casualties,8% Casualties,9% Casualties,10% Casualties,11% Casualties,12% Casualties,13% Casualties,13% Casualties,6% Casualties,8% Casualties,9% Casualties,10% Casualties,11% Casualties,12% Casualties,12% Casualties,13% Casualties,14% Casualties
575 CV // 30 RT,1% Casualties,1% Casualties,1% Casualties,2% Casualties,2% Casualties,2% Casualties,3% Casualties,3% Casualties,3% Casualties,1% Casualties,2% Casualties,2% Casualties,2% Casualties,3% Casualties,3% Casualties,3% Casualties,4% Casualties,4% Casualties,1% Casualties,2% Casualties,2% Casualties,3% Casualties,3% Casualties,4% Casualties,4% Casualties,4% Casualties,5% Casualties,2% Casualties,2% Casualties,3% Casualties,3% Casualties,4% Casualties,4% Casualties,4% Casualties,5% Casualties,5% Casualties,2% Casualties,2% Casualties,3% Casualties,3% Casualties,4% Casualties,4% Casualties,5% Casualties,5% Casualties,6% Casualties,3% Casualties,3% Casualties,4% Casualties,5% Casualties,5% Casualties,6% Casualties,6% Casualties,7% Casualties,7% Casualties,3% Casualties,4% Casualties,4% Casualties,5% Casualties,6% Casualties,6% Casualties,7% Casualties,8% Casualties,8% Casualties,4% Casualties,4% Casualties,5% Casualties,6% Casualties,6% Casualties,7% Casualties,8% Casualties,9% Casualties,9% Casualties,4% Casualties,5% Casualties,6% Casualties,6% Casualties,7% Casualties,8% Casualties,9% Casualties,10% Casualties,10% Casualties,4% Casualties,5% Casualties,6% Casualties,7% Casualties,8% Casualties,9% Casualties,10% Casualties,10% Casualties,11% Casualties,4% Casualties,5% Casualties,6% Casualties,7% Casualties,8% Casualties,9% Casualties,10% Casualties,10% Casualties,11% Casualties,5% Casualties,6% Casualties,7% Casualties,8% Casualties,9% Casualties,10% Casualties,10% Casualties,11% Casualties,12% Casualties,5% Casualties,6% Casualties,7% Casualties,8% Casualties,9% Casualties,10% Casualties,11% Casualties,11% Casualties,12% Casualties,5% Casualties,7% Casualties,8% Casualties,9% Casualties,10% Casualties,11% Casualties,12% Casualties,12% Casualties,13% Casualties,5% Casualties,7% Casualties,8% Casualties,9% Casualties,10% Casualties,11% Casualties,12% Casualties,12% Casualties,13% Casualties,5% Casualties,6% Casualties,8% Casualties,9% Casualties,10% Casualties,11% Casualties,12% Casualties,13% Casualties,13% Casualties,6% Casualties,7% Casualties,8% Casualties,10% Casualties,11% Casualties,12% Casualties,13% Casualties,14% Casualties,14% Casualties,6% Casualties,7% Casualties,9% Casualties,10% Casualties,11% Casualties,12% Casualties,13% Casualties,14% Casualties,14% Casualties,6% Casualties,7% Casualties,9% Casualties,10% Casualties,11% Casualties,12% Casualties,13% Casualties,14% Casualties,14% Casualties,6% Casualties,7% Casualties,8% Casualties,10% Casualties,11% Casualties,12% Casualties,13% Casualties,14% Casualties,14% Casualties,6% Casualties,7% Casualties,8% Casualties,10% Casualties,11% Casualties,12% Casualties,13% Casualties,14% Casualties,14% Casualties,6% Casualties,8% Casualties,9% Casualties,10% Casualties,12% Casualties,13% Casualties,14% Casualties,15% Casualties,15% Casualties,7% Casualties,8% Casualties,9% Casualties,10% Casualties,12% Casualties,13% Casualties,14% Casualties,15% Casualties,16% Casualties,7% Casualties,8% Casualties,9% Casualties,10% Casualties,12% Casualties,13% Casualties,14% Casualties,15% Casualties,15% Casualties,7% Casualties,8% Casualties,9% Casualties,11% Casualties,12% Casualties,13% Casualties,14% Casualties,15% Casualties,16% Casualties
575 CV // 20 RT,1% Casualties,1% Casualties,2% Casualties,2% Casualties,2% Casualties,2% Casualties,3% Casualties,3% Casualties,3% Casualties,1% Casualties,2% Casualties,2% Casualties,2% Casualties,3% Casualties,3% Casualties,4% Casualties,4% Casualties,4% Casualties,2% Casualties,2% Casualties,2% Casualties,3% Casualties,3% Casualties,4% Casualties,4% Casualties,4% Casualties,5% Casualties,2% Casualties,2% Casualties,3% Casualties,3% Casualties,4% Casualties,4% Casualties,5% Casualties,5% Casualties,5% Casualties,2% Casualties,2% Casualties,3% Casualties,4% Casualties,4% Casualties,5% Casualties,5% Casualties,6% Casualties,6% Casualties,3% Casualties,4% Casualties,4% Casualties,5% Casualties,5% Casualties,6% Casualties,7% Casualties,7% Casualties,8% Casualties,3% Casualties,4% Casualties,5% Casualties,5% Casualties,6% Casualties,7% Casualties,8% Casualties,8% Casualties,9% Casualties,4% Casualties,4% Casualties,5% Casualties,6% Casualties,7% Casualties,8% Casualties,9% Casualties,9% Casualties,10% Casualties,4% Casualties,5% Casualties,6% Casualties,7% Casualties,8% Casualties,9% Casualties,10% Casualties,11% Casualties,11% Casualties,5% Casualties,6% Casualties,7% Casualties,8% Casualties,9% Casualties,10% Casualties,11% Casualties,12% Casualties,13% Casualties,5% Casualties,6% Casualties,7% Casualties,8% Casualties,9% Casualties,10% Casualties,11% Casualties,12% Casualties,13% Casualties,5% Casualties,6% Casualties,7% Casualties,9% Casualties,10% Casualties,11% Casualties,12% Casualties,13% Casualties,14% Casualties,5% Casualties,6% Casualties,7% Casualties,9% Casualties,10% Casualties,11% Casualties,12% Casualties,13% Casualties,14% Casualties,6% Casualties,7% Casualties,8% Casualties,10% Casualties,11% Casualties,12% Casualties,13% Casualties,14% Casualties,15% Casualties,6% Casualties,7% Casualties,8% Casualties,10% Casualties,11% Casualties,12% Casualties,13% Casualties,14% Casualties,15% Casualties,6% Casualties,7% Casualties,8% Casualties,10% Casualties,11% Casualties,12% Casualties,13% Casualties,14% Casualties,15% Casualties,7% Casualties,8% Casualties,9% Casualties,11% Casualties,12% Casualties,13% Casualties,15% Casualties,15% Casualties,17% Casualties,7% Casualties,8% Casualties,9% Casualties,11% Casualties,12% Casualties,13% Casualties,14% Casualties,15% Casualties,17% Casualties,6% Casualties,8% Casualties,9% Casualties,11% Casualties,12% Casualties,13% Casualties,14% Casualties,16% Casualties,16% Casualties,6% Casualties,8% Casualties,9% Casualties,11% Casualties,12% Casualties,13% Casualties,14% Casualties,15% Casualties,17% Casualties,6% Casualties,8% Casualties,9% Casualties,11% Casualties,12% Casualties,13% Casualties,14% Casualties,16% Casualties,17% Casualties,7% Casualties,9% Casualties,10% Casualties,12% Casualties,13% Casualties,15% Casualties,16% Casualties,17% Casualties,18% Casualties,7% Casualties,9% Casualties,10% Casualties,12% Casualties,13% Casualties,14% Casualties,16% Casualties,17% Casualties,18% Casualties,7% Casualties,9% Casualties,10% Casualties,12% Casualties,13% Casualties,15% Casualties,16% Casualties,16% Casualties,18% Casualties,7% Casualties,9% Casualties,11% Casualties,12% Casualties,14% Casualties,15% Casualties,16% Casualties,17% Casualties,18% Casualties
575 CV // 10 RT,1% Casualties,1% Casualties,2% Casualties,2% Casualties,2% Casualties,2% Casualties,3% Casualties,3% Casualties,3% Casualties,1% Casualties,2% Casualties,2% Casualties,2% Casualties,3% Casualties,3% Casualties,4% Casualties,4% Casualties,4% Casualties,2% Casualties,2% Casualties,2% Casualties,3% Casualties,3% Casualties,4% Casualties,4% Casualties,5% Casualties,5% Casualties,2% Casualties,2% Casualties,3% Casualties,3% Casualties,4% Casualties,4% Casualties,5% Casualties,5% Casualties,6% Casualties,2% Casualties,3% Casualties,3% Casualties,4% Casualties,4% Casualties,5% Casualties,5% Casualties,6% Casualties,7% Casualties,3% Casualties,4% Casualties,4% Casualties,5% Casualties,6% Casualties,6% Casualties,7% Casualties,8% Casualties,9% Casualties,3% Casualties,4% Casualties,5% Casualties,6% Casualties,7% Casualties,8% Casualties,8% Casualties,9% Casualties,10% Casualties,4% Casualties,5% Casualties,6% Casualties,7% Casualties,8% Casualties,8% Casualties,9% Casualties,10% Casualties,11% Casualties,4% Casualties,5% Casualties,6% Casualties,8% Casualties,9% Casualties,10% Casualties,11% Casualties,12% Casualties,13% Casualties,5% Casualties,6% Casualties,7% Casualties,9% Casualties,10% Casualties,11% Casualties,12% Casualties,13% Casualties,14% Casualties,5% Casualties,6% Casualties,7% Casualties,8% Casualties,10% Casualties,11% Casualties,12% Casualties,13% Casualties,14% Casualties,6% Casualties,7% Casualties,8% Casualties,9% Casualties,11% Casualties,12% Casualties,13% Casualties,15% Casualties,16% Casualties,5% Casualties,7% Casualties,8% Casualties,10% Casualties,11% Casualties,12% Casualties,13% Casualties,15% Casualties,16% Casualties,6% Casualties,7% Casualties,9% Casualties,11% Casualties,12% Casualties,14% Casualties,15% Casualties,16% Casualties,17% Casualties,6% Casualties,8% Casualties,9% Casualties,11% Casualties,12% Casualties,14% Casualties,15% Casualties,16% Casualties,17% Casualties,6% Casualties,7% Casualties,9% Casualties,11% Casualties,12% Casualties,14% Casualties,15% Casualties,16% Casualties,17% Casualties,7% Casualties,9% Casualties,10% Casualties,12% Casualties,14% Casualties,15% Casualties,16% Casualties,18% Casualties,19% Casualties,7% Casualties,9% Casualties,10% Casualties,12% Casualties,14% Casualties,15% Casualties,16% Casualties,18% Casualties,19% Casualties,7% Casualties,9% Casualties,10% Casualties,12% Casualties,14% Casualties,15% Casualties,17% Casualties,18% Casualties,19% Casualties,7% Casualties,9% Casualties,10% Casualties,12% Casualties,14% Casualties,15% Casualties,17% Casualties,18% Casualties,19% Casualties,7% Casualties,8% Casualties,10% Casualties,12% Casualties,13% Casualties,15% Casualties,17% Casualties,18% Casualties,19% Casualties,8% Casualties,9% Casualties,11% Casualties,13% Casualties,15% Casualties,17% Casualties,18% Casualties,20% Casualties,21% Casualties,8% Casualties,9% Casualties,11% Casualties,13% Casualties,15% Casualties,17% Casualties,18% Casualties,19% Casualties,21% Casualties,8% Casualties,9% Casualties,11% Casualties,13% Casualties,15% Casualties,17% Casualties,18% Casualties,20% Casualties,21% Casualties,8% Casualties,10% Casualties,12% Casualties,14% Casualties,16% Casualties,17% Casualties,19% Casualties,20% Casualties,22% Casualties
575 CV // 0 RT,1% Casualties,1% Casualties,2% Casualties,2% Casualties,2% Casualties,2% Casualties,3% Casualties,3% Casualties,3% Casualties,1% Casualties,2% Casualties,2% Casualties,2% Casualties,3% Casualties,3% Casualties,4% Casualties,4% Casualties,4% Casualties,1% Casualties,2% Casualties,2% Casualties,3% Casualties,3% Casualties,4% Casualties,4% Casualties,5% Casualties,5% Casualties,2% Casualties,2% Casualties,3% Casualties,3% Casualties,4% Casualties,5% Casualties,5% Casualties,6% Casualties,6% Casualties,2% Casualties,3% Casualties,3% Casualties,4% Casualties,5% Casualties,5% Casualties,6% Casualties,6% Casualties,7% Casualties,3% Casualties,4% Casualties,5% Casualties,5% Casualties,6% Casualties,7% Casualties,8% Casualties,9% Casualties,10% Casualties,4% Casualties,4% Casualties,5% Casualties,6% Casualties,7% Casualties,8% Casualties,9% Casualties,10% Casualties,11% Casualties,4% Casualties,5% Casualties,6% Casualties,7% Casualties,8% Casualties,9% Casualties,10% Casualties,12% Casualties,13% Casualties,5% Casualties,6% Casualties,7% Casualties,8% Casualties,10% Casualties,11% Casualties,12% Casualties,13% Casualties,14% Casualties,5% Casualties,7% Casualties,8% Casualties,9% Casualties,11% Casualties,12% Casualties,14% Casualties,15% Casualties,16% Casualties,5% Casualties,6% Casualties,8% Casualties,9% Casualties,11% Casualties,12% Casualties,14% Casualties,15% Casualties,16% Casualties,6% Casualties,7% Casualties,9% Casualties,11% Casualties,12% Casualties,14% Casualties,15% Casualties,16% Casualties,18% Casualties,6% Casualties,7% Casualties,9% Casualties,10% Casualties,12% Casualties,14% Casualties,15% Casualties,17% Casualties,18% Casualties,7% Casualties,8% Casualties,10% Casualties,12% Casualties,14% Casualties,15% Casualties,17% Casualties,19% Casualties,20% Casualties,6% Casualties,8% Casualties,10% Casualties,12% Casualties,14% Casualties,15% Casualties,17% Casualties,18% Casualties,20% Casualties,7% Casualties,8% Casualties,10% Casualties,12% Casualties,14% Casualties,15% Casualties,17% Casualties,19% Casualties,20% Casualties,7% Casualties,9% Casualties,11% Casualties,13% Casualties,15% Casualties,17% Casualties,19% Casualties,21% Casualties,22% Casualties,8% Casualties,9% Casualties,11% Casualties,13% Casualties,15% Casualties,17% Casualties,19% Casualties,21% Casualties,22% Casualties,8% Casualties,9% Casualties,11% Casualties,13% Casualties,15% Casualties,17% Casualties,19% Casualties,21% Casualties,22% Casualties,7% Casualties,10% Casualties,11% Casualties,13% Casualties,15% Casualties,17% Casualties,19% Casualties,21% Casualties,22% Casualties,8% Casualties,9% Casualties,11% Casualties,13% Casualties,15% Casualties,17% Casualties,19% Casualties,21% Casualties,22% Casualties,8% Casualties,10% Casualties,13% Casualties,15% Casualties,17% Casualties,19% Casualties,21% Casualties,23% Casualties,25% Casualties,8% Casualties,11% Casualties,13% Casualties,15% Casualties,17% Casualties,19% Casualties,21% Casualties,23% Casualties,25% Casualties,8% Casualties,10% Casualties,13% Casualties,15% Casualties,17% Casualties,19% Casualties,21% Casualties,23% Casualties,25% Casualties,9% Casualties,11% Casualties,14% Casualties,16% Casualties,18% Casualties,20% Casualties,22% Casualties,24% Casualties,26% Casualties
600 CV // 80 RT,1% Casualties,1% Casualties,1% Casualties,2% Casualties,2% Casualties,2% Casualties,3% Casualties,3% Casualties,3% Casualties,1% Casualties,2% Casualties,2% Casualties,2% Casualties,2% Casualties,3% Casualties,3% Casualties,3% Casualties,3% Casualties,1% Casualties,2% Casualties,2% Casualties,2% Casualties,3% Casualties,3% Casualties,3% Casualties,3% Casualties,4% Casualties,1% Casualties,2% Casualties,2% Casualties,3% Casualties,3% Casualties,3% Casualties,3% Casualties,4% Casualties,4% Casualties,2% Casualties,2% Casualties,2% Casualties,3% Casualties,3% Casualties,3% Casualties,4% Casualties,4% Casualties,4% Casualties,2% Casualties,3% Casualties,3% Casualties,3% Casualties,3% Casualties,4% Casualties,4% Casualties,4% Casualties,4% Casualties,3% Casualties,3% Casualties,3% Casualties,4% Casualties,4% Casualties,4% Casualties,5% Casualties,5% Casualties,5% Casualties,3% Casualties,3% Casualties,4% Casualties,4% Casualties,5% Casualties,5% Casualties,5% Casualties,5% Casualties,6% Casualties,3% Casualties,4% Casualties,4% Casualties,5% Casualties,5% Casualties,5% Casualties,6% Casualties,6% Casualties,6% Casualties,3% Casualties,4% Casualties,4% Casualties,5% Casualties,5% Casualties,5% Casualties,6% Casualties,6% Casualties,6% Casualties,4% Casualties,4% Casualties,5% Casualties,5% Casualties,5% Casualties,6% Casualties,6% Casualties,6% Casualties,6% Casualties,4% Casualties,4% Casualties,5% Casualties,5% Casualties,5% Casualties,6% Casualties,6% Casualties,6% Casualties,7% Casualties,4% Casualties,4% Casualties,5% Casualties,5% Casualties,6% Casualties,6% Casualties,6% Casualties,7% Casualties,7% Casualties,4% Casualties,4% Casualties,5% Casualties,5% Casualties,6% Casualties,6% Casualties,6% Casualties,7% Casualties,7% Casualties,4% Casualties,5% Casualties,5% Casualties,6% Casualties,6% Casualties,7% Casualties,7% Casualties,7% Casualties,7% Casualties,4% Casualties,5% Casualties,5% Casualties,6% Casualties,6% Casualties,7% Casualties,7% Casualties,7% Casualties,7% Casualties,5% Casualties,5% Casualties,6% Casualties,6% Casualties,7% Casualties,7% Casualties,7% Casualties,8% Casualties,8% Casualties,5% Casualties,5% Casualties,6% Casualties,6% Casualties,7% Casualties,7% Casualties,7% Casualties,8% Casualties,8% Casualties,5% Casualties,5% Casualties,6% Casualties,6% Casualties,7% Casualties,7% Casualties,7% Casualties,8% Casualties,8% Casualties,5% Casualties,5% Casualties,6% Casualties,6% Casualties,7% Casualties,7% Casualties,7% Casualties,8% Casualties,8% Casualties,5% Casualties,5% Casualties,6% Casualties,6% Casualties,7% Casualties,7% Casualties,7% Casualties,8% Casualties,8% Casualties,5% Casualties,5% Casualties,6% Casualties,6% Casualties,7% Casualties,7% Casualties,7% Casualties,8% Casualties,8% Casualties,5% Casualties,5% Casualties,6% Casualties,7% Casualties,7% Casualties,7% Casualties,8% Casualties,8% Casualties,8% Casualties,5% Casualties,5% Casualties,6% Casualties,7% Casualties,7% Casualties,7% Casualties,8% Casualties,8% Casualties,8% Casualties,5% Casualties,5% Casualties,6% Casualties,7% Casualties,7% Casualties,7% Casualties,8% Casualties,8% Casualties,8% Casualties
600 CV // 70 RT,1% Casualties,1% Casualties,1% Casualties,2% Casualties,2% Casualties,2% Casualties,3% Casualties,3% Casualties,3% Casualties,1% Casualties,2% Casualties,2% Casualties,2% Casualties,2% Casualties,3% Casualties,3% Casualties,3% Casualties,4% Casualties,1% Casualties,2% Casualties,2% Casualties,2% Casualties,3% Casualties,3% Casualties,3% Casualties,4% Casualties,4% Casualties,2% Casualties,2% Casualties,2% Casualties,3% Casualties,3% Casualties,3% Casualties,4% Casualties,4% Casualties,4% Casualties,2% Casualties,2% Casualties,3% Casualties,3% Casualties,3% Casualties,4% Casualties,4% Casualties,4% Casualties,4% Casualties,2% Casualties,3% Casualties,3% Casualties,3% Casualties,4% Casualties,4% Casualties,4% Casualties,5% Casualties,5% Casualties,3% Casualties,3% Casualties,4% Casualties,4% Casualties,5% Casualties,5% Casualties,5% Casualties,6% Casualties,6% Casualties,3% Casualties,4% Casualties,4% Casualties,5% Casualties,5% Casualties,5% Casualties,6% Casualties,6% Casualties,6% Casualties,3% Casualties,4% Casualties,4% Casualties,5% Casualties,5% Casualties,6% Casualties,6% Casualties,7% Casualties,7% Casualties,3% Casualties,4% Casualties,4% Casualties,5% Casualties,5% Casualties,6% Casualties,6% Casualties,7% Casualties,7% Casualties,4% Casualties,4% Casualties,5% Casualties,5% Casualties,6% Casualties,6% Casualties,7% Casualties,7% Casualties,7% Casualties,4% Casualties,4% Casualties,5% Casualties,5% Casualties,6% Casualties,6% Casualties,7% Casualties,7% Casualties,7% Casualties,4% Casualties,5% Casualties,5% Casualties,6% Casualties,6% Casualties,7% Casualties,7% Casualties,8% Casualties,8% Casualties,4% Casualties,5% Casualties,5% Casualties,6% Casualties,6% Casualties,7% Casualties,7% Casualties,8% Casualties,8% Casualties,4% Casualties,5% Casualties,6% Casualties,6% Casualties,7% Casualties,7% Casualties,8% Casualties,8% Casualties,8% Casualties,4% Casualties,5% Casualties,6% Casualties,6% Casualties,7% Casualties,7% Casualties,8% Casualties,8% Casualties,8% Casualties,5% Casualties,6% Casualties,6% Casualties,7% Casualties,7% Casualties,8% Casualties,8% Casualties,9% Casualties,9% Casualties,5% Casualties,6% Casualties,6% Casualties,7% Casualties,7% Casualties,8% Casualties,8% Casualties,9% Casualties,9% Casualties,5% Casualties,6% Casualties,6% Casualties,7% Casualties,7% Casualties,8% Casualties,8% Casualties,9% Casualties,9% Casualties,5% Casualties,6% Casualties,6% Casualties,7% Casualties,8% Casualties,8% Casualties,8% Casualties,9% Casualties,9% Casualties,5% Casualties,6% Casualties,6% Casualties,7% Casualties,7% Casualties,8% Casualties,8% Casualties,9% Casualties,9% Casualties,5% Casualties,6% Casualties,6% Casualties,7% Casualties,7% Casualties,8% Casualties,8% Casualties,9% Casualties,9% Casualties,5% Casualties,6% Casualties,7% Casualties,7% Casualties,8% Casualties,8% Casualties,9% Casualties,9% Casualties,9% Casualties,5% Casualties,6% Casualties,7% Casualties,7% Casualties,8% Casualties,8% Casualties,9% Casualties,9% Casualties,9% Casualties,5% Casualties,6% Casualties,7% Casualties,7% Casualties,8% Casualties,8% Casualties,9% Casualties,9% Casualties,9% Casualties
600 CV // 60 RT,1% Casualties,1% Casualties,1% Casualties,2% Casualties,2% Casualties,2% Casualties,3% Casualties,3% Casualties,3% Casualties,1% Casualties,2% Casualties,2% Casualties,2% Casualties,3% Casualties,3% Casualties,3% Casualties,3% Casualties,4% Casualties,1% Casualties,2% Casualties,2% Casualties,3% Casualties,3% Casualties,3% Casualties,4% Casualties,4% Casualties,4% Casualties,2% Casualties,2% Casualties,2% Casualties,3% Casualties,3% Casualties,3% Casualties,4% Casualties,4% Casualties,4% Casualties,2% Casualties,2% Casualties,3% Casualties,3% Casualties,3% Casualties,4% Casualties,4% Casualties,4% Casualties,5% Casualties,2% Casualties,3% Casualties,3% Casualties,4% Casualties,4% Casualties,4% Casualties,5% Casualties,5% Casualties,5% Casualties,3% Casualties,3% Casualties,4% Casualties,4% Casualties,5% Casualties,5% Casualties,6% Casualties,6% Casualties,6% Casualties,3% Casualties,4% Casualties,4% Casualties,5% Casualties,5% Casualties,6% Casualties,6% Casualties,7% Casualties,7% Casualties,4% Casualties,4% Casualties,5% Casualties,5% Casualties,6% Casualties,6% Casualties,7% Casualties,7% Casualties,8% Casualties,4% Casualties,4% Casualties,5% Casualties,5% Casualties,6% Casualties,6% Casualties,7% Casualties,7% Casualties,8% Casualties,4% Casualties,4% Casualties,5% Casualties,6% Casualties,6% Casualties,7% Casualties,7% Casualties,8% Casualties,8% Casualties,4% Casualties,5% Casualties,5% Casualties,6% Casualties,6% Casualties,7% Casualties,7% Casualties,8% Casualties,8% Casualties,4% Casualties,5% Casualties,6% Casualties,6% Casualties,7% Casualties,7% Casualties,8% Casualties,8% Casualties,9% Casualties,4% Casualties,5% Casualties,6% Casualties,6% Casualties,7% Casualties,7% Casualties,8% Casualties,8% Casualties,9% Casualties,5% Casualties,5% Casualties,6% Casualties,7% Casualties,7% Casualties,8% Casualties,9% Casualties,9% Casualties,9% Casualties,5% Casualties,5% Casualties,6% Casualties,7% Casualties,8% Casualties,8% Casualties,9% Casualties,9% Casualties,9% Casualties,5% Casualties,6% Casualties,7% Casualties,8% Casualties,8% Casualties,9% Casualties,9% Casualties,10% Casualties,10% Casualties,5% Casualties,6% Casualties,7% Casualties,8% Casualties,8% Casualties,9% Casualties,9% Casualties,10% Casualties,10% Casualties,5% Casualties,6% Casualties,7% Casualties,8% Casualties,8% Casualties,9% Casualties,9% Casualties,10% Casualties,10% Casualties,5% Casualties,6% Casualties,7% Casualties,7% Casualties,8% Casualties,9% Casualties,9% Casualties,10% Casualties,10% Casualties,5% Casualties,6% Casualties,7% Casualties,8% Casualties,8% Casualties,9% Casualties,9% Casualties,10% Casualties,10% Casualties,5% Casualties,6% Casualties,7% Casualties,7% Casualties,8% Casualties,9% Casualties,9% Casualties,10% Casualties,10% Casualties,5% Casualties,6% Casualties,7% Casualties,8% Casualties,9% Casualties,9% Casualties,10% Casualties,10% Casualties,11% Casualties,5% Casualties,6% Casualties,7% Casualties,8% Casualties,9% Casualties,9% Casualties,10% Casualties,10% Casualties,11% Casualties,5% Casualties,6% Casualties,7% Casualties,8% Casualties,9% Casualties,9% Casualties,10% Casualties,10% Casualties,11% Casualties
600 CV // 50 RT,1% Casualties,1% Casualties,1% Casualties,2% Casualties,2% Casualties,2% Casualties,3% Casualties,3% Casualties,3% Casualties,1% Casualties,2% Casualties,2% Casualties,2% Casualties,3% Casualties,3% Casualties,3% Casualties,4% Casualties,4% Casualties,1% Casualties,2% Casualties,2% Casualties,3% Casualties,3% Casualties,3% Casualties,4% Casualties,4% Casualties,4% Casualties,2% Casualties,2% Casualties,2% Casualties,3% Casualties,3% Casualties,4% Casualties,4% Casualties,4% Casualties,5% Casualties,2% Casualties,2% Casualties,3% Casualties,3% Casualties,4% Casualties,4% Casualties,4% Casualties,5% Casualties,5% Casualties,2% Casualties,3% Casualties,3% Casualties,4% Casualties,4% Casualties,5% Casualties,5% Casualties,5% Casualties,6% Casualties,3% Casualties,4% Casualties,4% Casualties,5% Casualties,5% Casualties,6% Casualties,6% Casualties,7% Casualties,7% Casualties,3% Casualties,4% Casualties,5% Casualties,5% Casualties,6% Casualties,6% Casualties,7% Casualties,7% Casualties,8% Casualties,4% Casualties,4% Casualties,5% Casualties,6% Casualties,6% Casualties,7% Casualties,7% Casualties,8% Casualties,8% Casualties,4% Casualties,4% Casualties,5% Casualties,6% Casualties,6% Casualties,7% Casualties,7% Casualties,8% Casualties,8% Casualties,4% Casualties,5% Casualties,6% Casualties,6% Casualties,7% Casualties,8% Casualties,8% Casualties,9% Casualties,9% Casualties,4% Casualties,5% Casualties,6% Casualties,6% Casualties,7% Casualties,7% Casualties,8% Casualties,9% Casualties,9% Casualties,4% Casualties,5% Casualties,6% Casualties,7% Casualties,8% Casualties,8% Casualties,9% Casualties,9% Casualties,10% Casualties,4% Casualties,5% Casualties,6% Casualties,7% Casualties,8% Casualties,8% Casualties,9% Casualties,9% Casualties,10% Casualties,5% Casualties,6% Casualties,7% Casualties,7% Casualties,8% Casualties,9% Casualties,9% Casualties,10% Casualties,11% Casualties,5% Casualties,6% Casualties,7% Casualties,7% Casualties,8% Casualties,9% Casualties,9% Casualties,10% Casualties,10% Casualties,5% Casualties,6% Casualties,7% Casualties,8% Casualties,9% Casualties,10% Casualties,10% Casualties,11% Casualties,11% Casualties,5% Casualties,6% Casualties,7% Casualties,8% Casualties,9% Casualties,10% Casualties,10% Casualties,11% Casualties,11% Casualties,5% Casualties,6% Casualties,7% Casualties,8% Casualties,9% Casualties,10% Casualties,10% Casualties,11% Casualties,11% Casualties,5% Casualties,6% Casualties,7% Casualties,8% Casualties,9% Casualties,10% Casualties,10% Casualties,11% Casualties,11% Casualties,5% Casualties,6% Casualties,7% Casualties,8% Casualties,9% Casualties,10% Casualties,10% Casualties,11% Casualties,11% Casualties,5% Casualties,6% Casualties,7% Casualties,8% Casualties,9% Casualties,10% Casualties,10% Casualties,11% Casualties,11% Casualties,6% Casualties,7% Casualties,8% Casualties,9% Casualties,9% Casualties,10% Casualties,11% Casualties,11% Casualties,12% Casualties,6% Casualties,7% Casualties,8% Casualties,9% Casualties,9% Casualties,10% Casualties,11% Casualties,12% Casualties,12% Casualties,6% Casualties,7% Casualties,8% Casualties,9% Casualties,10% Casualties,10% Casualties,11% Casualties,11% Casualties,12% Casualties
600 CV // 40 RT,1% Casualties,1% Casualties,1% Casualties,2% Casualties,2% Casualties,2% Casualties,3% Casualties,3% Casualties,3% Casualties,1% Casualties,1% Casualties,2% Casualties,2% Casualties,3% Casualties,3% Casualties,3% Casualties,4% Casualties,4% Casualties,1% Casualties,2% Casualties,2% Casualties,3% Casualties,3% Casualties,3% Casualties,4% Casualties,4% Casualties,4% Casualties,2% Casualties,2% Casualties,2% Casualties,3% Casualties,3% Casualties,4% Casualties,4% Casualties,4% Casualties,5% Casualties,2% Casualties,2% Casualties,3% Casualties,3% Casualties,4% Casualties,4% Casualties,5% Casualties,5% Casualties,5% Casualties,3% Casualties,3% Casualties,3% Casualties,4% Casualties,4% Casualties,5% Casualties,5% Casualties,6% Casualties,6% Casualties,3% Casualties,4% Casualties,4% Casualties,5% Casualties,5% Casualties,6% Casualties,7% Casualties,7% Casualties,7% Casualties,3% Casualties,4% Casualties,5% Casualties,5% Casualties,6% Casualties,7% Casualties,7% Casualties,8% Casualties,8% Casualties,4% Casualties,5% Casualties,5% Casualties,6% Casualties,7% Casualties,7% Casualties,8% Casualties,9% Casualties,9% Casualties,4% Casualties,5% Casualties,5% Casualties,6% Casualties,7% Casualties,7% Casualties,8% Casualties,9% Casualties,9% Casualties,4% Casualties,5% Casualties,6% Casualties,7% Casualties,7% Casualties,8% Casualties,9% Casualties,9% Casualties,10% Casualties,4% Casualties,5% Casualties,6% Casualties,7% Casualties,7% Casualties,8% Casualties,9% Casualties,9% Casualties,10% Casualties,5% Casualties,5% Casualties,6% Casualties,7% Casualties,8% Casualties,9% Casualties,10% Casualties,10% Casualties,11% Casualties,5% Casualties,6% Casualties,6% Casualties,7% Casualties,8% Casualties,9% Casualties,10% Casualties,10% Casualties,11% Casualties,5% Casualties,6% Casualties,7% Casualties,8% Casualties,9% Casualties,10% Casualties,10% Casualties,11% Casualties,12% Casualties,5% Casualties,6% Casualties,7% Casualties,8% Casualties,9% Casualties,10% Casualties,10% Casualties,11% Casualties,12% Casualties,6% Casualties,7% Casualties,8% Casualties,9% Casualties,10% Casualties,11% Casualties,11% Casualties,12% Casualties,13% Casualties,6% Casualties,7% Casualties,8% Casualties,9% Casualties,10% Casualties,11% Casualties,11% Casualties,12% Casualties,13% Casualties,6% Casualties,7% Casualties,8% Casualties,9% Casualties,10% Casualties,11% Casualties,11% Casualties,12% Casualties,13% Casualties,6% Casualties,7% Casualties,8% Casualties,9% Casualties,10% Casualties,11% Casualties,11% Casualties,12% Casualties,13% Casualties,6% Casualties,7% Casualties,8% Casualties,9% Casualties,10% Casualties,11% Casualties,11% Casualties,12% Casualties,13% Casualties,6% Casualties,7% Casualties,8% Casualties,9% Casualties,10% Casualties,10% Casualties,11% Casualties,12% Casualties,13% Casualties,6% Casualties,7% Casualties,8% Casualties,9% Casualties,10% Casualties,11% Casualties,12% Casualties,13% Casualties,13% Casualties,6% Casualties,7% Casualties,8% Casualties,9% Casualties,10% Casualties,11% Casualties,12% Casualties,13% Casualties,13% Casualties,6% Casualties,7% Casualties,8% Casualties,9% Casualties,10% Casualties,11% Casualties,12% Casualties,13% Casualties,13% Casualties
600 CV // 30 RT,1% Casualties,1% Casualties,1% Casualties,2% Casualties,2% Casualties,2% Casualties,3% Casualties,3% Casualties,3% Casualties,1% Casualties,2% Casualties,2% Casualties,2% Casualties,3% Casualties,3% Casualties,3% Casualties,4% Casualties,4% Casualties,1% Casualties,2% Casualties,2% Casualties,3% Casualties,3% Casualties,4% Casualties,4% Casualties,4% Casualties,5% Casualties,2% Casualties,2% Casualties,3% Casualties,3% Casualties,3% Casualties,4% Casualties,4% Casualties,5% Casualties,5% Casualties,2% Casualties,2% Casualties,3% Casualties,3% Casualties,4% Casualties,4% Casualties,5% Casualties,5% Casualties,6% Casualties,3% Casualties,3% Casualties,4% Casualties,4% Casualties,5% Casualties,5% Casualties,6% Casualties,6% Casualties,6% Casualties,3% Casualties,4% Casualties,4% Casualties,5% Casualties,6% Casualties,6% Casualties,7% Casualties,8% Casualties,8% Casualties,4% Casualties,4% Casualties,5% Casualties,6% Casualties,7% Casualties,7% Casualties,8% Casualties,9% Casualties,9% Casualties,4% Casualties,5% Casualties,6% Casualties,6% Casualties,7% Casualties,8% Casualties,9% Casualties,9% Casualties,10% Casualties,4% Casualties,5% Casualties,6% Casualties,7% Casualties,7% Casualties,8% Casualties,9% Casualties,10% Casualties,10% Casualties,4% Casualties,5% Casualties,6% Casualties,7% Casualties,8% Casualties,9% Casualties,10% Casualties,10% Casualties,11% Casualties,4% Casualties,5% Casualties,6% Casualties,7% Casualties,8% Casualties,9% Casualties,10% Casualties,10% Casualties,11% Casualties,5% Casualties,6% Casualties,7% Casualties,8% Casualties,9% Casualties,10% Casualties,11% Casualties,11% Casualties,12% Casualties,5% Casualties,6% Casualties,7% Casualties,8% Casualties,9% Casualties,10% Casualties,11% Casualties,11% Casualties,12% Casualties,5% Casualties,6% Casualties,8% Casualties,9% Casualties,10% Casualties,11% Casualties,12% Casualties,12% Casualties,13% Casualties,5% Casualties,6% Casualties,8% Casualties,9% Casualties,10% Casualties,11% Casualties,12% Casualties,13% Casualties,13% Casualties,6% Casualties,7% Casualties,8% Casualties,10% Casualties,11% Casualties,12% Casualties,13% Casualties,14% Casualties,14% Casualties,6% Casualties,7% Casualties,8% Casualties,10% Casualties,11% Casualties,12% Casualties,13% Casualties,14% Casualties,14% Casualties,6% Casualties,7% Casualties,8% Casualties,10% Casualties,11% Casualties,12% Casualties,13% Casualties,14% Casualties,14% Casualties,6% Casualties,7% Casualties,9% Casualties,10% Casualties,11% Casualties,12% Casualties,13% Casualties,14% Casualties,14% Casualties,6% Casualties,7% Casualties,9% Casualties,10% Casualties,11% Casualties,12% Casualties,13% Casualties,14% Casualties,14% Casualties,6% Casualties,7% Casualties,9% Casualties,10% Casualties,11% Casualties,12% Casualties,13% Casualties,14% Casualties,14% Casualties,6% Casualties,8% Casualties,9% Casualties,10% Casualties,12% Casualties,13% Casualties,14% Casualties,15% Casualties,16% Casualties,7% Casualties,8% Casualties,9% Casualties,10% Casualties,12% Casualties,13% Casualties,14% Casualties,15% Casualties,15% Casualties,6% Casualties,8% Casualties,9% Casualties,10% Casualties,12% Casualties,13% Casualties,14% Casualties,15% Casualties,16% Casualties
600 CV // 20 RT,1% Casualties,1% Casualties,1% Casualties,2% Casualties,2% Casualties,2% Casualties,3% Casualties,3% Casualties,3% Casualties,1% Casualties,2% Casualties,2% Casualties,2% Casualties,3% Casualties,3% Casualties,3% Casualties,4% Casualties,4% Casualties,1% Casualties,2% Casualties,2% Casualties,3% Casualties,3% Casualties,4% Casualties,4% Casualties,4% Casualties,5% Casualties,2% Casualties,2% Casualties,3% Casualties,3% Casualties,4% Casualties,4% Casualties,4% Casualties,5% Casualties,5% Casualties,2% Casualties,2% Casualties,3% Casualties,4% Casualties,4% Casualties,5% Casualties,5% Casualties,6% Casualties,6% Casualties,3% Casualties,3% Casualties,4% Casualties,4% Casualties,5% Casualties,5% Casualties,6% Casualties,6% Casualties,7% Casualties,3% Casualties,4% Casualties,5% Casualties,5% Casualties,6% Casualties,7% Casualties,8% Casualties,8% Casualties,9% Casualties,4% Casualties,4% Casualties,5% Casualties,6% Casualties,7% Casualties,8% Casualties,9% Casualties,9% Casualties,10% Casualties,4% Casualties,5% Casualties,6% Casualties,7% Casualties,8% Casualties,9% Casualties,10% Casualties,10% Casualties,11% Casualties,4% Casualties,5% Casualties,6% Casualties,7% Casualties,8% Casualties,9% Casualties,10% Casualties,11% Casualties,11% Casualties,5% Casualties,6% Casualties,7% Casualties,8% Casualties,9% Casualties,10% Casualties,11% Casualties,12% Casualties,13% Casualties,5% Casualties,6% Casualties,7% Casualties,8% Casualties,9% Casualties,10% Casualties,11% Casualties,12% Casualties,13% Casualties,5% Casualties,6% Casualties,7% Casualties,9% Casualties,10% Casualties,11% Casualties,12% Casualties,13% Casualties,14% Casualties,5% Casualties,6% Casualties,7% Casualties,9% Casualties,10% Casualties,11% Casualties,12% Casualties,13% Casualties,14% Casualties,6% Casualties,7% Casualties,8% Casualties,10% Casualties,11% Casualties,12% Casualties,13% Casualties,14% Casualties,15% Casualties,6% Casualties,7% Casualties,8% Casualties,10% Casualties,11% Casualties,12% Casualties,13% Casualties,14% Casualties,15% Casualties,6% Casualties,8% Casualties,9% Casualties,11% Casualties,12% Casualties,13% Casualties,14% Casualties,15% Casualties,16% Casualties,7% Casualties,8% Casualties,9% Casualties,11% Casualties,12% Casualties,13% Casualties,15% Casualties,16% Casualties,16% Casualties,7% Casualties,8% Casualties,9% Casualties,11% Casualties,12% Casualties,13% Casualties,14% Casualties,15% Casualties,16% Casualties,7% Casualties,8% Casualties,9% Casualties,11% Casualties,12% Casualties,13% Casualties,14% Casualties,15% Casualties,16% Casualties,7% Casualties,8% Casualties,9% Casualties,11% Casualties,12% Casualties,13% Casualties,15% Casualties,16% Casualties,16% Casualties,6% Casualties,8% Casualties,9% Casualties,11% Casualties,12% Casualties,13% Casualties,15% Casualties,16% Casualties,17% Casualties,7% Casualties,8% Casualties,10% Casualties,12% Casualties,13% Casualties,15% Casualties,16% Casualties,17% Casualties,18% Casualties,7% Casualties,9% Casualties,10% Casualties,12% Casualties,13% Casualties,15% Casualties,16% Casualties,17% Casualties,18% Casualties,7% Casualties,9% Casualties,10% Casualties,12% Casualties,13% Casualties,15% Casualties,16% Casualties,17% Casualties,18% Casualties
600 CV // 10 RT,1% Casualties,1% Casualties,1% Casualties,2% Casualties,2% Casualties,2% Casualties,3% Casualties,3% Casualties,3% Casualties,1% Casualties,2% Casualties,2% Casualties,2% Casualties,3% Casualties,3% Casualties,3% Casualties,4% Casualties,4% Casualties,2% Casualties,2% Casualties,2% Casualties,3% Casualties,3% Casualties,4% Casualties,4% Casualties,5% Casualties,5% Casualties,2% Casualties,2% Casualties,3% Casualties,3% Casualties,4% Casualties,4% Casualties,5% Casualties,5% Casualties,6% Casualties,2% Casualties,3% Casualties,3% Casualties,4% Casualties,4% Casualties,5% Casualties,5% Casualties,6% Casualties,7% Casualties,3% Casualties,3% Casualties,4% Casualties,4% Casualties,5% Casualties,6% Casualties,6% Casualties,7% Casualties,8% Casualties,3% Casualties,4% Casualties,5% Casualties,6% Casualties,7% Casualties,7% Casualties,8% Casualties,9% Casualties,10% Casualties,4% Casualties,5% Casualties,6% Casualties,7% Casualties,8% Casualties,8% Casualties,9% Casualties,10% Casualties,11% Casualties,4% Casualties,5% Casualties,7% Casualties,7% Casualties,9% Casualties,10% Casualties,11% Casualties,12% Casualties,13% Casualties,4% Casualties,5% Casualties,7% Casualties,8% Casualties,9% Casualties,10% Casualties,11% Casualties,12% Casualties,13% Casualties,5% Casualties,6% Casualties,7% Casualties,8% Casualties,10% Casualties,11% Casualties,12% Casualties,13% Casualties,14% Casualties,5% Casualties,6% Casualties,7% Casualties,9% Casualties,10% Casualties,11% Casualties,12% Casualties,13% Casualties,14% Casualties,5% Casualties,7% Casualties,8% Casualties,9% Casualties,11% Casualties,12% Casualties,13% Casualties,15% Casualties,16% Casualties,6% Casualties,7% Casualties,8% Casualties,10% Casualties,11% Casualties,12% Casualties,13% Casualties,15% Casualties,16% Casualties,6% Casualties,8% Casualties,9% Casualties,10% Casualties,12% Casualties,13% Casualties,15% Casualties,16% Casualties,17% Casualties,6% Casualties,7% Casualties,9% Casualties,11% Casualties,12% Casualties,14% Casualties,15% Casualties,16% Casualties,17% Casualties,7% Casualties,9% Casualties,10% Casualties,12% Casualties,14% Casualties,15% Casualties,17% Casualties,18% Casualties,19% Casualties,7% Casualties,9% Casualties,10% Casualties,12% Casualties,14% Casualties,15% Casualties,16% Casualties,18% Casualties,19% Casualties,7% Casualties,9% Casualties,10% Casualties,12% Casualties,13% Casualties,15% Casualties,17% Casualties,18% Casualties,19% Casualties,7% Casualties,8% Casualties,10% Casualties,12% Casualties,14% Casualties,15% Casualties,16% Casualties,18% Casualties,19% Casualties,7% Casualties,9% Casualties,10% Casualties,12% Casualties,13% Casualties,15% Casualties,17% Casualties,18% Casualties,19% Casualties,7% Casualties,9% Casualties,10% Casualties,12% Casualties,14% Casualties,15% Casualties,16% Casualties,18% Casualties,19% Casualties,8% Casualties,10% Casualties,11% Casualties,13% Casualties,15% Casualties,17% Casualties,18% Casualties,20% Casualties,21% Casualties,8% Casualties,9% Casualties,11% Casualties,13% Casualties,15% Casualties,17% Casualties,18% Casualties,20% Casualties,21% Casualties,8% Casualties,9% Casualties,11% Casualties,13% Casualties,15% Casualties,17% Casualties,18% Casualties,20% Casualties,21% Casualties
600 CV // 0 RT,1% Casualties,1% Casualties,1% Casualties,2% Casualties,2% Casualties,2% Casualties,3% Casualties,3% Casualties,3% Casualties,1% Casualties,2% Casualties,2% Casualties,2% Casualties,3% Casualties,3% Casualties,4% Casualties,4% Casualties,4% Casualties,2% Casualties,2% Casualties,2% Casualties,3% Casualties,3% Casualties,4% Casualties,4% Casualties,5% Casualties,5% Casualties,2% Casualties,2% Casualties,3% Casualties,3% Casualties,4% Casualties,4% Casualties,5% Casualties,5% Casualties,6% Casualties,2% Casualties,3% Casualties,3% Casualties,4% Casualties,5% Casualties,5% Casualties,6% Casualties,6% Casualties,7% Casualties,3% Casualties,3% Casualties,4% Casualties,5% Casualties,5% Casualties,6% Casualties,7% Casualties,8% Casualties,8% Casualties,4% Casualties,4% Casualties,5% Casualties,6% Casualties,7% Casualties,8% Casualties,9% Casualties,10% Casualties,11% Casualties,4% Casualties,5% Casualties,6% Casualties,7% Casualties,8% Casualties,9% Casualties,10% Casualties,11% Casualties,13% Casualties,5% Casualties,6% Casualties,7% Casualties,8% Casualties,9% Casualties,11% Casualties,12% Casualties,13% Casualties,14% Casualties,5% Casualties,6% Casualties,7% Casualties,8% Casualties,9% Casualties,11% Casualties,12% Casualties,13% Casualties,14% Casualties,5% Casualties,6% Casualties,8% Casualties,9% Casualties,11% Casualties,12% Casualties,14% Casualties,15% Casualties,16% Casualties,5% Casualties,6% Casualties,8% Casualties,9% Casualties,11% Casualties,12% Casualties,14% Casualties,15% Casualties,16% Casualties,6% Casualties,7% Casualties,9% Casualties,10% Casualties,12% Casualties,14% Casualties,15% Casualties,17% Casualties,18% Casualties,6% Casualties,7% Casualties,9% Casualties,11% Casualties,12% Casualties,14% Casualties,15% Casualties,17% Casualties,18% Casualties,6% Casualties,8% Casualties,10% Casualties,12% Casualties,14% Casualties,15% Casualties,17% Casualties,18% Casualties,20% Casualties,7% Casualties,8% Casualties,10% Casualties,12% Casualties,14% Casualties,15% Casualties,17% Casualties,19% Casualties,20% Casualties,8% Casualties,10% Casualties,12% Casualties,13% Casualties,15% Casualties,17% Casualties,19% Casualties,21% Casualties,22% Casualties,8% Casualties,10% Casualties,11% Casualties,13% Casualties,15% Casualties,17% Casualties,19% Casualties,21% Casualties,22% Casualties,8% Casualties,9% Casualties,11% Casualties,13% Casualties,15% Casualties,17% Casualties,19% Casualties,21% Casualties,22% Casualties,8% Casualties,9% Casualties,11% Casualties,13% Casualties,16% Casualties,17% Casualties,19% Casualties,21% Casualties,23% Casualties,7% Casualties,9% Casualties,11% Casualties,13% Casualties,15% Casualties,17% Casualties,19% Casualties,21% Casualties,22% Casualties,7% Casualties,9% Casualties,11% Casualties,13% Casualties,15% Casualties,17% Casualties,19% Casualties,21% Casualties,22% Casualties,8% Casualties,10% Casualties,13% Casualties,15% Casualties,17% Casualties,19% Casualties,21% Casualties,23% Casualties,24% Casualties,8% Casualties,10% Casualties,12% Casualties,15% Casualties,17% Casualties,19% Casualties,21% Casualties,23% Casualties,25% Casualties,8% Casualties,11% Casualties,13% Casualties,15% Casualties,17% Casualties,19% Casualties,21% Casualties,23% Casualties,25% Casualties
625 CV // 80 RT,1% Casualties,1% Casualties,1% Casualties,2% Casualties,2% Casualties,2% Casualties,2% Casualties,3% Casualties,3% Casualties,1% Casualties,1% Casualties,2% Casualties,2% Casualties,2% Casualties,3% Casualties,3% Casualties,3% Casualties,3% Casualties,1% Casualties,2% Casualties,2% Casualties,2% Casualties,3% Casualties,3% Casualties,3% Casualties,3% Casualties,4% Casualties,2% Casualties,2% Casualties,2% Casualties,3% Casualties,3% Casualties,3% Casualties,3% Casualties,4% Casualties,4% Casualties,2% Casualties,2% Casualties,2% Casualties,3% Casualties,3% Casualties,3% Casualties,3% Casualties,4% Casualties,4% Casualties,2% Casualties,3% Casualties,3% Casualties,3% Casualties,4% Casualties,4% Casualties,4% Casualties,4% Casualties,4% Casualties,2% Casualties,3% Casualties,3% Casualties,3% Casualties,4% Casualties,4% Casualties,4% Casualties,5% Casualties,5% Casualties,3% Casualties,3% Casualties,3% Casualties,4% Casualties,4% Casualties,4% Casualties,5% Casualties,5% Casualties,5% Casualties,3% Casualties,3% Casualties,4% Casualties,4% Casualties,5% Casualties,5% Casualties,5% Casualties,5% Casualties,6% Casualties,3% Casualties,4% Casualties,4% Casualties,5% Casualties,5% Casualties,5% Casualties,6% Casualties,6% Casualties,6% Casualties,4% Casualties,4% Casualties,5% Casualties,5% Casualties,5% Casualties,6% Casualties,6% Casualties,6% Casualties,6% Casualties,4% Casualties,4% Casualties,5% Casualties,5% Casualties,5% Casualties,6% Casualties,6% Casualties,6% Casualties,7% Casualties,4% Casualties,4% Casualties,5% Casualties,5% Casualties,6% Casualties,6% Casualties,6% Casualties,7% Casualties,7% Casualties,4% Casualties,4% Casualties,5% Casualties,5% Casualties,6% Casualties,6% Casualties,6% Casualties,7% Casualties,7% Casualties,4% Casualties,5% Casualties,5% Casualties,6% Casualties,6% Casualties,7% Casualties,7% Casualties,7% Casualties,7% Casualties,4% Casualties,5% Casualties,5% Casualties,6% Casualties,6% Casualties,7% Casualties,7% Casualties,7% Casualties,7% Casualties,4% Casualties,5% Casualties,5% Casualties,6% Casualties,6% Casualties,7% Casualties,7% Casualties,7% Casualties,7% Casualties,5% Casualties,5% Casualties,6% Casualties,6% Casualties,7% Casualties,7% Casualties,7% Casualties,8% Casualties,8% Casualties,5% Casualties,5% Casualties,6% Casualties,6% Casualties,7% Casualties,7% Casualties,7% Casualties,8% Casualties,8% Casualties,5% Casualties,5% Casualties,6% Casualties,6% Casualties,7% Casualties,7% Casualties,7% Casualties,8% Casualties,8% Casualties,5% Casualties,5% Casualties,6% Casualties,6% Casualties,7% Casualties,7% Casualties,7% Casualties,8% Casualties,8% Casualties,5% Casualties,5% Casualties,6% Casualties,6% Casualties,7% Casualties,7% Casualties,8% Casualties,8% Casualties,8% Casualties,5% Casualties,5% Casualties,6% Casualties,6% Casualties,7% Casualties,7% Casualties,7% Casualties,8% Casualties,8% Casualties,5% Casualties,5% Casualties,6% Casualties,7% Casualties,7% Casualties,7% Casualties,8% Casualties,8% Casualties,8% Casualties,5% Casualties,5% Casualties,6% Casualties,7% Casualties,7% Casualties,7% Casualties,8% Casualties,8% Casualties,8% Casualties
625 CV // 70 RT,1% Casualties,1% Casualties,1% Casualties,2% Casualties,2% Casualties,2% Casualties,2% Casualties,3% Casualties,3% Casualties,1% Casualties,1% Casualties,2% Casualties,2% Casualties,2% Casualties,3% Casualties,3% Casualties,3% Casualties,3% Casualties,1% Casualties,2% Casualties,2% Casualties,2% Casualties,3% Casualties,3% Casualties,3% Casualties,4% Casualties,4% Casualties,2% Casualties,2% Casualties,2% Casualties,3% Casualties,3% Casualties,3% Casualties,4% Casualties,4% Casualties,4% Casualties,2% Casualties,2% Casualties,2% Casualties,3% Casualties,3% Casualties,3% Casualties,4% Casualties,4% Casualties,4% Casualties,2% Casualties,3% Casualties,3% Casualties,3% Casualties,4% Casualties,4% Casualties,4% Casualties,5% Casualties,5% Casualties,3% Casualties,3% Casualties,3% Casualties,4% Casualties,4% Casualties,4% Casualties,5% Casualties,5% Casualties,5% Casualties,3% Casualties,3% Casualties,4% Casualties,4% Casualties,5% Casualties,5% Casualties,5% Casualties,6% Casualties,6% Casualties,3% Casualties,4% Casualties,4% Casualties,4% Casualties,5% Casualties,5% Casualties,6% Casualties,6% Casualties,6% Casualties,3% Casualties,4% Casualties,4% Casualties,5% Casualties,5% Casualties,6% Casualties,6% Casualties,7% Casualties,7% Casualties,4% Casualties,4% Casualties,5% Casualties,5% Casualties,6% Casualties,6% Casualties,7% Casualties,7% Casualties,7% Casualties,4% Casualties,4% Casualties,5% Casualties,5% Casualties,6% Casualties,6% Casualties,7% Casualties,7% Casualties,7% Casualties,4% Casualties,5% Casualties,5% Casualties,6% Casualties,6% Casualties,7% Casualties,7% Casualties,8% Casualties,8% Casualties,4% Casualties,5% Casualties,5% Casualties,6% Casualties,6% Casualties,7% Casualties,7% Casualties,8% Casualties,8% Casualties,4% Casualties,5% Casualties,6% Casualties,6% Casualties,7% Casualties,7% Casualties,8% Casualties,8% Casualties,8% Casualties,4% Casualties,5% Casualties,6% Casualties,6% Casualties,7% Casualties,7% Casualties,8% Casualties,8% Casualties,8% Casualties,4% Casualties,5% Casualties,6% Casualties,6% Casualties,7% Casualties,7% Casualties,8% Casualties,8% Casualties,8% Casualties,5% Casualties,6% Casualties,6% Casualties,7% Casualties,8% Casualties,8% Casualties,8% Casualties,9% Casualties,9% Casualties,5% Casualties,6% Casualties,6% Casualties,7% Casualties,8% Casualties,8% Casualties,8% Casualties,9% Casualties,9% Casualties,5% Casualties,6% Casualties,6% Casualties,7% Casualties,7% Casualties,8% Casualties,8% Casualties,9% Casualties,9% Casualties,5% Casualties,6% Casualties,6% Casualties,7% Casualties,7% Casualties,8% Casualties,8% Casualties,9% Casualties,9% Casualties,5% Casualties,6% Casualties,6% Casualties,7% Casualties,7% Casualties,8% Casualties,8% Casualties,9% Casualties,9% Casualties,5% Casualties,6% Casualties,6% Casualties,7% Casualties,7% Casualties,8% Casualties,8% Casualties,9% Casualties,9% Casualties,5% Casualties,6% Casualties,7% Casualties,7% Casualties,8% Casualties,8% Casualties,9% Casualties,9% Casualties,9% Casualties,5% Casualties,6% Casualties,7% Casualties,7% Casualties,8% Casualties,8% Casualties,9% Casualties,9% Casualties,9% Casualties
625 CV // 60 RT,1% Casualties,1% Casualties,1% Casualties,2% Casualties,2% Casualties,2% Casualties,2% Casualties,3% Casualties,3% Casualties,1% Casualties,1% Casualties,2% Casualties,2% Casualties,2% Casualties,3% Casualties,3% Casualties,3% Casualties,4% Casualties,1% Casualties,2% Casualties,2% Casualties,2% Casualties,3% Casualties,3% Casualties,3% Casualties,4% Casualties,4% Casualties,2% Casualties,2% Casualties,2% Casualties,3% Casualties,3% Casualties,4% Casualties,4% Casualties,4% Casualties,4% Casualties,2% Casualties,2% Casualties,3% Casualties,3% Casualties,3% Casualties,4% Casualties,4% Casualties,4% Casualties,5% Casualties,2% Casualties,3% Casualties,3% Casualties,4% Casualties,4% Casualties,4% Casualties,5% Casualties,5% Casualties,5% Casualties,3% Casualties,3% Casualties,3% Casualties,4% Casualties,4% Casualties,5% Casualties,5% Casualties,5% Casualties,6% Casualties,3% Casualties,3% Casualties,4% Casualties,4% Casualties,5% Casualties,5% Casualties,6% Casualties,6% Casualties,6% Casualties,3% Casualties,4% Casualties,4% Casualties,5% Casualties,5% Casualties,6% Casualties,6% Casualties,7% Casualties,7% Casualties,4% Casualties,4% Casualties,5% Casualties,5% Casualties,6% Casualties,6% Casualties,7% Casualties,7% Casualties,8% Casualties,4% Casualties,4% Casualties,5% Casualties,6% Casualties,6% Casualties,7% Casualties,7% Casualties,8% Casualties,8% Casualties,4% Casualties,5% Casualties,5% Casualties,6% Casualties,6% Casualties,7% Casualties,7% Casualties,8% Casualties,8% Casualties,4% Casualties,5% Casualties,6% Casualties,6% Casualties,7% Casualties,8% Casualties,8% Casualties,8% Casualties,9% Casualties,4% Casualties,5% Casualties,6% Casualties,6% Casualties,7% Casualties,8% Casualties,8% Casualties,8% Casualties,9% Casualties,5% Casualties,5% Casualties,6% Casualties,7% Casualties,8% Casualties,8% Casualties,8% Casualties,9% Casualties,9% Casualties,5% Casualties,5% Casualties,6% Casualties,7% Casualties,7% Casualties,8% Casualties,8% Casualties,9% Casualties,9% Casualties,5% Casualties,5% Casualties,6% Casualties,7% Casualties,7% Casualties,8% Casualties,9% Casualties,9% Casualties,9% Casualties,5% Casualties,6% Casualties,7% Casualties,8% Casualties,8% Casualties,9% Casualties,9% Casualties,10% Casualties,10% Casualties,5% Casualties,6% Casualties,7% Casualties,7% Casualties,8% Casualties,9% Casualties,9% Casualties,10% Casualties,10% Casualties,5% Casualties,6% Casualties,7% Casualties,8% Casualties,8% Casualties,9% Casualties,9% Casualties,10% Casualties,10% Casualties,5% Casualties,6% Casualties,7% Casualties,7% Casualties,8% Casualties,9% Casualties,9% Casualties,10% Casualties,10% Casualties,5% Casualties,6% Casualties,7% Casualties,8% Casualties,8% Casualties,9% Casualties,9% Casualties,10% Casualties,10% Casualties,5% Casualties,6% Casualties,7% Casualties,8% Casualties,8% Casualties,9% Casualties,9% Casualties,10% Casualties,10% Casualties,5% Casualties,6% Casualties,7% Casualties,8% Casualties,9% Casualties,9% Casualties,10% Casualties,10% Casualties,11% Casualties,5% Casualties,6% Casualties,7% Casualties,8% Casualties,9% Casualties,9% Casualties,10% Casualties,10% Casualties,11% Casualties
625 CV // 50 RT,1% Casualties,1% Casualties,1% Casualties,2% Casualties,2% Casualties,2% Casualties,2% Casualties,3% Casualties,3% Casualties,1% Casualties,1% Casualties,2% Casualties,2% Casualties,2% Casualties,3% Casualties,3% Casualties,3% Casualties,4% Casualties,1% Casualties,2% Casualties,2% Casualties,3% Casualties,3% Casualties,3% Casualties,4% Casualties,4% Casualties,4% Casualties,2% Casualties,2% Casualties,2% Casualties,3% Casualties,3% Casualties,4% Casualties,4% Casualties,4% Casualties,5% Casualties,2% Casualties,2% Casualties,3% Casualties,3% Casualties,4% Casualties,4% Casualties,4% Casualties,5% Casualties,5% Casualties,2% Casualties,3% Casualties,3% Casualties,4% Casualties,4% Casualties,4% Casualties,5% Casualties,5% Casualties,6% Casualties,3% Casualties,3% Casualties,4% Casualties,4% Casualties,5% Casualties,5% Casualties,5% Casualties,6% Casualties,6% Casualties,3% Casualties,4% Casualties,4% Casualties,5% Casualties,5% Casualties,6% Casualties,6% Casualties,7% Casualties,7% Casualties,3% Casualties,4% Casualties,4% Casualties,5% Casualties,6% Casualties,6% Casualties,7% Casualties,7% Casualties,8% Casualties,4% Casualties,4% Casualties,5% Casualties,6% Casualties,6% Casualties,7% Casualties,7% Casualties,8% Casualties,8% Casualties,4% Casualties,5% Casualties,5% Casualties,6% Casualties,7% Casualties,8% Casualties,8% Casualties,9% Casualties,9% Casualties,4% Casualties,5% Casualties,6% Casualties,6% Casualties,7% Casualties,7% Casualties,8% Casualties,8% Casualties,9% Casualties,4% Casualties,5% Casualties,6% Casualties,7% Casualties,7% Casualties,8% Casualties,9% Casualties,9% Casualties,10% Casualties,4% Casualties,5% Casualties,6% Casualties,7% Casualties,7% Casualties,8% Casualties,9% Casualties,9% Casualties,10% Casualties,5% Casualties,6% Casualties,7% Casualties,7% Casualties,8% Casualties,9% Casualties,9% Casualties,10% Casualties,10% Casualties,5% Casualties,6% Casualties,7% Casualties,7% Casualties,8% Casualties,9% Casualties,9% Casualties,10% Casualties,10% Casualties,5% Casualties,6% Casualties,7% Casualties,7% Casualties,8% Casualties,9% Casualties,9% Casualties,10% Casualties,10% Casualties,5% Casualties,6% Casualties,7% Casualties,8% Casualties,9% Casualties,10% Casualties,10% Casualties,11% Casualties,11% Casualties,5% Casualties,6% Casualties,7% Casualties,8% Casualties,9% Casualties,9% Casualties,10% Casualties,11% Casualties,11% Casualties,5% Casualties,6% Casualties,7% Casualties,8% Casualties,9% Casualties,10% Casualties,10% Casualties,11% Casualties,11% Casualties,5% Casualties,6% Casualties,7% Casualties,8% Casualties,9% Casualties,9% Casualties,10% Casualties,11% Casualties,11% Casualties,5% Casualties,6% Casualties,7% Casualties,8% Casualties,9% Casualties,10% Casualties,10% Casualties,11% Casualties,11% Casualties,5% Casualties,6% Casualties,7% Casualties,8% Casualties,9% Casualties,10% Casualties,10% Casualties,11% Casualties,11% Casualties,6% Casualties,7% Casualties,8% Casualties,9% Casualties,10% Casualties,10% Casualties,11% Casualties,11% Casualties,12% Casualties,6% Casualties,7% Casualties,8% Casualties,9% Casualties,9% Casualties,10% Casualties,11% Casualties,12% Casualties,12% Casualties
625 CV // 40 RT,1% Casualties,1% Casualties,1% Casualties,2% Casualties,2% Casualties,2% Casualties,2% Casualties,3% Casualties,3% Casualties,1% Casualties,1% Casualties,2% Casualties,2% Casualties,2% Casualties,3% Casualties,3% Casualties,3% Casualties,4% Casualties,1% Casualties,2% Casualties,2% Casualties,3% Casualties,3% Casualties,3% Casualties,4% Casualties,4% Casualties,4% Casualties,2% Casualties,2% Casualties,2% Casualties,3% Casualties,3% Casualties,4% Casualties,4% Casualties,4% Casualties,5% Casualties,2% Casualties,2% Casualties,3% Casualties,3% Casualties,4% Casualties,4% Casualties,4% Casualties,5% Casualties,5% Casualties,2% Casualties,3% Casualties,3% Casualties,4% Casualties,4% Casualties,5% Casualties,5% Casualties,6% Casualties,6% Casualties,3% Casualties,3% Casualties,4% Casualties,4% Casualties,5% Casualties,5% Casualties,6% Casualties,6% Casualties,7% Casualties,3% Casualties,4% Casualties,4% Casualties,5% Casualties,5% Casualties,6% Casualties,7% Casualties,7% Casualties,8% Casualties,3% Casualties,4% Casualties,5% Casualties,5% Casualties,6% Casualties,7% Casualties,7% Casualties,8% Casualties,8% Casualties,4% Casualties,5% Casualties,5% Casualties,6% Casualties,7% Casualties,7% Casualties,8% Casualties,9% Casualties,9% Casualties,4% Casualties,5% Casualties,6% Casualties,7% Casualties,7% Casualties,8% Casualties,9% Casualties,9% Casualties,10% Casualties,4% Casualties,5% Casualties,6% Casualties,7% Casualties,7% Casualties,8% Casualties,9% Casualties,9% Casualties,10% Casualties,5% Casualties,6% Casualties,6% Casualties,7% Casualties,8% Casualties,9% Casualties,10% Casualties,10% Casualties,11% Casualties,5% Casualties,5% Casualties,6% Casualties,7% Casualties,8% Casualties,9% Casualties,10% Casualties,10% Casualties,11% Casualties,5% Casualties,6% Casualties,7% Casualties,8% Casualties,9% Casualties,10% Casualties,10% Casualties,11% Casualties,12% Casualties,5% Casualties,6% Casualties,7% Casualties,8% Casualties,9% Casualties,10% Casualties,10% Casualties,11% Casualties,12% Casualties,5% Casualties,6% Casualties,7% Casualties,8% Casualties,9% Casualties,10% Casualties,11% Casualties,11% Casualties,12% Casualties,6% Casualties,7% Casualties,8% Casualties,9% Casualties,10% Casualties,11% Casualties,11% Casualties,12% Casualties,13% Casualties,6% Casualties,7% Casualties,8% Casualties,9% Casualties,10% Casualties,11% Casualties,11% Casualties,12% Casualties,13% Casualties,6% Casualties,7% Casualties,8% Casualties,9% Casualties,10% Casualties,11% Casualties,11% Casualties,12% Casualties,13% Casualties,6% Casualties,7% Casualties,8% Casualties,9% Casualties,10% Casualties,11% Casualties,11% Casualties,12% Casualties,13% Casualties,6% Casualties,7% Casualties,8% Casualties,9% Casualties,10% Casualties,11% Casualties,11% Casualties,12% Casualties,13% Casualties,6% Casualties,7% Casualties,8% Casualties,9% Casualties,10% Casualties,11% Casualties,11% Casualties,12% Casualties,13% Casualties,6% Casualties,7% Casualties,8% Casualties,10% Casualties,11% Casualties,11% Casualties,12% Casualties,13% Casualties,14% Casualties,6% Casualties,7% Casualties,9% Casualties,9% Casualties,10% Casualties,11% Casualties,12% Casualties,13% Casualties,13% Casualties
625 CV // 30 RT,1% Casualties,1% Casualties,1% Casualties,2% Casualties,2% Casualties,2% Casualties,2% Casualties,3% Casualties,3% Casualties,1% Casualties,1% Casualties,2% Casualties,2% Casualties,3% Casualties,3% Casualties,3% Casualties,3% Casualties,4% Casualties,1% Casualties,2% Casualties,2% Casualties,3% Casualties,3% Casualties,3% Casualties,4% Casualties,4% Casualties,4% Casualties,2% Casualties,2% Casualties,2% Casualties,3% Casualties,3% Casualties,4% Casualties,4% Casualties,5% Casualties,5% Casualties,2% Casualties,2% Casualties,3% Casualties,3% Casualties,4% Casualties,4% Casualties,5% Casualties,5% Casualties,5% Casualties,3% Casualties,3% Casualties,3% Casualties,4% Casualties,5% Casualties,5% Casualties,6% Casualties,6% Casualties,6% Casualties,3% Casualties,3% Casualties,4% Casualties,5% Casualties,5% Casualties,6% Casualties,6% Casualties,7% Casualties,7% Casualties,3% Casualties,4% Casualties,4% Casualties,5% Casualties,6% Casualties,6% Casualties,7% Casualties,8% Casualties,8% Casualties,4% Casualties,4% Casualties,5% Casualties,6% Casualties,6% Casualties,7% Casualties,8% Casualties,9% Casualties,9% Casualties,4% Casualties,5% Casualties,6% Casualties,6% Casualties,7% Casualties,8% Casualties,9% Casualties,9% Casualties,10% Casualties,4% Casualties,5% Casualties,6% Casualties,7% Casualties,8% Casualties,9% Casualties,10% Casualties,10% Casualties,11% Casualties,4% Casualties,5% Casualties,6% Casualties,7% Casualties,8% Casualties,9% Casualties,10% Casualties,10% Casualties,11% Casualties,5% Casualties,6% Casualties,7% Casualties,8% Casualties,9% Casualties,10% Casualties,11% Casualties,11% Casualties,12% Casualties,5% Casualties,6% Casualties,7% Casualties,8% Casualties,9% Casualties,10% Casualties,11% Casualties,11% Casualties,12% Casualties,5% Casualties,7% Casualties,8% Casualties,9% Casualties,10% Casualties,11% Casualties,12% Casualties,12% Casualties,13% Casualties,5% Casualties,6% Casualties,8% Casualties,9% Casualties,10% Casualties,11% Casualties,12% Casualties,12% Casualties,13% Casualties,5% Casualties,6% Casualties,8% Casualties,9% Casualties,10% Casualties,11% Casualties,11% Casualties,12% Casualties,13% Casualties,6% Casualties,7% Casualties,8% Casualties,10% Casualties,11% Casualties,12% Casualties,13% Casualties,14% Casualties,14% Casualties,6% Casualties,7% Casualties,9% Casualties,10% Casualties,11% Casualties,12% Casualties,13% Casualties,13% Casualties,14% Casualties,6% Casualties,7% Casualties,8% Casualties,10% Casualties,11% Casualties,12% Casualties,13% Casualties,13% Casualties,14% Casualties,6% Casualties,7% Casualties,9% Casualties,10% Casualties,11% Casualties,12% Casualties,13% Casualties,14% Casualties,14% Casualties,6% Casualties,7% Casualties,9% Casualties,10% Casualties,11% Casualties,12% Casualties,13% Casualties,13% Casualties,14% Casualties,6% Casualties,7% Casualties,8% Casualties,10% Casualties,11% Casualties,12% Casualties,13% Casualties,13% Casualties,14% Casualties,7% Casualties,8% Casualties,9% Casualties,11% Casualties,12% Casualties,13% Casualties,14% Casualties,15% Casualties,15% Casualties,6% Casualties,8% Casualties,9% Casualties,10% Casualties,12% Casualties,13% Casualties,14% Casualties,15% Casualties,15% Casualties
625 CV // 20 RT,1% Casualties,1% Casualties,1% Casualties,2% Casualties,2% Casualties,2% Casualties,2% Casualties,3% Casualties,3% Casualties,1% Casualties,1% Casualties,2% Casualties,2% Casualties,3% Casualties,3% Casualties,3% Casualties,4% Casualties,4% Casualties,1% Casualties,2% Casualties,2% Casualties,3% Casualties,3% Casualties,3% Casualties,4% Casualties,4% Casualties,5% Casualties,2% Casualties,2% Casualties,3% Casualties,3% Casualties,4% Casualties,4% Casualties,4% Casualties,5% Casualties,5% Casualties,2% Casualties,2% Casualties,3% Casualties,3% Casualties,4% Casualties,4% Casualties,5% Casualties,5% Casualties,6% Casualties,3% Casualties,3% Casualties,4% Casualties,4% Casualties,5% Casualties,5% Casualties,6% Casualties,6% Casualties,7% Casualties,3% Casualties,4% Casualties,4% Casualties,5% Casualties,5% Casualties,6% Casualties,7% Casualties,7% Casualties,8% Casualties,3% Casualties,4% Casualties,5% Casualties,5% Casualties,6% Casualties,7% Casualties,8% Casualties,8% Casualties,9% Casualties,4% Casualties,4% Casualties,5% Casualties,6% Casualties,7% Casualties,8% Casualties,9% Casualties,9% Casualties,10% Casualties,4% Casualties,5% Casualties,6% Casualties,7% Casualties,8% Casualties,9% Casualties,10% Casualties,11% Casualties,11% Casualties,5% Casualties,6% Casualties,7% Casualties,8% Casualties,9% Casualties,10% Casualties,11% Casualties,12% Casualties,12% Casualties,5% Casualties,6% Casualties,7% Casualties,8% Casualties,9% Casualties,10% Casualties,11% Casualties,12% Casualties,13% Casualties,5% Casualties,6% Casualties,7% Casualties,9% Casualties,10% Casualties,11% Casualties,12% Casualties,13% Casualties,14% Casualties,5% Casualties,6% Casualties,7% Casualties,9% Casualties,10% Casualties,11% Casualties,12% Casualties,13% Casualties,14% Casualties,6% Casualties,7% Casualties,8% Casualties,10% Casualties,11% Casualties,12% Casualties,13% Casualties,14% Casualties,15% Casualties,6% Casualties,7% Casualties,8% Casualties,10% Casualties,11% Casualties,12% Casualties,13% Casualties,14% Casualties,15% Casualties,6% Casualties,7% Casualties,8% Casualties,10% Casualties,11% Casualties,12% Casualties,13% Casualties,14% Casualties,15% Casualties,6% Casualties,8% Casualties,9% Casualties,11% Casualties,12% Casualties,13% Casualties,14% Casualties,15% Casualties,17% Casualties,7% Casualties,8% Casualties,9% Casualties,11% Casualties,12% Casualties,13% Casualties,14% Casualties,15% Casualties,16% Casualties,6% Casualties,8% Casualties,9% Casualties,11% Casualties,12% Casualties,13% Casualties,15% Casualties,16% Casualties,17% Casualties,6% Casualties,8% Casualties,9% Casualties,11% Casualties,12% Casualties,13% Casualties,14% Casualties,15% Casualties,16% Casualties,6% Casualties,8% Casualties,9% Casualties,11% Casualties,12% Casualties,13% Casualties,14% Casualties,16% Casualties,17% Casualties,6% Casualties,8% Casualties,9% Casualties,11% Casualties,12% Casualties,13% Casualties,15% Casualties,15% Casualties,17% Casualties,7% Casualties,9% Casualties,10% Casualties,12% Casualties,13% Casualties,14% Casualties,16% Casualties,17% Casualties,18% Casualties,7% Casualties,9% Casualties,10% Casualties,12% Casualties,13% Casualties,15% Casualties,16% Casualties,17% Casualties,18% Casualties
625 CV // 10 RT,1% Casualties,1% Casualties,1% Casualties,2% Casualties,2% Casualties,2% Casualties,2% Casualties,3% Casualties,3% Casualties,1% Casualties,1% Casualties,2% Casualties,2% Casualties,3% Casualties,3% Casualties,3% Casualties,4% Casualties,4% Casualties,1% Casualties,2% Casualties,2% Casualties,3% Casualties,3% Casualties,4% Casualties,4% Casualties,4% Casualties,5% Casualties,2% Casualties,2% Casualties,3% Casualties,3% Casualties,4% Casualties,4% Casualties,5% Casualties,5% Casualties,6% Casualties,2% Casualties,2% Casualties,3% Casualties,4% Casualties,4% Casualties,5% Casualties,5% Casualties,6% Casualties,6% Casualties,3% Casualties,3% Casualties,4% Casualties,4% Casualties,5% Casualties,6% Casualties,6% Casualties,7% Casualties,8% Casualties,3% Casualties,4% Casualties,4% Casualties,5% Casualties,6% Casualties,6% Casualties,7% Casualties,8% Casualties,9% Casualties,3% Casualties,4% Casualties,5% Casualties,6% Casualties,7% Casualties,7% Casualties,8% Casualties,9% Casualties,10% Casualties,4% Casualties,5% Casualties,6% Casualties,7% Casualties,8% Casualties,9% Casualties,10% Casualties,10% Casualties,11% Casualties,5% Casualties,5% Casualties,6% Casualties,8% Casualties,9% Casualties,10% Casualties,11% Casualties,12% Casualties,13% Casualties,5% Casualties,6% Casualties,7% Casualties,9% Casualties,10% Casualties,11% Casualties,12% Casualties,13% Casualties,14% Casualties,5% Casualties,6% Casualties,7% Casualties,9% Casualties,10% Casualties,11% Casualties,12% Casualties,13% Casualties,14% Casualties,5% Casualties,7% Casualties,8% Casualties,10% Casualties,11% Casualties,12% Casualties,13% Casualties,14% Casualties,16% Casualties,6% Casualties,7% Casualties,8% Casualties,9% Casualties,11% Casualties,12% Casualties,14% Casualties,15% Casualties,16% Casualties,6% Casualties,8% Casualties,9% Casualties,11% Casualties,12% Casualties,14% Casualties,15% Casualties,16% Casualties,18% Casualties,6% Casualties,8% Casualties,9% Casualties,11% Casualties,12% Casualties,13% Casualties,15% Casualties,16% Casualties,18% Casualties,6% Casualties,7% Casualties,9% Casualties,11% Casualties,12% Casualties,14% Casualties,15% Casualties,16% Casualties,17% Casualties,7% Casualties,9% Casualties,10% Casualties,12% Casualties,14% Casualties,15% Casualties,16% Casualties,18% Casualties,19% Casualties,7% Casualties,9% Casualties,10% Casualties,12% Casualties,14% Casualties,15% Casualties,17% Casualties,18% Casualties,19% Casualties,7% Casualties,9% Casualties,10% Casualties,12% Casualties,14% Casualties,15% Casualties,16% Casualties,18% Casualties,19% Casualties,7% Casualties,9% Casualties,10% Casualties,12% Casualties,13% Casualties,15% Casualties,17% Casualties,18% Casualties,19% Casualties,7% Casualties,9% Casualties,10% Casualties,12% Casualties,13% Casualties,15% Casualties,17% Casualties,18% Casualties,19% Casualties,7% Casualties,9% Casualties,10% Casualties,12% Casualties,13% Casualties,15% Casualties,17% Casualties,18% Casualties,19% Casualties,8% Casualties,9% Casualties,11% Casualties,13% Casualties,15% Casualties,17% Casualties,18% Casualties,20% Casualties,21% Casualties,8% Casualties,9% Casualties,11% Casualties,13% Casualties,15% Casualties,16% Casualties,18% Casualties,20% Casualties,21% Casualties
625 CV // 0 RT,1% Casualties,1% Casualties,1% Casualties,2% Casualties,2% Casualties,2% Casualties,2% Casualties,3% Casualties,3% Casualties,1% Casualties,1% Casualties,2% Casualties,2% Casualties,3% Casualties,3% Casualties,3% Casualties,4% Casualties,4% Casualties,1% Casualties,2% Casualties,2% Casualties,3% Casualties,3% Casualties,4% Casualties,4% Casualties,5% Casualties,5% Casualties,2% Casualties,2% Casualties,3% Casualties,3% Casualties,4% Casualties,4% Casualties,5% Casualties,5% Casualties,6% Casualties,2% Casualties,2% Casualties,3% Casualties,4% Casualties,4% Casualties,5% Casualties,6% Casualties,6% Casualties,7% Casualties,3% Casualties,3% Casualties,4% Casualties,5% Casualties,5% Casualties,6% Casualties,7% Casualties,8% Casualties,8% Casualties,3% Casualties,4% Casualties,5% Casualties,5% Casualties,6% Casualties,7% Casualties,8% Casualties,9% Casualties,10% Casualties,4% Casualties,4% Casualties,5% Casualties,6% Casualties,7% Casualties,8% Casualties,9% Casualties,10% Casualties,11% Casualties,4% Casualties,5% Casualties,6% Casualties,7% Casualties,8% Casualties,9% Casualties,10% Casualties,11% Casualties,13% Casualties,5% Casualties,6% Casualties,7% Casualties,8% Casualties,10% Casualties,11% Casualties,12% Casualties,13% Casualties,14% Casualties,5% Casualties,7% Casualties,8% Casualties,9% Casualties,11% Casualties,12% Casualties,13% Casualties,15% Casualties,16% Casualties,5% Casualties,7% Casualties,8% Casualties,9% Casualties,11% Casualties,12% Casualties,14% Casualties,15% Casualties,16% Casualties,6% Casualties,7% Casualties,9% Casualties,11% Casualties,12% Casualties,14% Casualties,15% Casualties,17% Casualties,18% Casualties,6% Casualties,7% Casualties,9% Casualties,11% Casualties,12% Casualties,14% Casualties,15% Casualties,17% Casualties,18% Casualties,6% Casualties,8% Casualties,10% Casualties,12% Casualties,14% Casualties,15% Casualties,17% Casualties,19% Casualties,20% Casualties,6% Casualties,8% Casualties,10% Casualties,12% Casualties,14% Casualties,15% Casualties,17% Casualties,19% Casualties,20% Casualties,7% Casualties,8% Casualties,10% Casualties,12% Casualties,14% Casualties,15% Casualties,17% Casualties,19% Casualties,20% Casualties,8% Casualties,9% Casualties,11% Casualties,13% Casualties,15% Casualties,17% Casualties,19% Casualties,21% Casualties,22% Casualties,7% Casualties,9% Casualties,11% Casualties,13% Casualties,15% Casualties,17% Casualties,19% Casualties,21% Casualties,22% Casualties,7% Casualties,9% Casualties,11% Casualties,13% Casualties,15% Casualties,17% Casualties,19% Casualties,20% Casualties,23% Casualties,7% Casualties,9% Casualties,11% Casualties,13% Casualties,15% Casualties,17% Casualties,19% Casualties,21% Casualties,23% Casualties,8% Casualties,9% Casualties,11% Casualties,14% Casualties,15% Casualties,17% Casualties,19% Casualties,21% Casualties,23% Casualties,8% Casualties,9% Casualties,11% Casualties,13% Casualties,15% Casualties,17% Casualties,19% Casualties,21% Casualties,22% Casualties,8% Casualties,10% Casualties,13% Casualties,15% Casualties,17% Casualties,19% Casualties,21% Casualties,23% Casualties,25% Casualties,8% Casualties,11% Casualties,12% Casualties,15% Casualties,17% Casualties,19% Casualties,21% Casualties,23% Casualties,25% Casualties
650 CV // 80 RT,1% Casualties,1% Casualties,1% Casualties,2% Casualties,2% Casualties,2% Casualties,2% Casualties,3% Casualties,3% Casualties,1% Casualties,1% Casualties,2% Casualties,2% Casualties,2% Casualties,3% Casualties,3% Casualties,3% Casualties,3% Casualties,1% Casualties,2% Casualties,2% Casualties,2% Casualties,3% Casualties,3% Casualties,3% Casualties,3% Casualties,4% Casualties,1% Casualties,2% Casualties,2% Casualties,2% Casualties,3% Casualties,3% Casualties,3% Casualties,4% Casualties,4% Casualties,2% Casualties,2% Casualties,2% Casualties,3% Casualties,3% Casualties,3% Casualties,3% Casualties,4% Casualties,4% Casualties,2% Casualties,2% Casualties,2% Casualties,3% Casualties,3% Casualties,3% Casualties,4% Casualties,4% Casualties,4% Casualties,2% Casualties,3% Casualties,3% Casualties,3% Casualties,4% Casualties,4% Casualties,4% Casualties,5% Casualties,5% Casualties,3% Casualties,3% Casualties,3% Casualties,4% Casualties,4% Casualties,5% Casualties,5% Casualties,5% Casualties,5% Casualties,3% Casualties,3% Casualties,4% Casualties,4% Casualties,5% Casualties,5% Casualties,5% Casualties,5% Casualties,6% Casualties,3% Casualties,4% Casualties,4% Casualties,5% Casualties,5% Casualties,5% Casualties,6% Casualties,6% Casualties,6% Casualties,3% Casualties,4% Casualties,4% Casualties,5% Casualties,5% Casualties,5% Casualties,6% Casualties,6% Casualties,6% Casualties,4% Casualties,4% Casualties,5% Casualties,5% Casualties,5% Casualties,6% Casualties,6% Casualties,6% Casualties,6% Casualties,4% Casualties,4% Casualties,5% Casualties,5% Casualties,5% Casualties,6% Casualties,6% Casualties,6% Casualties,7% Casualties,4% Casualties,4% Casualties,5% Casualties,5% Casualties,6% Casualties,6% Casualties,6% Casualties,7% Casualties,7% Casualties,4% Casualties,4% Casualties,5% Casualties,5% Casualties,6% Casualties,6% Casualties,6% Casualties,7% Casualties,7% Casualties,4% Casualties,5% Casualties,5% Casualties,6% Casualties,6% Casualties,7% Casualties,7% Casualties,7% Casualties,7% Casualties,4% Casualties,5% Casualties,5% Casualties,6% Casualties,6% Casualties,7% Casualties,7% Casualties,7% Casualties,7% Casualties,4% Casualties,5% Casualties,5% Casualties,6% Casualties,6% Casualties,7% Casualties,7% Casualties,7% Casualties,7% Casualties,5% Casualties,5% Casualties,6% Casualties,6% Casualties,7% Casualties,7% Casualties,7% Casualties,8% Casualties,8% Casualties,5% Casualties,5% Casualties,6% Casualties,6% Casualties,7% Casualties,7% Casualties,8% Casualties,8% Casualties,8% Casualties,5% Casualties,5% Casualties,6% Casualties,6% Casualties,7% Casualties,7% Casualties,7% Casualties,8% Casualties,8% Casualties,5% Casualties,5% Casualties,6% Casualties,6% Casualties,7% Casualties,7% Casualties,7% Casualties,8% Casualties,8% Casualties,5% Casualties,5% Casualties,6% Casualties,6% Casualties,7% Casualties,7% Casualties,7% Casualties,8% Casualties,8% Casualties,5% Casualties,5% Casualties,6% Casualties,6% Casualties,7% Casualties,7% Casualties,7% Casualties,8% Casualties,8% Casualties,5% Casualties,5% Casualties,6% Casualties,7% Casualties,7% Casualties,7% Casualties,8% Casualties,8% Casualties,8% Casualties
650 CV // 70 RT,1% Casualties,1% Casualties,1% Casualties,2% Casualties,2% Casualties,2% Casualties,2% Casualties,3% Casualties,3% Casualties,1% Casualties,1% Casualties,2% Casualties,2% Casualties,2% Casualties,3% Casualties,3% Casualties,3% Casualties,3% Casualties,1% Casualties,2% Casualties,2% Casualties,2% Casualties,3% Casualties,3% Casualties,3% Casualties,3% Casualties,4% Casualties,1% Casualties,2% Casualties,2% Casualties,3% Casualties,3% Casualties,3% Casualties,4% Casualties,4% Casualties,4% Casualties,2% Casualties,2% Casualties,2% Casualties,3% Casualties,3% Casualties,3% Casualties,4% Casualties,4% Casualties,4% Casualties,2% Casualties,2% Casualties,2% Casualties,3% Casualties,3% Casualties,4% Casualties,4% Casualties,4% Casualties,4% Casualties,3% Casualties,3% Casualties,3% Casualties,4% Casualties,4% Casualties,4% Casualties,5% Casualties,5% Casualties,5% Casualties,3% Casualties,3% Casualties,4% Casualties,4% Casualties,5% Casualties,5% Casualties,5% Casualties,6% Casualties,6% Casualties,3% Casualties,4% Casualties,4% Casualties,5% Casualties,5% Casualties,5% Casualties,6% Casualties,6% Casualties,6% Casualties,3% Casualties,4% Casualties,4% Casualties,5% Casualties,5% Casualties,6% Casualties,6% Casualties,7% Casualties,7% Casualties,3% Casualties,4% Casualties,4% Casualties,5% Casualties,5% Casualties,6% Casualties,6% Casualties,7% Casualties,7% Casualties,4% Casualties,4% Casualties,5% Casualties,6% Casualties,6% Casualties,6% Casualties,7% Casualties,7% Casualties,7% Casualties,4% Casualties,4% Casualties,5% Casualties,5% Casualties,6% Casualties,6% Casualties,7% Casualties,7% Casualties,7% Casualties,4% Casualties,5% Casualties,5% Casualties,6% Casualties,6% Casualties,7% Casualties,7% Casualties,8% Casualties,8% Casualties,4% Casualties,5% Casualties,5% Casualties,6% Casualties,6% Casualties,7% Casualties,7% Casualties,7% Casualties,8% Casualties,4% Casualties,5% Casualties,6% Casualties,6% Casualties,7% Casualties,7% Casualties,8% Casualties,8% Casualties,8% Casualties,4% Casualties,5% Casualties,6% Casualties,6% Casualties,7% Casualties,7% Casualties,8% Casualties,8% Casualties,8% Casualties,4% Casualties,5% Casualties,6% Casualties,6% Casualties,7% Casualties,7% Casualties,8% Casualties,8% Casualties,8% Casualties,5% Casualties,6% Casualties,6% Casualties,7% Casualties,7% Casualties,8% Casualties,8% Casualties,9% Casualties,9% Casualties,5% Casualties,6% Casualties,6% Casualties,7% Casualties,7% Casualties,8% Casualties,8% Casualties,9% Casualties,9% Casualties,5% Casualties,6% Casualties,6% Casualties,7% Casualties,7% Casualties,8% Casualties,8% Casualties,9% Casualties,9% Casualties,5% Casualties,5% Casualties,6% Casualties,7% Casualties,7% Casualties,8% Casualties,8% Casualties,9% Casualties,9% Casualties,5% Casualties,6% Casualties,6% Casualties,7% Casualties,7% Casualties,8% Casualties,8% Casualties,9% Casualties,9% Casualties,5% Casualties,6% Casualties,6% Casualties,7% Casualties,7% Casualties,8% Casualties,8% Casualties,9% Casualties,9% Casualties,5% Casualties,6% Casualties,7% Casualties,7% Casualties,8% Casualties,8% Casualties,9% Casualties,9% Casualties,9% Casualties
650 CV // 60 RT,1% Casualties,1% Casualties,1% Casualties,2% Casualties,2% Casualties,2% Casualties,2% Casualties,3% Casualties,3% Casualties,1% Casualties,1% Casualties,2% Casualties,2% Casualties,2% Casualties,3% Casualties,3% Casualties,3% Casualties,4% Casualties,1% Casualties,2% Casualties,2% Casualties,2% Casualties,3% Casualties,3% Casualties,3% Casualties,4% Casualties,4% Casualties,1% Casualties,2% Casualties,2% Casualties,3% Casualties,3% Casualties,3% Casualties,4% Casualties,4% Casualties,4% Casualties,2% Casualties,2% Casualties,2% Casualties,3% Casualties,3% Casualties,4% Casualties,4% Casualties,4% Casualties,4% Casualties,2% Casualties,2% Casualties,3% Casualties,3% Casualties,3% Casualties,4% Casualties,4% Casualties,4% Casualties,5% Casualties,3% Casualties,3% Casualties,3% Casualties,4% Casualties,4% Casualties,5% Casualties,5% Casualties,5% Casualties,6% Casualties,3% Casualties,3% Casualties,4% Casualties,4% Casualties,5% Casualties,5% Casualties,6% Casualties,6% Casualties,6% Casualties,3% Casualties,4% Casualties,4% Casualties,5% Casualties,5% Casualties,6% Casualties,6% Casualties,7% Casualties,7% Casualties,4% Casualties,4% Casualties,5% Casualties,5% Casualties,6% Casualties,6% Casualties,7% Casualties,7% Casualties,8% Casualties,4% Casualties,4% Casualties,5% Casualties,5% Casualties,6% Casualties,6% Casualties,7% Casualties,7% Casualties,8% Casualties,4% Casualties,5% Casualties,5% Casualties,6% Casualties,6% Casualties,7% Casualties,7% Casualties,8% Casualties,8% Casualties,4% Casualties,5% Casualties,5% Casualties,6% Casualties,6% Casualties,7% Casualties,7% Casualties,8% Casualties,8% Casualties,4% Casualties,5% Casualties,6% Casualties,6% Casualties,7% Casualties,7% Casualties,8% Casualties,8% Casualties,9% Casualties,4% Casualties,5% Casualties,6% Casualties,6% Casualties,7% Casualties,7% Casualties,8% Casualties,8% Casualties,9% Casualties,5% Casualties,5% Casualties,6% Casualties,7% Casualties,7% Casualties,8% Casualties,9% Casualties,9% Casualties,9% Casualties,5% Casualties,5% Casualties,6% Casualties,7% Casualties,7% Casualties,8% Casualties,8% Casualties,9% Casualties,9% Casualties,5% Casualties,5% Casualties,6% Casualties,7% Casualties,8% Casualties,8% Casualties,9% Casualties,9% Casualties,9% Casualties,5% Casualties,6% Casualties,7% Casualties,7% Casualties,8% Casualties,9% Casualties,9% Casualties,10% Casualties,10% Casualties,5% Casualties,6% Casualties,7% Casualties,8% Casualties,8% Casualties,9% Casualties,9% Casualties,10% Casualties,10% Casualties,5% Casualties,6% Casualties,7% Casualties,8% Casualties,8% Casualties,9% Casualties,9% Casualties,10% Casualties,10% Casualties,5% Casualties,6% Casualties,7% Casualties,7% Casualties,8% Casualties,9% Casualties,9% Casualties,10% Casualties,10% Casualties,5% Casualties,6% Casualties,7% Casualties,7% Casualties,8% Casualties,9% Casualties,9% Casualties,10% Casualties,10% Casualties,5% Casualties,6% Casualties,7% Casualties,8% Casualties,8% Casualties,9% Casualties,9% Casualties,10% Casualties,10% Casualties,5% Casualties,6% Casualties,7% Casualties,8% Casualties,9% Casualties,9% Casualties,10% Casualties,10% Casualties,10% Casualties
650 CV // 50 RT,1% Casualties,1% Casualties,1% Casualties,2% Casualties,2% Casualties,2% Casualties,2% Casualties,3% Casualties,3% Casualties,1% Casualties,1% Casualties,2% Casualties,2% Casualties,2% Casualties,3% Casualties,3% Casualties,3% Casualties,4% Casualties,1% Casualties,2% Casualties,2% Casualties,2% Casualties,3% Casualties,3% Casualties,3% Casualties,4% Casualties,4% Casualties,2% Casualties,2% Casualties,2% Casualties,3% Casualties,3% Casualties,3% Casualties,4% Casualties,4% Casualties,4% Casualties,2% Casualties,2% Casualties,3% Casualties,3% Casualties,3% Casualties,4% Casualties,4% Casualties,4% Casualties,5% Casualties,2% Casualties,2% Casualties,3% Casualties,3% Casualties,4% Casualties,4% Casualties,4% Casualties,5% Casualties,5% Casualties,3% Casualties,3% Casualties,4% Casualties,4% Casualties,5% Casualties,5% Casualties,5% Casualties,6% Casualties,6% Casualties,3% Casualties,4% Casualties,4% Casualties,5% Casualties,5% Casualties,6% Casualties,6% Casualties,7% Casualties,7% Casualties,3% Casualties,4% Casualties,5% Casualties,5% Casualties,6% Casualties,6% Casualties,7% Casualties,7% Casualties,8% Casualties,4% Casualties,4% Casualties,5% Casualties,6% Casualties,6% Casualties,7% Casualties,7% Casualties,8% Casualties,8% Casualties,4% Casualties,4% Casualties,5% Casualties,6% Casualties,6% Casualties,7% Casualties,7% Casualties,8% Casualties,8% Casualties,4% Casualties,5% Casualties,6% Casualties,6% Casualties,7% Casualties,7% Casualties,8% Casualties,8% Casualties,9% Casualties,4% Casualties,5% Casualties,6% Casualties,6% Casualties,7% Casualties,8% Casualties,8% Casualties,9% Casualties,9% Casualties,4% Casualties,5% Casualties,6% Casualties,7% Casualties,8% Casualties,8% Casualties,9% Casualties,9% Casualties,10% Casualties,4% Casualties,5% Casualties,6% Casualties,7% Casualties,7% Casualties,8% Casualties,9% Casualties,9% Casualties,10% Casualties,5% Casualties,6% Casualties,7% Casualties,7% Casualties,8% Casualties,9% Casualties,9% Casualties,10% Casualties,10% Casualties,5% Casualties,6% Casualties,7% Casualties,7% Casualties,8% Casualties,9% Casualties,9% Casualties,10% Casualties,10% Casualties,5% Casualties,6% Casualties,7% Casualties,7% Casualties,8% Casualties,9% Casualties,9% Casualties,10% Casualties,10% Casualties,5% Casualties,6% Casualties,7% Casualties,8% Casualties,9% Casualties,10% Casualties,10% Casualties,11% Casualties,11% Casualties,5% Casualties,6% Casualties,7% Casualties,8% Casualties,9% Casualties,10% Casualties,10% Casualties,11% Casualties,11% Casualties,5% Casualties,6% Casualties,7% Casualties,8% Casualties,9% Casualties,9% Casualties,10% Casualties,11% Casualties,11% Casualties,5% Casualties,6% Casualties,7% Casualties,8% Casualties,9% Casualties,10% Casualties,10% Casualties,11% Casualties,11% Casualties,5% Casualties,6% Casualties,7% Casualties,8% Casualties,9% Casualties,10% Casualties,10% Casualties,11% Casualties,11% Casualties,5% Casualties,6% Casualties,7% Casualties,8% Casualties,9% Casualties,10% Casualties,10% Casualties,11% Casualties,11% Casualties,6% Casualties,7% Casualties,8% Casualties,9% Casualties,9% Casualties,10% Casualties,11% Casualties,11% Casualties,12% Casualties
650 CV // 40 RT,1% Casualties,1% Casualties,1% Casualties,2% Casualties,2% Casualties,2% Casualties,2% Casualties,3% Casualties,3% Casualties,1% Casualties,1% Casualties,2% Casualties,2% Casualties,2% Casualties,3% Casualties,3% Casualties,3% Casualties,4% Casualties,1% Casualties,2% Casualties,2% Casualties,2% Casualties,3% Casualties,3% Casualties,4% Casualties,4% Casualties,4% Casualties,2% Casualties,2% Casualties,2% Casualties,3% Casualties,3% Casualties,4% Casualties,4% Casualties,4% Casualties,5% Casualties,2% Casualties,2% Casualties,3% Casualties,3% Casualties,3% Casualties,4% Casualties,4% Casualties,5% Casualties,5% Casualties,2% Casualties,2% Casualties,3% Casualties,3% Casualties,4% Casualties,4% Casualties,5% Casualties,5% Casualties,5% Casualties,3% Casualties,3% Casualties,4% Casualties,4% Casualties,5% Casualties,5% Casualties,6% Casualties,6% Casualties,7% Casualties,3% Casualties,4% Casualties,4% Casualties,5% Casualties,5% Casualties,6% Casualties,7% Casualties,7% Casualties,8% Casualties,3% Casualties,4% Casualties,5% Casualties,5% Casualties,6% Casualties,7% Casualties,7% Casualties,8% Casualties,8% Casualties,4% Casualties,5% Casualties,5% Casualties,6% Casualties,7% Casualties,7% Casualties,8% Casualties,9% Casualties,9% Casualties,4% Casualties,5% Casualties,5% Casualties,6% Casualties,7% Casualties,7% Casualties,8% Casualties,9% Casualties,9% Casualties,4% Casualties,5% Casualties,6% Casualties,7% Casualties,7% Casualties,8% Casualties,9% Casualties,9% Casualties,10% Casualties,4% Casualties,5% Casualties,6% Casualties,7% Casualties,7% Casualties,8% Casualties,9% Casualties,9% Casualties,10% Casualties,5% Casualties,6% Casualties,6% Casualties,7% Casualties,8% Casualties,9% Casualties,10% Casualties,10% Casualties,11% Casualties,5% Casualties,6% Casualties,7% Casualties,7% Casualties,8% Casualties,9% Casualties,10% Casualties,10% Casualties,11% Casualties,5% Casualties,6% Casualties,7% Casualties,8% Casualties,9% Casualties,10% Casualties,10% Casualties,11% Casualties,12% Casualties,5% Casualties,6% Casualties,7% Casualties,8% Casualties,9% Casualties,10% Casualties,10% Casualties,11% Casualties,12% Casualties,5% Casualties,6% Casualties,7% Casualties,8% Casualties,9% Casualties,10% Casualties,10% Casualties,11% Casualties,12% Casualties,6% Casualties,7% Casualties,8% Casualties,9% Casualties,10% Casualties,11% Casualties,11% Casualties,12% Casualties,13% Casualties,6% Casualties,7% Casualties,8% Casualties,9% Casualties,10% Casualties,11% Casualties,11% Casualties,12% Casualties,13% Casualties,6% Casualties,7% Casualties,8% Casualties,9% Casualties,10% Casualties,11% Casualties,11% Casualties,12% Casualties,13% Casualties,6% Casualties,7% Casualties,8% Casualties,9% Casualties,10% Casualties,11% Casualties,11% Casualties,12% Casualties,13% Casualties,6% Casualties,7% Casualties,8% Casualties,9% Casualties,10% Casualties,11% Casualties,11% Casualties,12% Casualties,12% Casualties,6% Casualties,7% Casualties,8% Casualties,9% Casualties,10% Casualties,11% Casualties,11% Casualties,12% Casualties,13% Casualties,6% Casualties,7% Casualties,8% Casualties,9% Casualties,10% Casualties,11% Casualties,12% Casualties,13% Casualties,13% Casualties
650 CV // 30 RT,1% Casualties,1% Casualties,1% Casualties,2% Casualties,2% Casualties,2% Casualties,2% Casualties,3% Casualties,3% Casualties,1% Casualties,1% Casualties,2% Casualties,2% Casualties,2% Casualties,3% Casualties,3% Casualties,3% Casualties,4% Casualties,1% Casualties,2% Casualties,2% Casualties,2% Casualties,3% Casualties,3% Casualties,4% Casualties,4% Casualties,4% Casualties,2% Casualties,2% Casualties,2% Casualties,3% Casualties,3% Casualties,4% Casualties,4% Casualties,4% Casualties,5% Casualties,2% Casualties,2% Casualties,3% Casualties,3% Casualties,4% Casualties,4% Casualties,4% Casualties,5% Casualties,5% Casualties,2% Casualties,2% Casualties,3% Casualties,3% Casualties,4% Casualties,4% Casualties,5% Casualties,5% Casualties,6% Casualties,3% Casualties,3% Casualties,4% Casualties,5% Casualties,5% Casualties,6% Casualties,6% Casualties,7% Casualties,7% Casualties,3% Casualties,4% Casualties,4% Casualties,5% Casualties,6% Casualties,6% Casualties,7% Casualties,8% Casualties,8% Casualties,4% Casualties,4% Casualties,5% Casualties,6% Casualties,6% Casualties,7% Casualties,8% Casualties,9% Casualties,9% Casualties,4% Casualties,5% Casualties,6% Casualties,7% Casualties,7% Casualties,8% Casualties,9% Casualties,9% Casualties,10% Casualties,4% Casualties,5% Casualties,6% Casualties,7% Casualties,7% Casualties,8% Casualties,9% Casualties,10% Casualties,10% Casualties,4% Casualties,5% Casualties,6% Casualties,7% Casualties,8% Casualties,9% Casualties,10% Casualties,10% Casualties,11% Casualties,4% Casualties,5% Casualties,6% Casualties,7% Casualties,8% Casualties,9% Casualties,10% Casualties,10% Casualties,11% Casualties,5% Casualties,6% Casualties,7% Casualties,8% Casualties,9% Casualties,10% Casualties,11% Casualties,11% Casualties,12% Casualties,5% Casualties,6% Casualties,7% Casualties,8% Casualties,9% Casualties,10% Casualties,11% Casualties,11% Casualties,12% Casualties,5% Casualties,6% Casualties,8% Casualties,9% Casualties,10% Casualties,11% Casualties,12% Casualties,12% Casualties,13% Casualties,5% Casualties,6% Casualties,8% Casualties,9% Casualties,10% Casualties,11% Casualties,12% Casualties,12% Casualties,13% Casualties,5% Casualties,7% Casualties,8% Casualties,9% Casualties,10% Casualties,11% Casualties,12% Casualties,12% Casualties,13% Casualties,6% Casualties,7% Casualties,9% Casualties,10% Casualties,11% Casualties,12% Casualties,13% Casualties,14% Casualties,14% Casualties,6% Casualties,7% Casualties,9% Casualties,10% Casualties,11% Casualties,12% Casualties,13% Casualties,14% Casualties,14% Casualties,6% Casualties,7% Casualties,8% Casualties,10% Casualties,11% Casualties,12% Casualties,13% Casualties,14% Casualties,14% Casualties,6% Casualties,7% Casualties,8% Casualties,10% Casualties,11% Casualties,12% Casualties,13% Casualties,13% Casualties,14% Casualties,6% Casualties,7% Casualties,9% Casualties,10% Casualties,11% Casualties,12% Casualties,13% Casualties,14% Casualties,14% Casualties,6% Casualties,7% Casualties,9% Casualties,10% Casualties,11% Casualties,12% Casualties,13% Casualties,14% Casualties,14% Casualties,6% Casualties,8% Casualties,9% Casualties,10% Casualties,12% Casualties,13% Casualties,14% Casualties,15% Casualties,15% Casualties
650 CV // 20 RT,1% Casualties,1% Casualties,1% Casualties,2% Casualties,2% Casualties,2% Casualties,2% Casualties,3% Casualties,3% Casualties,1% Casualties,1% Casualties,2% Casualties,2% Casualties,2% Casualties,3% Casualties,3% Casualties,3% Casualties,4% Casualties,1% Casualties,2% Casualties,2% Casualties,3% Casualties,3% Casualties,3% Casualties,4% Casualties,4% Casualties,4% Casualties,2% Casualties,2% Casualties,2% Casualties,3% Casualties,3% Casualties,4% Casualties,4% Casualties,5% Casualties,5% Casualties,2% Casualties,2% Casualties,3% Casualties,3% Casualties,4% Casualties,4% Casualties,5% Casualties,5% Casualties,6% Casualties,2% Casualties,3% Casualties,3% Casualties,4% Casualties,4% Casualties,5% Casualties,5% Casualties,6% Casualties,6% Casualties,3% Casualties,4% Casualties,4% Casualties,5% Casualties,5% Casualties,6% Casualties,7% Casualties,7% Casualties,8% Casualties,3% Casualties,4% Casualties,5% Casualties,5% Casualties,6% Casualties,7% Casualties,8% Casualties,8% Casualties,9% Casualties,4% Casualties,5% Casualties,5% Casualties,6% Casualties,7% Casualties,8% Casualties,9% Casualties,9% Casualties,10% Casualties,4% Casualties,5% Casualties,6% Casualties,7% Casualties,8% Casualties,9% Casualties,10% Casualties,10% Casualties,11% Casualties,4% Casualties,5% Casualties,6% Casualties,7% Casualties,8% Casualties,9% Casualties,10% Casualties,10% Casualties,11% Casualties,5% Casualties,6% Casualties,7% Casualties,8% Casualties,9% Casualties,10% Casualties,11% Casualties,12% Casualties,12% Casualties,5% Casualties,6% Casualties,7% Casualties,8% Casualties,9% Casualties,10% Casualties,11% Casualties,11% Casualties,13% Casualties,5% Casualties,6% Casualties,7% Casualties,9% Casualties,10% Casualties,11% Casualties,12% Casualties,13% Casualties,14% Casualties,5% Casualties,6% Casualties,7% Casualties,9% Casualties,10% Casualties,11% Casualties,12% Casualties,13% Casualties,14% Casualties,6% Casualties,7% Casualties,8% Casualties,10% Casualties,11% Casualties,12% Casualties,13% Casualties,14% Casualties,15% Casualties,6% Casualties,7% Casualties,9% Casualties,10% Casualties,11% Casualties,12% Casualties,13% Casualties,14% Casualties,15% Casualties,6% Casualties,7% Casualties,8% Casualties,10% Casualties,11% Casualties,12% Casualties,13% Casualties,14% Casualties,15% Casualties,6% Casualties,8% Casualties,9% Casualties,11% Casualties,12% Casualties,13% Casualties,14% Casualties,15% Casualties,16% Casualties,6% Casualties,8% Casualties,9% Casualties,11% Casualties,12% Casualties,13% Casualties,14% Casualties,16% Casualties,16% Casualties,6% Casualties,8% Casualties,9% Casualties,11% Casualties,12% Casualties,13% Casualties,14% Casualties,16% Casualties,17% Casualties,6% Casualties,8% Casualties,9% Casualties,11% Casualties,12% Casualties,13% Casualties,14% Casualties,15% Casualties,17% Casualties,7% Casualties,8% Casualties,9% Casualties,11% Casualties,12% Casualties,13% Casualties,14% Casualties,15% Casualties,17% Casualties,6% Casualties,8% Casualties,9% Casualties,11% Casualties,12% Casualties,13% Casualties,15% Casualties,16% Casualties,17% Casualties,7% Casualties,9% Casualties,10% Casualties,12% Casualties,13% Casualties,15% Casualties,16% Casualties,17% Casualties,18% Casualties
650 CV // 10 RT,1% Casualties,1% Casualties,1% Casualties,2% Casualties,2% Casualties,2% Casualties,2% Casualties,3% Casualties,3% Casualties,1% Casualties,1% Casualties,2% Casualties,2% Casualties,2% Casualties,3% Casualties,3% Casualties,3% Casualties,4% Casualties,1% Casualties,2% Casualties,2% Casualties,3% Casualties,3% Casualties,3% Casualties,4% Casualties,4% Casualties,5% Casualties,2% Casualties,2% Casualties,2% Casualties,3% Casualties,3% Casualties,4% Casualties,4% Casualties,5% Casualties,5% Casualties,2% Casualties,2% Casualties,3% Casualties,3% Casualties,4% Casualties,4% Casualties,5% Casualties,5% Casualties,6% Casualties,2% Casualties,3% Casualties,3% Casualties,4% Casualties,4% Casualties,5% Casualties,5% Casualties,6% Casualties,6% Casualties,3% Casualties,4% Casualties,4% Casualties,5% Casualties,6% Casualties,7% Casualties,7% Casualties,8% Casualties,9% Casualties,3% Casualties,4% Casualties,5% Casualties,6% Casualties,7% Casualties,7% Casualties,8% Casualties,9% Casualties,10% Casualties,4% Casualties,5% Casualties,6% Casualties,6% Casualties,8% Casualties,8% Casualties,9% Casualties,10% Casualties,11% Casualties,4% Casualties,5% Casualties,7% Casualties,8% Casualties,9% Casualties,10% Casualties,11% Casualties,12% Casualties,13% Casualties,4% Casualties,5% Casualties,6% Casualties,8% Casualties,9% Casualties,10% Casualties,11% Casualties,12% Casualties,13% Casualties,5% Casualties,6% Casualties,7% Casualties,8% Casualties,10% Casualties,11% Casualties,12% Casualties,13% Casualties,14% Casualties,5% Casualties,6% Casualties,7% Casualties,8% Casualties,10% Casualties,11% Casualties,12% Casualties,13% Casualties,14% Casualties,6% Casualties,7% Casualties,8% Casualties,10% Casualties,11% Casualties,12% Casualties,13% Casualties,15% Casualties,16% Casualties,5% Casualties,7% Casualties,8% Casualties,9% Casualties,11% Casualties,12% Casualties,14% Casualties,15% Casualties,16% Casualties,6% Casualties,8% Casualties,9% Casualties,11% Casualties,12% Casualties,14% Casualties,15% Casualties,16% Casualties,18% Casualties,6% Casualties,8% Casualties,9% Casualties,11% Casualties,12% Casualties,14% Casualties,15% Casualties,16% Casualties,18% Casualties,6% Casualties,8% Casualties,9% Casualties,10% Casualties,12% Casualties,14% Casualties,15% Casualties,16% Casualties,18% Casualties,7% Casualties,9% Casualties,10% Casualties,12% Casualties,14% Casualties,15% Casualties,17% Casualties,18% Casualties,19% Casualties,7% Casualties,9% Casualties,10% Casualties,12% Casualties,13% Casualties,15% Casualties,17% Casualties,18% Casualties,19% Casualties,7% Casualties,9% Casualties,10% Casualties,12% Casualties,14% Casualties,15% Casualties,17% Casualties,18% Casualties,19% Casualties,7% Casualties,9% Casualties,10% Casualties,12% Casualties,13% Casualties,15% Casualties,17% Casualties,18% Casualties,19% Casualties,7% Casualties,8% Casualties,10% Casualties,12% Casualties,14% Casualties,15% Casualties,17% Casualties,18% Casualties,19% Casualties,7% Casualties,8% Casualties,10% Casualties,12% Casualties,13% Casualties,15% Casualties,16% Casualties,18% Casualties,19% Casualties,8% Casualties,9% Casualties,11% Casualties,13% Casualties,15% Casualties,17% Casualties,18% Casualties,19% Casualties,21% Casualties
650 CV // 0 RT,1% Casualties,1% Casualties,1% Casualties,2% Casualties,2% Casualties,2% Casualties,2% Casualties,3% Casualties,3% Casualties,1% Casualties,1% Casualties,2% Casualties,2% Casualties,2% Casualties,3% Casualties,3% Casualties,3% Casualties,4% Casualties,1% Casualties,2% Casualties,2% Casualties,3% Casualties,3% Casualties,3% Casualties,4% Casualties,4% Casualties,5% Casualties,2% Casualties,2% Casualties,3% Casualties,3% Casualties,4% Casualties,4% Casualties,5% Casualties,5% Casualties,5% Casualties,2% Casualties,2% Casualties,3% Casualties,3% Casualties,4% Casualties,5% Casualties,5% Casualties,6% Casualties,6% Casualties,2% Casualties,3% Casualties,3% Casualties,4% Casualties,5% Casualties,5% Casualties,6% Casualties,6% Casualties,7% Casualties,3% Casualties,4% Casualties,5% Casualties,5% Casualties,6% Casualties,7% Casualties,8% Casualties,9% Casualties,10% Casualties,4% Casualties,4% Casualties,5% Casualties,6% Casualties,7% Casualties,8% Casualties,9% Casualties,10% Casualties,11% Casualties,4% Casualties,5% Casualties,6% Casualties,7% Casualties,8% Casualties,9% Casualties,10% Casualties,11% Casualties,13% Casualties,5% Casualties,6% Casualties,7% Casualties,8% Casualties,9% Casualties,11% Casualties,12% Casualties,13% Casualties,15% Casualties,5% Casualties,6% Casualties,7% Casualties,8% Casualties,9% Casualties,11% Casualties,12% Casualties,13% Casualties,14% Casualties,5% Casualties,7% Casualties,8% Casualties,9% Casualties,11% Casualties,12% Casualties,13% Casualties,15% Casualties,16% Casualties,5% Casualties,6% Casualties,8% Casualties,9% Casualties,11% Casualties,12% Casualties,13% Casualties,15% Casualties,16% Casualties,6% Casualties,7% Casualties,9% Casualties,11% Casualties,12% Casualties,14% Casualties,15% Casualties,17% Casualties,18% Casualties,6% Casualties,7% Casualties,9% Casualties,11% Casualties,12% Casualties,13% Casualties,15% Casualties,17% Casualties,18% Casualties,7% Casualties,8% Casualties,10% Casualties,12% Casualties,14% Casualties,15% Casualties,17% Casualties,19% Casualties,20% Casualties,7% Casualties,8% Casualties,10% Casualties,12% Casualties,14% Casualties,15% Casualties,17% Casualties,19% Casualties,20% Casualties,7% Casualties,8% Casualties,10% Casualties,12% Casualties,13% Casualties,15% Casualties,17% Casualties,19% Casualties,20% Casualties,7% Casualties,9% Casualties,11% Casualties,13% Casualties,15% Casualties,17% Casualties,19% Casualties,21% Casualties,23% Casualties,7% Casualties,9% Casualties,11% Casualties,13% Casualties,15% Casualties,17% Casualties,19% Casualties,21% Casualties,22% Casualties,8% Casualties,9% Casualties,11% Casualties,13% Casualties,15% Casualties,17% Casualties,19% Casualties,21% Casualties,22% Casualties,7% Casualties,10% Casualties,11% Casualties,13% Casualties,15% Casualties,17% Casualties,19% Casualties,21% Casualties,23% Casualties,7% Casualties,9% Casualties,11% Casualties,13% Casualties,15% Casualties,17% Casualties,19% Casualties,21% Casualties,23% Casualties,8% Casualties,9% Casualties,11% Casualties,13% Casualties,15% Casualties,17% Casualties,19% Casualties,21% Casualties,22% Casualties,8% Casualties,10% Casualties,13% Casualties,15% Casualties,17% Casualties,19% Casualties,21% Casualties,23% Casualties,25% Casualties
675 CV // 80 RT,1% Casualties,1% Casualties,1% Casualties,1% Casualties,2% Casualties,2% Casualties,2% Casualties,2% Casualties,3% Casualties,1% Casualties,1% Casualties,2% Casualties,2% Casualties,2% Casualties,2% Casualties,3% Casualties,3% Casualties,3% Casualties,1% Casualties,2% Casualties,2% Casualties,2% Casualties,2% Casualties,3% Casualties,3% Casualties,3% Casualties,3% Casualties,1% Casualties,2% Casualties,2% Casualties,2% Casualties,3% Casualties,3% Casualties,3% Casualties,3% Casualties,4% Casualties,2% Casualties,2% Casualties,2% Casualties,3% Casualties,3% Casualties,3% Casualties,3% Casualties,4% Casualties,4% Casualties,2% Casualties,2% Casualties,2% Casualties,3% Casualties,3% Casualties,3% Casualties,4% Casualties,4% Casualties,4% Casualties,2% Casualties,3% Casualties,3% Casualties,3% Casualties,3% Casualties,4% Casualties,4% Casualties,4% Casualties,4% Casualties,2% Casualties,3% Casualties,3% Casualties,3% Casualties,4% Casualties,4% Casualties,4% Casualties,5% Casualties,5% Casualties,3% Casualties,3% Casualties,3% Casualties,4% Casualties,4% Casualties,4% Casualties,5% Casualties,5% Casualties,5% Casualties,3% Casualties,3% Casualties,4% Casualties,4% Casualties,5% Casualties,5% Casualties,5% Casualties,5% Casualties,6% Casualties,3% Casualties,4% Casualties,4% Casualties,5% Casualties,5% Casualties,5% Casualties,6% Casualties,6% Casualties,6% Casualties,4% Casualties,4% Casualties,5% Casualties,5% Casualties,5% Casualties,6% Casualties,6% Casualties,6% Casualties,6% Casualties,4% Casualties,4% Casualties,5% Casualties,5% Casualties,5% Casualties,6% Casualties,6% Casualties,6% Casualties,7% Casualties,4% Casualties,4% Casualties,5% Casualties,5% Casualties,6% Casualties,6% Casualties,6% Casualties,7% Casualties,7% Casualties,4% Casualties,4% Casualties,5% Casualties,5% Casualties,6% Casualties,6% Casualties,6% Casualties,7% Casualties,7% Casualties,4% Casualties,4% Casualties,5% Casualties,5% Casualties,6% Casualties,6% Casualties,6% Casualties,7% Casualties,7% Casualties,4% Casualties,5% Casualties,5% Casualties,6% Casualties,6% Casualties,7% Casualties,7% Casualties,7% Casualties,7% Casualties,4% Casualties,5% Casualties,5% Casualties,6% Casualties,6% Casualties,7% Casualties,7% Casualties,7% Casualties,7% Casualties,4% Casualties,5% Casualties,5% Casualties,6% Casualties,6% Casualties,7% Casualties,7% Casualties,7% Casualties,7% Casualties,5% Casualties,5% Casualties,6% Casualties,6% Casualties,7% Casualties,7% Casualties,7% Casualties,8% Casualties,8% Casualties,5% Casualties,5% Casualties,6% Casualties,6% Casualties,7% Casualties,7% Casualties,7% Casualties,8% Casualties,8% Casualties,5% Casualties,5% Casualties,6% Casualties,6% Casualties,7% Casualties,7% Casualties,7% Casualties,8% Casualties,8% Casualties,5% Casualties,5% Casualties,6% Casualties,6% Casualties,7% Casualties,7% Casualties,7% Casualties,8% Casualties,8% Casualties,5% Casualties,5% Casualties,6% Casualties,6% Casualties,7% Casualties,7% Casualties,8% Casualties,8% Casualties,8% Casualties,5% Casualties,5% Casualties,6% Casualties,6% Casualties,7% Casualties,7% Casualties,7% Casualties,8% Casualties,8% Casualties
675 CV // 70 RT,1% Casualties,1% Casualties,1% Casualties,1% Casualties,2% Casualties,2% Casualties,2% Casualties,2% Casualties,3% Casualties,1% Casualties,1% Casualties,2% Casualties,2% Casualties,2% Casualties,2% Casualties,3% Casualties,3% Casualties,3% Casualties,1% Casualties,2% Casualties,2% Casualties,2% Casualties,3% Casualties,3% Casualties,3% Casualties,3% Casualties,4% Casualties,1% Casualties,2% Casualties,2% Casualties,2% Casualties,3% Casualties,3% Casualties,3% Casualties,4% Casualties,4% Casualties,2% Casualties,2% Casualties,2% Casualties,3% Casualties,3% Casualties,3% Casualties,4% Casualties,4% Casualties,4% Casualties,2% Casualties,2% Casualties,3% Casualties,3% Casualties,3% Casualties,4% Casualties,4% Casualties,4% Casualties,4% Casualties,2% Casualties,3% Casualties,3% Casualties,3% Casualties,4% Casualties,4% Casualties,4% Casualties,5% Casualties,5% Casualties,3% Casualties,3% Casualties,3% Casualties,4% Casualties,4% Casualties,4% Casualties,5% Casualties,5% Casualties,5% Casualties,3% Casualties,3% Casualties,4% Casualties,4% Casualties,5% Casualties,5% Casualties,5% Casualties,6% Casualties,6% Casualties,3% Casualties,4% Casualties,4% Casualties,5% Casualties,5% Casualties,5% Casualties,6% Casualties,6% Casualties,6% Casualties,3% Casualties,4% Casualties,4% Casualties,5% Casualties,5% Casualties,6% Casualties,6% Casualties,7% Casualties,7% Casualties,4% Casualties,4% Casualties,5% Casualties,6% Casualties,6% Casualties,6% Casualties,7% Casualties,7% Casualties,7% Casualties,4% Casualties,4% Casualties,5% Casualties,5% Casualties,6% Casualties,6% Casualties,7% Casualties,7% Casualties,7% Casualties,4% Casualties,5% Casualties,5% Casualties,6% Casualties,6% Casualties,7% Casualties,7% Casualties,7% Casualties,8% Casualties,4% Casualties,5% Casualties,5% Casualties,6% Casualties,6% Casualties,7% Casualties,7% Casualties,8% Casualties,8% Casualties,4% Casualties,5% Casualties,5% Casualties,6% Casualties,6% Casualties,7% Casualties,7% Casualties,8% Casualties,8% Casualties,4% Casualties,5% Casualties,6% Casualties,6% Casualties,7% Casualties,7% Casualties,8% Casualties,8% Casualties,8% Casualties,4% Casualties,5% Casualties,6% Casualties,6% Casualties,7% Casualties,7% Casualties,8% Casualties,8% Casualties,8% Casualties,4% Casualties,5% Casualties,6% Casualties,6% Casualties,7% Casualties,7% Casualties,8% Casualties,8% Casualties,8% Casualties,5% Casualties,6% Casualties,6% Casualties,7% Casualties,8% Casualties,8% Casualties,8% Casualties,9% Casualties,9% Casualties,5% Casualties,6% Casualties,6% Casualties,7% Casualties,7% Casualties,8% Casualties,8% Casualties,9% Casualties,9% Casualties,5% Casualties,6% Casualties,6% Casualties,7% Casualties,7% Casualties,8% Casualties,8% Casualties,9% Casualties,9% Casualties,5% Casualties,6% Casualties,6% Casualties,7% Casualties,7% Casualties,8% Casualties,8% Casualties,9% Casualties,9% Casualties,5% Casualties,6% Casualties,6% Casualties,7% Casualties,8% Casualties,8% Casualties,8% Casualties,9% Casualties,9% Casualties,5% Casualties,6% Casualties,6% Casualties,7% Casualties,7% Casualties,8% Casualties,8% Casualties,9% Casualties,9% Casualties
675 CV // 60 RT,1% Casualties,1% Casualties,1% Casualties,1% Casualties,2% Casualties,2% Casualties,2% Casualties,2% Casualties,3% Casualties,1% Casualties,1% Casualties,2% Casualties,2% Casualties,2% Casualties,2% Casualties,3% Casualties,3% Casualties,3% Casualties,1% Casualties,2% Casualties,2% Casualties,2% Casualties,3% Casualties,3% Casualties,3% Casualties,4% Casualties,4% Casualties,1% Casualties,2% Casualties,2% Casualties,3% Casualties,3% Casualties,3% Casualties,4% Casualties,4% Casualties,4% Casualties,2% Casualties,2% Casualties,2% Casualties,3% Casualties,3% Casualties,4% Casualties,4% Casualties,4% Casualties,5% Casualties,2% Casualties,2% Casualties,3% Casualties,3% Casualties,3% Casualties,4% Casualties,4% Casualties,4% Casualties,5% Casualties,2% Casualties,3% Casualties,3% Casualties,4% Casualties,4% Casualties,4% Casualties,5% Casualties,5% Casualties,5% Casualties,3% Casualties,3% Casualties,3% Casualties,4% Casualties,4% Casualties,5% Casualties,5% Casualties,6% Casualties,6% Casualties,3% Casualties,3% Casualties,4% Casualties,4% Casualties,5% Casualties,5% Casualties,6% Casualties,6% Casualties,6% Casualties,3% Casualties,4% Casualties,4% Casualties,5% Casualties,5% Casualties,6% Casualties,6% Casualties,7% Casualties,7% Casualties,4% Casualties,4% Casualties,5% Casualties,5% Casualties,6% Casualties,6% Casualties,7% Casualties,7% Casualties,8% Casualties,4% Casualties,5% Casualties,5% Casualties,6% Casualties,6% Casualties,7% Casualties,7% Casualties,8% Casualties,8% Casualties,4% Casualties,5% Casualties,5% Casualties,6% Casualties,6% Casualties,7% Casualties,7% Casualties,8% Casualties,8% Casualties,4% Casualties,5% Casualties,6% Casualties,6% Casualties,7% Casualties,8% Casualties,8% Casualties,8% Casualties,9% Casualties,4% Casualties,5% Casualties,6% Casualties,6% Casualties,7% Casualties,7% Casualties,8% Casualties,8% Casualties,9% Casualties,4% Casualties,5% Casualties,6% Casualties,6% Casualties,7% Casualties,7% Casualties,8% Casualties,8% Casualties,9% Casualties,5% Casualties,5% Casualties,6% Casualties,7% Casualties,7% Casualties,8% Casualties,8% Casualties,9% Casualties,9% Casualties,5% Casualties,5% Casualties,6% Casualties,7% Casualties,7% Casualties,8% Casualties,9% Casualties,9% Casualties,9% Casualties,5% Casualties,5% Casualties,6% Casualties,7% Casualties,7% Casualties,8% Casualties,8% Casualties,9% Casualties,9% Casualties,5% Casualties,6% Casualties,7% Casualties,7% Casualties,8% Casualties,9% Casualties,9% Casualties,10% Casualties,10% Casualties,5% Casualties,6% Casualties,7% Casualties,7% Casualties,8% Casualties,9% Casualties,9% Casualties,10% Casualties,10% Casualties,5% Casualties,6% Casualties,7% Casualties,7% Casualties,8% Casualties,9% Casualties,9% Casualties,10% Casualties,10% Casualties,5% Casualties,6% Casualties,7% Casualties,7% Casualties,8% Casualties,9% Casualties,9% Casualties,10% Casualties,10% Casualties,5% Casualties,6% Casualties,7% Casualties,8% Casualties,8% Casualties,9% Casualties,9% Casualties,10% Casualties,10% Casualties,5% Casualties,6% Casualties,7% Casualties,7% Casualties,8% Casualties,9% Casualties,9% Casualties,10% Casualties,10% Casualties
675 CV // 50 RT,1% Casualties,1% Casualties,1% Casualties,1% Casualties,2% Casualties,2% Casualties,2% Casualties,3% Casualties,3% Casualties,1% Casualties,1% Casualties,2% Casualties,2% Casualties,2% Casualties,3% Casualties,3% Casualties,3% Casualties,3% Casualties,1% Casualties,2% Casualties,2% Casualties,2% Casualties,3% Casualties,3% Casualties,3% Casualties,4% Casualties,4% Casualties,1% Casualties,2% Casualties,2% Casualties,3% Casualties,3% Casualties,3% Casualties,4% Casualties,4% Casualties,4% Casualties,2% Casualties,2% Casualties,2% Casualties,3% Casualties,3% Casualties,4% Casualties,4% Casualties,4% Casualties,5% Casualties,2% Casualties,2% Casualties,3% Casualties,3% Casualties,4% Casualties,4% Casualties,4% Casualties,5% Casualties,5% Casualties,2% Casualties,3% Casualties,3% Casualties,4% Casualties,4% Casualties,5% Casualties,5% Casualties,5% Casualties,6% Casualties,3% Casualties,3% Casualties,4% Casualties,4% Casualties,5% Casualties,5% Casualties,5% Casualties,6% Casualties,6% Casualties,3% Casualties,4% Casualties,4% Casualties,5% Casualties,5% Casualties,6% Casualties,6% Casualties,7% Casualties,7% Casualties,3% Casualties,4% Casualties,4% Casualties,5% Casualties,6% Casualties,6% Casualties,7% Casualties,7% Casualties,8% Casualties,4% Casualties,4% Casualties,5% Casualties,6% Casualties,6% Casualties,7% Casualties,7% Casualties,8% Casualties,8% Casualties,4% Casualties,5% Casualties,6% Casualties,6% Casualties,7% Casualties,8% Casualties,8% Casualties,9% Casualties,9% Casualties,4% Casualties,5% Casualties,6% Casualties,6% Casualties,7% Casualties,8% Casualties,8% Casualties,9% Casualties,9% Casualties,4% Casualties,5% Casualties,6% Casualties,7% Casualties,7% Casualties,8% Casualties,9% Casualties,9% Casualties,10% Casualties,4% Casualties,5% Casualties,6% Casualties,7% Casualties,7% Casualties,8% Casualties,9% Casualties,9% Casualties,10% Casualties,4% Casualties,5% Casualties,6% Casualties,7% Casualties,7% Casualties,8% Casualties,9% Casualties,9% Casualties,10% Casualties,5% Casualties,6% Casualties,7% Casualties,7% Casualties,8% Casualties,9% Casualties,9% Casualties,10% Casualties,10% Casualties,5% Casualties,6% Casualties,7% Casualties,7% Casualties,8% Casualties,9% Casualties,9% Casualties,10% Casualties,10% Casualties,5% Casualties,6% Casualties,7% Casualties,7% Casualties,8% Casualties,9% Casualties,9% Casualties,10% Casualties,10% Casualties,5% Casualties,6% Casualties,7% Casualties,8% Casualties,9% Casualties,10% Casualties,10% Casualties,11% Casualties,11% Casualties,5% Casualties,6% Casualties,7% Casualties,8% Casualties,9% Casualties,10% Casualties,10% Casualties,11% Casualties,11% Casualties,5% Casualties,6% Casualties,7% Casualties,8% Casualties,9% Casualties,10% Casualties,10% Casualties,11% Casualties,11% Casualties,5% Casualties,6% Casualties,7% Casualties,8% Casualties,9% Casualties,10% Casualties,10% Casualties,11% Casualties,11% Casualties,5% Casualties,6% Casualties,7% Casualties,8% Casualties,9% Casualties,10% Casualties,10% Casualties,11% Casualties,11% Casualties,5% Casualties,6% Casualties,7% Casualties,8% Casualties,9% Casualties,10% Casualties,10% Casualties,11% Casualties,11% Casualties
675 CV // 40 RT,1% Casualties,1% Casualties,1% Casualties,2% Casualties,2% Casualties,2% Casualties,2% Casualties,2% Casualties,3% Casualties,1% Casualties,1% Casualties,2% Casualties,2% Casualties,2% Casualties,3% Casualties,3% Casualties,3% Casualties,3% Casualties,1% Casualties,2% Casualties,2% Casualties,2% Casualties,3% Casualties,3% Casualties,3% Casualties,4% Casualties,4% Casualties,1% Casualties,2% Casualties,2% Casualties,3% Casualties,3% Casualties,3% Casualties,4% Casualties,4% Casualties,5% Casualties,2% Casualties,2% Casualties,3% Casualties,3% Casualties,3% Casualties,4% Casualties,4% Casualties,5% Casualties,5% Casualties,2% Casualties,2% Casualties,3% Casualties,3% Casualties,4% Casualties,4% Casualties,5% Casualties,5% Casualties,5% Casualties,2% Casualties,3% Casualties,3% Casualties,4% Casualties,4% Casualties,5% Casualties,5% Casualties,6% Casualties,6% Casualties,3% Casualties,3% Casualties,4% Casualties,4% Casualties,5% Casualties,5% Casualties,6% Casualties,6% Casualties,7% Casualties,3% Casualties,4% Casualties,4% Casualties,5% Casualties,5% Casualties,6% Casualties,7% Casualties,7% Casualties,7% Casualties,3% Casualties,4% Casualties,5% Casualties,5% Casualties,6% Casualties,7% Casualties,7% Casualties,8% Casualties,8% Casualties,4% Casualties,5% Casualties,5% Casualties,6% Casualties,7% Casualties,7% Casualties,8% Casualties,9% Casualties,9% Casualties,4% Casualties,5% Casualties,6% Casualties,7% Casualties,8% Casualties,8% Casualties,9% Casualties,9% Casualties,10% Casualties,4% Casualties,5% Casualties,6% Casualties,7% Casualties,7% Casualties,8% Casualties,9% Casualties,9% Casualties,10% Casualties,5% Casualties,6% Casualties,6% Casualties,7% Casualties,8% Casualties,9% Casualties,10% Casualties,10% Casualties,11% Casualties,5% Casualties,6% Casualties,6% Casualties,7% Casualties,8% Casualties,9% Casualties,10% Casualties,10% Casualties,11% Casualties,5% Casualties,6% Casualties,6% Casualties,7% Casualties,8% Casualties,9% Casualties,10% Casualties,10% Casualties,11% Casualties,5% Casualties,6% Casualties,7% Casualties,8% Casualties,9% Casualties,10% Casualties,10% Casualties,11% Casualties,12% Casualties,5% Casualties,6% Casualties,7% Casualties,8% Casualties,9% Casualties,10% Casualties,10% Casualties,11% Casualties,12% Casualties,5% Casualties,6% Casualties,7% Casualties,8% Casualties,9% Casualties,10% Casualties,10% Casualties,11% Casualties,12% Casualties,6% Casualties,7% Casualties,8% Casualties,9% Casualties,10% Casualties,11% Casualties,11% Casualties,12% Casualties,13% Casualties,6% Casualties,7% Casualties,8% Casualties,9% Casualties,10% Casualties,11% Casualties,11% Casualties,12% Casualties,13% Casualties,6% Casualties,7% Casualties,8% Casualties,9% Casualties,10% Casualties,11% Casualties,11% Casualties,12% Casualties,13% Casualties,6% Casualties,7% Casualties,8% Casualties,9% Casualties,10% Casualties,11% Casualties,11% Casualties,12% Casualties,13% Casualties,6% Casualties,7% Casualties,8% Casualties,9% Casualties,10% Casualties,11% Casualties,11% Casualties,12% Casualties,13% Casualties,6% Casualties,7% Casualties,8% Casualties,9% Casualties,10% Casualties,11% Casualties,11% Casualties,12% Casualties,13% Casualties
675 CV // 30 RT,1% Casualties,1% Casualties,1% Casualties,1% Casualties,2% Casualties,2% Casualties,2% Casualties,3% Casualties,3% Casualties,1% Casualties,1% Casualties,2% Casualties,2% Casualties,2% Casualties,3% Casualties,3% Casualties,3% Casualties,3% Casualties,1% Casualties,2% Casualties,2% Casualties,2% Casualties,3% Casualties,3% Casualties,3% Casualties,4% Casualties,4% Casualties,1% Casualties,2% Casualties,2% Casualties,3% Casualties,3% Casualties,4% Casualties,4% Casualties,4% Casualties,5% Casualties,2% Casualties,2% Casualties,3% Casualties,3% Casualties,4% Casualties,4% Casualties,5% Casualties,5% Casualties,5% Casualties,2% Casualties,2% Casualties,3% Casualties,3% Casualties,4% Casualties,4% Casualties,5% Casualties,5% Casualties,6% Casualties,3% Casualties,3% Casualties,3% Casualties,4% Casualties,5% Casualties,5% Casualties,6% Casualties,6% Casualties,6% Casualties,3% Casualties,3% Casualties,4% Casualties,5% Casualties,5% Casualties,6% Casualties,6% Casualties,7% Casualties,7% Casualties,3% Casualties,4% Casualties,4% Casualties,5% Casualties,6% Casualties,6% Casualties,7% Casualties,8% Casualties,8% Casualties,4% Casualties,4% Casualties,5% Casualties,6% Casualties,6% Casualties,7% Casualties,8% Casualties,9% Casualties,9% Casualties,4% Casualties,5% Casualties,6% Casualties,6% Casualties,7% Casualties,8% Casualties,9% Casualties,10% Casualties,10% Casualties,4% Casualties,5% Casualties,6% Casualties,7% Casualties,8% Casualties,9% Casualties,10% Casualties,10% Casualties,11% Casualties,4% Casualties,5% Casualties,6% Casualties,7% Casualties,8% Casualties,9% Casualties,10% Casualties,10% Casualties,11% Casualties,5% Casualties,6% Casualties,7% Casualties,8% Casualties,9% Casualties,10% Casualties,11% Casualties,11% Casualties,12% Casualties,5% Casualties,6% Casualties,7% Casualties,8% Casualties,9% Casualties,10% Casualties,11% Casualties,11% Casualties,12% Casualties,5% Casualties,6% Casualties,7% Casualties,8% Casualties,9% Casualties,10% Casualties,11% Casualties,11% Casualties,12% Casualties,5% Casualties,7% Casualties,8% Casualties,9% Casualties,10% Casualties,11% Casualties,12% Casualties,12% Casualties,13% Casualties,5% Casualties,6% Casualties,8% Casualties,9% Casualties,10% Casualties,11% Casualties,12% Casualties,12% Casualties,13% Casualties,5% Casualties,7% Casualties,8% Casualties,9% Casualties,10% Casualties,11% Casualties,12% Casualties,12% Casualties,13% Casualties,6% Casualties,7% Casualties,8% Casualties,10% Casualties,11% Casualties,12% Casualties,13% Casualties,13% Casualties,14% Casualties,6% Casualties,7% Casualties,8% Casualties,10% Casualties,11% Casualties,12% Casualties,13% Casualties,13% Casualties,14% Casualties,6% Casualties,7% Casualties,8% Casualties,10% Casualties,11% Casualties,12% Casualties,13% Casualties,14% Casualties,14% Casualties,6% Casualties,7% Casualties,8% Casualties,10% Casualties,11% Casualties,12% Casualties,13% Casualties,14% Casualties,14% Casualties,6% Casualties,7% Casualties,8% Casualties,10% Casualties,11% Casualties,12% Casualties,13% Casualties,13% Casualties,14% Casualties,6% Casualties,7% Casualties,8% Casualties,10% Casualties,11% Casualties,12% Casualties,13% Casualties,14% Casualties,14% Casualties
675 CV // 20 RT,1% Casualties,1% Casualties,1% Casualties,1% Casualties,2% Casualties,2% Casualties,2% Casualties,3% Casualties,3% Casualties,1% Casualties,1% Casualties,2% Casualties,2% Casualties,2% Casualties,3% Casualties,3% Casualties,3% Casualties,3% Casualties,1% Casualties,2% Casualties,2% Casualties,2% Casualties,3% Casualties,3% Casualties,4% Casualties,4% Casualties,4% Casualties,1% Casualties,2% Casualties,2% Casualties,3% Casualties,3% Casualties,4% Casualties,4% Casualties,4% Casualties,5% Casualties,2% Casualties,2% Casualties,3% Casualties,3% Casualties,4% Casualties,4% Casualties,5% Casualties,5% Casualties,6% Casualties,2% Casualties,2% Casualties,3% Casualties,4% Casualties,4% Casualties,5% Casualties,5% Casualties,6% Casualties,6% Casualties,3% Casualties,3% Casualties,4% Casualties,4% Casualties,5% Casualties,5% Casualties,6% Casualties,6% Casualties,7% Casualties,3% Casualties,3% Casualties,4% Casualties,5% Casualties,5% Casualties,6% Casualties,7% Casualties,7% Casualties,8% Casualties,3% Casualties,4% Casualties,5% Casualties,5% Casualties,6% Casualties,7% Casualties,8% Casualties,8% Casualties,9% Casualties,4% Casualties,4% Casualties,5% Casualties,6% Casualties,7% Casualties,8% Casualties,9% Casualties,9% Casualties,10% Casualties,4% Casualties,5% Casualties,6% Casualties,7% Casualties,8% Casualties,9% Casualties,10% Casualties,10% Casualties,11% Casualties,5% Casualties,6% Casualties,7% Casualties,8% Casualties,9% Casualties,10% Casualties,11% Casualties,12% Casualties,13% Casualties,5% Casualties,6% Casualties,7% Casualties,8% Casualties,9% Casualties,10% Casualties,11% Casualties,12% Casualties,13% Casualties,5% Casualties,6% Casualties,7% Casualties,9% Casualties,10% Casualties,11% Casualties,12% Casualties,13% Casualties,14% Casualties,5% Casualties,6% Casualties,8% Casualties,8% Casualties,10% Casualties,11% Casualties,12% Casualties,13% Casualties,14% Casualties,5% Casualties,6% Casualties,8% Casualties,9% Casualties,10% Casualties,11% Casualties,12% Casualties,13% Casualties,14% Casualties,6% Casualties,7% Casualties,8% Casualties,10% Casualties,11% Casualties,12% Casualties,13% Casualties,14% Casualties,15% Casualties,6% Casualties,7% Casualties,8% Casualties,10% Casualties,11% Casualties,12% Casualties,13% Casualties,14% Casualties,15% Casualties,6% Casualties,7% Casualties,8% Casualties,10% Casualties,11% Casualties,12% Casualties,13% Casualties,14% Casualties,15% Casualties,6% Casualties,8% Casualties,9% Casualties,11% Casualties,12% Casualties,13% Casualties,14% Casualties,15% Casualties,16% Casualties,7% Casualties,8% Casualties,9% Casualties,11% Casualties,12% Casualties,13% Casualties,14% Casualties,16% Casualties,17% Casualties,6% Casualties,8% Casualties,9% Casualties,11% Casualties,12% Casualties,13% Casualties,14% Casualties,16% Casualties,16% Casualties,6% Casualties,8% Casualties,9% Casualties,11% Casualties,12% Casualties,13% Casualties,14% Casualties,16% Casualties,16% Casualties,6% Casualties,8% Casualties,9% Casualties,11% Casualties,12% Casualties,13% Casualties,14% Casualties,15% Casualties,16% Casualties,6% Casualties,8% Casualties,9% Casualties,11% Casualties,12% Casualties,13% Casualties,14% Casualties,16% Casualties,16% Casualties
675 CV // 10 RT,1% Casualties,1% Casualties,1% Casualties,1% Casualties,2% Casualties,2% Casualties,2% Casualties,2% Casualties,3% Casualties,1% Casualties,1% Casualties,2% Casualties,2% Casualties,2% Casualties,3% Casualties,3% Casualties,3% Casualties,3% Casualties,1% Casualties,2% Casualties,2% Casualties,2% Casualties,3% Casualties,3% Casualties,4% Casualties,4% Casualties,4% Casualties,2% Casualties,2% Casualties,2% Casualties,3% Casualties,3% Casualties,4% Casualties,4% Casualties,5% Casualties,5% Casualties,2% Casualties,2% Casualties,3% Casualties,3% Casualties,4% Casualties,4% Casualties,5% Casualties,5% Casualties,6% Casualties,2% Casualties,3% Casualties,3% Casualties,4% Casualties,4% Casualties,5% Casualties,5% Casualties,6% Casualties,7% Casualties,3% Casualties,3% Casualties,4% Casualties,4% Casualties,5% Casualties,6% Casualties,6% Casualties,7% Casualties,8% Casualties,3% Casualties,4% Casualties,4% Casualties,5% Casualties,6% Casualties,7% Casualties,7% Casualties,8% Casualties,9% Casualties,3% Casualties,4% Casualties,5% Casualties,6% Casualties,7% Casualties,8% Casualties,8% Casualties,9% Casualties,10% Casualties,4% Casualties,5% Casualties,6% Casualties,7% Casualties,7% Casualties,9% Casualties,10% Casualties,10% Casualties,11% Casualties,4% Casualties,5% Casualties,7% Casualties,7% Casualties,9% Casualties,10% Casualties,11% Casualties,12% Casualties,13% Casualties,5% Casualties,6% Casualties,7% Casualties,8% Casualties,10% Casualties,11% Casualties,12% Casualties,13% Casualties,14% Casualties,5% Casualties,6% Casualties,7% Casualties,8% Casualties,10% Casualties,11% Casualties,12% Casualties,13% Casualties,14% Casualties,6% Casualties,7% Casualties,8% Casualties,10% Casualties,11% Casualties,12% Casualties,13% Casualties,15% Casualties,16% Casualties,6% Casualties,7% Casualties,8% Casualties,10% Casualties,11% Casualties,12% Casualties,13% Casualties,15% Casualties,16% Casualties,6% Casualties,7% Casualties,8% Casualties,9% Casualties,11% Casualties,12% Casualties,14% Casualties,14% Casualties,16% Casualties,6% Casualties,7% Casualties,9% Casualties,11% Casualties,12% Casualties,14% Casualties,15% Casualties,16% Casualties,17% Casualties,6% Casualties,8% Casualties,9% Casualties,11% Casualties,12% Casualties,14% Casualties,15% Casualties,16% Casualties,18% Casualties,6% Casualties,8% Casualties,9% Casualties,11% Casualties,12% Casualties,13% Casualties,15% Casualties,16% Casualties,17% Casualties,7% Casualties,8% Casualties,10% Casualties,12% Casualties,14% Casualties,15% Casualties,17% Casualties,18% Casualties,19% Casualties,7% Casualties,8% Casualties,10% Casualties,12% Casualties,13% Casualties,15% Casualties,17% Casualties,18% Casualties,19% Casualties,7% Casualties,9% Casualties,10% Casualties,12% Casualties,13% Casualties,15% Casualties,16% Casualties,18% Casualties,19% Casualties,7% Casualties,9% Casualties,10% Casualties,12% Casualties,14% Casualties,15% Casualties,17% Casualties,18% Casualties,19% Casualties,7% Casualties,8% Casualties,10% Casualties,12% Casualties,13% Casualties,15% Casualties,17% Casualties,18% Casualties,19% Casualties,7% Casualties,9% Casualties,10% Casualties,12% Casualties,14% Casualties,15% Casualties,16% Casualties,18% Casualties,19% Casualties
675 CV // 0 RT,1% Casualties,1% Casualties,1% Casualties,1% Casualties,2% Casualties,2% Casualties,2% Casualties,3% Casualties,3% Casualties,1% Casualties,1% Casualties,2% Casualties,2% Casualties,2% Casualties,3% Casualties,3% Casualties,3% Casualties,3% Casualties,1% Casualties,2% Casualties,2% Casualties,2% Casualties,3% Casualties,3% Casualties,4% Casualties,4% Casualties,4% Casualties,2% Casualties,2% Casualties,2% Casualties,3% Casualties,3% Casualties,4% Casualties,4% Casualties,5% Casualties,5% Casualties,2% Casualties,2% Casualties,3% Casualties,4% Casualties,4% Casualties,5% Casualties,5% Casualties,6% Casualties,6% Casualties,2% Casualties,3% Casualties,3% Casualties,4% Casualties,5% Casualties,5% Casualties,6% Casualties,6% Casualties,7% Casualties,3% Casualties,3% Casualties,4% Casualties,5% Casualties,5% Casualties,6% Casualties,7% Casualties,7% Casualties,8% Casualties,3% Casualties,4% Casualties,5% Casualties,5% Casualties,6% Casualties,7% Casualties,8% Casualties,9% Casualties,9% Casualties,4% Casualties,4% Casualties,5% Casualties,6% Casualties,7% Casualties,8% Casualties,9% Casualties,10% Casualties,11% Casualties,4% Casualties,5% Casualties,6% Casualties,7% Casualties,8% Casualties,9% Casualties,10% Casualties,12% Casualties,13% Casualties,5% Casualties,6% Casualties,7% Casualties,8% Casualties,9% Casualties,11% Casualties,12% Casualties,13% Casualties,14% Casualties,5% Casualties,7% Casualties,8% Casualties,9% Casualties,11% Casualties,12% Casualties,13% Casualties,15% Casualties,16% Casualties,5% Casualties,7% Casualties,8% Casualties,9% Casualties,11% Casualties,12% Casualties,13% Casualties,15% Casualties,16% Casualties,6% Casualties,7% Casualties,9% Casualties,10% Casualties,12% Casualties,14% Casualties,15% Casualties,17% Casualties,18% Casualties,6% Casualties,7% Casualties,9% Casualties,10% Casualties,12% Casualties,13% Casualties,15% Casualties,17% Casualties,18% Casualties,6% Casualties,7% Casualties,9% Casualties,11% Casualties,12% Casualties,14% Casualties,15% Casualties,17% Casualties,18% Casualties,7% Casualties,8% Casualties,10% Casualties,12% Casualties,14% Casualties,16% Casualties,17% Casualties,19% Casualties,20% Casualties,7% Casualties,8% Casualties,10% Casualties,12% Casualties,14% Casualties,16% Casualties,17% Casualties,19% Casualties,20% Casualties,7% Casualties,8% Casualties,10% Casualties,12% Casualties,14% Casualties,15% Casualties,17% Casualties,19% Casualties,20% Casualties,8% Casualties,9% Casualties,11% Casualties,13% Casualties,15% Casualties,17% Casualties,19% Casualties,21% Casualties,23% Casualties,8% Casualties,9% Casualties,11% Casualties,13% Casualties,15% Casualties,17% Casualties,19% Casualties,21% Casualties,22% Casualties,8% Casualties,9% Casualties,11% Casualties,13% Casualties,15% Casualties,17% Casualties,19% Casualties,21% Casualties,23% Casualties,8% Casualties,9% Casualties,11% Casualties,13% Casualties,16% Casualties,17% Casualties,19% Casualties,21% Casualties,22% Casualties,8% Casualties,10% Casualties,12% Casualties,13% Casualties,15% Casualties,17% Casualties,19% Casualties,21% Casualties,23% Casualties,7% Casualties,9% Casualties,11% Casualties,13% Casualties,15% Casualties,17% Casualties,19% Casualties,21% Casualties,22% Casualties
700 CV // 80 RT,1% Casualties,1% Casualties,1% Casualties,1% Casualties,2% Casualties,2% Casualties,2% Casualties,2% Casualties,3% Casualties,1% Casualties,1% Casualties,2% Casualties,2% Casualties,2% Casualties,2% Casualties,3% Casualties,3% Casualties,3% Casualties,1% Casualties,1% Casualties,2% Casualties,2% Casualties,2% Casualties,3% Casualties,3% Casualties,3% Casualties,3% Casualties,1% Casualties,2% Casualties,2% Casualties,2% Casualties,3% Casualties,3% Casualties,3% Casualties,3% Casualties,4% Casualties,1% Casualties,2% Casualties,2% Casualties,3% Casualties,3% Casualties,3% Casualties,3% Casualties,4% Casualties,4% Casualties,2% Casualties,2% Casualties,2% Casualties,3% Casualties,3% Casualties,3% Casualties,3% Casualties,4% Casualties,4% Casualties,2% Casualties,3% Casualties,3% Casualties,3% Casualties,3% Casualties,4% Casualties,4% Casualties,4% Casualties,4% Casualties,2% Casualties,3% Casualties,3% Casualties,3% Casualties,4% Casualties,4% Casualties,4% Casualties,5% Casualties,5% Casualties,3% Casualties,3% Casualties,3% Casualties,4% Casualties,4% Casualties,4% Casualties,5% Casualties,5% Casualties,5% Casualties,3% Casualties,3% Casualties,4% Casualties,4% Casualties,5% Casualties,5% Casualties,5% Casualties,5% Casualties,6% Casualties,3% Casualties,4% Casualties,4% Casualties,5% Casualties,5% Casualties,5% Casualties,6% Casualties,6% Casualties,6% Casualties,3% Casualties,4% Casualties,4% Casualties,5% Casualties,5% Casualties,5% Casualties,6% Casualties,6% Casualties,6% Casualties,4% Casualties,4% Casualties,5% Casualties,5% Casualties,5% Casualties,6% Casualties,6% Casualties,6% Casualties,7% Casualties,4% Casualties,4% Casualties,5% Casualties,5% Casualties,5% Casualties,6% Casualties,6% Casualties,6% Casualties,6% Casualties,4% Casualties,4% Casualties,5% Casualties,5% Casualties,6% Casualties,6% Casualties,6% Casualties,7% Casualties,7% Casualties,4% Casualties,4% Casualties,5% Casualties,5% Casualties,6% Casualties,6% Casualties,6% Casualties,7% Casualties,7% Casualties,4% Casualties,5% Casualties,5% Casualties,6% Casualties,6% Casualties,7% Casualties,7% Casualties,7% Casualties,7% Casualties,4% Casualties,5% Casualties,5% Casualties,6% Casualties,6% Casualties,7% Casualties,7% Casualties,7% Casualties,7% Casualties,4% Casualties,5% Casualties,5% Casualties,6% Casualties,6% Casualties,7% Casualties,7% Casualties,7% Casualties,7% Casualties,4% Casualties,5% Casualties,5% Casualties,6% Casualties,6% Casualties,7% Casualties,7% Casualties,7% Casualties,7% Casualties,5% Casualties,5% Casualties,6% Casualties,6% Casualties,7% Casualties,7% Casualties,7% Casualties,8% Casualties,8% Casualties,5% Casualties,5% Casualties,6% Casualties,6% Casualties,7% Casualties,7% Casualties,8% Casualties,8% Casualties,8% Casualties,5% Casualties,5% Casualties,6% Casualties,6% Casualties,7% Casualties,7% Casualties,8% Casualties,8% Casualties,8% Casualties,5% Casualties,5% Casualties,6% Casualties,6% Casualties,7% Casualties,7% Casualties,7% Casualties,8% Casualties,8% Casualties,5% Casualties,5% Casualties,6% Casualties,6% Casualties,7% Casualties,7% Casualties,7% Casualties,8% Casualties,8% Casualties
700 CV // 70 RT,1% Casualties,1% Casualties,1% Casualties,1% Casualties,2% Casualties,2% Casualties,2% Casualties,2% Casualties,3% Casualties,1% Casualties,1% Casualties,2% Casualties,2% Casualties,2% Casualties,2% Casualties,3% Casualties,3% Casualties,3% Casualties,1% Casualties,1% Casualties,2% Casualties,2% Casualties,2% Casualties,3% Casualties,3% Casualties,3% Casualties,4% Casualties,1% Casualties,2% Casualties,2% Casualties,3% Casualties,3% Casualties,3% Casualties,3% Casualties,4% Casualties,4% Casualties,2% Casualties,2% Casualties,2% Casualties,3% Casualties,3% Casualties,3% Casualties,4% Casualties,4% Casualties,4% Casualties,2% Casualties,2% Casualties,2% Casualties,3% Casualties,3% Casualties,3% Casualties,4% Casualties,4% Casualties,4% Casualties,2% Casualties,3% Casualties,3% Casualties,3% Casualties,4% Casualties,4% Casualties,4% Casualties,5% Casualties,5% Casualties,3% Casualties,3% Casualties,3% Casualties,4% Casualties,4% Casualties,4% Casualties,5% Casualties,5% Casualties,5% Casualties,3% Casualties,3% Casualties,4% Casualties,4% Casualties,4% Casualties,5% Casualties,5% Casualties,6% Casualties,6% Casualties,3% Casualties,4% Casualties,4% Casualties,5% Casualties,5% Casualties,5% Casualties,6% Casualties,6% Casualties,6% Casualties,3% Casualties,4% Casualties,5% Casualties,5% Casualties,5% Casualties,6% Casualties,6% Casualties,7% Casualties,7% Casualties,3% Casualties,4% Casualties,5% Casualties,5% Casualties,5% Casualties,6% Casualties,6% Casualties,7% Casualties,7% Casualties,4% Casualties,4% Casualties,5% Casualties,5% Casualties,6% Casualties,6% Casualties,7% Casualties,7% Casualties,7% Casualties,4% Casualties,4% Casualties,5% Casualties,5% Casualties,6% Casualties,6% Casualties,7% Casualties,7% Casualties,7% Casualties,4% Casualties,5% Casualties,5% Casualties,6% Casualties,6% Casualties,7% Casualties,7% Casualties,7% Casualties,8% Casualties,4% Casualties,5% Casualties,5% Casualties,6% Casualties,6% Casualties,7% Casualties,7% Casualties,7% Casualties,8% Casualties,4% Casualties,5% Casualties,6% Casualties,6% Casualties,7% Casualties,7% Casualties,8% Casualties,8% Casualties,8% Casualties,4% Casualties,5% Casualties,6% Casualties,6% Casualties,7% Casualties,7% Casualties,8% Casualties,8% Casualties,8% Casualties,4% Casualties,5% Casualties,6% Casualties,6% Casualties,7% Casualties,7% Casualties,8% Casualties,8% Casualties,8% Casualties,4% Casualties,5% Casualties,6% Casualties,6% Casualties,7% Casualties,7% Casualties,8% Casualties,8% Casualties,8% Casualties,5% Casualties,6% Casualties,6% Casualties,7% Casualties,7% Casualties,8% Casualties,8% Casualties,9% Casualties,9% Casualties,5% Casualties,6% Casualties,6% Casualties,7% Casualties,7% Casualties,8% Casualties,8% Casualties,9% Casualties,9% Casualties,5% Casualties,6% Casualties,6% Casualties,7% Casualties,8% Casualties,8% Casualties,8% Casualties,9% Casualties,9% Casualties,5% Casualties,5% Casualties,6% Casualties,7% Casualties,7% Casualties,8% Casualties,8% Casualties,9% Casualties,9% Casualties,5% Casualties,6% Casualties,6% Casualties,7% Casualties,7% Casualties,8% Casualties,8% Casualties,9% Casualties,9% Casualties
700 CV // 60 RT,1% Casualties,1% Casualties,1% Casualties,1% Casualties,2% Casualties,2% Casualties,2% Casualties,2% Casualties,3% Casualties,1% Casualties,1% Casualties,2% Casualties,2% Casualties,2% Casualties,2% Casualties,3% Casualties,3% Casualties,3% Casualties,1% Casualties,1% Casualties,2% Casualties,2% Casualties,3% Casualties,3% Casualties,3% Casualties,3% Casualties,4% Casualties,1% Casualties,2% Casualties,2% Casualties,3% Casualties,3% Casualties,3% Casualties,4% Casualties,4% Casualties,4% Casualties,2% Casualties,2% Casualties,2% Casualties,3% Casualties,3% Casualties,3% Casualties,4% Casualties,4% Casualties,4% Casualties,2% Casualties,2% Casualties,3% Casualties,3% Casualties,3% Casualties,4% Casualties,4% Casualties,4% Casualties,5% Casualties,2% Casualties,3% Casualties,3% Casualties,4% Casualties,4% Casualties,4% Casualties,5% Casualties,5% Casualties,5% Casualties,3% Casualties,3% Casualties,3% Casualties,4% Casualties,4% Casualties,5% Casualties,5% Casualties,6% Casualties,6% Casualties,3% Casualties,3% Casualties,4% Casualties,4% Casualties,5% Casualties,5% Casualties,6% Casualties,6% Casualties,6% Casualties,3% Casualties,4% Casualties,4% Casualties,5% Casualties,5% Casualties,6% Casualties,6% Casualties,7% Casualties,7% Casualties,4% Casualties,4% Casualties,5% Casualties,5% Casualties,6% Casualties,6% Casualties,7% Casualties,7% Casualties,8% Casualties,4% Casualties,4% Casualties,5% Casualties,5% Casualties,6% Casualties,6% Casualties,7% Casualties,7% Casualties,8% Casualties,4% Casualties,5% Casualties,5% Casualties,6% Casualties,6% Casualties,7% Casualties,7% Casualties,8% Casualties,8% Casualties,4% Casualties,5% Casualties,5% Casualties,6% Casualties,6% Casualties,7% Casualties,7% Casualties,8% Casualties,8% Casualties,4% Casualties,5% Casualties,6% Casualties,6% Casualties,7% Casualties,7% Casualties,8% Casualties,8% Casualties,9% Casualties,4% Casualties,5% Casualties,6% Casualties,6% Casualties,7% Casualties,8% Casualties,8% Casualties,8% Casualties,9% Casualties,5% Casualties,5% Casualties,6% Casualties,7% Casualties,8% Casualties,8% Casualties,9% Casualties,9% Casualties,9% Casualties,5% Casualties,5% Casualties,6% Casualties,7% Casualties,8% Casualties,8% Casualties,9% Casualties,9% Casualties,9% Casualties,5% Casualties,5% Casualties,6% Casualties,7% Casualties,7% Casualties,8% Casualties,9% Casualties,9% Casualties,9% Casualties,5% Casualties,5% Casualties,6% Casualties,7% Casualties,7% Casualties,8% Casualties,9% Casualties,9% Casualties,9% Casualties,5% Casualties,6% Casualties,7% Casualties,7% Casualties,8% Casualties,9% Casualties,9% Casualties,10% Casualties,10% Casualties,5% Casualties,6% Casualties,7% Casualties,7% Casualties,8% Casualties,9% Casualties,9% Casualties,10% Casualties,10% Casualties,5% Casualties,6% Casualties,7% Casualties,7% Casualties,8% Casualties,9% Casualties,9% Casualties,10% Casualties,10% Casualties,5% Casualties,6% Casualties,7% Casualties,7% Casualties,8% Casualties,9% Casualties,9% Casualties,10% Casualties,10% Casualties,5% Casualties,6% Casualties,7% Casualties,7% Casualties,8% Casualties,9% Casualties,9% Casualties,10% Casualties,10% Casualties
700 CV // 50 RT,1% Casualties,1% Casualties,1% Casualties,1% Casualties,2% Casualties,2% Casualties,2% Casualties,2% Casualties,3% Casualties,1% Casualties,1% Casualties,2% Casualties,2% Casualties,2% Casualties,3% Casualties,3% Casualties,3% Casualties,3% Casualties,1% Casualties,2% Casualties,2% Casualties,2% Casualties,3% Casualties,3% Casualties,3% Casualties,3% Casualties,4% Casualties,1% Casualties,2% Casualties,2% Casualties,3% Casualties,3% Casualties,3% Casualties,4% Casualties,4% Casualties,4% Casualties,2% Casualties,2% Casualties,2% Casualties,3% Casualties,3% Casualties,4% Casualties,4% Casualties,4% Casualties,5% Casualties,2% Casualties,2% Casualties,3% Casualties,3% Casualties,3% Casualties,4% Casualties,4% Casualties,5% Casualties,5% Casualties,2% Casualties,3% Casualties,3% Casualties,4% Casualties,4% Casualties,5% Casualties,5% Casualties,5% Casualties,6% Casualties,3% Casualties,3% Casualties,4% Casualties,4% Casualties,5% Casualties,5% Casualties,5% Casualties,6% Casualties,6% Casualties,3% Casualties,3% Casualties,4% Casualties,5% Casualties,5% Casualties,6% Casualties,6% Casualties,6% Casualties,7% Casualties,3% Casualties,4% Casualties,5% Casualties,5% Casualties,6% Casualties,6% Casualties,7% Casualties,7% Casualties,8% Casualties,4% Casualties,4% Casualties,5% Casualties,6% Casualties,6% Casualties,7% Casualties,7% Casualties,8% Casualties,8% Casualties,4% Casualties,4% Casualties,5% Casualties,6% Casualties,6% Casualties,7% Casualties,7% Casualties,8% Casualties,8% Casualties,4% Casualties,5% Casualties,6% Casualties,6% Casualties,7% Casualties,7% Casualties,8% Casualties,9% Casualties,9% Casualties,4% Casualties,5% Casualties,6% Casualties,6% Casualties,7% Casualties,8% Casualties,8% Casualties,9% Casualties,9% Casualties,4% Casualties,5% Casualties,6% Casualties,7% Casualties,7% Casualties,8% Casualties,9% Casualties,9% Casualties,10% Casualties,4% Casualties,5% Casualties,6% Casualties,7% Casualties,8% Casualties,8% Casualties,9% Casualties,9% Casualties,10% Casualties,5% Casualties,6% Casualties,7% Casualties,7% Casualties,8% Casualties,9% Casualties,9% Casualties,10% Casualties,10% Casualties,5% Casualties,6% Casualties,7% Casualties,7% Casualties,8% Casualties,9% Casualties,9% Casualties,10% Casualties,10% Casualties,5% Casualties,6% Casualties,7% Casualties,7% Casualties,8% Casualties,9% Casualties,9% Casualties,10% Casualties,10% Casualties,5% Casualties,6% Casualties,6% Casualties,7% Casualties,8% Casualties,9% Casualties,9% Casualties,10% Casualties,11% Casualties,5% Casualties,6% Casualties,7% Casualties,8% Casualties,9% Casualties,10% Casualties,10% Casualties,11% Casualties,11% Casualties,5% Casualties,6% Casualties,7% Casualties,8% Casualties,9% Casualties,10% Casualties,10% Casualties,11% Casualties,11% Casualties,5% Casualties,6% Casualties,7% Casualties,8% Casualties,9% Casualties,10% Casualties,10% Casualties,11% Casualties,11% Casualties,5% Casualties,6% Casualties,7% Casualties,8% Casualties,9% Casualties,10% Casualties,10% Casualties,11% Casualties,11% Casualties,5% Casualties,6% Casualties,7% Casualties,8% Casualties,9% Casualties,10% Casualties,10% Casualties,11% Casualties,11% Casualties
700 CV // 40 RT,1% Casualties,1% Casualties,1% Casualties,1% Casualties,2% Casualties,2% Casualties,2% Casualties,2% Casualties,3% Casualties,1% Casualties,1% Casualties,2% Casualties,2% Casualties,2% Casualties,3% Casualties,3% Casualties,3% Casualties,3% Casualties,1% Casualties,2% Casualties,2% Casualties,2% Casualties,3% Casualties,3% Casualties,3% Casualties,4% Casualties,4% Casualties,1% Casualties,2% Casualties,2% Casualties,3% Casualties,3% Casualties,3% Casualties,4% Casualties,4% Casualties,5% Casualties,2% Casualties,2% Casualties,2% Casualties,3% Casualties,3% Casualties,4% Casualties,4% Casualties,4% Casualties,5% Casualties,2% Casualties,2% Casualties,3% Casualties,3% Casualties,4% Casualties,4% Casualties,4% Casualties,5% Casualties,5% Casualties,3% Casualties,3% Casualties,3% Casualties,4% Casualties,4% Casualties,5% Casualties,5% Casualties,6% Casualties,6% Casualties,3% Casualties,3% Casualties,4% Casualties,4% Casualties,5% Casualties,5% Casualties,6% Casualties,6% Casualties,7% Casualties,3% Casualties,4% Casualties,4% Casualties,5% Casualties,5% Casualties,6% Casualties,7% Casualties,7% Casualties,8% Casualties,3% Casualties,4% Casualties,5% Casualties,5% Casualties,6% Casualties,7% Casualties,7% Casualties,8% Casualties,8% Casualties,4% Casualties,5% Casualties,5% Casualties,6% Casualties,7% Casualties,7% Casualties,8% Casualties,9% Casualties,9% Casualties,4% Casualties,5% Casualties,5% Casualties,6% Casualties,7% Casualties,7% Casualties,8% Casualties,9% Casualties,9% Casualties,4% Casualties,5% Casualties,6% Casualties,7% Casualties,7% Casualties,8% Casualties,9% Casualties,9% Casualties,10% Casualties,4% Casualties,5% Casualties,6% Casualties,7% Casualties,7% Casualties,8% Casualties,9% Casualties,9% Casualties,10% Casualties,5% Casualties,5% Casualties,6% Casualties,7% Casualties,8% Casualties,9% Casualties,10% Casualties,10% Casualties,11% Casualties,5% Casualties,5% Casualties,6% Casualties,7% Casualties,8% Casualties,9% Casualties,10% Casualties,10% Casualties,11% Casualties,5% Casualties,6% Casualties,7% Casualties,8% Casualties,9% Casualties,10% Casualties,10% Casualties,11% Casualties,12% Casualties,5% Casualties,6% Casualties,7% Casualties,8% Casualties,9% Casualties,10% Casualties,10% Casualties,11% Casualties,12% Casualties,5% Casualties,6% Casualties,7% Casualties,8% Casualties,9% Casualties,10% Casualties,10% Casualties,11% Casualties,12% Casualties,5% Casualties,6% Casualties,7% Casualties,8% Casualties,9% Casualties,10% Casualties,10% Casualties,11% Casualties,12% Casualties,6% Casualties,7% Casualties,8% Casualties,9% Casualties,10% Casualties,11% Casualties,11% Casualties,12% Casualties,13% Casualties,6% Casualties,7% Casualties,8% Casualties,9% Casualties,10% Casualties,11% Casualties,11% Casualties,12% Casualties,13% Casualties,6% Casualties,7% Casualties,8% Casualties,9% Casualties,10% Casualties,11% Casualties,11% Casualties,12% Casualties,12% Casualties,6% Casualties,7% Casualties,8% Casualties,9% Casualties,10% Casualties,11% Casualties,11% Casualties,12% Casualties,13% Casualties,6% Casualties,7% Casualties,8% Casualties,9% Casualties,10% Casualties,11% Casualties,11% Casualties,12% Casualties,13% Casualties
700 CV // 30 RT,1% Casualties,1% Casualties,1% Casualties,1% Casualties,2% Casualties,2% Casualties,2% Casualties,2% Casualties,3% Casualties,1% Casualties,1% Casualties,2% Casualties,2% Casualties,2% Casualties,3% Casualties,3% Casualties,3% Casualties,3% Casualties,1% Casualties,1% Casualties,2% Casualties,2% Casualties,3% Casualties,3% Casualties,3% Casualties,4% Casualties,4% Casualties,1% Casualties,2% Casualties,2% Casualties,3% Casualties,3% Casualties,4% Casualties,4% Casualties,4% Casualties,5% Casualties,2% Casualties,2% Casualties,2% Casualties,3% Casualties,3% Casualties,4% Casualties,4% Casualties,5% Casualties,5% Casualties,2% Casualties,2% Casualties,3% Casualties,3% Casualties,4% Casualties,4% Casualties,5% Casualties,5% Casualties,6% Casualties,3% Casualties,3% Casualties,3% Casualties,4% Casualties,5% Casualties,5% Casualties,6% Casualties,6% Casualties,7% Casualties,3% Casualties,3% Casualties,4% Casualties,4% Casualties,5% Casualties,6% Casualties,6% Casualties,7% Casualties,7% Casualties,3% Casualties,4% Casualties,4% Casualties,5% Casualties,6% Casualties,6% Casualties,7% Casualties,8% Casualties,8% Casualties,4% Casualties,4% Casualties,5% Casualties,6% Casualties,6% Casualties,7% Casualties,8% Casualties,9% Casualties,9% Casualties,4% Casualties,5% Casualties,6% Casualties,6% Casualties,7% Casualties,8% Casualties,9% Casualties,9% Casualties,10% Casualties,4% Casualties,5% Casualties,6% Casualties,6% Casualties,7% Casualties,8% Casualties,9% Casualties,10% Casualties,10% Casualties,4% Casualties,5% Casualties,6% Casualties,7% Casualties,8% Casualties,9% Casualties,10% Casualties,10% Casualties,11% Casualties,4% Casualties,5% Casualties,6% Casualties,7% Casualties,8% Casualties,9% Casualties,10% Casualties,11% Casualties,11% Casualties,5% Casualties,6% Casualties,7% Casualties,8% Casualties,9% Casualties,10% Casualties,11% Casualties,11% Casualties,12% Casualties,5% Casualties,6% Casualties,7% Casualties,8% Casualties,9% Casualties,10% Casualties,11% Casualties,11% Casualties,12% Casualties,5% Casualties,7% Casualties,8% Casualties,9% Casualties,10% Casualties,11% Casualties,12% Casualties,13% Casualties,13% Casualties,5% Casualties,7% Casualties,8% Casualties,9% Casualties,10% Casualties,11% Casualties,12% Casualties,13% Casualties,13% Casualties,5% Casualties,7% Casualties,8% Casualties,9% Casualties,10% Casualties,11% Casualties,12% Casualties,13% Casualties,13% Casualties,5% Casualties,6% Casualties,8% Casualties,9% Casualties,10% Casualties,11% Casualties,11% Casualties,12% Casualties,13% Casualties,6% Casualties,7% Casualties,8% Casualties,10% Casualties,11% Casualties,12% Casualties,13% Casualties,13% Casualties,14% Casualties,6% Casualties,7% Casualties,9% Casualties,10% Casualties,11% Casualties,12% Casualties,13% Casualties,13% Casualties,14% Casualties,6% Casualties,7% Casualties,9% Casualties,10% Casualties,11% Casualties,12% Casualties,13% Casualties,13% Casualties,14% Casualties,6% Casualties,7% Casualties,9% Casualties,10% Casualties,11% Casualties,12% Casualties,13% Casualties,13% Casualties,14% Casualties,6% Casualties,7% Casualties,9% Casualties,10% Casualties,11% Casualties,12% Casualties,13% Casualties,13% Casualties,14% Casualties
700 CV // 20 RT,1% Casualties,1% Casualties,1% Casualties,1% Casualties,2% Casualties,2% Casualties,2% Casualties,2% Casualties,3% Casualties,1% Casualties,1% Casualties,2% Casualties,2% Casualties,2% Casualties,3% Casualties,3% Casualties,3% Casualties,3% Casualties,1% Casualties,2% Casualties,2% Casualties,2% Casualties,3% Casualties,3% Casualties,3% Casualties,4% Casualties,4% Casualties,1% Casualties,2% Casualties,2% Casualties,3% Casualties,3% Casualties,4% Casualties,4% Casualties,4% Casualties,5% Casualties,2% Casualties,2% Casualties,2% Casualties,3% Casualties,3% Casualties,4% Casualties,4% Casualties,5% Casualties,5% Casualties,2% Casualties,2% Casualties,3% Casualties,3% Casualties,4% Casualties,4% Casualties,5% Casualties,5% Casualties,6% Casualties,3% Casualties,3% Casualties,4% Casualties,4% Casualties,5% Casualties,5% Casualties,6% Casualties,6% Casualties,7% Casualties,3% Casualties,4% Casualties,4% Casualties,5% Casualties,5% Casualties,6% Casualties,7% Casualties,7% Casualties,8% Casualties,3% Casualties,4% Casualties,5% Casualties,5% Casualties,6% Casualties,7% Casualties,8% Casualties,8% Casualties,9% Casualties,4% Casualties,4% Casualties,5% Casualties,6% Casualties,7% Casualties,8% Casualties,9% Casualties,9% Casualties,10% Casualties,4% Casualties,5% Casualties,6% Casualties,7% Casualties,8% Casualties,9% Casualties,10% Casualties,10% Casualties,11% Casualties,4% Casualties,5% Casualties,6% Casualties,7% Casualties,8% Casualties,9% Casualties,10% Casualties,10% Casualties,11% Casualties,5% Casualties,6% Casualties,7% Casualties,8% Casualties,9% Casualties,10% Casualties,11% Casualties,12% Casualties,12% Casualties,5% Casualties,6% Casualties,7% Casualties,8% Casualties,9% Casualties,10% Casualties,11% Casualties,12% Casualties,13% Casualties,5% Casualties,6% Casualties,7% Casualties,9% Casualties,10% Casualties,11% Casualties,12% Casualties,13% Casualties,14% Casualties,5% Casualties,6% Casualties,7% Casualties,9% Casualties,10% Casualties,11% Casualties,12% Casualties,13% Casualties,14% Casualties,6% Casualties,7% Casualties,8% Casualties,10% Casualties,11% Casualties,12% Casualties,13% Casualties,14% Casualties,15% Casualties,6% Casualties,7% Casualties,8% Casualties,9% Casualties,11% Casualties,12% Casualties,13% Casualties,14% Casualties,15% Casualties,6% Casualties,7% Casualties,8% Casualties,10% Casualties,11% Casualties,12% Casualties,13% Casualties,14% Casualties,15% Casualties,6% Casualties,7% Casualties,8% Casualties,10% Casualties,11% Casualties,12% Casualties,13% Casualties,14% Casualties,15% Casualties,6% Casualties,8% Casualties,9% Casualties,11% Casualties,12% Casualties,13% Casualties,14% Casualties,16% Casualties,16% Casualties,6% Casualties,8% Casualties,9% Casualties,11% Casualties,12% Casualties,13% Casualties,15% Casualties,15% Casualties,16% Casualties,6% Casualties,8% Casualties,9% Casualties,11% Casualties,12% Casualties,13% Casualties,14% Casualties,16% Casualties,16% Casualties,7% Casualties,8% Casualties,9% Casualties,11% Casualties,12% Casualties,13% Casualties,14% Casualties,16% Casualties,16% Casualties,6% Casualties,8% Casualties,9% Casualties,11% Casualties,12% Casualties,13% Casualties,14% Casualties,16% Casualties,17% Casualties
700 CV // 10 RT,1% Casualties,1% Casualties,1% Casualties,1% Casualties,2% Casualties,2% Casualties,2% Casualties,2% Casualties,3% Casualties,1% Casualties,1% Casualties,2% Casualties,2% Casualties,2% Casualties,3% Casualties,3% Casualties,3% Casualties,3% Casualties,1% Casualties,2% Casualties,2% Casualties,2% Casualties,3% Casualties,3% Casualties,3% Casualties,4% Casualties,4% Casualties,1% Casualties,2% Casualties,2% Casualties,3% Casualties,3% Casualties,4% Casualties,4% Casualties,5% Casualties,5% Casualties,2% Casualties,2% Casualties,3% Casualties,3% Casualties,4% Casualties,4% Casualties,5% Casualties,5% Casualties,6% Casualties,2% Casualties,3% Casualties,3% Casualties,4% Casualties,4% Casualties,5% Casualties,5% Casualties,6% Casualties,6% Casualties,3% Casualties,3% Casualties,4% Casualties,4% Casualties,5% Casualties,6% Casualties,6% Casualties,7% Casualties,8% Casualties,3% Casualties,4% Casualties,4% Casualties,5% Casualties,6% Casualties,7% Casualties,7% Casualties,8% Casualties,9% Casualties,3% Casualties,4% Casualties,5% Casualties,6% Casualties,7% Casualties,7% Casualties,8% Casualties,9% Casualties,10% Casualties,4% Casualties,5% Casualties,6% Casualties,7% Casualties,8% Casualties,9% Casualties,9% Casualties,10% Casualties,11% Casualties,4% Casualties,5% Casualties,7% Casualties,8% Casualties,9% Casualties,10% Casualties,11% Casualties,12% Casualties,13% Casualties,4% Casualties,5% Casualties,6% Casualties,8% Casualties,9% Casualties,10% Casualties,11% Casualties,12% Casualties,13% Casualties,5% Casualties,6% Casualties,7% Casualties,8% Casualties,10% Casualties,11% Casualties,12% Casualties,13% Casualties,14% Casualties,5% Casualties,6% Casualties,7% Casualties,9% Casualties,10% Casualties,11% Casualties,12% Casualties,13% Casualties,14% Casualties,5% Casualties,7% Casualties,8% Casualties,10% Casualties,11% Casualties,12% Casualties,13% Casualties,15% Casualties,16% Casualties,5% Casualties,7% Casualties,8% Casualties,10% Casualties,11% Casualties,12% Casualties,13% Casualties,15% Casualties,16% Casualties,6% Casualties,7% Casualties,9% Casualties,10% Casualties,12% Casualties,13% Casualties,15% Casualties,16% Casualties,17% Casualties,6% Casualties,8% Casualties,9% Casualties,11% Casualties,12% Casualties,14% Casualties,15% Casualties,16% Casualties,18% Casualties,6% Casualties,8% Casualties,9% Casualties,11% Casualties,12% Casualties,13% Casualties,15% Casualties,16% Casualties,17% Casualties,6% Casualties,8% Casualties,9% Casualties,11% Casualties,12% Casualties,14% Casualties,15% Casualties,16% Casualties,18% Casualties,7% Casualties,8% Casualties,10% Casualties,12% Casualties,14% Casualties,15% Casualties,17% Casualties,18% Casualties,19% Casualties,7% Casualties,9% Casualties,10% Casualties,12% Casualties,13% Casualties,15% Casualties,17% Casualties,18% Casualties,19% Casualties,7% Casualties,9% Casualties,10% Casualties,12% Casualties,14% Casualties,15% Casualties,16% Casualties,18% Casualties,19% Casualties,7% Casualties,9% Casualties,10% Casualties,12% Casualties,14% Casualties,15% Casualties,17% Casualties,18% Casualties,19% Casualties,7% Casualties,8% Casualties,10% Casualties,12% Casualties,13% Casualties,15% Casualties,17% Casualties,18% Casualties,19% Casualties
700 CV // 0 RT,1% Casualties,1% Casualties,1% Casualties,1% Casualties,2% Casualties,2% Casualties,2% Casualties,2% Casualties,3% Casualties,1% Casualties,1% Casualties,2% Casualties,2% Casualties,2% Casualties,3% Casualties,3% Casualties,3% Casualties,3% Casualties,1% Casualties,2% Casualties,2% Casualties,2% Casualties,3% Casualties,3% Casualties,3% Casualties,4% Casualties,4% Casualties,2% Casualties,2% Casualties,2% Casualties,3% Casualties,3% Casualties,4% Casualties,4% Casualties,5% Casualties,5% Casualties,2% Casualties,2% Casualties,3% Casualties,3% Casualties,4% Casualties,4% Casualties,5% Casualties,5% Casualties,6% Casualties,2% Casualties,2% Casualties,3% Casualties,4% Casualties,4% Casualties,5% Casualties,5% Casualties,6% Casualties,7% Casualties,3% Casualties,3% Casualties,4% Casualties,5% Casualties,5% Casualties,6% Casualties,7% Casualties,7% Casualties,8% Casualties,3% Casualties,4% Casualties,5% Casualties,5% Casualties,6% Casualties,7% Casualties,8% Casualties,9% Casualties,10% Casualties,4% Casualties,4% Casualties,5% Casualties,6% Casualties,7% Casualties,8% Casualties,9% Casualties,10% Casualties,11% Casualties,4% Casualties,5% Casualties,6% Casualties,7% Casualties,8% Casualties,10% Casualties,10% Casualties,11% Casualties,13% Casualties,5% Casualties,6% Casualties,7% Casualties,8% Casualties,9% Casualties,11% Casualties,12% Casualties,13% Casualties,14% Casualties,5% Casualties,6% Casualties,7% Casualties,8% Casualties,9% Casualties,11% Casualties,12% Casualties,13% Casualties,14% Casualties,5% Casualties,7% Casualties,8% Casualties,9% Casualties,11% Casualties,12% Casualties,13% Casualties,15% Casualties,16% Casualties,5% Casualties,7% Casualties,8% Casualties,9% Casualties,11% Casualties,12% Casualties,14% Casualties,15% Casualties,16% Casualties,6% Casualties,7% Casualties,9% Casualties,10% Casualties,12% Casualties,14% Casualties,15% Casualties,17% Casualties,18% Casualties,6% Casualties,7% Casualties,9% Casualties,11% Casualties,12% Casualties,14% Casualties,15% Casualties,17% Casualties,18% Casualties,7% Casualties,8% Casualties,10% Casualties,12% Casualties,14% Casualties,15% Casualties,17% Casualties,19% Casualties,20% Casualties,7% Casualties,8% Casualties,10% Casualties,12% Casualties,14% Casualties,15% Casualties,17% Casualties,19% Casualties,20% Casualties,7% Casualties,8% Casualties,10% Casualties,12% Casualties,14% Casualties,15% Casualties,17% Casualties,19% Casualties,20% Casualties,7% Casualties,8% Casualties,10% Casualties,12% Casualties,14% Casualties,15% Casualties,17% Casualties,19% Casualties,20% Casualties,7% Casualties,9% Casualties,12% Casualties,13% Casualties,15% Casualties,17% Casualties,19% Casualties,21% Casualties,22% Casualties,8% Casualties,9% Casualties,11% Casualties,14% Casualties,15% Casualties,17% Casualties,19% Casualties,21% Casualties,23% Casualties,7% Casualties,9% Casualties,11% Casualties,13% Casualties,16% Casualties,17% Casualties,19% Casualties,21% Casualties,22% Casualties,7% Casualties,9% Casualties,11% Casualties,13% Casualties,15% Casualties,17% Casualties,19% Casualties,21% Casualties,22% Casualties,8% Casualties,10% Casualties,11% Casualties,13% Casualties,15% Casualties,17% Casualties,19% Casualties,21% Casualties,22% Casualties
